file,category,keyword_score,matched_keywords,classification_status,quality_status,rows,cols
cleaned_tables/114_DGHS_Active_Facility_Registry/HealthFacility.csv,health_facility,0,,explicit_verified_mapping,accepted_mapped,39434,4
cleaned_tables/114_DGHS_Active_Facility_Registry/Laboratory.csv,laboratory,0,,explicit_verified_mapping,accepted_mapped,9694,3
cleaned_tables/116_Bangladesh_ICD11_Condition_ValueSet/Disease.csv,disease_reference,0,,explicit_verified_mapping,accepted_mapped,18508,3
cleaned_tables/117_Bangladesh_Vaccine_Value_Set/VaccineReference.csv,vaccine_reference,0,,explicit_verified_mapping,accepted_mapped,10,5
cleaned_tables/118_Bangladesh_Open_Data_Doctor_Directory/Designation.csv,human_resource,0,,explicit_verified_mapping,accepted_mapped,54,2
quarantined_tables/003_bangladesh-country-fact-sheet/table_001.csv,unclassified,0,,quality_gate_not_passed,review_required,5,2
quarantined_tables/003_bangladesh-country-fact-sheet/table_002.csv,unclassified,0,,quality_gate_not_passed,review_required,2,2
quarantined_tables/003_bangladesh-country-fact-sheet/table_003.csv,unclassified,0,,quality_gate_not_passed,review_required,13,6
quarantined_tables/003_bangladesh-country-fact-sheet/table_004.csv,unclassified,0,,quality_gate_not_passed,review_required,34,13
quarantined_tables/003_bangladesh-country-fact-sheet/table_005.csv,unclassified,0,,quality_gate_not_passed,review_required,8,2
quarantined_tables/003_bangladesh-country-fact-sheet/table_006.csv,unclassified,0,,quality_gate_not_passed,review_required,28,5
quarantined_tables/010_Joint_UNICEF_Bangladesh_Government_of_Bangladesh_Nutrition_Programme_MidTerm_Evaluation_2017-2020/table_001.csv,unclassified,0,,quality_gate_not_passed,review_required,7,2
quarantined_tables/010_Joint_UNICEF_Bangladesh_Government_of_Bangladesh_Nutrition_Programme_MidTerm_Evaluation_2017-2020/table_002.csv,unclassified,0,,quality_gate_not_passed,review_required,5,3
quarantined_tables/010_Joint_UNICEF_Bangladesh_Government_of_Bangladesh_Nutrition_Programme_MidTerm_Evaluation_2017-2020/table_003.csv,unclassified,0,,quality_gate_not_passed,review_required,9,2
quarantined_tables/010_Joint_UNICEF_Bangladesh_Government_of_Bangladesh_Nutrition_Programme_MidTerm_Evaluation_2017-2020/table_004.csv,unclassified,0,,quality_gate_not_passed,review_required,8,4
quarantined_tables/010_Joint_UNICEF_Bangladesh_Government_of_Bangladesh_Nutrition_Programme_MidTerm_Evaluation_2017-2020/table_005.csv,unclassified,0,,quality_gate_not_passed,review_required,50,6
quarantined_tables/010_Joint_UNICEF_Bangladesh_Government_of_Bangladesh_Nutrition_Programme_MidTerm_Evaluation_2017-2020/table_006.csv,unclassified,0,,quality_gate_not_passed,review_required,24,6
quarantined_tables/010_Joint_UNICEF_Bangladesh_Government_of_Bangladesh_Nutrition_Programme_MidTerm_Evaluation_2017-2020/table_007.csv,unclassified,0,,quality_gate_not_passed,review_required,31,4
quarantined_tables/010_Joint_UNICEF_Bangladesh_Government_of_Bangladesh_Nutrition_Programme_MidTerm_Evaluation_2017-2020/table_008.csv,unclassified,0,,quality_gate_not_passed,review_required,23,6
quarantined_tables/010_Joint_UNICEF_Bangladesh_Government_of_Bangladesh_Nutrition_Programme_MidTerm_Evaluation_2017-2020/table_009.csv,unclassified,0,,quality_gate_not_passed,review_required,24,5
quarantined_tables/010_Joint_UNICEF_Bangladesh_Government_of_Bangladesh_Nutrition_Programme_MidTerm_Evaluation_2017-2020/table_010.csv,unclassified,0,,quality_gate_not_passed,review_required,16,4
quarantined_tables/010_Joint_UNICEF_Bangladesh_Government_of_Bangladesh_Nutrition_Programme_MidTerm_Evaluation_2017-2020/table_011.csv,unclassified,0,,quality_gate_not_passed,review_required,19,4
quarantined_tables/010_Joint_UNICEF_Bangladesh_Government_of_Bangladesh_Nutrition_Programme_MidTerm_Evaluation_2017-2020/table_012.csv,unclassified,0,,quality_gate_not_passed,review_required,6,4
quarantined_tables/010_Joint_UNICEF_Bangladesh_Government_of_Bangladesh_Nutrition_Programme_MidTerm_Evaluation_2017-2020/table_013.csv,unclassified,0,,quality_gate_not_passed,review_required,5,4
quarantined_tables/010_Joint_UNICEF_Bangladesh_Government_of_Bangladesh_Nutrition_Programme_MidTerm_Evaluation_2017-2020/table_014.csv,unclassified,0,,quality_gate_not_passed,review_required,5,4
quarantined_tables/010_Joint_UNICEF_Bangladesh_Government_of_Bangladesh_Nutrition_Programme_MidTerm_Evaluation_2017-2020/table_015.csv,unclassified,0,,quality_gate_not_passed,review_required,6,4
quarantined_tables/010_Joint_UNICEF_Bangladesh_Government_of_Bangladesh_Nutrition_Programme_MidTerm_Evaluation_2017-2020/table_016.csv,unclassified,0,,quality_gate_not_passed,rejected,2,1
quarantined_tables/010_Joint_UNICEF_Bangladesh_Government_of_Bangladesh_Nutrition_Programme_MidTerm_Evaluation_2017-2020/table_017.csv,unclassified,0,,quality_gate_not_passed,review_required,9,5
quarantined_tables/010_Joint_UNICEF_Bangladesh_Government_of_Bangladesh_Nutrition_Programme_MidTerm_Evaluation_2017-2020/table_018.csv,unclassified,0,,quality_gate_not_passed,review_required,8,5
quarantined_tables/010_Joint_UNICEF_Bangladesh_Government_of_Bangladesh_Nutrition_Programme_MidTerm_Evaluation_2017-2020/table_019.csv,unclassified,0,,quality_gate_not_passed,review_required,10,24
quarantined_tables/010_Joint_UNICEF_Bangladesh_Government_of_Bangladesh_Nutrition_Programme_MidTerm_Evaluation_2017-2020/table_020.csv,unclassified,0,,quality_gate_not_passed,review_required,12,24
quarantined_tables/010_Joint_UNICEF_Bangladesh_Government_of_Bangladesh_Nutrition_Programme_MidTerm_Evaluation_2017-2020/table_021.csv,unclassified,0,,quality_gate_not_passed,review_required,19,4
quarantined_tables/010_Joint_UNICEF_Bangladesh_Government_of_Bangladesh_Nutrition_Programme_MidTerm_Evaluation_2017-2020/table_022.csv,unclassified,0,,quality_gate_not_passed,review_required,15,4
quarantined_tables/021_Preventation_and_Management_of_Mental_Health_Conditions_in_Bangladesh/table_001.csv,unclassified,0,,quality_gate_not_passed,review_required,8,4
quarantined_tables/021_Preventation_and_Management_of_Mental_Health_Conditions_in_Bangladesh/table_002.csv,unclassified,0,,quality_gate_not_passed,rejected,1,1
quarantined_tables/021_Preventation_and_Management_of_Mental_Health_Conditions_in_Bangladesh/table_003.csv,unclassified,0,,quality_gate_not_passed,review_required,2,2
quarantined_tables/021_Preventation_and_Management_of_Mental_Health_Conditions_in_Bangladesh/table_004.csv,unclassified,0,,quality_gate_not_passed,rejected,0,0
quarantined_tables/021_Preventation_and_Management_of_Mental_Health_Conditions_in_Bangladesh/table_005.csv,unclassified,0,,quality_gate_not_passed,rejected,0,0
quarantined_tables/021_Preventation_and_Management_of_Mental_Health_Conditions_in_Bangladesh/table_006.csv,unclassified,0,,quality_gate_not_passed,rejected,0,0
quarantined_tables/021_Preventation_and_Management_of_Mental_Health_Conditions_in_Bangladesh/table_007.csv,unclassified,0,,quality_gate_not_passed,rejected,1,1
quarantined_tables/021_Preventation_and_Management_of_Mental_Health_Conditions_in_Bangladesh/table_008.csv,unclassified,0,,quality_gate_not_passed,rejected,0,0
quarantined_tables/021_Preventation_and_Management_of_Mental_Health_Conditions_in_Bangladesh/table_009.csv,unclassified,0,,quality_gate_not_passed,rejected,0,0
quarantined_tables/021_Preventation_and_Management_of_Mental_Health_Conditions_in_Bangladesh/table_010.csv,unclassified,0,,quality_gate_not_passed,rejected,0,0
quarantined_tables/021_Preventation_and_Management_of_Mental_Health_Conditions_in_Bangladesh/table_011.csv,unclassified,0,,quality_gate_not_passed,rejected,1,1
quarantined_tables/021_Preventation_and_Management_of_Mental_Health_Conditions_in_Bangladesh/table_012.csv,unclassified,0,,quality_gate_not_passed,rejected,1,1
quarantined_tables/021_Preventation_and_Management_of_Mental_Health_Conditions_in_Bangladesh/table_013.csv,unclassified,0,,quality_gate_not_passed,rejected,1,1
quarantined_tables/021_Preventation_and_Management_of_Mental_Health_Conditions_in_Bangladesh/table_014.csv,unclassified,0,,quality_gate_not_passed,rejected,1,1
quarantined_tables/021_Preventation_and_Management_of_Mental_Health_Conditions_in_Bangladesh/table_015.csv,unclassified,0,,quality_gate_not_passed,rejected,0,0
quarantined_tables/021_Preventation_and_Management_of_Mental_Health_Conditions_in_Bangladesh/table_016.csv,unclassified,0,,quality_gate_not_passed,rejected,0,0
quarantined_tables/021_Preventation_and_Management_of_Mental_Health_Conditions_in_Bangladesh/table_017.csv,unclassified,0,,quality_gate_not_passed,rejected,0,0
quarantined_tables/021_Preventation_and_Management_of_Mental_Health_Conditions_in_Bangladesh/table_018.csv,unclassified,0,,quality_gate_not_passed,rejected,1,1
quarantined_tables/021_Preventation_and_Management_of_Mental_Health_Conditions_in_Bangladesh/table_019.csv,unclassified,0,,quality_gate_not_passed,rejected,0,0
quarantined_tables/022_United_Nations_Populations_fund/table_001.csv,unclassified,0,,quality_gate_not_passed,review_required,7,5
quarantined_tables/022_United_Nations_Populations_fund/table_002.csv,unclassified,0,,quality_gate_not_passed,review_required,28,7
quarantined_tables/022_United_Nations_Populations_fund/table_003.csv,unclassified,0,,quality_gate_not_passed,review_required,10,7
quarantined_tables/022_United_Nations_Populations_fund/table_004.csv,unclassified,0,,quality_gate_not_passed,review_required,12,7
quarantined_tables/023_nan/table_001.csv,unclassified,0,,quality_gate_not_passed,review_required,7,5
quarantined_tables/023_nan/table_002.csv,unclassified,0,,quality_gate_not_passed,review_required,10,8
quarantined_tables/023_nan/table_003.csv,unclassified,0,,quality_gate_not_passed,review_required,8,6
quarantined_tables/025_nan/table_001.csv,unclassified,0,,quality_gate_not_passed,review_required,6,4
quarantined_tables/025_nan/table_002.csv,unclassified,0,,quality_gate_not_passed,review_required,5,6
quarantined_tables/025_nan/table_003.csv,unclassified,0,,quality_gate_not_passed,review_required,9,6
quarantined_tables/027_Health_Bulletin_2023/table_0001.csv,unclassified,0,,quality_gate_not_passed,rejected,1,1
quarantined_tables/027_Health_Bulletin_2023/table_0002.csv,unclassified,0,,quality_gate_not_passed,review_required,16,4
quarantined_tables/027_Health_Bulletin_2023/table_0003.csv,unclassified,0,,quality_gate_not_passed,review_required,16,4
quarantined_tables/027_Health_Bulletin_2023/table_0004.csv,unclassified,0,,quality_gate_not_passed,review_required,17,13
quarantined_tables/027_Health_Bulletin_2023/table_0005.csv,unclassified,0,,quality_gate_not_passed,review_required,17,4
quarantined_tables/027_Health_Bulletin_2023/table_0006.csv,unclassified,0,,quality_gate_not_passed,review_required,26,4
quarantined_tables/027_Health_Bulletin_2023/table_0007.csv,unclassified,0,,quality_gate_not_passed,review_required,17,4
quarantined_tables/027_Health_Bulletin_2023/table_0008.csv,unclassified,0,,quality_gate_not_passed,rejected,0,0
quarantined_tables/027_Health_Bulletin_2023/table_0009.csv,unclassified,0,,quality_gate_not_passed,review_required,9,4
quarantined_tables/027_Health_Bulletin_2023/table_0010.csv,unclassified,0,,quality_gate_not_passed,review_required,6,2
quarantined_tables/027_Health_Bulletin_2023/table_0011.csv,unclassified,0,,quality_gate_not_passed,review_required,29,4
quarantined_tables/027_Health_Bulletin_2023/table_0012.csv,unclassified,0,,quality_gate_not_passed,review_required,10,4
quarantined_tables/027_Health_Bulletin_2023/table_0013.csv,unclassified,0,,quality_gate_not_passed,review_required,10,4
quarantined_tables/027_Health_Bulletin_2023/table_0014.csv,unclassified,0,,quality_gate_not_passed,review_required,11,4
quarantined_tables/027_Health_Bulletin_2023/table_0015.csv,unclassified,0,,quality_gate_not_passed,review_required,8,4
quarantined_tables/027_Health_Bulletin_2023/table_0016.csv,unclassified,0,,quality_gate_not_passed,review_required,5,4
quarantined_tables/027_Health_Bulletin_2023/table_0017.csv,unclassified,0,,quality_gate_not_passed,review_required,12,3
quarantined_tables/027_Health_Bulletin_2023/table_0018.csv,unclassified,0,,quality_gate_not_passed,review_required,2,2
quarantined_tables/027_Health_Bulletin_2023/table_0019.csv,unclassified,0,,quality_gate_not_passed,review_required,1,2
quarantined_tables/027_Health_Bulletin_2023/table_0020.csv,unclassified,0,,quality_gate_not_passed,review_required,4,2
quarantined_tables/027_Health_Bulletin_2023/table_0021.csv,unclassified,0,,quality_gate_not_passed,review_required,8,4
quarantined_tables/027_Health_Bulletin_2023/table_0022.csv,unclassified,0,,quality_gate_not_passed,review_required,11,4
quarantined_tables/027_Health_Bulletin_2023/table_0023.csv,unclassified,0,,quality_gate_not_passed,review_required,12,2
quarantined_tables/027_Health_Bulletin_2023/table_0024.csv,unclassified,0,,quality_gate_not_passed,rejected,0,0
quarantined_tables/027_Health_Bulletin_2023/table_0025.csv,unclassified,0,,quality_gate_not_passed,rejected,0,0
quarantined_tables/027_Health_Bulletin_2023/table_0026.csv,unclassified,0,,quality_gate_not_passed,review_required,9,17
quarantined_tables/027_Health_Bulletin_2023/table_0027.csv,unclassified,0,,quality_gate_not_passed,review_required,3,2
quarantined_tables/027_Health_Bulletin_2023/table_0028.csv,unclassified,0,,quality_gate_not_passed,rejected,0,0
quarantined_tables/027_Health_Bulletin_2023/table_0029.csv,unclassified,0,,quality_gate_not_passed,review_required,7,2
quarantined_tables/027_Health_Bulletin_2023/table_0030.csv,unclassified,0,,quality_gate_not_passed,review_required,3,3
quarantined_tables/027_Health_Bulletin_2023/table_0031.csv,unclassified,0,,quality_gate_not_passed,rejected,0,0
quarantined_tables/027_Health_Bulletin_2023/table_0032.csv,unclassified,0,,quality_gate_not_passed,review_required,11,4
quarantined_tables/027_Health_Bulletin_2023/table_0033.csv,unclassified,0,,quality_gate_not_passed,review_required,2,2
quarantined_tables/027_Health_Bulletin_2023/table_0034.csv,unclassified,0,,quality_gate_not_passed,rejected,0,0
quarantined_tables/027_Health_Bulletin_2023/table_0035.csv,unclassified,0,,quality_gate_not_passed,rejected,0,0
quarantined_tables/027_Health_Bulletin_2023/table_0036.csv,unclassified,0,,quality_gate_not_passed,rejected,0,0
quarantined_tables/027_Health_Bulletin_2023/table_0037.csv,unclassified,0,,quality_gate_not_passed,rejected,0,0
quarantined_tables/027_Health_Bulletin_2023/table_0038.csv,unclassified,0,,quality_gate_not_passed,rejected,0,0
quarantined_tables/027_Health_Bulletin_2023/table_0039.csv,unclassified,0,,quality_gate_not_passed,rejected,0,0
quarantined_tables/027_Health_Bulletin_2023/table_0040.csv,unclassified,0,,quality_gate_not_passed,rejected,0,0
quarantined_tables/027_Health_Bulletin_2023/table_0041.csv,unclassified,0,,quality_gate_not_passed,review_required,7,8
quarantined_tables/027_Health_Bulletin_2023/table_0042.csv,unclassified,0,,quality_gate_not_passed,review_required,7,12
quarantined_tables/027_Health_Bulletin_2023/table_0043.csv,unclassified,0,,quality_gate_not_passed,review_required,4,8
quarantined_tables/027_Health_Bulletin_2023/table_0044.csv,unclassified,0,,quality_gate_not_passed,rejected,0,0
quarantined_tables/027_Health_Bulletin_2023/table_0045.csv,unclassified,0,,quality_gate_not_passed,rejected,0,0
quarantined_tables/027_Health_Bulletin_2023/table_0046.csv,unclassified,0,,quality_gate_not_passed,rejected,0,0
quarantined_tables/027_Health_Bulletin_2023/table_0047.csv,unclassified,0,,quality_gate_not_passed,review_required,5,8
quarantined_tables/027_Health_Bulletin_2023/table_0048.csv,unclassified,0,,quality_gate_not_passed,review_required,5,5
quarantined_tables/027_Health_Bulletin_2023/table_0049.csv,unclassified,0,,quality_gate_not_passed,review_required,20,2
quarantined_tables/027_Health_Bulletin_2023/table_0050.csv,unclassified,0,,quality_gate_not_passed,review_required,6,2
quarantined_tables/027_Health_Bulletin_2023/table_0051.csv,unclassified,0,,quality_gate_not_passed,review_required,8,5
quarantined_tables/027_Health_Bulletin_2023/table_0052.csv,unclassified,0,,quality_gate_not_passed,review_required,7,2
quarantined_tables/027_Health_Bulletin_2023/table_0053.csv,unclassified,0,,quality_gate_not_passed,review_required,3,5
quarantined_tables/027_Health_Bulletin_2023/table_0054.csv,unclassified,0,,quality_gate_not_passed,review_required,8,9
quarantined_tables/027_Health_Bulletin_2023/table_0055.csv,unclassified,0,,quality_gate_not_passed,rejected,1,1
quarantined_tables/027_Health_Bulletin_2023/table_0056.csv,unclassified,0,,quality_gate_not_passed,review_required,1,3
quarantined_tables/027_Health_Bulletin_2023/table_0057.csv,unclassified,0,,quality_gate_not_passed,review_required,4,25
quarantined_tables/027_Health_Bulletin_2023/table_0058.csv,unclassified,0,,quality_gate_not_passed,review_required,11,4
quarantined_tables/027_Health_Bulletin_2023/table_0059.csv,unclassified,0,,quality_gate_not_passed,review_required,6,7
quarantined_tables/027_Health_Bulletin_2023/table_0060.csv,unclassified,0,,quality_gate_not_passed,review_required,8,17
quarantined_tables/027_Health_Bulletin_2023/table_0061.csv,unclassified,0,,quality_gate_not_passed,review_required,7,5
quarantined_tables/027_Health_Bulletin_2023/table_0062.csv,unclassified,0,,quality_gate_not_passed,review_required,6,5
quarantined_tables/027_Health_Bulletin_2023/table_0063.csv,unclassified,0,,quality_gate_not_passed,review_required,7,3
quarantined_tables/027_Health_Bulletin_2023/table_0064.csv,unclassified,0,,quality_gate_not_passed,review_required,10,2
quarantined_tables/027_Health_Bulletin_2023/table_0065.csv,unclassified,0,,quality_gate_not_passed,review_required,16,35
quarantined_tables/027_Health_Bulletin_2023/table_0066.csv,unclassified,0,,quality_gate_not_passed,rejected,0,0
quarantined_tables/027_Health_Bulletin_2023/table_0067.csv,unclassified,0,,quality_gate_not_passed,review_required,8,2
quarantined_tables/027_Health_Bulletin_2023/table_0068.csv,unclassified,0,,quality_gate_not_passed,review_required,12,3
quarantined_tables/027_Health_Bulletin_2023/table_0069.csv,unclassified,0,,quality_gate_not_passed,review_required,6,3
quarantined_tables/027_Health_Bulletin_2023/table_0070.csv,unclassified,0,,quality_gate_not_passed,review_required,4,4
quarantined_tables/027_Health_Bulletin_2023/table_0071.csv,unclassified,0,,quality_gate_not_passed,review_required,5,2
quarantined_tables/027_Health_Bulletin_2023/table_0072.csv,unclassified,0,,quality_gate_not_passed,review_required,9,2
quarantined_tables/027_Health_Bulletin_2023/table_0073.csv,unclassified,0,,quality_gate_not_passed,review_required,4,2
quarantined_tables/027_Health_Bulletin_2023/table_0074.csv,unclassified,0,,quality_gate_not_passed,review_required,3,2
quarantined_tables/027_Health_Bulletin_2023/table_0075.csv,unclassified,0,,quality_gate_not_passed,review_required,12,4
quarantined_tables/027_Health_Bulletin_2023/table_0076.csv,unclassified,0,,quality_gate_not_passed,review_required,16,18
quarantined_tables/027_Health_Bulletin_2023/table_0077.csv,unclassified,0,,quality_gate_not_passed,review_required,12,9
quarantined_tables/027_Health_Bulletin_2023/table_0078.csv,unclassified,0,,quality_gate_not_passed,review_required,15,5
quarantined_tables/027_Health_Bulletin_2023/table_0079.csv,unclassified,0,,quality_gate_not_passed,rejected,0,0
quarantined_tables/027_Health_Bulletin_2023/table_0080.csv,unclassified,0,,quality_gate_not_passed,review_required,15,3
quarantined_tables/027_Health_Bulletin_2023/table_0081.csv,unclassified,0,,quality_gate_not_passed,review_required,10,3
quarantined_tables/027_Health_Bulletin_2023/table_0082.csv,unclassified,0,,quality_gate_not_passed,review_required,3,4
quarantined_tables/027_Health_Bulletin_2023/table_0083.csv,unclassified,0,,quality_gate_not_passed,review_required,5,5
quarantined_tables/027_Health_Bulletin_2023/table_0084.csv,unclassified,0,,quality_gate_not_passed,review_required,14,5
quarantined_tables/027_Health_Bulletin_2023/table_0085.csv,unclassified,0,,quality_gate_not_passed,review_required,11,6
quarantined_tables/027_Health_Bulletin_2023/table_0086.csv,unclassified,0,,quality_gate_not_passed,review_required,6,6
quarantined_tables/027_Health_Bulletin_2023/table_0087.csv,unclassified,0,,quality_gate_not_passed,review_required,13,11
quarantined_tables/027_Health_Bulletin_2023/table_0088.csv,unclassified,0,,quality_gate_not_passed,review_required,7,4
quarantined_tables/027_Health_Bulletin_2023/table_0089.csv,unclassified,0,,quality_gate_not_passed,review_required,5,4
quarantined_tables/027_Health_Bulletin_2023/table_0090.csv,unclassified,0,,quality_gate_not_passed,review_required,10,4
quarantined_tables/027_Health_Bulletin_2023/table_0091.csv,unclassified,0,,quality_gate_not_passed,review_required,6,4
quarantined_tables/027_Health_Bulletin_2023/table_0092.csv,unclassified,0,,quality_gate_not_passed,review_required,6,4
quarantined_tables/027_Health_Bulletin_2023/table_0093.csv,unclassified,0,,quality_gate_not_passed,review_required,5,2
quarantined_tables/027_Health_Bulletin_2023/table_0094.csv,unclassified,0,,quality_gate_not_passed,review_required,15,6
quarantined_tables/027_Health_Bulletin_2023/table_0095.csv,unclassified,0,,quality_gate_not_passed,review_required,3,3
quarantined_tables/027_Health_Bulletin_2023/table_0096.csv,unclassified,0,,quality_gate_not_passed,review_required,4,2
quarantined_tables/027_Health_Bulletin_2023/table_0097.csv,unclassified,0,,quality_gate_not_passed,review_required,15,3
quarantined_tables/027_Health_Bulletin_2023/table_0098.csv,unclassified,0,,quality_gate_not_passed,review_required,11,4
quarantined_tables/027_Health_Bulletin_2023/table_0099.csv,unclassified,0,,quality_gate_not_passed,review_required,11,9
quarantined_tables/027_Health_Bulletin_2023/table_0100.csv,unclassified,0,,quality_gate_not_passed,review_required,10,5
quarantined_tables/027_Health_Bulletin_2023/table_0101.csv,unclassified,0,,quality_gate_not_passed,review_required,14,2
quarantined_tables/027_Health_Bulletin_2023/table_0102.csv,unclassified,0,,quality_gate_not_passed,review_required,6,6
quarantined_tables/027_Health_Bulletin_2023/table_0103.csv,unclassified,0,,quality_gate_not_passed,review_required,26,6
quarantined_tables/027_Health_Bulletin_2023/table_0104.csv,unclassified,0,,quality_gate_not_passed,review_required,4,4
quarantined_tables/027_Health_Bulletin_2023/table_0105.csv,unclassified,0,,quality_gate_not_passed,review_required,14,17
quarantined_tables/027_Health_Bulletin_2023/table_0106.csv,unclassified,0,,quality_gate_not_passed,review_required,14,5
quarantined_tables/027_Health_Bulletin_2023/table_0107.csv,unclassified,0,,quality_gate_not_passed,review_required,6,16
quarantined_tables/027_Health_Bulletin_2023/table_0108.csv,unclassified,0,,quality_gate_not_passed,review_required,5,5
quarantined_tables/027_Health_Bulletin_2023/table_0109.csv,unclassified,0,,quality_gate_not_passed,review_required,10,3
quarantined_tables/027_Health_Bulletin_2023/table_0110.csv,unclassified,0,,quality_gate_not_passed,review_required,22,4
quarantined_tables/027_Health_Bulletin_2023/table_0111.csv,unclassified,0,,quality_gate_not_passed,review_required,7,4
quarantined_tables/027_Health_Bulletin_2023/table_0112.csv,unclassified,0,,quality_gate_not_passed,review_required,20,4
quarantined_tables/027_Health_Bulletin_2023/table_0113.csv,unclassified,0,,quality_gate_not_passed,review_required,8,11
quarantined_tables/027_Health_Bulletin_2023/table_0114.csv,unclassified,0,,quality_gate_not_passed,review_required,13,11
quarantined_tables/027_Health_Bulletin_2023/table_0115.csv,unclassified,0,,quality_gate_not_passed,review_required,8,11
quarantined_tables/027_Health_Bulletin_2023/table_0116.csv,unclassified,0,,quality_gate_not_passed,review_required,7,11
quarantined_tables/027_Health_Bulletin_2023/table_0117.csv,unclassified,0,,quality_gate_not_passed,review_required,14,11
quarantined_tables/027_Health_Bulletin_2023/table_0118.csv,unclassified,0,,quality_gate_not_passed,review_required,12,11
quarantined_tables/027_Health_Bulletin_2023/table_0119.csv,unclassified,0,,quality_gate_not_passed,review_required,15,11
quarantined_tables/027_Health_Bulletin_2023/table_0120.csv,unclassified,0,,quality_gate_not_passed,review_required,15,11
quarantined_tables/027_Health_Bulletin_2023/table_0121.csv,unclassified,0,,quality_gate_not_passed,review_required,15,11
quarantined_tables/027_Health_Bulletin_2023/table_0122.csv,unclassified,0,,quality_gate_not_passed,review_required,15,11
quarantined_tables/027_Health_Bulletin_2023/table_0123.csv,unclassified,0,,quality_gate_not_passed,review_required,16,11
quarantined_tables/027_Health_Bulletin_2023/table_0124.csv,unclassified,0,,quality_gate_not_passed,review_required,10,11
quarantined_tables/027_Health_Bulletin_2023/table_0125.csv,unclassified,0,,quality_gate_not_passed,review_required,16,3
quarantined_tables/027_Health_Bulletin_2023/table_0126.csv,unclassified,0,,quality_gate_not_passed,review_required,5,3
quarantined_tables/027_Health_Bulletin_2023/table_0127.csv,unclassified,0,,quality_gate_not_passed,review_required,23,3
quarantined_tables/027_Health_Bulletin_2023/table_0128.csv,unclassified,0,,quality_gate_not_passed,review_required,29,3
quarantined_tables/027_Health_Bulletin_2023/table_0129.csv,unclassified,0,,quality_gate_not_passed,review_required,29,3
quarantined_tables/027_Health_Bulletin_2023/table_0130.csv,unclassified,0,,quality_gate_not_passed,review_required,14,3
quarantined_tables/027_Health_Bulletin_2023/table_0131.csv,unclassified,0,,quality_gate_not_passed,review_required,3,3
quarantined_tables/027_Health_Bulletin_2023/table_0132.csv,unclassified,0,,quality_gate_not_passed,review_required,12,8
quarantined_tables/027_Health_Bulletin_2023/table_0133.csv,unclassified,0,,quality_gate_not_passed,review_required,6,2
quarantined_tables/027_Health_Bulletin_2023/table_0134.csv,unclassified,0,,quality_gate_not_passed,review_required,6,3
quarantined_tables/027_Health_Bulletin_2023/table_0135.csv,unclassified,0,,quality_gate_not_passed,review_required,5,4
quarantined_tables/027_Health_Bulletin_2023/table_0136.csv,unclassified,0,,quality_gate_not_passed,review_required,7,6
quarantined_tables/027_Health_Bulletin_2023/table_0137.csv,unclassified,0,,quality_gate_not_passed,review_required,7,6
quarantined_tables/027_Health_Bulletin_2023/table_0138.csv,unclassified,0,,quality_gate_not_passed,review_required,7,6
quarantined_tables/027_Health_Bulletin_2023/table_0139.csv,unclassified,0,,quality_gate_not_passed,rejected,0,0
quarantined_tables/027_Health_Bulletin_2023/table_0140.csv,unclassified,0,,quality_gate_not_passed,review_required,1,3
quarantined_tables/027_Health_Bulletin_2023/table_0141.csv,unclassified,0,,quality_gate_not_passed,rejected,0,0
quarantined_tables/027_Health_Bulletin_2023/table_0142.csv,unclassified,0,,quality_gate_not_passed,review_required,12,3
quarantined_tables/027_Health_Bulletin_2023/table_0143.csv,unclassified,0,,quality_gate_not_passed,review_required,9,14
quarantined_tables/027_Health_Bulletin_2023/table_0144.csv,unclassified,0,,quality_gate_not_passed,review_required,31,7
quarantined_tables/027_Health_Bulletin_2023/table_0145.csv,unclassified,0,,quality_gate_not_passed,review_required,16,7
quarantined_tables/027_Health_Bulletin_2023/table_0146.csv,unclassified,0,,quality_gate_not_passed,review_required,8,4
quarantined_tables/027_Health_Bulletin_2023/table_0147.csv,unclassified,0,,quality_gate_not_passed,review_required,9,4
quarantined_tables/027_Health_Bulletin_2023/table_0148.csv,unclassified,0,,quality_gate_not_passed,review_required,34,4
quarantined_tables/027_Health_Bulletin_2023/table_0149.csv,unclassified,0,,quality_gate_not_passed,review_required,9,4
quarantined_tables/027_Health_Bulletin_2023/table_0150.csv,unclassified,0,,quality_gate_not_passed,review_required,7,4
quarantined_tables/027_Health_Bulletin_2023/table_0151.csv,unclassified,0,,quality_gate_not_passed,review_required,15,6
quarantined_tables/027_Health_Bulletin_2023/table_0152.csv,unclassified,0,,quality_gate_not_passed,review_required,14,7
quarantined_tables/027_Health_Bulletin_2023/table_0153.csv,unclassified,0,,quality_gate_not_passed,review_required,14,17
quarantined_tables/027_Health_Bulletin_2023/table_0154.csv,unclassified,0,,quality_gate_not_passed,review_required,14,16
quarantined_tables/027_Health_Bulletin_2023/table_0155.csv,unclassified,0,,quality_gate_not_passed,review_required,5,4
quarantined_tables/027_Health_Bulletin_2023/table_0156.csv,unclassified,0,,quality_gate_not_passed,review_required,18,4
quarantined_tables/027_Health_Bulletin_2023/table_0157.csv,unclassified,0,,quality_gate_not_passed,review_required,8,4
quarantined_tables/027_Health_Bulletin_2023/table_0158.csv,unclassified,0,,quality_gate_not_passed,review_required,6,5
quarantined_tables/027_Health_Bulletin_2023/table_0159.csv,unclassified,0,,quality_gate_not_passed,review_required,14,4
quarantined_tables/027_Health_Bulletin_2023/table_0160.csv,unclassified,0,,quality_gate_not_passed,rejected,0,0
quarantined_tables/027_Health_Bulletin_2023/table_0161.csv,unclassified,0,,quality_gate_not_passed,review_required,3,4
quarantined_tables/027_Health_Bulletin_2023/table_0162.csv,unclassified,0,,quality_gate_not_passed,rejected,0,0
quarantined_tables/027_Health_Bulletin_2023/table_0163.csv,unclassified,0,,quality_gate_not_passed,review_required,5,9
quarantined_tables/027_Health_Bulletin_2023/table_0164.csv,unclassified,0,,quality_gate_not_passed,review_required,4,5
quarantined_tables/027_Health_Bulletin_2023/table_0165.csv,unclassified,0,,quality_gate_not_passed,review_required,9,7
quarantined_tables/027_Health_Bulletin_2023/table_0166.csv,unclassified,0,,quality_gate_not_passed,review_required,15,6
quarantined_tables/027_Health_Bulletin_2023/table_0167.csv,unclassified,0,,quality_gate_not_passed,review_required,6,54
quarantined_tables/027_Health_Bulletin_2023/table_0168.csv,unclassified,0,,quality_gate_not_passed,review_required,12,8
quarantined_tables/027_Health_Bulletin_2023/table_0169.csv,unclassified,0,,quality_gate_not_passed,review_required,17,8
quarantined_tables/027_Health_Bulletin_2023/table_0170.csv,unclassified,0,,quality_gate_not_passed,review_required,21,6
quarantined_tables/027_Health_Bulletin_2023/table_0171.csv,unclassified,0,,quality_gate_not_passed,review_required,7,6
quarantined_tables/027_Health_Bulletin_2023/table_0172.csv,unclassified,0,,quality_gate_not_passed,review_required,9,4
quarantined_tables/027_Health_Bulletin_2023/table_0173.csv,unclassified,0,,quality_gate_not_passed,review_required,12,7
quarantined_tables/027_Health_Bulletin_2023/table_0174.csv,unclassified,0,,quality_gate_not_passed,review_required,7,3
quarantined_tables/027_Health_Bulletin_2023/table_0175.csv,unclassified,0,,quality_gate_not_passed,review_required,8,4
quarantined_tables/027_Health_Bulletin_2023/table_0176.csv,unclassified,0,,quality_gate_not_passed,review_required,10,6
quarantined_tables/027_Health_Bulletin_2023/table_0177.csv,unclassified,0,,quality_gate_not_passed,rejected,1,1
quarantined_tables/027_Health_Bulletin_2023/table_0178.csv,unclassified,0,,quality_gate_not_passed,review_required,9,2
quarantined_tables/027_Health_Bulletin_2023/table_0179.csv,unclassified,0,,quality_gate_not_passed,review_required,13,2
quarantined_tables/027_Health_Bulletin_2023/table_0180.csv,unclassified,0,,quality_gate_not_passed,review_required,14,4
quarantined_tables/027_Health_Bulletin_2023/table_0181.csv,unclassified,0,,quality_gate_not_passed,review_required,9,5
quarantined_tables/027_Health_Bulletin_2023/table_0182.csv,unclassified,0,,quality_gate_not_passed,review_required,14,5
quarantined_tables/027_Health_Bulletin_2023/table_0183.csv,unclassified,0,,quality_gate_not_passed,review_required,8,5
quarantined_tables/027_Health_Bulletin_2023/table_0184.csv,unclassified,0,,quality_gate_not_passed,review_required,10,5
quarantined_tables/027_Health_Bulletin_2023/table_0185.csv,unclassified,0,,quality_gate_not_passed,review_required,13,5
quarantined_tables/027_Health_Bulletin_2023/table_0186.csv,unclassified,0,,quality_gate_not_passed,review_required,6,5
quarantined_tables/028_Health_Bulletin_2022/table_0001.csv,unclassified,0,,quality_gate_not_passed,rejected,2,1
quarantined_tables/028_Health_Bulletin_2022/table_0002.csv,unclassified,0,,quality_gate_not_passed,rejected,2,1
quarantined_tables/028_Health_Bulletin_2022/table_0003.csv,unclassified,0,,quality_gate_not_passed,review_required,11,3
quarantined_tables/028_Health_Bulletin_2022/table_0004.csv,unclassified,0,,quality_gate_not_passed,review_required,2,2
quarantined_tables/028_Health_Bulletin_2022/table_0005.csv,unclassified,0,,quality_gate_not_passed,review_required,2,2
quarantined_tables/028_Health_Bulletin_2022/table_0006.csv,unclassified,0,,quality_gate_not_passed,review_required,6,3
quarantined_tables/028_Health_Bulletin_2022/table_0007.csv,unclassified,0,,quality_gate_not_passed,review_required,18,15
quarantined_tables/028_Health_Bulletin_2022/table_0008.csv,unclassified,0,,quality_gate_not_passed,review_required,27,3
quarantined_tables/028_Health_Bulletin_2022/table_0009.csv,unclassified,0,,quality_gate_not_passed,review_required,21,4
quarantined_tables/028_Health_Bulletin_2022/table_0010.csv,unclassified,0,,quality_gate_not_passed,review_required,27,3
quarantined_tables/028_Health_Bulletin_2022/table_0011.csv,unclassified,0,,quality_gate_not_passed,review_required,15,3
quarantined_tables/028_Health_Bulletin_2022/table_0012.csv,unclassified,0,,quality_gate_not_passed,review_required,4,3
quarantined_tables/028_Health_Bulletin_2022/table_0013.csv,unclassified,0,,quality_gate_not_passed,review_required,5,3
quarantined_tables/028_Health_Bulletin_2022/table_0014.csv,unclassified,0,,quality_gate_not_passed,review_required,3,3
quarantined_tables/028_Health_Bulletin_2022/table_0015.csv,unclassified,0,,quality_gate_not_passed,review_required,4,3
quarantined_tables/028_Health_Bulletin_2022/table_0016.csv,unclassified,0,,quality_gate_not_passed,review_required,2,3
quarantined_tables/028_Health_Bulletin_2022/table_0017.csv,unclassified,0,,quality_gate_not_passed,review_required,24,3
quarantined_tables/028_Health_Bulletin_2022/table_0018.csv,unclassified,0,,quality_gate_not_passed,review_required,21,3
quarantined_tables/028_Health_Bulletin_2022/table_0019.csv,unclassified,0,,quality_gate_not_passed,review_required,12,3
quarantined_tables/028_Health_Bulletin_2022/table_0020.csv,unclassified,0,,quality_gate_not_passed,review_required,3,2
quarantined_tables/028_Health_Bulletin_2022/table_0021.csv,unclassified,0,,quality_gate_not_passed,review_required,16,8
quarantined_tables/028_Health_Bulletin_2022/table_0022.csv,unclassified,0,,quality_gate_not_passed,review_required,2,4
quarantined_tables/028_Health_Bulletin_2022/table_0023.csv,unclassified,0,,quality_gate_not_passed,review_required,9,3
quarantined_tables/028_Health_Bulletin_2022/table_0024.csv,unclassified,0,,quality_gate_not_passed,rejected,0,0
quarantined_tables/028_Health_Bulletin_2022/table_0025.csv,unclassified,0,,quality_gate_not_passed,rejected,0,0
quarantined_tables/028_Health_Bulletin_2022/table_0026.csv,unclassified,0,,quality_gate_not_passed,review_required,11,27
quarantined_tables/028_Health_Bulletin_2022/table_0027.csv,unclassified,0,,quality_gate_not_passed,review_required,2,4
quarantined_tables/028_Health_Bulletin_2022/table_0028.csv,unclassified,0,,quality_gate_not_passed,review_required,7,3
quarantined_tables/028_Health_Bulletin_2022/table_0029.csv,unclassified,0,,quality_gate_not_passed,review_required,5,10
quarantined_tables/028_Health_Bulletin_2022/table_0030.csv,unclassified,0,,quality_gate_not_passed,review_required,8,10
quarantined_tables/028_Health_Bulletin_2022/table_0031.csv,unclassified,0,,quality_gate_not_passed,review_required,6,4
quarantined_tables/028_Health_Bulletin_2022/table_0032.csv,unclassified,0,,quality_gate_not_passed,rejected,0,0
quarantined_tables/028_Health_Bulletin_2022/table_0033.csv,unclassified,0,,quality_gate_not_passed,review_required,3,10
quarantined_tables/028_Health_Bulletin_2022/table_0034.csv,unclassified,0,,quality_gate_not_passed,rejected,3,1
quarantined_tables/028_Health_Bulletin_2022/table_0035.csv,unclassified,0,,quality_gate_not_passed,rejected,1,1
quarantined_tables/028_Health_Bulletin_2022/table_0036.csv,unclassified,0,,quality_gate_not_passed,review_required,6,8
quarantined_tables/028_Health_Bulletin_2022/table_0037.csv,unclassified,0,,quality_gate_not_passed,review_required,4,8
quarantined_tables/028_Health_Bulletin_2022/table_0038.csv,unclassified,0,,quality_gate_not_passed,rejected,0,0
quarantined_tables/028_Health_Bulletin_2022/table_0039.csv,unclassified,0,,quality_gate_not_passed,rejected,0,0
quarantined_tables/028_Health_Bulletin_2022/table_0040.csv,unclassified,0,,quality_gate_not_passed,rejected,0,0
quarantined_tables/028_Health_Bulletin_2022/table_0041.csv,unclassified,0,,quality_gate_not_passed,rejected,0,0
quarantined_tables/028_Health_Bulletin_2022/table_0042.csv,unclassified,0,,quality_gate_not_passed,rejected,0,0
quarantined_tables/028_Health_Bulletin_2022/table_0043.csv,unclassified,0,,quality_gate_not_passed,rejected,0,0
quarantined_tables/028_Health_Bulletin_2022/table_0044.csv,unclassified,0,,quality_gate_not_passed,rejected,0,0
quarantined_tables/028_Health_Bulletin_2022/table_0045.csv,unclassified,0,,quality_gate_not_passed,rejected,0,0
quarantined_tables/028_Health_Bulletin_2022/table_0046.csv,unclassified,0,,quality_gate_not_passed,rejected,0,0
quarantined_tables/028_Health_Bulletin_2022/table_0047.csv,unclassified,0,,quality_gate_not_passed,rejected,0,0
quarantined_tables/028_Health_Bulletin_2022/table_0048.csv,unclassified,0,,quality_gate_not_passed,rejected,0,0
quarantined_tables/028_Health_Bulletin_2022/table_0049.csv,unclassified,0,,quality_gate_not_passed,rejected,0,0
quarantined_tables/028_Health_Bulletin_2022/table_0050.csv,unclassified,0,,quality_gate_not_passed,review_required,1,3
quarantined_tables/028_Health_Bulletin_2022/table_0051.csv,unclassified,0,,quality_gate_not_passed,review_required,7,3
quarantined_tables/028_Health_Bulletin_2022/table_0052.csv,unclassified,0,,quality_gate_not_passed,review_required,3,23
quarantined_tables/028_Health_Bulletin_2022/table_0053.csv,unclassified,0,,quality_gate_not_passed,review_required,3,12
quarantined_tables/028_Health_Bulletin_2022/table_0054.csv,unclassified,0,,quality_gate_not_passed,review_required,10,8
quarantined_tables/028_Health_Bulletin_2022/table_0055.csv,unclassified,0,,quality_gate_not_passed,review_required,17,11
quarantined_tables/028_Health_Bulletin_2022/table_0056.csv,unclassified,0,,quality_gate_not_passed,review_required,7,3
quarantined_tables/028_Health_Bulletin_2022/table_0057.csv,unclassified,0,,quality_gate_not_passed,review_required,5,3
quarantined_tables/028_Health_Bulletin_2022/table_0058.csv,unclassified,0,,quality_gate_not_passed,review_required,3,3
quarantined_tables/028_Health_Bulletin_2022/table_0059.csv,unclassified,0,,quality_gate_not_passed,review_required,4,3
quarantined_tables/028_Health_Bulletin_2022/table_0060.csv,unclassified,0,,quality_gate_not_passed,review_required,5,3
quarantined_tables/028_Health_Bulletin_2022/table_0061.csv,unclassified,0,,quality_gate_not_passed,review_required,3,3
quarantined_tables/028_Health_Bulletin_2022/table_0062.csv,unclassified,0,,quality_gate_not_passed,review_required,4,3
quarantined_tables/028_Health_Bulletin_2022/table_0063.csv,unclassified,0,,quality_gate_not_passed,review_required,5,10
quarantined_tables/028_Health_Bulletin_2022/table_0064.csv,unclassified,0,,quality_gate_not_passed,review_required,7,3
quarantined_tables/028_Health_Bulletin_2022/table_0065.csv,unclassified,0,,quality_gate_not_passed,review_required,10,4
quarantined_tables/028_Health_Bulletin_2022/table_0066.csv,unclassified,0,,quality_gate_not_passed,review_required,4,3
quarantined_tables/028_Health_Bulletin_2022/table_0067.csv,unclassified,0,,quality_gate_not_passed,review_required,5,3
quarantined_tables/028_Health_Bulletin_2022/table_0068.csv,unclassified,0,,quality_gate_not_passed,review_required,3,3
quarantined_tables/028_Health_Bulletin_2022/table_0069.csv,unclassified,0,,quality_gate_not_passed,review_required,6,3
quarantined_tables/028_Health_Bulletin_2022/table_0070.csv,unclassified,0,,quality_gate_not_passed,review_required,22,2
quarantined_tables/028_Health_Bulletin_2022/table_0071.csv,unclassified,0,,quality_gate_not_passed,review_required,7,12
quarantined_tables/028_Health_Bulletin_2022/table_0072.csv,unclassified,0,,quality_gate_not_passed,review_required,5,14
quarantined_tables/028_Health_Bulletin_2022/table_0073.csv,unclassified,0,,quality_gate_not_passed,review_required,10,6
quarantined_tables/028_Health_Bulletin_2022/table_0074.csv,unclassified,0,,quality_gate_not_passed,review_required,5,6
quarantined_tables/028_Health_Bulletin_2022/table_0075.csv,unclassified,0,,quality_gate_not_passed,review_required,6,6
quarantined_tables/028_Health_Bulletin_2022/table_0076.csv,unclassified,0,,quality_gate_not_passed,review_required,6,6
quarantined_tables/028_Health_Bulletin_2022/table_0077.csv,unclassified,0,,quality_gate_not_passed,review_required,1,2
quarantined_tables/028_Health_Bulletin_2022/table_0078.csv,unclassified,0,,quality_gate_not_passed,review_required,2,2
quarantined_tables/028_Health_Bulletin_2022/table_0079.csv,unclassified,0,,quality_gate_not_passed,review_required,8,4
quarantined_tables/028_Health_Bulletin_2022/table_0080.csv,unclassified,0,,quality_gate_not_passed,rejected,0,0
quarantined_tables/028_Health_Bulletin_2022/table_0081.csv,unclassified,0,,quality_gate_not_passed,rejected,0,0
quarantined_tables/028_Health_Bulletin_2022/table_0082.csv,unclassified,0,,quality_gate_not_passed,rejected,0,0
quarantined_tables/028_Health_Bulletin_2022/table_0083.csv,unclassified,0,,quality_gate_not_passed,rejected,0,0
quarantined_tables/028_Health_Bulletin_2022/table_0084.csv,unclassified,0,,quality_gate_not_passed,review_required,4,4
quarantined_tables/028_Health_Bulletin_2022/table_0085.csv,unclassified,0,,quality_gate_not_passed,rejected,0,0
quarantined_tables/028_Health_Bulletin_2022/table_0086.csv,unclassified,0,,quality_gate_not_passed,rejected,0,0
quarantined_tables/028_Health_Bulletin_2022/table_0087.csv,unclassified,0,,quality_gate_not_passed,rejected,0,0
quarantined_tables/028_Health_Bulletin_2022/table_0088.csv,unclassified,0,,quality_gate_not_passed,rejected,0,0
quarantined_tables/028_Health_Bulletin_2022/table_0089.csv,unclassified,0,,quality_gate_not_passed,rejected,0,0
quarantined_tables/028_Health_Bulletin_2022/table_0090.csv,unclassified,0,,quality_gate_not_passed,rejected,0,0
quarantined_tables/028_Health_Bulletin_2022/table_0091.csv,unclassified,0,,quality_gate_not_passed,rejected,0,0
quarantined_tables/028_Health_Bulletin_2022/table_0092.csv,unclassified,0,,quality_gate_not_passed,rejected,0,0
quarantined_tables/028_Health_Bulletin_2022/table_0093.csv,unclassified,0,,quality_gate_not_passed,rejected,0,0
quarantined_tables/028_Health_Bulletin_2022/table_0094.csv,unclassified,0,,quality_gate_not_passed,rejected,0,0
quarantined_tables/028_Health_Bulletin_2022/table_0095.csv,unclassified,0,,quality_gate_not_passed,rejected,0,0
quarantined_tables/028_Health_Bulletin_2022/table_0096.csv,unclassified,0,,quality_gate_not_passed,rejected,0,0
quarantined_tables/028_Health_Bulletin_2022/table_0097.csv,unclassified,0,,quality_gate_not_passed,rejected,0,0
quarantined_tables/028_Health_Bulletin_2022/table_0098.csv,unclassified,0,,quality_gate_not_passed,review_required,11,4
quarantined_tables/028_Health_Bulletin_2022/table_0099.csv,unclassified,0,,quality_gate_not_passed,review_required,13,4
quarantined_tables/028_Health_Bulletin_2022/table_0100.csv,unclassified,0,,quality_gate_not_passed,review_required,9,3
quarantined_tables/028_Health_Bulletin_2022/table_0101.csv,unclassified,0,,quality_gate_not_passed,review_required,3,4
quarantined_tables/028_Health_Bulletin_2022/table_0102.csv,unclassified,0,,quality_gate_not_passed,review_required,12,14
quarantined_tables/028_Health_Bulletin_2022/table_0103.csv,unclassified,0,,quality_gate_not_passed,rejected,0,0
quarantined_tables/028_Health_Bulletin_2022/table_0104.csv,unclassified,0,,quality_gate_not_passed,review_required,30,2
quarantined_tables/028_Health_Bulletin_2022/table_0105.csv,unclassified,0,,quality_gate_not_passed,review_required,9,2
quarantined_tables/028_Health_Bulletin_2022/table_0106.csv,unclassified,0,,quality_gate_not_passed,review_required,4,8
quarantined_tables/028_Health_Bulletin_2022/table_0107.csv,unclassified,0,,quality_gate_not_passed,review_required,5,6
quarantined_tables/028_Health_Bulletin_2022/table_0108.csv,unclassified,0,,quality_gate_not_passed,review_required,14,10
quarantined_tables/028_Health_Bulletin_2022/table_0109.csv,unclassified,0,,quality_gate_not_passed,review_required,16,10
quarantined_tables/028_Health_Bulletin_2022/table_0110.csv,unclassified,0,,quality_gate_not_passed,review_required,17,12
quarantined_tables/028_Health_Bulletin_2022/table_0111.csv,unclassified,0,,quality_gate_not_passed,review_required,14,22
quarantined_tables/028_Health_Bulletin_2022/table_0112.csv,unclassified,0,,quality_gate_not_passed,review_required,12,22
quarantined_tables/028_Health_Bulletin_2022/table_0113.csv,unclassified,0,,quality_gate_not_passed,review_required,19,14
quarantined_tables/028_Health_Bulletin_2022/table_0114.csv,unclassified,0,,quality_gate_not_passed,review_required,18,14
quarantined_tables/028_Health_Bulletin_2022/table_0115.csv,unclassified,0,,quality_gate_not_passed,review_required,8,23
quarantined_tables/028_Health_Bulletin_2022/table_0116.csv,unclassified,0,,quality_gate_not_passed,review_required,3,3
quarantined_tables/028_Health_Bulletin_2022/table_0117.csv,unclassified,0,,quality_gate_not_passed,review_required,2,2
quarantined_tables/028_Health_Bulletin_2022/table_0118.csv,unclassified,0,,quality_gate_not_passed,review_required,1,3
quarantined_tables/028_Health_Bulletin_2022/table_0119.csv,unclassified,0,,quality_gate_not_passed,review_required,6,8
quarantined_tables/028_Health_Bulletin_2022/table_0120.csv,unclassified,0,,quality_gate_not_passed,review_required,8,5
quarantined_tables/028_Health_Bulletin_2022/table_0121.csv,unclassified,0,,quality_gate_not_passed,review_required,9,12
quarantined_tables/028_Health_Bulletin_2022/table_0122.csv,unclassified,0,,quality_gate_not_passed,review_required,4,3
quarantined_tables/028_Health_Bulletin_2022/table_0123.csv,unclassified,0,,quality_gate_not_passed,review_required,4,7
quarantined_tables/028_Health_Bulletin_2022/table_0124.csv,unclassified,0,,quality_gate_not_passed,review_required,4,6
quarantined_tables/028_Health_Bulletin_2022/table_0125.csv,unclassified,0,,quality_gate_not_passed,review_required,9,2
quarantined_tables/028_Health_Bulletin_2022/table_0126.csv,unclassified,0,,quality_gate_not_passed,review_required,8,2
quarantined_tables/028_Health_Bulletin_2022/table_0127.csv,unclassified,0,,quality_gate_not_passed,rejected,0,0
quarantined_tables/028_Health_Bulletin_2022/table_0128.csv,unclassified,0,,quality_gate_not_passed,review_required,3,9
quarantined_tables/028_Health_Bulletin_2022/table_0129.csv,unclassified,0,,quality_gate_not_passed,review_required,3,5
quarantined_tables/028_Health_Bulletin_2022/table_0130.csv,unclassified,0,,quality_gate_not_passed,rejected,0,0
quarantined_tables/028_Health_Bulletin_2022/table_0131.csv,unclassified,0,,quality_gate_not_passed,review_required,4,4
quarantined_tables/028_Health_Bulletin_2022/table_0132.csv,unclassified,0,,quality_gate_not_passed,rejected,0,0
quarantined_tables/028_Health_Bulletin_2022/table_0133.csv,unclassified,0,,quality_gate_not_passed,review_required,5,13
quarantined_tables/028_Health_Bulletin_2022/table_0134.csv,unclassified,0,,quality_gate_not_passed,review_required,14,18
quarantined_tables/028_Health_Bulletin_2022/table_0135.csv,unclassified,0,,quality_gate_not_passed,review_required,9,10
quarantined_tables/028_Health_Bulletin_2022/table_0136.csv,unclassified,0,,quality_gate_not_passed,review_required,50,4
quarantined_tables/028_Health_Bulletin_2022/table_0137.csv,unclassified,0,,quality_gate_not_passed,review_required,28,11
quarantined_tables/028_Health_Bulletin_2022/table_0138.csv,unclassified,0,,quality_gate_not_passed,review_required,4,8
quarantined_tables/028_Health_Bulletin_2022/table_0139.csv,unclassified,0,,quality_gate_not_passed,review_required,24,28
quarantined_tables/028_Health_Bulletin_2022/table_0140.csv,unclassified,0,,quality_gate_not_passed,rejected,42,1
quarantined_tables/028_Health_Bulletin_2022/table_0141.csv,unclassified,0,,quality_gate_not_passed,review_required,5,8
quarantined_tables/028_Health_Bulletin_2022/table_0142.csv,unclassified,0,,quality_gate_not_passed,review_required,9,5
quarantined_tables/028_Health_Bulletin_2022/table_0143.csv,unclassified,0,,quality_gate_not_passed,review_required,23,8
quarantined_tables/028_Health_Bulletin_2022/table_0144.csv,unclassified,0,,quality_gate_not_passed,review_required,19,8
quarantined_tables/028_Health_Bulletin_2022/table_0145.csv,unclassified,0,,quality_gate_not_passed,review_required,31,9
quarantined_tables/028_Health_Bulletin_2022/table_0146.csv,unclassified,0,,quality_gate_not_passed,review_required,2,2
quarantined_tables/028_Health_Bulletin_2022/table_0147.csv,unclassified,0,,quality_gate_not_passed,rejected,1,1
quarantined_tables/028_Health_Bulletin_2022/table_0148.csv,unclassified,0,,quality_gate_not_passed,rejected,1,1
quarantined_tables/028_Health_Bulletin_2022/table_0149.csv,unclassified,0,,quality_gate_not_passed,review_required,4,7
quarantined_tables/028_Health_Bulletin_2022/table_0150.csv,unclassified,0,,quality_gate_not_passed,review_required,5,8
quarantined_tables/028_Health_Bulletin_2022/table_0151.csv,unclassified,0,,quality_gate_not_passed,review_required,4,7
quarantined_tables/028_Health_Bulletin_2022/table_0152.csv,unclassified,0,,quality_gate_not_passed,review_required,4,7
quarantined_tables/028_Health_Bulletin_2022/table_0153.csv,unclassified,0,,quality_gate_not_passed,review_required,20,15
quarantined_tables/028_Health_Bulletin_2022/table_0154.csv,unclassified,0,,quality_gate_not_passed,review_required,11,6
quarantined_tables/028_Health_Bulletin_2022/table_0155.csv,unclassified,0,,quality_gate_not_passed,review_required,20,18
quarantined_tables/028_Health_Bulletin_2022/table_0156.csv,unclassified,0,,quality_gate_not_passed,review_required,22,14
quarantined_tables/028_Health_Bulletin_2022/table_0157.csv,unclassified,0,,quality_gate_not_passed,review_required,20,23
quarantined_tables/028_Health_Bulletin_2022/table_0158.csv,unclassified,0,,quality_gate_not_passed,review_required,20,24
quarantined_tables/028_Health_Bulletin_2022/table_0159.csv,unclassified,0,,quality_gate_not_passed,review_required,20,23
quarantined_tables/028_Health_Bulletin_2022/table_0160.csv,unclassified,0,,quality_gate_not_passed,review_required,22,13
quarantined_tables/028_Health_Bulletin_2022/table_0161.csv,unclassified,0,,quality_gate_not_passed,review_required,24,9
quarantined_tables/028_Health_Bulletin_2022/table_0162.csv,unclassified,0,,quality_gate_not_passed,review_required,2,2
quarantined_tables/028_Health_Bulletin_2022/table_0163.csv,unclassified,0,,quality_gate_not_passed,review_required,16,5
quarantined_tables/028_Health_Bulletin_2022/table_0164.csv,unclassified,0,,quality_gate_not_passed,review_required,23,6
quarantined_tables/028_Health_Bulletin_2022/table_0165.csv,unclassified,0,,quality_gate_not_passed,review_required,37,6
quarantined_tables/028_Health_Bulletin_2022/table_0166.csv,unclassified,0,,quality_gate_not_passed,review_required,30,6
quarantined_tables/028_Health_Bulletin_2022/table_0167.csv,unclassified,0,,quality_gate_not_passed,review_required,4,6
quarantined_tables/028_Health_Bulletin_2022/table_0168.csv,unclassified,0,,quality_gate_not_passed,review_required,5,6
quarantined_tables/028_Health_Bulletin_2022/table_0169.csv,unclassified,0,,quality_gate_not_passed,review_required,3,8
quarantined_tables/028_Health_Bulletin_2022/table_0170.csv,unclassified,0,,quality_gate_not_passed,review_required,6,4
quarantined_tables/028_Health_Bulletin_2022/table_0171.csv,unclassified,0,,quality_gate_not_passed,review_required,6,10
quarantined_tables/028_Health_Bulletin_2022/table_0172.csv,unclassified,0,,quality_gate_not_passed,review_required,6,10
quarantined_tables/028_Health_Bulletin_2022/table_0173.csv,unclassified,0,,quality_gate_not_passed,review_required,6,11
quarantined_tables/028_Health_Bulletin_2022/table_0174.csv,unclassified,0,,quality_gate_not_passed,rejected,0,0
quarantined_tables/028_Health_Bulletin_2022/table_0175.csv,unclassified,0,,quality_gate_not_passed,rejected,0,0
quarantined_tables/028_Health_Bulletin_2022/table_0176.csv,unclassified,0,,quality_gate_not_passed,rejected,0,0
quarantined_tables/028_Health_Bulletin_2022/table_0177.csv,unclassified,0,,quality_gate_not_passed,rejected,0,0
quarantined_tables/028_Health_Bulletin_2022/table_0178.csv,unclassified,0,,quality_gate_not_passed,rejected,0,0
quarantined_tables/028_Health_Bulletin_2022/table_0179.csv,unclassified,0,,quality_gate_not_passed,rejected,0,0
quarantined_tables/028_Health_Bulletin_2022/table_0180.csv,unclassified,0,,quality_gate_not_passed,review_required,4,5
quarantined_tables/028_Health_Bulletin_2022/table_0181.csv,unclassified,0,,quality_gate_not_passed,rejected,0,0
quarantined_tables/028_Health_Bulletin_2022/table_0182.csv,unclassified,0,,quality_gate_not_passed,rejected,0,0
quarantined_tables/028_Health_Bulletin_2022/table_0183.csv,unclassified,0,,quality_gate_not_passed,rejected,0,0
quarantined_tables/028_Health_Bulletin_2022/table_0184.csv,unclassified,0,,quality_gate_not_passed,review_required,2,13
quarantined_tables/028_Health_Bulletin_2022/table_0185.csv,unclassified,0,,quality_gate_not_passed,rejected,0,0
quarantined_tables/028_Health_Bulletin_2022/table_0186.csv,unclassified,0,,quality_gate_not_passed,rejected,0,0
quarantined_tables/028_Health_Bulletin_2022/table_0187.csv,unclassified,0,,quality_gate_not_passed,review_required,6,2
quarantined_tables/028_Health_Bulletin_2022/table_0188.csv,unclassified,0,,quality_gate_not_passed,rejected,0,0
quarantined_tables/028_Health_Bulletin_2022/table_0189.csv,unclassified,0,,quality_gate_not_passed,rejected,0,0
quarantined_tables/028_Health_Bulletin_2022/table_0190.csv,unclassified,0,,quality_gate_not_passed,review_required,6,2
quarantined_tables/028_Health_Bulletin_2022/table_0191.csv,unclassified,0,,quality_gate_not_passed,review_required,6,2
quarantined_tables/028_Health_Bulletin_2022/table_0192.csv,unclassified,0,,quality_gate_not_passed,rejected,0,0
quarantined_tables/028_Health_Bulletin_2022/table_0193.csv,unclassified,0,,quality_gate_not_passed,rejected,3,1
quarantined_tables/028_Health_Bulletin_2022/table_0194.csv,unclassified,0,,quality_gate_not_passed,rejected,2,1
quarantined_tables/028_Health_Bulletin_2022/table_0195.csv,unclassified,0,,quality_gate_not_passed,rejected,0,0
quarantined_tables/028_Health_Bulletin_2022/table_0196.csv,unclassified,0,,quality_gate_not_passed,rejected,0,0
quarantined_tables/028_Health_Bulletin_2022/table_0197.csv,unclassified,0,,quality_gate_not_passed,rejected,0,0
quarantined_tables/028_Health_Bulletin_2022/table_0198.csv,unclassified,0,,quality_gate_not_passed,rejected,0,0
quarantined_tables/028_Health_Bulletin_2022/table_0199.csv,unclassified,0,,quality_gate_not_passed,review_required,11,14
quarantined_tables/028_Health_Bulletin_2022/table_0200.csv,unclassified,0,,quality_gate_not_passed,review_required,19,14
quarantined_tables/028_Health_Bulletin_2022/table_0201.csv,unclassified,0,,quality_gate_not_passed,review_required,8,14
quarantined_tables/028_Health_Bulletin_2022/table_0202.csv,unclassified,0,,quality_gate_not_passed,review_required,13,12
quarantined_tables/028_Health_Bulletin_2022/table_0203.csv,unclassified,0,,quality_gate_not_passed,review_required,9,8
quarantined_tables/028_Health_Bulletin_2022/table_0204.csv,unclassified,0,,quality_gate_not_passed,review_required,39,8
quarantined_tables/028_Health_Bulletin_2022/table_0205.csv,unclassified,0,,quality_gate_not_passed,review_required,8,8
quarantined_tables/028_Health_Bulletin_2022/table_0206.csv,unclassified,0,,quality_gate_not_passed,review_required,8,8
quarantined_tables/028_Health_Bulletin_2022/table_0207.csv,unclassified,0,,quality_gate_not_passed,review_required,16,11
quarantined_tables/028_Health_Bulletin_2022/table_0208.csv,unclassified,0,,quality_gate_not_passed,review_required,10,31
quarantined_tables/028_Health_Bulletin_2022/table_0209.csv,unclassified,0,,quality_gate_not_passed,review_required,14,28
quarantined_tables/028_Health_Bulletin_2022/table_0210.csv,unclassified,0,,quality_gate_not_passed,review_required,5,8
quarantined_tables/028_Health_Bulletin_2022/table_0211.csv,unclassified,0,,quality_gate_not_passed,review_required,19,8
quarantined_tables/028_Health_Bulletin_2022/table_0212.csv,unclassified,0,,quality_gate_not_passed,review_required,6,10
quarantined_tables/028_Health_Bulletin_2022/table_0213.csv,unclassified,0,,quality_gate_not_passed,review_required,13,8
quarantined_tables/028_Health_Bulletin_2022/table_0214.csv,unclassified,0,,quality_gate_not_passed,review_required,3,2
quarantined_tables/028_Health_Bulletin_2022/table_0215.csv,unclassified,0,,quality_gate_not_passed,review_required,13,6
quarantined_tables/028_Health_Bulletin_2022/table_0216.csv,unclassified,0,,quality_gate_not_passed,review_required,2,2
quarantined_tables/028_Health_Bulletin_2022/table_0217.csv,unclassified,0,,quality_gate_not_passed,review_required,38,5
quarantined_tables/028_Health_Bulletin_2022/table_0218.csv,unclassified,0,,quality_gate_not_passed,review_required,40,3
quarantined_tables/028_Health_Bulletin_2022/table_0219.csv,unclassified,0,,quality_gate_not_passed,review_required,20,2
quarantined_tables/028_Health_Bulletin_2022/table_0220.csv,unclassified,0,,quality_gate_not_passed,rejected,0,0
quarantined_tables/028_Health_Bulletin_2022/table_0221.csv,unclassified,0,,quality_gate_not_passed,review_required,7,5
quarantined_tables/028_Health_Bulletin_2022/table_0222.csv,unclassified,0,,quality_gate_not_passed,rejected,1,1
quarantined_tables/028_Health_Bulletin_2022/table_0223.csv,unclassified,0,,quality_gate_not_passed,review_required,4,4
quarantined_tables/028_Health_Bulletin_2022/table_0224.csv,unclassified,0,,quality_gate_not_passed,review_required,15,18
quarantined_tables/028_Health_Bulletin_2022/table_0225.csv,unclassified,0,,quality_gate_not_passed,review_required,6,6
quarantined_tables/028_Health_Bulletin_2022/table_0226.csv,unclassified,0,,quality_gate_not_passed,rejected,0,0
quarantined_tables/028_Health_Bulletin_2022/table_0227.csv,unclassified,0,,quality_gate_not_passed,rejected,1,1
quarantined_tables/028_Health_Bulletin_2022/table_0228.csv,unclassified,0,,quality_gate_not_passed,review_required,3,5
quarantined_tables/028_Health_Bulletin_2022/table_0229.csv,unclassified,0,,quality_gate_not_passed,review_required,2,3
quarantined_tables/028_Health_Bulletin_2022/table_0230.csv,unclassified,0,,quality_gate_not_passed,review_required,4,10
quarantined_tables/028_Health_Bulletin_2022/table_0231.csv,unclassified,0,,quality_gate_not_passed,review_required,7,12
quarantined_tables/028_Health_Bulletin_2022/table_0232.csv,unclassified,0,,quality_gate_not_passed,review_required,4,21
quarantined_tables/028_Health_Bulletin_2022/table_0233.csv,unclassified,0,,quality_gate_not_passed,review_required,2,24
quarantined_tables/028_Health_Bulletin_2022/table_0234.csv,unclassified,0,,quality_gate_not_passed,review_required,9,8
quarantined_tables/028_Health_Bulletin_2022/table_0235.csv,unclassified,0,,quality_gate_not_passed,review_required,12,12
quarantined_tables/028_Health_Bulletin_2022/table_0236.csv,unclassified,0,,quality_gate_not_passed,review_required,12,8
quarantined_tables/028_Health_Bulletin_2022/table_0237.csv,unclassified,0,,quality_gate_not_passed,review_required,11,5
quarantined_tables/028_Health_Bulletin_2022/table_0238.csv,unclassified,0,,quality_gate_not_passed,review_required,13,4
quarantined_tables/028_Health_Bulletin_2022/table_0239.csv,unclassified,0,,quality_gate_not_passed,review_required,14,4
quarantined_tables/028_Health_Bulletin_2022/table_0240.csv,unclassified,0,,quality_gate_not_passed,review_required,5,2
quarantined_tables/028_Health_Bulletin_2022/table_0241.csv,unclassified,0,,quality_gate_not_passed,review_required,5,5
quarantined_tables/028_Health_Bulletin_2022/table_0242.csv,unclassified,0,,quality_gate_not_passed,review_required,1,2
quarantined_tables/028_Health_Bulletin_2022/table_0243.csv,unclassified,0,,quality_gate_not_passed,rejected,0,0
quarantined_tables/029_Health_Bulletin_2021/table_0001.csv,unclassified,0,,quality_gate_not_passed,review_required,4,2
quarantined_tables/029_Health_Bulletin_2021/table_0002.csv,unclassified,0,,quality_gate_not_passed,review_required,12,3
quarantined_tables/029_Health_Bulletin_2021/table_0003.csv,unclassified,0,,quality_gate_not_passed,review_required,3,2
quarantined_tables/029_Health_Bulletin_2021/table_0004.csv,unclassified,0,,quality_gate_not_passed,review_required,9,7
quarantined_tables/029_Health_Bulletin_2021/table_0005.csv,unclassified,0,,quality_gate_not_passed,review_required,7,5
quarantined_tables/029_Health_Bulletin_2021/table_0006.csv,unclassified,0,,quality_gate_not_passed,review_required,9,6
quarantined_tables/029_Health_Bulletin_2021/table_0007.csv,unclassified,0,,quality_gate_not_passed,review_required,2,2
quarantined_tables/029_Health_Bulletin_2021/table_0008.csv,unclassified,0,,quality_gate_not_passed,review_required,5,4
quarantined_tables/029_Health_Bulletin_2021/table_0009.csv,unclassified,0,,quality_gate_not_passed,review_required,15,22
quarantined_tables/029_Health_Bulletin_2021/table_0010.csv,unclassified,0,,quality_gate_not_passed,review_required,2,2
quarantined_tables/029_Health_Bulletin_2021/table_0011.csv,unclassified,0,,quality_gate_not_passed,rejected,0,0
quarantined_tables/029_Health_Bulletin_2021/table_0012.csv,unclassified,0,,quality_gate_not_passed,review_required,7,4
quarantined_tables/029_Health_Bulletin_2021/table_0013.csv,unclassified,0,,quality_gate_not_passed,review_required,2,2
quarantined_tables/029_Health_Bulletin_2021/table_0014.csv,unclassified,0,,quality_gate_not_passed,review_required,5,7
quarantined_tables/029_Health_Bulletin_2021/table_0015.csv,unclassified,0,,quality_gate_not_passed,review_required,7,9
quarantined_tables/029_Health_Bulletin_2021/table_0016.csv,unclassified,0,,quality_gate_not_passed,review_required,6,3
quarantined_tables/029_Health_Bulletin_2021/table_0017.csv,unclassified,0,,quality_gate_not_passed,review_required,3,7
quarantined_tables/029_Health_Bulletin_2021/table_0018.csv,unclassified,0,,quality_gate_not_passed,review_required,13,10
quarantined_tables/029_Health_Bulletin_2021/table_0019.csv,unclassified,0,,quality_gate_not_passed,review_required,4,2
quarantined_tables/029_Health_Bulletin_2021/table_0020.csv,unclassified,0,,quality_gate_not_passed,review_required,2,3
quarantined_tables/029_Health_Bulletin_2021/table_0021.csv,unclassified,0,,quality_gate_not_passed,rejected,2,1
quarantined_tables/029_Health_Bulletin_2021/table_0022.csv,unclassified,0,,quality_gate_not_passed,rejected,0,0
quarantined_tables/029_Health_Bulletin_2021/table_0023.csv,unclassified,0,,quality_gate_not_passed,review_required,2,4
quarantined_tables/029_Health_Bulletin_2021/table_0024.csv,unclassified,0,,quality_gate_not_passed,review_required,2,3
quarantined_tables/029_Health_Bulletin_2021/table_0025.csv,unclassified,0,,quality_gate_not_passed,review_required,12,8
quarantined_tables/029_Health_Bulletin_2021/table_0026.csv,unclassified,0,,quality_gate_not_passed,review_required,9,2
quarantined_tables/029_Health_Bulletin_2021/table_0027.csv,unclassified,0,,quality_gate_not_passed,review_required,8,10
quarantined_tables/029_Health_Bulletin_2021/table_0028.csv,unclassified,0,,quality_gate_not_passed,review_required,6,6
quarantined_tables/029_Health_Bulletin_2021/table_0029.csv,unclassified,0,,quality_gate_not_passed,review_required,11,2
quarantined_tables/029_Health_Bulletin_2021/table_0030.csv,unclassified,0,,quality_gate_not_passed,review_required,3,15
quarantined_tables/029_Health_Bulletin_2021/table_0031.csv,unclassified,0,,quality_gate_not_passed,rejected,0,0
quarantined_tables/029_Health_Bulletin_2021/table_0032.csv,unclassified,0,,quality_gate_not_passed,review_required,22,2
quarantined_tables/029_Health_Bulletin_2021/table_0033.csv,unclassified,0,,quality_gate_not_passed,review_required,8,2
quarantined_tables/029_Health_Bulletin_2021/table_0034.csv,unclassified,0,,quality_gate_not_passed,review_required,3,2
quarantined_tables/029_Health_Bulletin_2021/table_0035.csv,unclassified,0,,quality_gate_not_passed,review_required,4,4
quarantined_tables/029_Health_Bulletin_2021/table_0036.csv,unclassified,0,,quality_gate_not_passed,review_required,7,8
quarantined_tables/029_Health_Bulletin_2021/table_0037.csv,unclassified,0,,quality_gate_not_passed,review_required,4,2
quarantined_tables/029_Health_Bulletin_2021/table_0038.csv,unclassified,0,,quality_gate_not_passed,review_required,13,8
quarantined_tables/029_Health_Bulletin_2021/table_0039.csv,unclassified,0,,quality_gate_not_passed,review_required,6,4
quarantined_tables/029_Health_Bulletin_2021/table_0040.csv,unclassified,0,,quality_gate_not_passed,review_required,6,4
quarantined_tables/029_Health_Bulletin_2021/table_0041.csv,unclassified,0,,quality_gate_not_passed,review_required,5,5
quarantined_tables/029_Health_Bulletin_2021/table_0042.csv,unclassified,0,,quality_gate_not_passed,review_required,5,5
quarantined_tables/029_Health_Bulletin_2021/table_0043.csv,unclassified,0,,quality_gate_not_passed,review_required,6,3
quarantined_tables/029_Health_Bulletin_2021/table_0044.csv,unclassified,0,,quality_gate_not_passed,review_required,8,2
quarantined_tables/029_Health_Bulletin_2021/table_0045.csv,unclassified,0,,quality_gate_not_passed,review_required,37,2
quarantined_tables/029_Health_Bulletin_2021/table_0046.csv,unclassified,0,,quality_gate_not_passed,review_required,4,3
quarantined_tables/029_Health_Bulletin_2021/table_0047.csv,unclassified,0,,quality_gate_not_passed,review_required,5,4
quarantined_tables/029_Health_Bulletin_2021/table_0048.csv,unclassified,0,,quality_gate_not_passed,review_required,1,2
quarantined_tables/029_Health_Bulletin_2021/table_0049.csv,unclassified,0,,quality_gate_not_passed,review_required,3,6
quarantined_tables/029_Health_Bulletin_2021/table_0050.csv,unclassified,0,,quality_gate_not_passed,review_required,5,7
quarantined_tables/029_Health_Bulletin_2021/table_0051.csv,unclassified,0,,quality_gate_not_passed,review_required,19,7
quarantined_tables/029_Health_Bulletin_2021/table_0052.csv,unclassified,0,,quality_gate_not_passed,review_required,6,7
quarantined_tables/029_Health_Bulletin_2021/table_0053.csv,unclassified,0,,quality_gate_not_passed,review_required,13,8
quarantined_tables/029_Health_Bulletin_2021/table_0054.csv,unclassified,0,,quality_gate_not_passed,review_required,15,11
quarantined_tables/029_Health_Bulletin_2021/table_0055.csv,unclassified,0,,quality_gate_not_passed,review_required,12,12
quarantined_tables/029_Health_Bulletin_2021/table_0056.csv,unclassified,0,,quality_gate_not_passed,review_required,11,9
quarantined_tables/029_Health_Bulletin_2021/table_0057.csv,unclassified,0,,quality_gate_not_passed,review_required,12,8
quarantined_tables/029_Health_Bulletin_2021/table_0058.csv,unclassified,0,,quality_gate_not_passed,review_required,9,12
quarantined_tables/029_Health_Bulletin_2021/table_0059.csv,unclassified,0,,quality_gate_not_passed,review_required,4,9
quarantined_tables/029_Health_Bulletin_2021/table_0060.csv,unclassified,0,,quality_gate_not_passed,review_required,5,6
quarantined_tables/029_Health_Bulletin_2021/table_0061.csv,unclassified,0,,quality_gate_not_passed,review_required,7,2
quarantined_tables/029_Health_Bulletin_2021/table_0062.csv,unclassified,0,,quality_gate_not_passed,rejected,0,0
quarantined_tables/029_Health_Bulletin_2021/table_0063.csv,unclassified,0,,quality_gate_not_passed,review_required,3,2
quarantined_tables/029_Health_Bulletin_2021/table_0064.csv,unclassified,0,,quality_gate_not_passed,review_required,1,3
quarantined_tables/029_Health_Bulletin_2021/table_0065.csv,unclassified,0,,quality_gate_not_passed,review_required,3,4
quarantined_tables/029_Health_Bulletin_2021/table_0066.csv,unclassified,0,,quality_gate_not_passed,review_required,6,4
quarantined_tables/029_Health_Bulletin_2021/table_0067.csv,unclassified,0,,quality_gate_not_passed,review_required,4,5
quarantined_tables/029_Health_Bulletin_2021/table_0068.csv,unclassified,0,,quality_gate_not_passed,review_required,2,4
quarantined_tables/029_Health_Bulletin_2021/table_0069.csv,unclassified,0,,quality_gate_not_passed,review_required,2,2
quarantined_tables/029_Health_Bulletin_2021/table_0070.csv,unclassified,0,,quality_gate_not_passed,review_required,4,3
quarantined_tables/029_Health_Bulletin_2021/table_0071.csv,unclassified,0,,quality_gate_not_passed,review_required,2,2
quarantined_tables/029_Health_Bulletin_2021/table_0072.csv,unclassified,0,,quality_gate_not_passed,rejected,0,0
quarantined_tables/029_Health_Bulletin_2021/table_0073.csv,unclassified,0,,quality_gate_not_passed,review_required,3,9
quarantined_tables/029_Health_Bulletin_2021/table_0074.csv,unclassified,0,,quality_gate_not_passed,review_required,5,6
quarantined_tables/029_Health_Bulletin_2021/table_0075.csv,unclassified,0,,quality_gate_not_passed,rejected,0,0
quarantined_tables/029_Health_Bulletin_2021/table_0076.csv,unclassified,0,,quality_gate_not_passed,rejected,0,0
quarantined_tables/029_Health_Bulletin_2021/table_0077.csv,unclassified,0,,quality_gate_not_passed,review_required,4,4
quarantined_tables/029_Health_Bulletin_2021/table_0078.csv,unclassified,0,,quality_gate_not_passed,review_required,3,2
quarantined_tables/029_Health_Bulletin_2021/table_0079.csv,unclassified,0,,quality_gate_not_passed,review_required,4,11
quarantined_tables/029_Health_Bulletin_2021/table_0080.csv,unclassified,0,,quality_gate_not_passed,review_required,13,11
quarantined_tables/029_Health_Bulletin_2021/table_0081.csv,unclassified,0,,quality_gate_not_passed,review_required,2,18
quarantined_tables/029_Health_Bulletin_2021/table_0082.csv,unclassified,0,,quality_gate_not_passed,review_required,13,10
quarantined_tables/029_Health_Bulletin_2021/table_0083.csv,unclassified,0,,quality_gate_not_passed,review_required,8,4
quarantined_tables/029_Health_Bulletin_2021/table_0084.csv,unclassified,0,,quality_gate_not_passed,review_required,12,4
quarantined_tables/029_Health_Bulletin_2021/table_0085.csv,unclassified,0,,quality_gate_not_passed,review_required,13,12
quarantined_tables/029_Health_Bulletin_2021/table_0086.csv,unclassified,0,,quality_gate_not_passed,review_required,9,6
quarantined_tables/029_Health_Bulletin_2021/table_0087.csv,unclassified,0,,quality_gate_not_passed,review_required,4,6
quarantined_tables/029_Health_Bulletin_2021/table_0088.csv,unclassified,0,,quality_gate_not_passed,review_required,4,5
quarantined_tables/029_Health_Bulletin_2021/table_0089.csv,unclassified,0,,quality_gate_not_passed,review_required,4,5
quarantined_tables/029_Health_Bulletin_2021/table_0090.csv,unclassified,0,,quality_gate_not_passed,review_required,14,15
quarantined_tables/029_Health_Bulletin_2021/table_0091.csv,unclassified,0,,quality_gate_not_passed,review_required,13,15
quarantined_tables/029_Health_Bulletin_2021/table_0092.csv,unclassified,0,,quality_gate_not_passed,review_required,10,6
quarantined_tables/029_Health_Bulletin_2021/table_0093.csv,unclassified,0,,quality_gate_not_passed,review_required,22,7
quarantined_tables/029_Health_Bulletin_2021/table_0094.csv,unclassified,0,,quality_gate_not_passed,review_required,13,6
quarantined_tables/029_Health_Bulletin_2021/table_0095.csv,unclassified,0,,quality_gate_not_passed,review_required,23,9
quarantined_tables/029_Health_Bulletin_2021/table_0096.csv,unclassified,0,,quality_gate_not_passed,review_required,21,21
quarantined_tables/029_Health_Bulletin_2021/table_0097.csv,unclassified,0,,quality_gate_not_passed,review_required,21,21
quarantined_tables/029_Health_Bulletin_2021/table_0098.csv,unclassified,0,,quality_gate_not_passed,review_required,34,18
quarantined_tables/029_Health_Bulletin_2021/table_0099.csv,unclassified,0,,quality_gate_not_passed,review_required,30,21
quarantined_tables/029_Health_Bulletin_2021/table_0100.csv,unclassified,0,,quality_gate_not_passed,review_required,8,16
quarantined_tables/029_Health_Bulletin_2021/table_0101.csv,unclassified,0,,quality_gate_not_passed,review_required,16,4
quarantined_tables/029_Health_Bulletin_2021/table_0102.csv,unclassified,0,,quality_gate_not_passed,review_required,19,4
quarantined_tables/029_Health_Bulletin_2021/table_0103.csv,unclassified,0,,quality_gate_not_passed,review_required,53,6
quarantined_tables/029_Health_Bulletin_2021/table_0104.csv,unclassified,0,,quality_gate_not_passed,review_required,10,3
quarantined_tables/029_Health_Bulletin_2021/table_0105.csv,unclassified,0,,quality_gate_not_passed,review_required,2,6
quarantined_tables/029_Health_Bulletin_2021/table_0106.csv,unclassified,0,,quality_gate_not_passed,review_required,5,3
quarantined_tables/029_Health_Bulletin_2021/table_0107.csv,unclassified,0,,quality_gate_not_passed,review_required,5,5
quarantined_tables/029_Health_Bulletin_2021/table_0108.csv,unclassified,0,,quality_gate_not_passed,review_required,5,2
quarantined_tables/029_Health_Bulletin_2021/table_0109.csv,unclassified,0,,quality_gate_not_passed,review_required,7,11
quarantined_tables/029_Health_Bulletin_2021/table_0110.csv,unclassified,0,,quality_gate_not_passed,review_required,6,8
quarantined_tables/029_Health_Bulletin_2021/table_0111.csv,unclassified,0,,quality_gate_not_passed,review_required,7,12
quarantined_tables/029_Health_Bulletin_2021/table_0112.csv,unclassified,0,,quality_gate_not_passed,rejected,0,0
quarantined_tables/029_Health_Bulletin_2021/table_0113.csv,unclassified,0,,quality_gate_not_passed,review_required,2,3
quarantined_tables/029_Health_Bulletin_2021/table_0114.csv,unclassified,0,,quality_gate_not_passed,review_required,8,8
quarantined_tables/029_Health_Bulletin_2021/table_0115.csv,unclassified,0,,quality_gate_not_passed,rejected,0,0
quarantined_tables/029_Health_Bulletin_2021/table_0116.csv,unclassified,0,,quality_gate_not_passed,rejected,0,0
quarantined_tables/029_Health_Bulletin_2021/table_0117.csv,unclassified,0,,quality_gate_not_passed,review_required,2,2
quarantined_tables/029_Health_Bulletin_2021/table_0118.csv,unclassified,0,,quality_gate_not_passed,rejected,0,0
quarantined_tables/029_Health_Bulletin_2021/table_0119.csv,unclassified,0,,quality_gate_not_passed,review_required,3,2
quarantined_tables/029_Health_Bulletin_2021/table_0120.csv,unclassified,0,,quality_gate_not_passed,rejected,0,0
quarantined_tables/029_Health_Bulletin_2021/table_0121.csv,unclassified,0,,quality_gate_not_passed,review_required,2,2
quarantined_tables/029_Health_Bulletin_2021/table_0122.csv,unclassified,0,,quality_gate_not_passed,rejected,0,0
quarantined_tables/029_Health_Bulletin_2021/table_0123.csv,unclassified,0,,quality_gate_not_passed,rejected,0,0
quarantined_tables/029_Health_Bulletin_2021/table_0124.csv,unclassified,0,,quality_gate_not_passed,rejected,0,0
quarantined_tables/029_Health_Bulletin_2021/table_0125.csv,unclassified,0,,quality_gate_not_passed,rejected,0,0
quarantined_tables/029_Health_Bulletin_2021/table_0126.csv,unclassified,0,,quality_gate_not_passed,rejected,0,0
quarantined_tables/029_Health_Bulletin_2021/table_0127.csv,unclassified,0,,quality_gate_not_passed,rejected,0,0
quarantined_tables/029_Health_Bulletin_2021/table_0128.csv,unclassified,0,,quality_gate_not_passed,rejected,0,0
quarantined_tables/029_Health_Bulletin_2021/table_0129.csv,unclassified,0,,quality_gate_not_passed,rejected,0,0
quarantined_tables/029_Health_Bulletin_2021/table_0130.csv,unclassified,0,,quality_gate_not_passed,rejected,0,0
quarantined_tables/029_Health_Bulletin_2021/table_0131.csv,unclassified,0,,quality_gate_not_passed,rejected,0,0
quarantined_tables/029_Health_Bulletin_2021/table_0132.csv,unclassified,0,,quality_gate_not_passed,rejected,0,0
quarantined_tables/029_Health_Bulletin_2021/table_0133.csv,unclassified,0,,quality_gate_not_passed,review_required,12,2
quarantined_tables/029_Health_Bulletin_2021/table_0134.csv,unclassified,0,,quality_gate_not_passed,review_required,2,2
quarantined_tables/029_Health_Bulletin_2021/table_0135.csv,unclassified,0,,quality_gate_not_passed,review_required,11,5
quarantined_tables/029_Health_Bulletin_2021/table_0136.csv,unclassified,0,,quality_gate_not_passed,review_required,9,16
quarantined_tables/029_Health_Bulletin_2021/table_0137.csv,unclassified,0,,quality_gate_not_passed,review_required,13,9
quarantined_tables/029_Health_Bulletin_2021/table_0138.csv,unclassified,0,,quality_gate_not_passed,review_required,5,7
quarantined_tables/029_Health_Bulletin_2021/table_0139.csv,unclassified,0,,quality_gate_not_passed,review_required,7,12
quarantined_tables/029_Health_Bulletin_2021/table_0140.csv,unclassified,0,,quality_gate_not_passed,review_required,12,12
quarantined_tables/029_Health_Bulletin_2021/table_0141.csv,unclassified,0,,quality_gate_not_passed,review_required,7,8
quarantined_tables/029_Health_Bulletin_2021/table_0142.csv,unclassified,0,,quality_gate_not_passed,review_required,11,4
quarantined_tables/029_Health_Bulletin_2021/table_0143.csv,unclassified,0,,quality_gate_not_passed,review_required,28,4
quarantined_tables/029_Health_Bulletin_2021/table_0144.csv,unclassified,0,,quality_gate_not_passed,review_required,8,8
quarantined_tables/029_Health_Bulletin_2021/table_0145.csv,unclassified,0,,quality_gate_not_passed,review_required,6,4
quarantined_tables/029_Health_Bulletin_2021/table_0146.csv,unclassified,0,,quality_gate_not_passed,review_required,16,12
quarantined_tables/029_Health_Bulletin_2021/table_0147.csv,unclassified,0,,quality_gate_not_passed,review_required,10,26
quarantined_tables/029_Health_Bulletin_2021/table_0148.csv,unclassified,0,,quality_gate_not_passed,review_required,17,21
quarantined_tables/029_Health_Bulletin_2021/table_0149.csv,unclassified,0,,quality_gate_not_passed,review_required,22,28
quarantined_tables/029_Health_Bulletin_2021/table_0150.csv,unclassified,0,,quality_gate_not_passed,review_required,4,3
quarantined_tables/029_Health_Bulletin_2021/table_0151.csv,unclassified,0,,quality_gate_not_passed,review_required,18,4
quarantined_tables/029_Health_Bulletin_2021/table_0152.csv,unclassified,0,,quality_gate_not_passed,review_required,5,8
quarantined_tables/029_Health_Bulletin_2021/table_0153.csv,unclassified,0,,quality_gate_not_passed,review_required,13,4
quarantined_tables/029_Health_Bulletin_2021/table_0154.csv,unclassified,0,,quality_gate_not_passed,review_required,2,2
quarantined_tables/029_Health_Bulletin_2021/table_0155.csv,unclassified,0,,quality_gate_not_passed,review_required,4,9
quarantined_tables/029_Health_Bulletin_2021/table_0156.csv,unclassified,0,,quality_gate_not_passed,review_required,8,6
quarantined_tables/029_Health_Bulletin_2021/table_0157.csv,unclassified,0,,quality_gate_not_passed,review_required,5,2
quarantined_tables/029_Health_Bulletin_2021/table_0158.csv,unclassified,0,,quality_gate_not_passed,review_required,3,2
quarantined_tables/029_Health_Bulletin_2021/table_0159.csv,unclassified,0,,quality_gate_not_passed,review_required,10,4
quarantined_tables/029_Health_Bulletin_2021/table_0160.csv,unclassified,0,,quality_gate_not_passed,review_required,8,2
quarantined_tables/029_Health_Bulletin_2021/table_0161.csv,unclassified,0,,quality_gate_not_passed,review_required,8,2
quarantined_tables/029_Health_Bulletin_2021/table_0162.csv,unclassified,0,,quality_gate_not_passed,review_required,2,2
quarantined_tables/029_Health_Bulletin_2021/table_0163.csv,unclassified,0,,quality_gate_not_passed,review_required,2,2
quarantined_tables/029_Health_Bulletin_2021/table_0164.csv,unclassified,0,,quality_gate_not_passed,review_required,2,2
quarantined_tables/029_Health_Bulletin_2021/table_0165.csv,unclassified,0,,quality_gate_not_passed,review_required,2,3
quarantined_tables/029_Health_Bulletin_2021/table_0166.csv,unclassified,0,,quality_gate_not_passed,review_required,4,2
quarantined_tables/029_Health_Bulletin_2021/table_0167.csv,unclassified,0,,quality_gate_not_passed,review_required,4,2
quarantined_tables/029_Health_Bulletin_2021/table_0168.csv,unclassified,0,,quality_gate_not_passed,review_required,11,16
quarantined_tables/029_Health_Bulletin_2021/table_0169.csv,unclassified,0,,quality_gate_not_passed,review_required,13,6
quarantined_tables/029_Health_Bulletin_2021/table_0170.csv,unclassified,0,,quality_gate_not_passed,rejected,0,0
quarantined_tables/029_Health_Bulletin_2021/table_0171.csv,unclassified,0,,quality_gate_not_passed,review_required,1,2
quarantined_tables/029_Health_Bulletin_2021/table_0172.csv,unclassified,0,,quality_gate_not_passed,review_required,3,2
quarantined_tables/029_Health_Bulletin_2021/table_0173.csv,unclassified,0,,quality_gate_not_passed,review_required,2,3
quarantined_tables/029_Health_Bulletin_2021/table_0174.csv,unclassified,0,,quality_gate_not_passed,review_required,6,13
quarantined_tables/029_Health_Bulletin_2021/table_0175.csv,unclassified,0,,quality_gate_not_passed,review_required,3,2
quarantined_tables/029_Health_Bulletin_2021/table_0176.csv,unclassified,0,,quality_gate_not_passed,review_required,4,8
quarantined_tables/029_Health_Bulletin_2021/table_0177.csv,unclassified,0,,quality_gate_not_passed,review_required,6,10
quarantined_tables/029_Health_Bulletin_2021/table_0178.csv,unclassified,0,,quality_gate_not_passed,review_required,3,2
quarantined_tables/029_Health_Bulletin_2021/table_0179.csv,unclassified,0,,quality_gate_not_passed,review_required,2,2
quarantined_tables/029_Health_Bulletin_2021/table_0180.csv,unclassified,0,,quality_gate_not_passed,review_required,3,4
quarantined_tables/029_Health_Bulletin_2021/table_0181.csv,unclassified,0,,quality_gate_not_passed,review_required,1,4
quarantined_tables/029_Health_Bulletin_2021/table_0182.csv,unclassified,0,,quality_gate_not_passed,review_required,2,3
quarantined_tables/029_Health_Bulletin_2021/table_0183.csv,unclassified,0,,quality_gate_not_passed,review_required,11,8
quarantined_tables/029_Health_Bulletin_2021/table_0184.csv,unclassified,0,,quality_gate_not_passed,review_required,7,3
quarantined_tables/029_Health_Bulletin_2021/table_0185.csv,unclassified,0,,quality_gate_not_passed,review_required,10,2
quarantined_tables/029_Health_Bulletin_2021/table_0186.csv,unclassified,0,,quality_gate_not_passed,review_required,13,3
quarantined_tables/029_Health_Bulletin_2021/table_0187.csv,unclassified,0,,quality_gate_not_passed,review_required,14,4
quarantined_tables/029_Health_Bulletin_2021/table_0188.csv,unclassified,0,,quality_gate_not_passed,review_required,5,2
quarantined_tables/029_Health_Bulletin_2021/table_0189.csv,unclassified,0,,quality_gate_not_passed,review_required,7,4
quarantined_tables/029_Health_Bulletin_2021/table_0190.csv,unclassified,0,,quality_gate_not_passed,review_required,5,5
quarantined_tables/029_Health_Bulletin_2021/table_0191.csv,unclassified,0,,quality_gate_not_passed,review_required,7,6
quarantined_tables/030_Health_Bulletin_2020/table_0001.csv,unclassified,0,,quality_gate_not_passed,review_required,5,4
quarantined_tables/030_Health_Bulletin_2020/table_0002.csv,unclassified,0,,quality_gate_not_passed,review_required,8,2
quarantined_tables/030_Health_Bulletin_2020/table_0003.csv,unclassified,0,,quality_gate_not_passed,review_required,4,3
quarantined_tables/030_Health_Bulletin_2020/table_0004.csv,unclassified,0,,quality_gate_not_passed,review_required,5,2
quarantined_tables/030_Health_Bulletin_2020/table_0005.csv,unclassified,0,,quality_gate_not_passed,review_required,6,11
quarantined_tables/030_Health_Bulletin_2020/table_0006.csv,unclassified,0,,quality_gate_not_passed,review_required,16,5
quarantined_tables/030_Health_Bulletin_2020/table_0007.csv,unclassified,0,,quality_gate_not_passed,review_required,5,3
quarantined_tables/030_Health_Bulletin_2020/table_0008.csv,unclassified,0,,quality_gate_not_passed,review_required,11,2
quarantined_tables/030_Health_Bulletin_2020/table_0009.csv,unclassified,0,,quality_gate_not_passed,review_required,6,2
quarantined_tables/030_Health_Bulletin_2020/table_0010.csv,unclassified,0,,quality_gate_not_passed,review_required,3,2
quarantined_tables/030_Health_Bulletin_2020/table_0011.csv,unclassified,0,,quality_gate_not_passed,review_required,12,3
quarantined_tables/030_Health_Bulletin_2020/table_0012.csv,unclassified,0,,quality_gate_not_passed,review_required,2,2
quarantined_tables/030_Health_Bulletin_2020/table_0013.csv,unclassified,0,,quality_gate_not_passed,review_required,3,2
quarantined_tables/030_Health_Bulletin_2020/table_0014.csv,unclassified,0,,quality_gate_not_passed,review_required,15,4
quarantined_tables/030_Health_Bulletin_2020/table_0015.csv,unclassified,0,,quality_gate_not_passed,review_required,12,5
quarantined_tables/030_Health_Bulletin_2020/table_0016.csv,unclassified,0,,quality_gate_not_passed,review_required,12,5
quarantined_tables/030_Health_Bulletin_2020/table_0017.csv,unclassified,0,,quality_gate_not_passed,review_required,12,9
quarantined_tables/030_Health_Bulletin_2020/table_0018.csv,unclassified,0,,quality_gate_not_passed,review_required,12,7
quarantined_tables/030_Health_Bulletin_2020/table_0019.csv,unclassified,0,,quality_gate_not_passed,review_required,12,6
quarantined_tables/030_Health_Bulletin_2020/table_0020.csv,unclassified,0,,quality_gate_not_passed,review_required,12,6
quarantined_tables/030_Health_Bulletin_2020/table_0021.csv,unclassified,0,,quality_gate_not_passed,review_required,12,5
quarantined_tables/030_Health_Bulletin_2020/table_0022.csv,unclassified,0,,quality_gate_not_passed,review_required,12,5
quarantined_tables/030_Health_Bulletin_2020/table_0023.csv,unclassified,0,,quality_gate_not_passed,review_required,12,6
quarantined_tables/030_Health_Bulletin_2020/table_0024.csv,unclassified,0,,quality_gate_not_passed,review_required,12,6
quarantined_tables/030_Health_Bulletin_2020/table_0025.csv,unclassified,0,,quality_gate_not_passed,review_required,12,6
quarantined_tables/030_Health_Bulletin_2020/table_0026.csv,unclassified,0,,quality_gate_not_passed,review_required,12,5
quarantined_tables/030_Health_Bulletin_2020/table_0027.csv,unclassified,0,,quality_gate_not_passed,review_required,10,3
quarantined_tables/030_Health_Bulletin_2020/table_0028.csv,unclassified,0,,quality_gate_not_passed,review_required,5,3
quarantined_tables/030_Health_Bulletin_2020/table_0029.csv,unclassified,0,,quality_gate_not_passed,rejected,2,1
quarantined_tables/030_Health_Bulletin_2020/table_0030.csv,unclassified,0,,quality_gate_not_passed,review_required,12,11
quarantined_tables/030_Health_Bulletin_2020/table_0031.csv,unclassified,0,,quality_gate_not_passed,review_required,4,12
quarantined_tables/030_Health_Bulletin_2020/table_0032.csv,unclassified,0,,quality_gate_not_passed,review_required,2,2
quarantined_tables/030_Health_Bulletin_2020/table_0033.csv,unclassified,0,,quality_gate_not_passed,review_required,3,12
quarantined_tables/030_Health_Bulletin_2020/table_0034.csv,unclassified,0,,quality_gate_not_passed,review_required,18,8
quarantined_tables/030_Health_Bulletin_2020/table_0035.csv,unclassified,0,,quality_gate_not_passed,review_required,9,2
quarantined_tables/030_Health_Bulletin_2020/table_0036.csv,unclassified,0,,quality_gate_not_passed,review_required,4,5
quarantined_tables/030_Health_Bulletin_2020/table_0037.csv,unclassified,0,,quality_gate_not_passed,review_required,7,5
quarantined_tables/030_Health_Bulletin_2020/table_0038.csv,unclassified,0,,quality_gate_not_passed,rejected,0,0
quarantined_tables/030_Health_Bulletin_2020/table_0039.csv,unclassified,0,,quality_gate_not_passed,rejected,0,0
quarantined_tables/030_Health_Bulletin_2020/table_0040.csv,unclassified,0,,quality_gate_not_passed,rejected,0,0
quarantined_tables/030_Health_Bulletin_2020/table_0041.csv,unclassified,0,,quality_gate_not_passed,rejected,0,0
quarantined_tables/030_Health_Bulletin_2020/table_0042.csv,unclassified,0,,quality_gate_not_passed,rejected,0,0
quarantined_tables/030_Health_Bulletin_2020/table_0043.csv,unclassified,0,,quality_gate_not_passed,review_required,5,36
quarantined_tables/030_Health_Bulletin_2020/table_0044.csv,unclassified,0,,quality_gate_not_passed,review_required,5,4
quarantined_tables/030_Health_Bulletin_2020/table_0045.csv,unclassified,0,,quality_gate_not_passed,review_required,15,9
quarantined_tables/030_Health_Bulletin_2020/table_0046.csv,unclassified,0,,quality_gate_not_passed,rejected,1,1
quarantined_tables/030_Health_Bulletin_2020/table_0047.csv,unclassified,0,,quality_gate_not_passed,review_required,9,4
quarantined_tables/030_Health_Bulletin_2020/table_0048.csv,unclassified,0,,quality_gate_not_passed,review_required,34,8
quarantined_tables/030_Health_Bulletin_2020/table_0049.csv,unclassified,0,,quality_gate_not_passed,review_required,22,8
quarantined_tables/030_Health_Bulletin_2020/table_0050.csv,unclassified,0,,quality_gate_not_passed,review_required,7,13
quarantined_tables/030_Health_Bulletin_2020/table_0051.csv,unclassified,0,,quality_gate_not_passed,review_required,5,7
quarantined_tables/030_Health_Bulletin_2020/table_0052.csv,unclassified,0,,quality_gate_not_passed,review_required,4,22
quarantined_tables/030_Health_Bulletin_2020/table_0053.csv,unclassified,0,,quality_gate_not_passed,review_required,4,10
quarantined_tables/030_Health_Bulletin_2020/table_0054.csv,unclassified,0,,quality_gate_not_passed,review_required,27,6
quarantined_tables/030_Health_Bulletin_2020/table_0055.csv,unclassified,0,,quality_gate_not_passed,review_required,6,5
quarantined_tables/030_Health_Bulletin_2020/table_0056.csv,unclassified,0,,quality_gate_not_passed,review_required,6,3
quarantined_tables/030_Health_Bulletin_2020/table_0057.csv,unclassified,0,,quality_gate_not_passed,review_required,11,2
quarantined_tables/030_Health_Bulletin_2020/table_0058.csv,unclassified,0,,quality_gate_not_passed,review_required,3,13
quarantined_tables/030_Health_Bulletin_2020/table_0059.csv,unclassified,0,,quality_gate_not_passed,rejected,0,0
quarantined_tables/030_Health_Bulletin_2020/table_0060.csv,unclassified,0,,quality_gate_not_passed,review_required,11,5
quarantined_tables/030_Health_Bulletin_2020/table_0061.csv,unclassified,0,,quality_gate_not_passed,review_required,11,5
quarantined_tables/030_Health_Bulletin_2020/table_0062.csv,unclassified,0,,quality_gate_not_passed,review_required,3,4
quarantined_tables/030_Health_Bulletin_2020/table_0063.csv,unclassified,0,,quality_gate_not_passed,review_required,4,4
quarantined_tables/030_Health_Bulletin_2020/table_0064.csv,unclassified,0,,quality_gate_not_passed,review_required,2,4
quarantined_tables/030_Health_Bulletin_2020/table_0065.csv,unclassified,0,,quality_gate_not_passed,review_required,19,3
quarantined_tables/030_Health_Bulletin_2020/table_0066.csv,unclassified,0,,quality_gate_not_passed,review_required,15,3
quarantined_tables/030_Health_Bulletin_2020/table_0067.csv,unclassified,0,,quality_gate_not_passed,review_required,3,2
quarantined_tables/030_Health_Bulletin_2020/table_0068.csv,unclassified,0,,quality_gate_not_passed,rejected,0,0
quarantined_tables/030_Health_Bulletin_2020/table_0069.csv,unclassified,0,,quality_gate_not_passed,rejected,0,0
quarantined_tables/030_Health_Bulletin_2020/table_0070.csv,unclassified,0,,quality_gate_not_passed,review_required,11,5
quarantined_tables/030_Health_Bulletin_2020/table_0071.csv,unclassified,0,,quality_gate_not_passed,review_required,13,11
quarantined_tables/030_Health_Bulletin_2020/table_0072.csv,unclassified,0,,quality_gate_not_passed,review_required,7,10
quarantined_tables/030_Health_Bulletin_2020/table_0073.csv,unclassified,0,,quality_gate_not_passed,review_required,13,12
quarantined_tables/030_Health_Bulletin_2020/table_0074.csv,unclassified,0,,quality_gate_not_passed,review_required,6,12
quarantined_tables/030_Health_Bulletin_2020/table_0075.csv,unclassified,0,,quality_gate_not_passed,review_required,10,12
quarantined_tables/030_Health_Bulletin_2020/table_0076.csv,unclassified,0,,quality_gate_not_passed,review_required,11,12
quarantined_tables/030_Health_Bulletin_2020/table_0077.csv,unclassified,0,,quality_gate_not_passed,review_required,10,6
quarantined_tables/030_Health_Bulletin_2020/table_0078.csv,unclassified,0,,quality_gate_not_passed,review_required,15,2
quarantined_tables/030_Health_Bulletin_2020/table_0079.csv,unclassified,0,,quality_gate_not_passed,review_required,11,6
quarantined_tables/030_Health_Bulletin_2020/table_0080.csv,unclassified,0,,quality_gate_not_passed,review_required,25,6
quarantined_tables/030_Health_Bulletin_2020/table_0081.csv,unclassified,0,,quality_gate_not_passed,review_required,7,6
quarantined_tables/030_Health_Bulletin_2020/table_0082.csv,unclassified,0,,quality_gate_not_passed,review_required,3,5
quarantined_tables/030_Health_Bulletin_2020/table_0083.csv,unclassified,0,,quality_gate_not_passed,review_required,13,21
quarantined_tables/030_Health_Bulletin_2020/table_0084.csv,unclassified,0,,quality_gate_not_passed,review_required,4,4
quarantined_tables/030_Health_Bulletin_2020/table_0085.csv,unclassified,0,,quality_gate_not_passed,review_required,15,3
quarantined_tables/030_Health_Bulletin_2020/table_0086.csv,unclassified,0,,quality_gate_not_passed,review_required,8,3
quarantined_tables/030_Health_Bulletin_2020/table_0087.csv,unclassified,0,,quality_gate_not_passed,review_required,8,11
quarantined_tables/030_Health_Bulletin_2020/table_0088.csv,unclassified,0,,quality_gate_not_passed,review_required,11,11
quarantined_tables/030_Health_Bulletin_2020/table_0089.csv,unclassified,0,,quality_gate_not_passed,review_required,7,11
quarantined_tables/030_Health_Bulletin_2020/table_0090.csv,unclassified,0,,quality_gate_not_passed,review_required,28,10
quarantined_tables/030_Health_Bulletin_2020/table_0091.csv,unclassified,0,,quality_gate_not_passed,review_required,9,3
quarantined_tables/030_Health_Bulletin_2020/table_0092.csv,unclassified,0,,quality_gate_not_passed,review_required,11,6
quarantined_tables/030_Health_Bulletin_2020/table_0093.csv,unclassified,0,,quality_gate_not_passed,review_required,7,6
quarantined_tables/030_Health_Bulletin_2020/table_0094.csv,unclassified,0,,quality_gate_not_passed,review_required,6,6
quarantined_tables/030_Health_Bulletin_2020/table_0095.csv,unclassified,0,,quality_gate_not_passed,review_required,9,10
quarantined_tables/030_Health_Bulletin_2020/table_0096.csv,unclassified,0,,quality_gate_not_passed,review_required,6,10
quarantined_tables/030_Health_Bulletin_2020/table_0097.csv,unclassified,0,,quality_gate_not_passed,rejected,0,0
quarantined_tables/030_Health_Bulletin_2020/table_0098.csv,unclassified,0,,quality_gate_not_passed,review_required,8,2
quarantined_tables/030_Health_Bulletin_2020/table_0099.csv,unclassified,0,,quality_gate_not_passed,rejected,0,0
quarantined_tables/030_Health_Bulletin_2020/table_0100.csv,unclassified,0,,quality_gate_not_passed,review_required,21,4
quarantined_tables/030_Health_Bulletin_2020/table_0101.csv,unclassified,0,,quality_gate_not_passed,review_required,30,5
quarantined_tables/030_Health_Bulletin_2020/table_0102.csv,unclassified,0,,quality_gate_not_passed,review_required,2,2
quarantined_tables/030_Health_Bulletin_2020/table_0103.csv,unclassified,0,,quality_gate_not_passed,review_required,2,2
quarantined_tables/030_Health_Bulletin_2020/table_0104.csv,unclassified,0,,quality_gate_not_passed,review_required,20,8
quarantined_tables/030_Health_Bulletin_2020/table_0105.csv,unclassified,0,,quality_gate_not_passed,review_required,20,8
quarantined_tables/030_Health_Bulletin_2020/table_0106.csv,unclassified,0,,quality_gate_not_passed,review_required,19,8
quarantined_tables/030_Health_Bulletin_2020/table_0107.csv,unclassified,0,,quality_gate_not_passed,review_required,19,8
quarantined_tables/030_Health_Bulletin_2020/table_0108.csv,unclassified,0,,quality_gate_not_passed,review_required,23,8
quarantined_tables/030_Health_Bulletin_2020/table_0109.csv,unclassified,0,,quality_gate_not_passed,review_required,23,8
quarantined_tables/030_Health_Bulletin_2020/table_0110.csv,unclassified,0,,quality_gate_not_passed,review_required,23,8
quarantined_tables/030_Health_Bulletin_2020/table_0111.csv,unclassified,0,,quality_gate_not_passed,review_required,23,8
quarantined_tables/030_Health_Bulletin_2020/table_0112.csv,unclassified,0,,quality_gate_not_passed,review_required,22,8
quarantined_tables/030_Health_Bulletin_2020/table_0113.csv,unclassified,0,,quality_gate_not_passed,review_required,24,8
quarantined_tables/030_Health_Bulletin_2020/table_0114.csv,unclassified,0,,quality_gate_not_passed,rejected,0,0
quarantined_tables/030_Health_Bulletin_2020/table_0115.csv,unclassified,0,,quality_gate_not_passed,rejected,0,0
quarantined_tables/030_Health_Bulletin_2020/table_0116.csv,unclassified,0,,quality_gate_not_passed,review_required,15,8
quarantined_tables/030_Health_Bulletin_2020/table_0117.csv,unclassified,0,,quality_gate_not_passed,review_required,15,8
quarantined_tables/030_Health_Bulletin_2020/table_0118.csv,unclassified,0,,quality_gate_not_passed,rejected,0,0
quarantined_tables/030_Health_Bulletin_2020/table_0119.csv,unclassified,0,,quality_gate_not_passed,review_required,1,2
quarantined_tables/030_Health_Bulletin_2020/table_0120.csv,unclassified,0,,quality_gate_not_passed,review_required,3,4
quarantined_tables/030_Health_Bulletin_2020/table_0121.csv,unclassified,0,,quality_gate_not_passed,review_required,3,4
quarantined_tables/030_Health_Bulletin_2020/table_0122.csv,unclassified,0,,quality_gate_not_passed,review_required,18,2
quarantined_tables/030_Health_Bulletin_2020/table_0123.csv,unclassified,0,,quality_gate_not_passed,review_required,18,2
quarantined_tables/030_Health_Bulletin_2020/table_0124.csv,unclassified,0,,quality_gate_not_passed,review_required,17,2
quarantined_tables/030_Health_Bulletin_2020/table_0125.csv,unclassified,0,,quality_gate_not_passed,review_required,16,2
quarantined_tables/030_Health_Bulletin_2020/table_0126.csv,unclassified,0,,quality_gate_not_passed,review_required,20,2
quarantined_tables/030_Health_Bulletin_2020/table_0127.csv,unclassified,0,,quality_gate_not_passed,review_required,38,2
quarantined_tables/030_Health_Bulletin_2020/table_0128.csv,unclassified,0,,quality_gate_not_passed,review_required,7,2
quarantined_tables/030_Health_Bulletin_2020/table_0129.csv,unclassified,0,,quality_gate_not_passed,review_required,28,2
quarantined_tables/030_Health_Bulletin_2020/table_0130.csv,unclassified,0,,quality_gate_not_passed,review_required,36,2
quarantined_tables/030_Health_Bulletin_2020/table_0131.csv,unclassified,0,,quality_gate_not_passed,review_required,2,2
quarantined_tables/030_Health_Bulletin_2020/table_0132.csv,unclassified,0,,quality_gate_not_passed,review_required,2,2
quarantined_tables/030_Health_Bulletin_2020/table_0133.csv,unclassified,0,,quality_gate_not_passed,review_required,2,2
quarantined_tables/030_Health_Bulletin_2020/table_0134.csv,unclassified,0,,quality_gate_not_passed,review_required,3,3
quarantined_tables/030_Health_Bulletin_2020/table_0135.csv,unclassified,0,,quality_gate_not_passed,review_required,8,3
quarantined_tables/030_Health_Bulletin_2020/table_0136.csv,unclassified,0,,quality_gate_not_passed,review_required,11,3
quarantined_tables/030_Health_Bulletin_2020/table_0137.csv,unclassified,0,,quality_gate_not_passed,review_required,15,3
quarantined_tables/030_Health_Bulletin_2020/table_0138.csv,unclassified,0,,quality_gate_not_passed,review_required,4,3
quarantined_tables/030_Health_Bulletin_2020/table_0139.csv,unclassified,0,,quality_gate_not_passed,review_required,17,3
quarantined_tables/030_Health_Bulletin_2020/table_0140.csv,unclassified,0,,quality_gate_not_passed,review_required,17,3
quarantined_tables/030_Health_Bulletin_2020/table_0141.csv,unclassified,0,,quality_gate_not_passed,review_required,9,3
quarantined_tables/030_Health_Bulletin_2020/table_0142.csv,unclassified,0,,quality_gate_not_passed,review_required,29,3
quarantined_tables/030_Health_Bulletin_2020/table_0143.csv,unclassified,0,,quality_gate_not_passed,review_required,27,3
quarantined_tables/030_Health_Bulletin_2020/table_0144.csv,unclassified,0,,quality_gate_not_passed,review_required,33,3
quarantined_tables/030_Health_Bulletin_2020/table_0145.csv,unclassified,0,,quality_gate_not_passed,review_required,31,3
quarantined_tables/030_Health_Bulletin_2020/table_0146.csv,unclassified,0,,quality_gate_not_passed,review_required,2,2
quarantined_tables/030_Health_Bulletin_2020/table_0147.csv,unclassified,0,,quality_gate_not_passed,review_required,3,4
quarantined_tables/030_Health_Bulletin_2020/table_0148.csv,unclassified,0,,quality_gate_not_passed,review_required,3,3
quarantined_tables/030_Health_Bulletin_2020/table_0149.csv,unclassified,0,,quality_gate_not_passed,review_required,5,5
quarantined_tables/030_Health_Bulletin_2020/table_0150.csv,unclassified,0,,quality_gate_not_passed,review_required,18,3
quarantined_tables/030_Health_Bulletin_2020/table_0151.csv,unclassified,0,,quality_gate_not_passed,review_required,9,3
quarantined_tables/030_Health_Bulletin_2020/table_0152.csv,unclassified,0,,quality_gate_not_passed,review_required,10,3
quarantined_tables/030_Health_Bulletin_2020/table_0153.csv,unclassified,0,,quality_gate_not_passed,review_required,17,3
quarantined_tables/030_Health_Bulletin_2020/table_0154.csv,unclassified,0,,quality_gate_not_passed,review_required,19,3
quarantined_tables/030_Health_Bulletin_2020/table_0155.csv,unclassified,0,,quality_gate_not_passed,review_required,11,3
quarantined_tables/030_Health_Bulletin_2020/table_0156.csv,unclassified,0,,quality_gate_not_passed,review_required,35,3
quarantined_tables/030_Health_Bulletin_2020/table_0157.csv,unclassified,0,,quality_gate_not_passed,review_required,21,3
quarantined_tables/030_Health_Bulletin_2020/table_0158.csv,unclassified,0,,quality_gate_not_passed,review_required,11,3
quarantined_tables/030_Health_Bulletin_2020/table_0159.csv,unclassified,0,,quality_gate_not_passed,review_required,32,3
quarantined_tables/030_Health_Bulletin_2020/table_0160.csv,unclassified,0,,quality_gate_not_passed,review_required,24,3
quarantined_tables/030_Health_Bulletin_2020/table_0161.csv,unclassified,0,,quality_gate_not_passed,review_required,6,6
quarantined_tables/030_Health_Bulletin_2020/table_0162.csv,unclassified,0,,quality_gate_not_passed,review_required,6,6
quarantined_tables/030_Health_Bulletin_2020/table_0163.csv,unclassified,0,,quality_gate_not_passed,review_required,7,6
quarantined_tables/030_Health_Bulletin_2020/table_0164.csv,unclassified,0,,quality_gate_not_passed,review_required,7,6
quarantined_tables/030_Health_Bulletin_2020/table_0165.csv,unclassified,0,,quality_gate_not_passed,review_required,7,6
quarantined_tables/030_Health_Bulletin_2020/table_0166.csv,unclassified,0,,quality_gate_not_passed,review_required,7,6
quarantined_tables/030_Health_Bulletin_2020/table_0167.csv,unclassified,0,,quality_gate_not_passed,review_required,8,6
quarantined_tables/030_Health_Bulletin_2020/table_0168.csv,unclassified,0,,quality_gate_not_passed,review_required,17,4
quarantined_tables/030_Health_Bulletin_2020/table_0169.csv,unclassified,0,,quality_gate_not_passed,review_required,10,5
quarantined_tables/030_Health_Bulletin_2020/table_0170.csv,unclassified,0,,quality_gate_not_passed,review_required,7,5
quarantined_tables/030_Health_Bulletin_2020/table_0171.csv,unclassified,0,,quality_gate_not_passed,review_required,13,7
quarantined_tables/030_Health_Bulletin_2020/table_0172.csv,unclassified,0,,quality_gate_not_passed,review_required,24,7
quarantined_tables/030_Health_Bulletin_2020/table_0173.csv,unclassified,0,,quality_gate_not_passed,review_required,8,8
quarantined_tables/030_Health_Bulletin_2020/table_0174.csv,unclassified,0,,quality_gate_not_passed,review_required,7,5
quarantined_tables/030_Health_Bulletin_2020/table_0175.csv,unclassified,0,,quality_gate_not_passed,review_required,21,5
quarantined_tables/030_Health_Bulletin_2020/table_0176.csv,unclassified,0,,quality_gate_not_passed,review_required,19,5
quarantined_tables/030_Health_Bulletin_2020/table_0177.csv,unclassified,0,,quality_gate_not_passed,review_required,8,4
quarantined_tables/030_Health_Bulletin_2020/table_0178.csv,unclassified,0,,quality_gate_not_passed,review_required,6,14
quarantined_tables/030_Health_Bulletin_2020/table_0179.csv,unclassified,0,,quality_gate_not_passed,review_required,14,10
quarantined_tables/030_Health_Bulletin_2020/table_0180.csv,unclassified,0,,quality_gate_not_passed,review_required,14,11
quarantined_tables/030_Health_Bulletin_2020/table_0181.csv,unclassified,0,,quality_gate_not_passed,review_required,17,4
quarantined_tables/030_Health_Bulletin_2020/table_0182.csv,unclassified,0,,quality_gate_not_passed,review_required,4,4
quarantined_tables/030_Health_Bulletin_2020/table_0183.csv,unclassified,0,,quality_gate_not_passed,review_required,13,4
quarantined_tables/030_Health_Bulletin_2020/table_0184.csv,unclassified,0,,quality_gate_not_passed,review_required,5,5
quarantined_tables/030_Health_Bulletin_2020/table_0185.csv,unclassified,0,,quality_gate_not_passed,review_required,13,5
quarantined_tables/030_Health_Bulletin_2020/table_0186.csv,unclassified,0,,quality_gate_not_passed,review_required,6,4
quarantined_tables/030_Health_Bulletin_2020/table_0187.csv,unclassified,0,,quality_gate_not_passed,review_required,4,5
quarantined_tables/030_Health_Bulletin_2020/table_0188.csv,unclassified,0,,quality_gate_not_passed,rejected,0,0
quarantined_tables/030_Health_Bulletin_2020/table_0189.csv,unclassified,0,,quality_gate_not_passed,rejected,0,0
quarantined_tables/030_Health_Bulletin_2020/table_0190.csv,unclassified,0,,quality_gate_not_passed,rejected,0,0
quarantined_tables/030_Health_Bulletin_2020/table_0191.csv,unclassified,0,,quality_gate_not_passed,rejected,0,0
quarantined_tables/030_Health_Bulletin_2020/table_0192.csv,unclassified,0,,quality_gate_not_passed,review_required,3,5
quarantined_tables/030_Health_Bulletin_2020/table_0193.csv,unclassified,0,,quality_gate_not_passed,review_required,9,8
quarantined_tables/030_Health_Bulletin_2020/table_0194.csv,unclassified,0,,quality_gate_not_passed,review_required,12,5
quarantined_tables/030_Health_Bulletin_2020/table_0195.csv,unclassified,0,,quality_gate_not_passed,review_required,14,10
quarantined_tables/030_Health_Bulletin_2020/table_0196.csv,unclassified,0,,quality_gate_not_passed,review_required,3,5
quarantined_tables/030_Health_Bulletin_2020/table_0197.csv,unclassified,0,,quality_gate_not_passed,review_required,7,3
quarantined_tables/030_Health_Bulletin_2020/table_0198.csv,unclassified,0,,quality_gate_not_passed,review_required,14,4
quarantined_tables/030_Health_Bulletin_2020/table_0199.csv,unclassified,0,,quality_gate_not_passed,review_required,4,2
quarantined_tables/030_Health_Bulletin_2020/table_0200.csv,unclassified,0,,quality_gate_not_passed,review_required,5,3
quarantined_tables/030_Health_Bulletin_2020/table_0201.csv,unclassified,0,,quality_gate_not_passed,review_required,17,11
quarantined_tables/030_Health_Bulletin_2020/table_0202.csv,unclassified,0,,quality_gate_not_passed,review_required,8,7
quarantined_tables/030_Health_Bulletin_2020/table_0203.csv,unclassified,0,,quality_gate_not_passed,rejected,0,0
quarantined_tables/030_Health_Bulletin_2020/table_0204.csv,unclassified,0,,quality_gate_not_passed,rejected,1,1
quarantined_tables/030_Health_Bulletin_2020/table_0205.csv,unclassified,0,,quality_gate_not_passed,review_required,19,7
quarantined_tables/030_Health_Bulletin_2020/table_0206.csv,unclassified,0,,quality_gate_not_passed,review_required,7,7
quarantined_tables/030_Health_Bulletin_2020/table_0207.csv,unclassified,0,,quality_gate_not_passed,review_required,12,4
quarantined_tables/030_Health_Bulletin_2020/table_0208.csv,unclassified,0,,quality_gate_not_passed,review_required,9,4
quarantined_tables/030_Health_Bulletin_2020/table_0209.csv,unclassified,0,,quality_gate_not_passed,review_required,7,4
quarantined_tables/030_Health_Bulletin_2020/table_0210.csv,unclassified,0,,quality_gate_not_passed,review_required,10,3
quarantined_tables/030_Health_Bulletin_2020/table_0211.csv,unclassified,0,,quality_gate_not_passed,review_required,13,3
quarantined_tables/030_Health_Bulletin_2020/table_0212.csv,unclassified,0,,quality_gate_not_passed,review_required,4,2
quarantined_tables/030_Health_Bulletin_2020/table_0213.csv,unclassified,0,,quality_gate_not_passed,review_required,7,3
quarantined_tables/030_Health_Bulletin_2020/table_0214.csv,unclassified,0,,quality_gate_not_passed,review_required,5,2
quarantined_tables/030_Health_Bulletin_2020/table_0215.csv,unclassified,0,,quality_gate_not_passed,review_required,6,2
quarantined_tables/031_Health_Bulletin_2019/table_0001.csv,unclassified,0,,quality_gate_not_passed,review_required,2,2
quarantined_tables/031_Health_Bulletin_2019/table_0002.csv,unclassified,0,,quality_gate_not_passed,review_required,2,4
quarantined_tables/031_Health_Bulletin_2019/table_0003.csv,unclassified,0,,quality_gate_not_passed,review_required,2,2
quarantined_tables/031_Health_Bulletin_2019/table_0004.csv,unclassified,0,,quality_gate_not_passed,review_required,2,2
quarantined_tables/031_Health_Bulletin_2019/table_0005.csv,unclassified,0,,quality_gate_not_passed,review_required,10,4
quarantined_tables/031_Health_Bulletin_2019/table_0006.csv,unclassified,0,,quality_gate_not_passed,review_required,10,4
quarantined_tables/031_Health_Bulletin_2019/table_0007.csv,unclassified,0,,quality_gate_not_passed,review_required,10,4
quarantined_tables/031_Health_Bulletin_2019/table_0008.csv,unclassified,0,,quality_gate_not_passed,review_required,10,4
quarantined_tables/031_Health_Bulletin_2019/table_0009.csv,unclassified,0,,quality_gate_not_passed,review_required,10,4
quarantined_tables/031_Health_Bulletin_2019/table_0010.csv,unclassified,0,,quality_gate_not_passed,rejected,0,0
quarantined_tables/031_Health_Bulletin_2019/table_0011.csv,unclassified,0,,quality_gate_not_passed,rejected,0,0
quarantined_tables/031_Health_Bulletin_2019/table_0012.csv,unclassified,0,,quality_gate_not_passed,review_required,10,2
quarantined_tables/031_Health_Bulletin_2019/table_0013.csv,unclassified,0,,quality_gate_not_passed,review_required,4,11
quarantined_tables/031_Health_Bulletin_2019/table_0014.csv,unclassified,0,,quality_gate_not_passed,rejected,0,0
quarantined_tables/031_Health_Bulletin_2019/table_0015.csv,unclassified,0,,quality_gate_not_passed,rejected,0,0
quarantined_tables/031_Health_Bulletin_2019/table_0016.csv,unclassified,0,,quality_gate_not_passed,rejected,0,0
quarantined_tables/031_Health_Bulletin_2019/table_0017.csv,unclassified,0,,quality_gate_not_passed,rejected,0,0
quarantined_tables/031_Health_Bulletin_2019/table_0018.csv,unclassified,0,,quality_gate_not_passed,rejected,0,0
quarantined_tables/031_Health_Bulletin_2019/table_0019.csv,unclassified,0,,quality_gate_not_passed,rejected,0,0
quarantined_tables/031_Health_Bulletin_2019/table_0020.csv,unclassified,0,,quality_gate_not_passed,rejected,0,0
quarantined_tables/031_Health_Bulletin_2019/table_0021.csv,unclassified,0,,quality_gate_not_passed,rejected,0,0
quarantined_tables/031_Health_Bulletin_2019/table_0022.csv,unclassified,0,,quality_gate_not_passed,review_required,5,15
quarantined_tables/031_Health_Bulletin_2019/table_0023.csv,unclassified,0,,quality_gate_not_passed,review_required,2,7
quarantined_tables/031_Health_Bulletin_2019/table_0024.csv,unclassified,0,,quality_gate_not_passed,rejected,1,1
quarantined_tables/031_Health_Bulletin_2019/table_0025.csv,unclassified,0,,quality_gate_not_passed,review_required,2,6
quarantined_tables/031_Health_Bulletin_2019/table_0026.csv,unclassified,0,,quality_gate_not_passed,review_required,2,6
quarantined_tables/031_Health_Bulletin_2019/table_0027.csv,unclassified,0,,quality_gate_not_passed,rejected,2,1
quarantined_tables/031_Health_Bulletin_2019/table_0028.csv,unclassified,0,,quality_gate_not_passed,review_required,5,3
quarantined_tables/031_Health_Bulletin_2019/table_0029.csv,unclassified,0,,quality_gate_not_passed,rejected,0,0
quarantined_tables/031_Health_Bulletin_2019/table_0030.csv,unclassified,0,,quality_gate_not_passed,rejected,0,0
quarantined_tables/031_Health_Bulletin_2019/table_0031.csv,unclassified,0,,quality_gate_not_passed,review_required,3,12
quarantined_tables/031_Health_Bulletin_2019/table_0032.csv,unclassified,0,,quality_gate_not_passed,rejected,0,0
quarantined_tables/031_Health_Bulletin_2019/table_0033.csv,unclassified,0,,quality_gate_not_passed,rejected,0,0
quarantined_tables/031_Health_Bulletin_2019/table_0034.csv,unclassified,0,,quality_gate_not_passed,rejected,0,0
quarantined_tables/031_Health_Bulletin_2019/table_0035.csv,unclassified,0,,quality_gate_not_passed,review_required,15,2
quarantined_tables/031_Health_Bulletin_2019/table_0036.csv,unclassified,0,,quality_gate_not_passed,review_required,2,3
quarantined_tables/031_Health_Bulletin_2019/table_0037.csv,unclassified,0,,quality_gate_not_passed,rejected,0,0
quarantined_tables/031_Health_Bulletin_2019/table_0038.csv,unclassified,0,,quality_gate_not_passed,rejected,0,0
quarantined_tables/031_Health_Bulletin_2019/table_0039.csv,unclassified,0,,quality_gate_not_passed,rejected,0,0
quarantined_tables/031_Health_Bulletin_2019/table_0040.csv,unclassified,0,,quality_gate_not_passed,rejected,0,0
quarantined_tables/031_Health_Bulletin_2019/table_0041.csv,unclassified,0,,quality_gate_not_passed,rejected,0,0
quarantined_tables/031_Health_Bulletin_2019/table_0042.csv,unclassified,0,,quality_gate_not_passed,rejected,0,0
quarantined_tables/031_Health_Bulletin_2019/table_0043.csv,unclassified,0,,quality_gate_not_passed,rejected,0,0
quarantined_tables/031_Health_Bulletin_2019/table_0044.csv,unclassified,0,,quality_gate_not_passed,rejected,0,0
quarantined_tables/031_Health_Bulletin_2019/table_0045.csv,unclassified,0,,quality_gate_not_passed,rejected,0,0
quarantined_tables/031_Health_Bulletin_2019/table_0046.csv,unclassified,0,,quality_gate_not_passed,rejected,0,0
quarantined_tables/031_Health_Bulletin_2019/table_0047.csv,unclassified,0,,quality_gate_not_passed,rejected,0,0
quarantined_tables/031_Health_Bulletin_2019/table_0048.csv,unclassified,0,,quality_gate_not_passed,rejected,0,0
quarantined_tables/031_Health_Bulletin_2019/table_0049.csv,unclassified,0,,quality_gate_not_passed,review_required,2,4
quarantined_tables/031_Health_Bulletin_2019/table_0050.csv,unclassified,0,,quality_gate_not_passed,review_required,2,4
quarantined_tables/031_Health_Bulletin_2019/table_0051.csv,unclassified,0,,quality_gate_not_passed,review_required,2,6
quarantined_tables/031_Health_Bulletin_2019/table_0052.csv,unclassified,0,,quality_gate_not_passed,review_required,2,6
quarantined_tables/031_Health_Bulletin_2019/table_0053.csv,unclassified,0,,quality_gate_not_passed,review_required,2,6
quarantined_tables/031_Health_Bulletin_2019/table_0054.csv,unclassified,0,,quality_gate_not_passed,review_required,2,6
quarantined_tables/031_Health_Bulletin_2019/table_0055.csv,unclassified,0,,quality_gate_not_passed,review_required,2,6
quarantined_tables/031_Health_Bulletin_2019/table_0056.csv,unclassified,0,,quality_gate_not_passed,review_required,2,6
quarantined_tables/031_Health_Bulletin_2019/table_0057.csv,unclassified,0,,quality_gate_not_passed,rejected,1,1
quarantined_tables/031_Health_Bulletin_2019/table_0058.csv,unclassified,0,,quality_gate_not_passed,review_required,2,6
quarantined_tables/031_Health_Bulletin_2019/table_0059.csv,unclassified,0,,quality_gate_not_passed,rejected,0,0
quarantined_tables/031_Health_Bulletin_2019/table_0060.csv,unclassified,0,,quality_gate_not_passed,review_required,2,5
quarantined_tables/031_Health_Bulletin_2019/table_0061.csv,unclassified,0,,quality_gate_not_passed,rejected,0,0
quarantined_tables/031_Health_Bulletin_2019/table_0062.csv,unclassified,0,,quality_gate_not_passed,rejected,0,0
quarantined_tables/031_Health_Bulletin_2019/table_0063.csv,unclassified,0,,quality_gate_not_passed,rejected,0,0
quarantined_tables/031_Health_Bulletin_2019/table_0064.csv,unclassified,0,,quality_gate_not_passed,rejected,0,0
quarantined_tables/031_Health_Bulletin_2019/table_0065.csv,unclassified,0,,quality_gate_not_passed,review_required,2,7
quarantined_tables/031_Health_Bulletin_2019/table_0066.csv,unclassified,0,,quality_gate_not_passed,review_required,4,2
quarantined_tables/031_Health_Bulletin_2019/table_0067.csv,unclassified,0,,quality_gate_not_passed,review_required,5,2
quarantined_tables/031_Health_Bulletin_2019/table_0068.csv,unclassified,0,,quality_gate_not_passed,review_required,5,2
quarantined_tables/031_Health_Bulletin_2019/table_0069.csv,unclassified,0,,quality_gate_not_passed,review_required,10,24
quarantined_tables/031_Health_Bulletin_2019/table_0070.csv,unclassified,0,,quality_gate_not_passed,rejected,0,0
quarantined_tables/031_Health_Bulletin_2019/table_0071.csv,unclassified,0,,quality_gate_not_passed,review_required,8,7
quarantined_tables/031_Health_Bulletin_2019/table_0072.csv,unclassified,0,,quality_gate_not_passed,review_required,5,2
quarantined_tables/032_Health_Bulletin_2018/table_0001.csv,unclassified,0,,quality_gate_not_passed,rejected,0,0
quarantined_tables/032_Health_Bulletin_2018/table_0002.csv,unclassified,0,,quality_gate_not_passed,review_required,13,2
quarantined_tables/032_Health_Bulletin_2018/table_0003.csv,unclassified,0,,quality_gate_not_passed,rejected,1,1
quarantined_tables/032_Health_Bulletin_2018/table_0004.csv,unclassified,0,,quality_gate_not_passed,review_required,5,3
quarantined_tables/032_Health_Bulletin_2018/table_0005.csv,unclassified,0,,quality_gate_not_passed,rejected,1,1
quarantined_tables/032_Health_Bulletin_2018/table_0006.csv,unclassified,0,,quality_gate_not_passed,rejected,1,1
quarantined_tables/032_Health_Bulletin_2018/table_0007.csv,unclassified,0,,quality_gate_not_passed,review_required,15,3
quarantined_tables/032_Health_Bulletin_2018/table_0008.csv,unclassified,0,,quality_gate_not_passed,rejected,1,1
quarantined_tables/032_Health_Bulletin_2018/table_0009.csv,unclassified,0,,quality_gate_not_passed,review_required,11,3
quarantined_tables/032_Health_Bulletin_2018/table_0010.csv,unclassified,0,,quality_gate_not_passed,rejected,1,1
quarantined_tables/032_Health_Bulletin_2018/table_0011.csv,unclassified,0,,quality_gate_not_passed,review_required,13,2
quarantined_tables/032_Health_Bulletin_2018/table_0012.csv,unclassified,0,,quality_gate_not_passed,rejected,1,1
quarantined_tables/032_Health_Bulletin_2018/table_0013.csv,unclassified,0,,quality_gate_not_passed,rejected,1,1
quarantined_tables/032_Health_Bulletin_2018/table_0014.csv,unclassified,0,,quality_gate_not_passed,rejected,1,1
quarantined_tables/032_Health_Bulletin_2018/table_0015.csv,unclassified,0,,quality_gate_not_passed,rejected,1,1
quarantined_tables/032_Health_Bulletin_2018/table_0016.csv,unclassified,0,,quality_gate_not_passed,rejected,1,1
quarantined_tables/032_Health_Bulletin_2018/table_0017.csv,unclassified,0,,quality_gate_not_passed,rejected,1,1
quarantined_tables/032_Health_Bulletin_2018/table_0018.csv,unclassified,0,,quality_gate_not_passed,rejected,1,1
quarantined_tables/032_Health_Bulletin_2018/table_0019.csv,unclassified,0,,quality_gate_not_passed,rejected,1,1
quarantined_tables/032_Health_Bulletin_2018/table_0020.csv,unclassified,0,,quality_gate_not_passed,rejected,1,1
quarantined_tables/032_Health_Bulletin_2018/table_0021.csv,unclassified,0,,quality_gate_not_passed,rejected,1,1
quarantined_tables/032_Health_Bulletin_2018/table_0022.csv,unclassified,0,,quality_gate_not_passed,rejected,1,1
quarantined_tables/032_Health_Bulletin_2018/table_0023.csv,unclassified,0,,quality_gate_not_passed,rejected,1,1
quarantined_tables/032_Health_Bulletin_2018/table_0024.csv,unclassified,0,,quality_gate_not_passed,rejected,1,1
quarantined_tables/032_Health_Bulletin_2018/table_0025.csv,unclassified,0,,quality_gate_not_passed,rejected,1,1
quarantined_tables/032_Health_Bulletin_2018/table_0026.csv,unclassified,0,,quality_gate_not_passed,review_required,2,13
quarantined_tables/032_Health_Bulletin_2018/table_0027.csv,unclassified,0,,quality_gate_not_passed,review_required,2,13
quarantined_tables/032_Health_Bulletin_2018/table_0028.csv,unclassified,0,,quality_gate_not_passed,rejected,1,1
quarantined_tables/032_Health_Bulletin_2018/table_0029.csv,unclassified,0,,quality_gate_not_passed,rejected,1,1
quarantined_tables/032_Health_Bulletin_2018/table_0030.csv,unclassified,0,,quality_gate_not_passed,rejected,1,1
quarantined_tables/032_Health_Bulletin_2018/table_0031.csv,unclassified,0,,quality_gate_not_passed,rejected,1,1
quarantined_tables/032_Health_Bulletin_2018/table_0032.csv,unclassified,0,,quality_gate_not_passed,rejected,1,1
quarantined_tables/032_Health_Bulletin_2018/table_0033.csv,unclassified,0,,quality_gate_not_passed,rejected,1,1
quarantined_tables/032_Health_Bulletin_2018/table_0034.csv,unclassified,0,,quality_gate_not_passed,review_required,13,2
quarantined_tables/032_Health_Bulletin_2018/table_0035.csv,unclassified,0,,quality_gate_not_passed,rejected,1,1
quarantined_tables/032_Health_Bulletin_2018/table_0036.csv,unclassified,0,,quality_gate_not_passed,rejected,1,1
quarantined_tables/032_Health_Bulletin_2018/table_0037.csv,unclassified,0,,quality_gate_not_passed,rejected,1,1
quarantined_tables/032_Health_Bulletin_2018/table_0038.csv,unclassified,0,,quality_gate_not_passed,review_required,9,3
quarantined_tables/032_Health_Bulletin_2018/table_0039.csv,unclassified,0,,quality_gate_not_passed,rejected,1,1
quarantined_tables/032_Health_Bulletin_2018/table_0040.csv,unclassified,0,,quality_gate_not_passed,review_required,7,3
quarantined_tables/032_Health_Bulletin_2018/table_0041.csv,unclassified,0,,quality_gate_not_passed,rejected,1,1
quarantined_tables/032_Health_Bulletin_2018/table_0042.csv,unclassified,0,,quality_gate_not_passed,rejected,1,1
quarantined_tables/032_Health_Bulletin_2018/table_0043.csv,unclassified,0,,quality_gate_not_passed,rejected,1,1
quarantined_tables/032_Health_Bulletin_2018/table_0044.csv,unclassified,0,,quality_gate_not_passed,rejected,0,0
quarantined_tables/032_Health_Bulletin_2018/table_0045.csv,unclassified,0,,quality_gate_not_passed,review_required,2,5
quarantined_tables/032_Health_Bulletin_2018/table_0046.csv,unclassified,0,,quality_gate_not_passed,rejected,1,1
quarantined_tables/032_Health_Bulletin_2018/table_0047.csv,unclassified,0,,quality_gate_not_passed,review_required,16,5
quarantined_tables/032_Health_Bulletin_2018/table_0048.csv,unclassified,0,,quality_gate_not_passed,rejected,1,1
quarantined_tables/032_Health_Bulletin_2018/table_0049.csv,unclassified,0,,quality_gate_not_passed,review_required,10,5
quarantined_tables/032_Health_Bulletin_2018/table_0050.csv,unclassified,0,,quality_gate_not_passed,rejected,1,1
quarantined_tables/032_Health_Bulletin_2018/table_0051.csv,unclassified,0,,quality_gate_not_passed,review_required,10,6
quarantined_tables/032_Health_Bulletin_2018/table_0052.csv,unclassified,0,,quality_gate_not_passed,rejected,1,1
quarantined_tables/032_Health_Bulletin_2018/table_0053.csv,unclassified,0,,quality_gate_not_passed,rejected,1,1
quarantined_tables/032_Health_Bulletin_2018/table_0054.csv,unclassified,0,,quality_gate_not_passed,review_required,3,3
quarantined_tables/032_Health_Bulletin_2018/table_0055.csv,unclassified,0,,quality_gate_not_passed,rejected,1,1
quarantined_tables/032_Health_Bulletin_2018/table_0056.csv,unclassified,0,,quality_gate_not_passed,review_required,13,2
quarantined_tables/032_Health_Bulletin_2018/table_0057.csv,unclassified,0,,quality_gate_not_passed,rejected,1,1
quarantined_tables/032_Health_Bulletin_2018/table_0058.csv,unclassified,0,,quality_gate_not_passed,review_required,9,8
quarantined_tables/032_Health_Bulletin_2018/table_0059.csv,unclassified,0,,quality_gate_not_passed,review_required,4,3
quarantined_tables/032_Health_Bulletin_2018/table_0060.csv,unclassified,0,,quality_gate_not_passed,review_required,2,12
quarantined_tables/032_Health_Bulletin_2018/table_0061.csv,unclassified,0,,quality_gate_not_passed,review_required,3,9
quarantined_tables/032_Health_Bulletin_2018/table_0062.csv,unclassified,0,,quality_gate_not_passed,review_required,4,11
quarantined_tables/032_Health_Bulletin_2018/table_0063.csv,unclassified,0,,quality_gate_not_passed,review_required,14,5
quarantined_tables/032_Health_Bulletin_2018/table_0064.csv,unclassified,0,,quality_gate_not_passed,review_required,5,5
quarantined_tables/032_Health_Bulletin_2018/table_0065.csv,unclassified,0,,quality_gate_not_passed,review_required,21,4
quarantined_tables/032_Health_Bulletin_2018/table_0066.csv,unclassified,0,,quality_gate_not_passed,review_required,23,5
quarantined_tables/032_Health_Bulletin_2018/table_0067.csv,unclassified,0,,quality_gate_not_passed,review_required,10,2
quarantined_tables/032_Health_Bulletin_2018/table_0068.csv,unclassified,0,,quality_gate_not_passed,review_required,11,2
quarantined_tables/032_Health_Bulletin_2018/table_0069.csv,unclassified,0,,quality_gate_not_passed,review_required,2,5
quarantined_tables/032_Health_Bulletin_2018/table_0070.csv,unclassified,0,,quality_gate_not_passed,review_required,3,5
quarantined_tables/032_Health_Bulletin_2018/table_0071.csv,unclassified,0,,quality_gate_not_passed,review_required,4,5
quarantined_tables/032_Health_Bulletin_2018/table_0072.csv,unclassified,0,,quality_gate_not_passed,review_required,3,4
quarantined_tables/032_Health_Bulletin_2018/table_0073.csv,unclassified,0,,quality_gate_not_passed,review_required,4,4
quarantined_tables/032_Health_Bulletin_2018/table_0074.csv,unclassified,0,,quality_gate_not_passed,review_required,2,4
quarantined_tables/032_Health_Bulletin_2018/table_0075.csv,unclassified,0,,quality_gate_not_passed,rejected,0,0
quarantined_tables/032_Health_Bulletin_2018/table_0076.csv,unclassified,0,,quality_gate_not_passed,review_required,5,3
quarantined_tables/032_Health_Bulletin_2018/table_0077.csv,unclassified,0,,quality_gate_not_passed,review_required,7,3
quarantined_tables/032_Health_Bulletin_2018/table_0078.csv,unclassified,0,,quality_gate_not_passed,review_required,5,3
quarantined_tables/032_Health_Bulletin_2018/table_0079.csv,unclassified,0,,quality_gate_not_passed,rejected,0,0
quarantined_tables/032_Health_Bulletin_2018/table_0080.csv,unclassified,0,,quality_gate_not_passed,review_required,6,2
quarantined_tables/032_Health_Bulletin_2018/table_0081.csv,unclassified,0,,quality_gate_not_passed,review_required,3,3
quarantined_tables/032_Health_Bulletin_2018/table_0082.csv,unclassified,0,,quality_gate_not_passed,rejected,0,0
quarantined_tables/032_Health_Bulletin_2018/table_0083.csv,unclassified,0,,quality_gate_not_passed,review_required,2,2
quarantined_tables/032_Health_Bulletin_2018/table_0084.csv,unclassified,0,,quality_gate_not_passed,rejected,2,1
quarantined_tables/032_Health_Bulletin_2018/table_0085.csv,unclassified,0,,quality_gate_not_passed,rejected,0,0
quarantined_tables/032_Health_Bulletin_2018/table_0086.csv,unclassified,0,,quality_gate_not_passed,review_required,14,4
quarantined_tables/032_Health_Bulletin_2018/table_0087.csv,unclassified,0,,quality_gate_not_passed,review_required,7,4
quarantined_tables/032_Health_Bulletin_2018/table_0088.csv,unclassified,0,,quality_gate_not_passed,review_required,17,5
quarantined_tables/032_Health_Bulletin_2018/table_0089.csv,unclassified,0,,quality_gate_not_passed,review_required,7,5
quarantined_tables/032_Health_Bulletin_2018/table_0090.csv,unclassified,0,,quality_gate_not_passed,review_required,4,5
quarantined_tables/032_Health_Bulletin_2018/table_0091.csv,unclassified,0,,quality_gate_not_passed,review_required,3,5
quarantined_tables/032_Health_Bulletin_2018/table_0092.csv,unclassified,0,,quality_gate_not_passed,review_required,2,4
quarantined_tables/032_Health_Bulletin_2018/table_0093.csv,unclassified,0,,quality_gate_not_passed,review_required,3,5
quarantined_tables/032_Health_Bulletin_2018/table_0094.csv,unclassified,0,,quality_gate_not_passed,review_required,5,3
quarantined_tables/032_Health_Bulletin_2018/table_0095.csv,unclassified,0,,quality_gate_not_passed,review_required,4,3
quarantined_tables/032_Health_Bulletin_2018/table_0096.csv,unclassified,0,,quality_gate_not_passed,review_required,7,2
quarantined_tables/032_Health_Bulletin_2018/table_0097.csv,unclassified,0,,quality_gate_not_passed,review_required,9,5
quarantined_tables/032_Health_Bulletin_2018/table_0098.csv,unclassified,0,,quality_gate_not_passed,review_required,9,5
quarantined_tables/032_Health_Bulletin_2018/table_0099.csv,unclassified,0,,quality_gate_not_passed,review_required,13,2
quarantined_tables/032_Health_Bulletin_2018/table_0100.csv,unclassified,0,,quality_gate_not_passed,rejected,1,1
quarantined_tables/032_Health_Bulletin_2018/table_0101.csv,unclassified,0,,quality_gate_not_passed,review_required,19,2
quarantined_tables/032_Health_Bulletin_2018/table_0102.csv,unclassified,0,,quality_gate_not_passed,rejected,1,1
quarantined_tables/032_Health_Bulletin_2018/table_0103.csv,unclassified,0,,quality_gate_not_passed,rejected,1,1
quarantined_tables/032_Health_Bulletin_2018/table_0104.csv,unclassified,0,,quality_gate_not_passed,rejected,1,1
quarantined_tables/032_Health_Bulletin_2018/table_0105.csv,unclassified,0,,quality_gate_not_passed,review_required,13,4
quarantined_tables/032_Health_Bulletin_2018/table_0106.csv,unclassified,0,,quality_gate_not_passed,rejected,1,1
quarantined_tables/032_Health_Bulletin_2018/table_0107.csv,unclassified,0,,quality_gate_not_passed,review_required,17,4
quarantined_tables/032_Health_Bulletin_2018/table_0108.csv,unclassified,0,,quality_gate_not_passed,rejected,1,1
quarantined_tables/032_Health_Bulletin_2018/table_0109.csv,unclassified,0,,quality_gate_not_passed,review_required,12,2
quarantined_tables/032_Health_Bulletin_2018/table_0110.csv,unclassified,0,,quality_gate_not_passed,rejected,1,1
quarantined_tables/032_Health_Bulletin_2018/table_0111.csv,unclassified,0,,quality_gate_not_passed,review_required,14,2
quarantined_tables/032_Health_Bulletin_2018/table_0112.csv,unclassified,0,,quality_gate_not_passed,review_required,16,2
quarantined_tables/032_Health_Bulletin_2018/table_0113.csv,unclassified,0,,quality_gate_not_passed,review_required,15,2
quarantined_tables/032_Health_Bulletin_2018/table_0114.csv,unclassified,0,,quality_gate_not_passed,rejected,1,1
quarantined_tables/032_Health_Bulletin_2018/table_0115.csv,unclassified,0,,quality_gate_not_passed,rejected,1,1
quarantined_tables/032_Health_Bulletin_2018/table_0116.csv,unclassified,0,,quality_gate_not_passed,review_required,15,2
quarantined_tables/032_Health_Bulletin_2018/table_0117.csv,unclassified,0,,quality_gate_not_passed,review_required,16,2
quarantined_tables/032_Health_Bulletin_2018/table_0118.csv,unclassified,0,,quality_gate_not_passed,rejected,1,1
quarantined_tables/032_Health_Bulletin_2018/table_0119.csv,unclassified,0,,quality_gate_not_passed,rejected,0,0
quarantined_tables/032_Health_Bulletin_2018/table_0120.csv,unclassified,0,,quality_gate_not_passed,rejected,0,0
quarantined_tables/032_Health_Bulletin_2018/table_0121.csv,unclassified,0,,quality_gate_not_passed,review_required,12,7
quarantined_tables/032_Health_Bulletin_2018/table_0122.csv,unclassified,0,,quality_gate_not_passed,rejected,0,0
quarantined_tables/032_Health_Bulletin_2018/table_0123.csv,unclassified,0,,quality_gate_not_passed,rejected,0,0
quarantined_tables/032_Health_Bulletin_2018/table_0124.csv,unclassified,0,,quality_gate_not_passed,review_required,16,2
quarantined_tables/032_Health_Bulletin_2018/table_0125.csv,unclassified,0,,quality_gate_not_passed,review_required,14,2
quarantined_tables/032_Health_Bulletin_2018/table_0126.csv,unclassified,0,,quality_gate_not_passed,rejected,1,1
quarantined_tables/032_Health_Bulletin_2018/table_0127.csv,unclassified,0,,quality_gate_not_passed,rejected,1,1
quarantined_tables/032_Health_Bulletin_2018/table_0128.csv,unclassified,0,,quality_gate_not_passed,rejected,1,1
quarantined_tables/032_Health_Bulletin_2018/table_0129.csv,unclassified,0,,quality_gate_not_passed,review_required,16,3
quarantined_tables/032_Health_Bulletin_2018/table_0130.csv,unclassified,0,,quality_gate_not_passed,review_required,14,3
quarantined_tables/032_Health_Bulletin_2018/table_0131.csv,unclassified,0,,quality_gate_not_passed,rejected,1,1
quarantined_tables/032_Health_Bulletin_2018/table_0132.csv,unclassified,0,,quality_gate_not_passed,rejected,1,1
quarantined_tables/032_Health_Bulletin_2018/table_0133.csv,unclassified,0,,quality_gate_not_passed,review_required,8,3
quarantined_tables/032_Health_Bulletin_2018/table_0134.csv,unclassified,0,,quality_gate_not_passed,review_required,16,3
quarantined_tables/032_Health_Bulletin_2018/table_0135.csv,unclassified,0,,quality_gate_not_passed,rejected,1,1
quarantined_tables/032_Health_Bulletin_2018/table_0136.csv,unclassified,0,,quality_gate_not_passed,review_required,32,3
quarantined_tables/032_Health_Bulletin_2018/table_0137.csv,unclassified,0,,quality_gate_not_passed,review_required,31,3
quarantined_tables/032_Health_Bulletin_2018/table_0138.csv,unclassified,0,,quality_gate_not_passed,rejected,1,1
quarantined_tables/032_Health_Bulletin_2018/table_0139.csv,unclassified,0,,quality_gate_not_passed,review_required,6,5
quarantined_tables/032_Health_Bulletin_2018/table_0140.csv,unclassified,0,,quality_gate_not_passed,review_required,3,5
quarantined_tables/032_Health_Bulletin_2018/table_0141.csv,unclassified,0,,quality_gate_not_passed,review_required,3,5
quarantined_tables/032_Health_Bulletin_2018/table_0142.csv,unclassified,0,,quality_gate_not_passed,review_required,6,5
quarantined_tables/032_Health_Bulletin_2018/table_0143.csv,unclassified,0,,quality_gate_not_passed,rejected,1,1
quarantined_tables/032_Health_Bulletin_2018/table_0144.csv,unclassified,0,,quality_gate_not_passed,review_required,3,5
quarantined_tables/032_Health_Bulletin_2018/table_0145.csv,unclassified,0,,quality_gate_not_passed,review_required,3,5
quarantined_tables/032_Health_Bulletin_2018/table_0146.csv,unclassified,0,,quality_gate_not_passed,review_required,12,4
quarantined_tables/032_Health_Bulletin_2018/table_0147.csv,unclassified,0,,quality_gate_not_passed,rejected,1,1
quarantined_tables/032_Health_Bulletin_2018/table_0148.csv,unclassified,0,,quality_gate_not_passed,review_required,12,4
quarantined_tables/032_Health_Bulletin_2018/table_0149.csv,unclassified,0,,quality_gate_not_passed,review_required,12,2
quarantined_tables/032_Health_Bulletin_2018/table_0150.csv,unclassified,0,,quality_gate_not_passed,review_required,12,2
quarantined_tables/032_Health_Bulletin_2018/table_0151.csv,unclassified,0,,quality_gate_not_passed,rejected,1,1
quarantined_tables/032_Health_Bulletin_2018/table_0152.csv,unclassified,0,,quality_gate_not_passed,review_required,13,2
quarantined_tables/032_Health_Bulletin_2018/table_0153.csv,unclassified,0,,quality_gate_not_passed,rejected,1,1
quarantined_tables/032_Health_Bulletin_2018/table_0154.csv,unclassified,0,,quality_gate_not_passed,review_required,7,6
quarantined_tables/032_Health_Bulletin_2018/table_0155.csv,unclassified,0,,quality_gate_not_passed,review_required,16,4
quarantined_tables/032_Health_Bulletin_2018/table_0156.csv,unclassified,0,,quality_gate_not_passed,rejected,0,0
quarantined_tables/032_Health_Bulletin_2018/table_0157.csv,unclassified,0,,quality_gate_not_passed,rejected,0,0
quarantined_tables/032_Health_Bulletin_2018/table_0158.csv,unclassified,0,,quality_gate_not_passed,rejected,0,0
quarantined_tables/032_Health_Bulletin_2018/table_0159.csv,unclassified,0,,quality_gate_not_passed,review_required,2,4
quarantined_tables/032_Health_Bulletin_2018/table_0160.csv,unclassified,0,,quality_gate_not_passed,rejected,1,1
quarantined_tables/032_Health_Bulletin_2018/table_0161.csv,unclassified,0,,quality_gate_not_passed,review_required,10,4
quarantined_tables/032_Health_Bulletin_2018/table_0162.csv,unclassified,0,,quality_gate_not_passed,review_required,6,4
quarantined_tables/032_Health_Bulletin_2018/table_0163.csv,unclassified,0,,quality_gate_not_passed,rejected,0,0
quarantined_tables/032_Health_Bulletin_2018/table_0164.csv,unclassified,0,,quality_gate_not_passed,rejected,0,0
quarantined_tables/032_Health_Bulletin_2018/table_0165.csv,unclassified,0,,quality_gate_not_passed,rejected,0,0
quarantined_tables/032_Health_Bulletin_2018/table_0166.csv,unclassified,0,,quality_gate_not_passed,rejected,0,0
quarantined_tables/032_Health_Bulletin_2018/table_0167.csv,unclassified,0,,quality_gate_not_passed,rejected,1,1
quarantined_tables/032_Health_Bulletin_2018/table_0168.csv,unclassified,0,,quality_gate_not_passed,rejected,0,0
quarantined_tables/032_Health_Bulletin_2018/table_0169.csv,unclassified,0,,quality_gate_not_passed,rejected,0,0
quarantined_tables/032_Health_Bulletin_2018/table_0170.csv,unclassified,0,,quality_gate_not_passed,review_required,11,7
quarantined_tables/032_Health_Bulletin_2018/table_0171.csv,unclassified,0,,quality_gate_not_passed,rejected,1,1
quarantined_tables/032_Health_Bulletin_2018/table_0172.csv,unclassified,0,,quality_gate_not_passed,review_required,23,7
quarantined_tables/032_Health_Bulletin_2018/table_0173.csv,unclassified,0,,quality_gate_not_passed,rejected,1,1
quarantined_tables/032_Health_Bulletin_2018/table_0174.csv,unclassified,0,,quality_gate_not_passed,review_required,9,2
quarantined_tables/032_Health_Bulletin_2018/table_0175.csv,unclassified,0,,quality_gate_not_passed,review_required,4,5
quarantined_tables/032_Health_Bulletin_2018/table_0176.csv,unclassified,0,,quality_gate_not_passed,rejected,1,1
quarantined_tables/032_Health_Bulletin_2018/table_0177.csv,unclassified,0,,quality_gate_not_passed,rejected,1,1
quarantined_tables/032_Health_Bulletin_2018/table_0178.csv,unclassified,0,,quality_gate_not_passed,review_required,13,2
quarantined_tables/032_Health_Bulletin_2018/table_0179.csv,unclassified,0,,quality_gate_not_passed,rejected,1,1
quarantined_tables/032_Health_Bulletin_2018/table_0180.csv,unclassified,0,,quality_gate_not_passed,rejected,1,1
quarantined_tables/032_Health_Bulletin_2018/table_0181.csv,unclassified,0,,quality_gate_not_passed,review_required,4,2
quarantined_tables/032_Health_Bulletin_2018/table_0182.csv,unclassified,0,,quality_gate_not_passed,review_required,5,3
quarantined_tables/032_Health_Bulletin_2018/table_0183.csv,unclassified,0,,quality_gate_not_passed,review_required,6,2
quarantined_tables/032_Health_Bulletin_2018/table_0184.csv,unclassified,0,,quality_gate_not_passed,rejected,1,1
quarantined_tables/032_Health_Bulletin_2018/table_0185.csv,unclassified,0,,quality_gate_not_passed,review_required,14,4
quarantined_tables/032_Health_Bulletin_2018/table_0186.csv,unclassified,0,,quality_gate_not_passed,review_required,4,3
quarantined_tables/032_Health_Bulletin_2018/table_0187.csv,unclassified,0,,quality_gate_not_passed,review_required,5,9
quarantined_tables/032_Health_Bulletin_2018/table_0188.csv,unclassified,0,,quality_gate_not_passed,review_required,3,3
quarantined_tables/032_Health_Bulletin_2018/table_0189.csv,unclassified,0,,quality_gate_not_passed,review_required,3,2
quarantined_tables/032_Health_Bulletin_2018/table_0190.csv,unclassified,0,,quality_gate_not_passed,review_required,3,3
quarantined_tables/032_Health_Bulletin_2018/table_0191.csv,unclassified,0,,quality_gate_not_passed,review_required,5,2
quarantined_tables/032_Health_Bulletin_2018/table_0192.csv,unclassified,0,,quality_gate_not_passed,review_required,5,3
quarantined_tables/032_Health_Bulletin_2018/table_0193.csv,unclassified,0,,quality_gate_not_passed,review_required,13,5
quarantined_tables/032_Health_Bulletin_2018/table_0194.csv,unclassified,0,,quality_gate_not_passed,review_required,13,2
quarantined_tables/032_Health_Bulletin_2018/table_0195.csv,unclassified,0,,quality_gate_not_passed,rejected,1,1
quarantined_tables/032_Health_Bulletin_2018/table_0196.csv,unclassified,0,,quality_gate_not_passed,rejected,0,0
quarantined_tables/032_Health_Bulletin_2018/table_0197.csv,unclassified,0,,quality_gate_not_passed,rejected,1,1
quarantined_tables/032_Health_Bulletin_2018/table_0198.csv,unclassified,0,,quality_gate_not_passed,rejected,1,1
quarantined_tables/032_Health_Bulletin_2018/table_0199.csv,unclassified,0,,quality_gate_not_passed,rejected,1,1
quarantined_tables/032_Health_Bulletin_2018/table_0200.csv,unclassified,0,,quality_gate_not_passed,rejected,1,1
quarantined_tables/032_Health_Bulletin_2018/table_0201.csv,unclassified,0,,quality_gate_not_passed,rejected,0,0
quarantined_tables/032_Health_Bulletin_2018/table_0202.csv,unclassified,0,,quality_gate_not_passed,rejected,1,1
quarantined_tables/032_Health_Bulletin_2018/table_0203.csv,unclassified,0,,quality_gate_not_passed,rejected,0,0
quarantined_tables/032_Health_Bulletin_2018/table_0204.csv,unclassified,0,,quality_gate_not_passed,rejected,0,0
quarantined_tables/032_Health_Bulletin_2018/table_0205.csv,unclassified,0,,quality_gate_not_passed,rejected,0,0
quarantined_tables/032_Health_Bulletin_2018/table_0206.csv,unclassified,0,,quality_gate_not_passed,rejected,0,0
quarantined_tables/032_Health_Bulletin_2018/table_0207.csv,unclassified,0,,quality_gate_not_passed,rejected,1,1
quarantined_tables/032_Health_Bulletin_2018/table_0208.csv,unclassified,0,,quality_gate_not_passed,rejected,0,0
quarantined_tables/032_Health_Bulletin_2018/table_0209.csv,unclassified,0,,quality_gate_not_passed,rejected,0,0
quarantined_tables/032_Health_Bulletin_2018/table_0210.csv,unclassified,0,,quality_gate_not_passed,rejected,0,0
quarantined_tables/032_Health_Bulletin_2018/table_0211.csv,unclassified,0,,quality_gate_not_passed,rejected,1,1
quarantined_tables/032_Health_Bulletin_2018/table_0212.csv,unclassified,0,,quality_gate_not_passed,rejected,0,0
quarantined_tables/032_Health_Bulletin_2018/table_0213.csv,unclassified,0,,quality_gate_not_passed,rejected,0,0
quarantined_tables/032_Health_Bulletin_2018/table_0214.csv,unclassified,0,,quality_gate_not_passed,rejected,1,1
quarantined_tables/032_Health_Bulletin_2018/table_0215.csv,unclassified,0,,quality_gate_not_passed,rejected,0,0
quarantined_tables/032_Health_Bulletin_2018/table_0216.csv,unclassified,0,,quality_gate_not_passed,rejected,1,1
quarantined_tables/032_Health_Bulletin_2018/table_0217.csv,unclassified,0,,quality_gate_not_passed,rejected,1,1
quarantined_tables/032_Health_Bulletin_2018/table_0218.csv,unclassified,0,,quality_gate_not_passed,review_required,11,5
quarantined_tables/032_Health_Bulletin_2018/table_0219.csv,unclassified,0,,quality_gate_not_passed,rejected,1,1
quarantined_tables/032_Health_Bulletin_2018/table_0220.csv,unclassified,0,,quality_gate_not_passed,review_required,4,3
quarantined_tables/032_Health_Bulletin_2018/table_0221.csv,unclassified,0,,quality_gate_not_passed,rejected,1,1
quarantined_tables/032_Health_Bulletin_2018/table_0222.csv,unclassified,0,,quality_gate_not_passed,rejected,1,1
quarantined_tables/032_Health_Bulletin_2018/table_0223.csv,unclassified,0,,quality_gate_not_passed,review_required,13,2
quarantined_tables/032_Health_Bulletin_2018/table_0224.csv,unclassified,0,,quality_gate_not_passed,rejected,1,1
quarantined_tables/032_Health_Bulletin_2018/table_0225.csv,unclassified,0,,quality_gate_not_passed,rejected,1,1
quarantined_tables/032_Health_Bulletin_2018/table_0226.csv,unclassified,0,,quality_gate_not_passed,rejected,1,1
quarantined_tables/032_Health_Bulletin_2018/table_0227.csv,unclassified,0,,quality_gate_not_passed,review_required,13,2
quarantined_tables/032_Health_Bulletin_2018/table_0228.csv,unclassified,0,,quality_gate_not_passed,rejected,1,1
quarantined_tables/032_Health_Bulletin_2018/table_0229.csv,unclassified,0,,quality_gate_not_passed,rejected,0,0
quarantined_tables/032_Health_Bulletin_2018/table_0230.csv,unclassified,0,,quality_gate_not_passed,rejected,0,0
quarantined_tables/032_Health_Bulletin_2018/table_0231.csv,unclassified,0,,quality_gate_not_passed,rejected,0,0
quarantined_tables/032_Health_Bulletin_2018/table_0232.csv,unclassified,0,,quality_gate_not_passed,review_required,8,5
quarantined_tables/032_Health_Bulletin_2018/table_0233.csv,unclassified,0,,quality_gate_not_passed,rejected,1,1
quarantined_tables/032_Health_Bulletin_2018/table_0234.csv,unclassified,0,,quality_gate_not_passed,review_required,11,5
quarantined_tables/032_Health_Bulletin_2018/table_0235.csv,unclassified,0,,quality_gate_not_passed,rejected,0,0
quarantined_tables/032_Health_Bulletin_2018/table_0236.csv,unclassified,0,,quality_gate_not_passed,rejected,0,0
quarantined_tables/032_Health_Bulletin_2018/table_0237.csv,unclassified,0,,quality_gate_not_passed,rejected,0,0
quarantined_tables/032_Health_Bulletin_2018/table_0238.csv,unclassified,0,,quality_gate_not_passed,rejected,1,1
quarantined_tables/032_Health_Bulletin_2018/table_0239.csv,unclassified,0,,quality_gate_not_passed,rejected,0,0
quarantined_tables/032_Health_Bulletin_2018/table_0240.csv,unclassified,0,,quality_gate_not_passed,rejected,0,0
quarantined_tables/032_Health_Bulletin_2018/table_0241.csv,unclassified,0,,quality_gate_not_passed,review_required,7,5
quarantined_tables/032_Health_Bulletin_2018/table_0242.csv,unclassified,0,,quality_gate_not_passed,rejected,1,1
quarantined_tables/032_Health_Bulletin_2018/table_0243.csv,unclassified,0,,quality_gate_not_passed,review_required,21,6
quarantined_tables/032_Health_Bulletin_2018/table_0244.csv,unclassified,0,,quality_gate_not_passed,review_required,16,4
quarantined_tables/032_Health_Bulletin_2018/table_0245.csv,unclassified,0,,quality_gate_not_passed,rejected,1,1
quarantined_tables/032_Health_Bulletin_2018/table_0246.csv,unclassified,0,,quality_gate_not_passed,review_required,13,3
quarantined_tables/032_Health_Bulletin_2018/table_0247.csv,unclassified,0,,quality_gate_not_passed,review_required,13,2
quarantined_tables/032_Health_Bulletin_2018/table_0248.csv,unclassified,0,,quality_gate_not_passed,review_required,8,2
quarantined_tables/032_Health_Bulletin_2018/table_0249.csv,unclassified,0,,quality_gate_not_passed,rejected,1,1
quarantined_tables/032_Health_Bulletin_2018/table_0250.csv,unclassified,0,,quality_gate_not_passed,review_required,6,2
quarantined_tables/032_Health_Bulletin_2018/table_0251.csv,unclassified,0,,quality_gate_not_passed,review_required,5,4
quarantined_tables/032_Health_Bulletin_2018/table_0252.csv,unclassified,0,,quality_gate_not_passed,review_required,4,2
quarantined_tables/032_Health_Bulletin_2018/table_0253.csv,unclassified,0,,quality_gate_not_passed,review_required,5,2
quarantined_tables/032_Health_Bulletin_2018/table_0254.csv,unclassified,0,,quality_gate_not_passed,review_required,5,2
quarantined_tables/032_Health_Bulletin_2018/table_0255.csv,unclassified,0,,quality_gate_not_passed,review_required,4,2
quarantined_tables/032_Health_Bulletin_2018/table_0256.csv,unclassified,0,,quality_gate_not_passed,rejected,1,1
quarantined_tables/032_Health_Bulletin_2018/table_0257.csv,unclassified,0,,quality_gate_not_passed,review_required,4,3
quarantined_tables/032_Health_Bulletin_2018/table_0258.csv,unclassified,0,,quality_gate_not_passed,review_required,11,9
quarantined_tables/032_Health_Bulletin_2018/table_0259.csv,unclassified,0,,quality_gate_not_passed,review_required,6,2
quarantined_tables/032_Health_Bulletin_2018/table_0260.csv,unclassified,0,,quality_gate_not_passed,review_required,6,2
quarantined_tables/032_Health_Bulletin_2018/table_0261.csv,unclassified,0,,quality_gate_not_passed,rejected,1,1
quarantined_tables/032_Health_Bulletin_2018/table_0262.csv,unclassified,0,,quality_gate_not_passed,review_required,12,2
quarantined_tables/032_Health_Bulletin_2018/table_0263.csv,unclassified,0,,quality_gate_not_passed,review_required,9,2
quarantined_tables/032_Health_Bulletin_2018/table_0264.csv,unclassified,0,,quality_gate_not_passed,review_required,13,2
quarantined_tables/032_Health_Bulletin_2018/table_0265.csv,unclassified,0,,quality_gate_not_passed,review_required,9,2
quarantined_tables/032_Health_Bulletin_2018/table_0266.csv,unclassified,0,,quality_gate_not_passed,rejected,1,1
quarantined_tables/032_Health_Bulletin_2018/table_0267.csv,unclassified,0,,quality_gate_not_passed,review_required,5,2
quarantined_tables/032_Health_Bulletin_2018/table_0268.csv,unclassified,0,,quality_gate_not_passed,review_required,4,2
quarantined_tables/032_Health_Bulletin_2018/table_0269.csv,unclassified,0,,quality_gate_not_passed,review_required,4,3
quarantined_tables/032_Health_Bulletin_2018/table_0270.csv,unclassified,0,,quality_gate_not_passed,review_required,6,2
quarantined_tables/033_Health_Bulletin_2017/table_0001.csv,unclassified,0,,quality_gate_not_passed,review_required,13,7
quarantined_tables/033_Health_Bulletin_2017/table_0002.csv,unclassified,0,,quality_gate_not_passed,review_required,3,2
quarantined_tables/033_Health_Bulletin_2017/table_0003.csv,unclassified,0,,quality_gate_not_passed,review_required,2,5
quarantined_tables/033_Health_Bulletin_2017/table_0004.csv,unclassified,0,,quality_gate_not_passed,review_required,18,2
quarantined_tables/033_Health_Bulletin_2017/table_0005.csv,unclassified,0,,quality_gate_not_passed,review_required,14,2
quarantined_tables/033_Health_Bulletin_2017/table_0006.csv,unclassified,0,,quality_gate_not_passed,review_required,10,5
quarantined_tables/033_Health_Bulletin_2017/table_0007.csv,unclassified,0,,quality_gate_not_passed,review_required,9,5
quarantined_tables/033_Health_Bulletin_2017/table_0008.csv,unclassified,0,,quality_gate_not_passed,review_required,6,5
quarantined_tables/033_Health_Bulletin_2017/table_0009.csv,unclassified,0,,quality_gate_not_passed,review_required,11,5
quarantined_tables/033_Health_Bulletin_2017/table_0010.csv,unclassified,0,,quality_gate_not_passed,review_required,8,5
quarantined_tables/033_Health_Bulletin_2017/table_0011.csv,unclassified,0,,quality_gate_not_passed,review_required,6,5
quarantined_tables/033_Health_Bulletin_2017/table_0012.csv,unclassified,0,,quality_gate_not_passed,review_required,8,5
quarantined_tables/033_Health_Bulletin_2017/table_0013.csv,unclassified,0,,quality_gate_not_passed,review_required,22,5
quarantined_tables/033_Health_Bulletin_2017/table_0014.csv,unclassified,0,,quality_gate_not_passed,review_required,10,3
quarantined_tables/033_Health_Bulletin_2017/table_0015.csv,unclassified,0,,quality_gate_not_passed,review_required,12,9
quarantined_tables/033_Health_Bulletin_2017/table_0016.csv,unclassified,0,,quality_gate_not_passed,rejected,0,0
quarantined_tables/033_Health_Bulletin_2017/table_0017.csv,unclassified,0,,quality_gate_not_passed,review_required,10,2
quarantined_tables/033_Health_Bulletin_2017/table_0018.csv,unclassified,0,,quality_gate_not_passed,review_required,20,2
quarantined_tables/033_Health_Bulletin_2017/table_0019.csv,unclassified,0,,quality_gate_not_passed,review_required,10,2
quarantined_tables/033_Health_Bulletin_2017/table_0020.csv,unclassified,0,,quality_gate_not_passed,review_required,4,10
quarantined_tables/033_Health_Bulletin_2017/table_0021.csv,unclassified,0,,quality_gate_not_passed,review_required,5,12
quarantined_tables/033_Health_Bulletin_2017/table_0022.csv,unclassified,0,,quality_gate_not_passed,rejected,0,0
quarantined_tables/033_Health_Bulletin_2017/table_0023.csv,unclassified,0,,quality_gate_not_passed,review_required,21,3
quarantined_tables/033_Health_Bulletin_2017/table_0024.csv,unclassified,0,,quality_gate_not_passed,review_required,11,6
quarantined_tables/033_Health_Bulletin_2017/table_0025.csv,unclassified,0,,quality_gate_not_passed,review_required,11,6
quarantined_tables/033_Health_Bulletin_2017/table_0026.csv,unclassified,0,,quality_gate_not_passed,review_required,15,3
quarantined_tables/033_Health_Bulletin_2017/table_0027.csv,unclassified,0,,quality_gate_not_passed,review_required,15,4
quarantined_tables/033_Health_Bulletin_2017/table_0028.csv,unclassified,0,,quality_gate_not_passed,rejected,0,0
quarantined_tables/033_Health_Bulletin_2017/table_0029.csv,unclassified,0,,quality_gate_not_passed,rejected,0,0
quarantined_tables/033_Health_Bulletin_2017/table_0030.csv,unclassified,0,,quality_gate_not_passed,rejected,0,0
quarantined_tables/033_Health_Bulletin_2017/table_0031.csv,unclassified,0,,quality_gate_not_passed,rejected,0,0
quarantined_tables/033_Health_Bulletin_2017/table_0032.csv,unclassified,0,,quality_gate_not_passed,review_required,15,8
quarantined_tables/033_Health_Bulletin_2017/table_0033.csv,unclassified,0,,quality_gate_not_passed,rejected,0,0
quarantined_tables/033_Health_Bulletin_2017/table_0034.csv,unclassified,0,,quality_gate_not_passed,rejected,0,0
quarantined_tables/033_Health_Bulletin_2017/table_0035.csv,unclassified,0,,quality_gate_not_passed,rejected,0,0
quarantined_tables/033_Health_Bulletin_2017/table_0036.csv,unclassified,0,,quality_gate_not_passed,review_required,15,8
quarantined_tables/033_Health_Bulletin_2017/table_0037.csv,unclassified,0,,quality_gate_not_passed,rejected,0,0
quarantined_tables/033_Health_Bulletin_2017/table_0038.csv,unclassified,0,,quality_gate_not_passed,rejected,0,0
quarantined_tables/033_Health_Bulletin_2017/table_0039.csv,unclassified,0,,quality_gate_not_passed,rejected,0,0
quarantined_tables/033_Health_Bulletin_2017/table_0040.csv,unclassified,0,,quality_gate_not_passed,review_required,4,11
quarantined_tables/033_Health_Bulletin_2017/table_0041.csv,unclassified,0,,quality_gate_not_passed,rejected,0,0
quarantined_tables/033_Health_Bulletin_2017/table_0042.csv,unclassified,0,,quality_gate_not_passed,rejected,0,0
quarantined_tables/033_Health_Bulletin_2017/table_0043.csv,unclassified,0,,quality_gate_not_passed,review_required,8,3
quarantined_tables/033_Health_Bulletin_2017/table_0044.csv,unclassified,0,,quality_gate_not_passed,review_required,8,5
quarantined_tables/033_Health_Bulletin_2017/table_0045.csv,unclassified,0,,quality_gate_not_passed,review_required,8,6
quarantined_tables/033_Health_Bulletin_2017/table_0046.csv,unclassified,0,,quality_gate_not_passed,review_required,9,9
quarantined_tables/033_Health_Bulletin_2017/table_0047.csv,unclassified,0,,quality_gate_not_passed,rejected,0,0
quarantined_tables/033_Health_Bulletin_2017/table_0048.csv,unclassified,0,,quality_gate_not_passed,rejected,0,0
quarantined_tables/033_Health_Bulletin_2017/table_0049.csv,unclassified,0,,quality_gate_not_passed,rejected,0,0
quarantined_tables/033_Health_Bulletin_2017/table_0050.csv,unclassified,0,,quality_gate_not_passed,review_required,20,6
quarantined_tables/033_Health_Bulletin_2017/table_0051.csv,unclassified,0,,quality_gate_not_passed,review_required,11,14
quarantined_tables/033_Health_Bulletin_2017/table_0052.csv,unclassified,0,,quality_gate_not_passed,review_required,7,5
quarantined_tables/033_Health_Bulletin_2017/table_0053.csv,unclassified,0,,quality_gate_not_passed,review_required,14,7
quarantined_tables/033_Health_Bulletin_2017/table_0054.csv,unclassified,0,,quality_gate_not_passed,review_required,21,7
quarantined_tables/033_Health_Bulletin_2017/table_0055.csv,unclassified,0,,quality_gate_not_passed,review_required,12,7
quarantined_tables/033_Health_Bulletin_2017/table_0056.csv,unclassified,0,,quality_gate_not_passed,review_required,18,6
quarantined_tables/033_Health_Bulletin_2017/table_0057.csv,unclassified,0,,quality_gate_not_passed,review_required,22,7
quarantined_tables/033_Health_Bulletin_2017/table_0058.csv,unclassified,0,,quality_gate_not_passed,review_required,6,3
quarantined_tables/033_Health_Bulletin_2017/table_0059.csv,unclassified,0,,quality_gate_not_passed,review_required,7,3
quarantined_tables/033_Health_Bulletin_2017/table_0060.csv,unclassified,0,,quality_gate_not_passed,review_required,6,3
quarantined_tables/033_Health_Bulletin_2017/table_0061.csv,unclassified,0,,quality_gate_not_passed,review_required,5,3
quarantined_tables/033_Health_Bulletin_2017/table_0062.csv,unclassified,0,,quality_gate_not_passed,review_required,9,8
quarantined_tables/033_Health_Bulletin_2017/table_0063.csv,unclassified,0,,quality_gate_not_passed,review_required,15,4
quarantined_tables/033_Health_Bulletin_2017/table_0064.csv,unclassified,0,,quality_gate_not_passed,review_required,16,4
quarantined_tables/033_Health_Bulletin_2017/table_0065.csv,unclassified,0,,quality_gate_not_passed,review_required,6,9
quarantined_tables/033_Health_Bulletin_2017/table_0066.csv,unclassified,0,,quality_gate_not_passed,review_required,47,4
quarantined_tables/033_Health_Bulletin_2017/table_0067.csv,unclassified,0,,quality_gate_not_passed,review_required,2,2
quarantined_tables/033_Health_Bulletin_2017/table_0068.csv,unclassified,0,,quality_gate_not_passed,rejected,1,1
quarantined_tables/033_Health_Bulletin_2017/table_0069.csv,unclassified,0,,quality_gate_not_passed,rejected,0,0
quarantined_tables/033_Health_Bulletin_2017/table_0070.csv,unclassified,0,,quality_gate_not_passed,rejected,0,0
quarantined_tables/033_Health_Bulletin_2017/table_0071.csv,unclassified,0,,quality_gate_not_passed,review_required,15,5
quarantined_tables/033_Health_Bulletin_2017/table_0072.csv,unclassified,0,,quality_gate_not_passed,review_required,7,9
quarantined_tables/033_Health_Bulletin_2017/table_0073.csv,unclassified,0,,quality_gate_not_passed,review_required,7,6
quarantined_tables/033_Health_Bulletin_2017/table_0074.csv,unclassified,0,,quality_gate_not_passed,review_required,8,8
quarantined_tables/033_Health_Bulletin_2017/table_0075.csv,unclassified,0,,quality_gate_not_passed,review_required,32,3
quarantined_tables/033_Health_Bulletin_2017/table_0076.csv,unclassified,0,,quality_gate_not_passed,review_required,41,3
quarantined_tables/033_Health_Bulletin_2017/table_0077.csv,unclassified,0,,quality_gate_not_passed,review_required,36,3
quarantined_tables/033_Health_Bulletin_2017/table_0078.csv,unclassified,0,,quality_gate_not_passed,review_required,35,3
quarantined_tables/033_Health_Bulletin_2017/table_0079.csv,unclassified,0,,quality_gate_not_passed,review_required,41,3
quarantined_tables/033_Health_Bulletin_2017/table_0080.csv,unclassified,0,,quality_gate_not_passed,review_required,40,3
quarantined_tables/033_Health_Bulletin_2017/table_0081.csv,unclassified,0,,quality_gate_not_passed,review_required,41,3
quarantined_tables/033_Health_Bulletin_2017/table_0082.csv,unclassified,0,,quality_gate_not_passed,review_required,39,3
quarantined_tables/033_Health_Bulletin_2017/table_0083.csv,unclassified,0,,quality_gate_not_passed,review_required,40,3
quarantined_tables/033_Health_Bulletin_2017/table_0084.csv,unclassified,0,,quality_gate_not_passed,review_required,40,3
quarantined_tables/033_Health_Bulletin_2017/table_0085.csv,unclassified,0,,quality_gate_not_passed,review_required,39,3
quarantined_tables/033_Health_Bulletin_2017/table_0086.csv,unclassified,0,,quality_gate_not_passed,review_required,38,3
quarantined_tables/033_Health_Bulletin_2017/table_0087.csv,unclassified,0,,quality_gate_not_passed,review_required,14,3
quarantined_tables/033_Health_Bulletin_2017/table_0088.csv,unclassified,0,,quality_gate_not_passed,rejected,1,1
quarantined_tables/033_Health_Bulletin_2017/table_0089.csv,unclassified,0,,quality_gate_not_passed,review_required,3,4
quarantined_tables/033_Health_Bulletin_2017/table_0090.csv,unclassified,0,,quality_gate_not_passed,review_required,5,3
quarantined_tables/033_Health_Bulletin_2017/table_0091.csv,unclassified,0,,quality_gate_not_passed,review_required,3,2
quarantined_tables/033_Health_Bulletin_2017/table_0092.csv,unclassified,0,,quality_gate_not_passed,review_required,7,2
quarantined_tables/033_Health_Bulletin_2017/table_0093.csv,unclassified,0,,quality_gate_not_passed,review_required,4,2
quarantined_tables/033_Health_Bulletin_2017/table_0094.csv,unclassified,0,,quality_gate_not_passed,review_required,18,7
quarantined_tables/033_Health_Bulletin_2017/table_0095.csv,unclassified,0,,quality_gate_not_passed,review_required,8,7
quarantined_tables/033_Health_Bulletin_2017/table_0096.csv,unclassified,0,,quality_gate_not_passed,review_required,29,6
quarantined_tables/033_Health_Bulletin_2017/table_0097.csv,unclassified,0,,quality_gate_not_passed,review_required,13,20
quarantined_tables/033_Health_Bulletin_2017/table_0098.csv,unclassified,0,,quality_gate_not_passed,rejected,0,0
quarantined_tables/033_Health_Bulletin_2017/table_0099.csv,unclassified,0,,quality_gate_not_passed,review_required,18,6
quarantined_tables/033_Health_Bulletin_2017/table_0100.csv,unclassified,0,,quality_gate_not_passed,review_required,9,6
quarantined_tables/033_Health_Bulletin_2017/table_0101.csv,unclassified,0,,quality_gate_not_passed,review_required,19,10
quarantined_tables/033_Health_Bulletin_2017/table_0102.csv,unclassified,0,,quality_gate_not_passed,review_required,14,10
quarantined_tables/033_Health_Bulletin_2017/table_0103.csv,unclassified,0,,quality_gate_not_passed,review_required,4,2
quarantined_tables/033_Health_Bulletin_2017/table_0104.csv,unclassified,0,,quality_gate_not_passed,review_required,10,2
quarantined_tables/033_Health_Bulletin_2017/table_0105.csv,unclassified,0,,quality_gate_not_passed,review_required,16,4
quarantined_tables/033_Health_Bulletin_2017/table_0106.csv,unclassified,0,,quality_gate_not_passed,review_required,8,2
quarantined_tables/033_Health_Bulletin_2017/table_0107.csv,unclassified,0,,quality_gate_not_passed,review_required,8,3
quarantined_tables/033_Health_Bulletin_2017/table_0108.csv,unclassified,0,,quality_gate_not_passed,review_required,6,3
quarantined_tables/033_Health_Bulletin_2017/table_0109.csv,unclassified,0,,quality_gate_not_passed,review_required,11,5
quarantined_tables/033_Health_Bulletin_2017/table_0110.csv,unclassified,0,,quality_gate_not_passed,review_required,15,4
quarantined_tables/033_Health_Bulletin_2017/table_0111.csv,unclassified,0,,quality_gate_not_passed,review_required,14,3
quarantined_tables/033_Health_Bulletin_2017/table_0112.csv,unclassified,0,,quality_gate_not_passed,review_required,23,3
quarantined_tables/033_Health_Bulletin_2017/table_0113.csv,unclassified,0,,quality_gate_not_passed,review_required,5,15
quarantined_tables/033_Health_Bulletin_2017/table_0114.csv,unclassified,0,,quality_gate_not_passed,review_required,20,9
quarantined_tables/033_Health_Bulletin_2017/table_0115.csv,unclassified,0,,quality_gate_not_passed,review_required,14,2
quarantined_tables/033_Health_Bulletin_2017/table_0116.csv,unclassified,0,,quality_gate_not_passed,review_required,18,6
quarantined_tables/033_Health_Bulletin_2017/table_0117.csv,unclassified,0,,quality_gate_not_passed,rejected,1,1
quarantined_tables/033_Health_Bulletin_2017/table_0118.csv,unclassified,0,,quality_gate_not_passed,review_required,23,5
quarantined_tables/033_Health_Bulletin_2017/table_0119.csv,unclassified,0,,quality_gate_not_passed,rejected,0,0
quarantined_tables/033_Health_Bulletin_2017/table_0120.csv,unclassified,0,,quality_gate_not_passed,rejected,0,0
quarantined_tables/033_Health_Bulletin_2017/table_0121.csv,unclassified,0,,quality_gate_not_passed,rejected,1,1
quarantined_tables/033_Health_Bulletin_2017/table_0122.csv,unclassified,0,,quality_gate_not_passed,review_required,20,6
quarantined_tables/033_Health_Bulletin_2017/table_0123.csv,unclassified,0,,quality_gate_not_passed,review_required,15,7
quarantined_tables/033_Health_Bulletin_2017/table_0124.csv,unclassified,0,,quality_gate_not_passed,review_required,3,18
quarantined_tables/033_Health_Bulletin_2017/table_0125.csv,unclassified,0,,quality_gate_not_passed,review_required,14,4
quarantined_tables/033_Health_Bulletin_2017/table_0126.csv,unclassified,0,,quality_gate_not_passed,review_required,16,2
quarantined_tables/033_Health_Bulletin_2017/table_0127.csv,unclassified,0,,quality_gate_not_passed,review_required,7,3
quarantined_tables/033_Health_Bulletin_2017/table_0128.csv,unclassified,0,,quality_gate_not_passed,rejected,0,0
quarantined_tables/033_Health_Bulletin_2017/table_0129.csv,unclassified,0,,quality_gate_not_passed,review_required,11,3
quarantined_tables/033_Health_Bulletin_2017/table_0130.csv,unclassified,0,,quality_gate_not_passed,review_required,7,5
quarantined_tables/033_Health_Bulletin_2017/table_0131.csv,unclassified,0,,quality_gate_not_passed,review_required,8,9
quarantined_tables/033_Health_Bulletin_2017/table_0132.csv,unclassified,0,,quality_gate_not_passed,review_required,28,7
quarantined_tables/033_Health_Bulletin_2017/table_0133.csv,unclassified,0,,quality_gate_not_passed,review_required,12,4
quarantined_tables/033_Health_Bulletin_2017/table_0134.csv,unclassified,0,,quality_gate_not_passed,review_required,10,6
quarantined_tables/033_Health_Bulletin_2017/table_0135.csv,unclassified,0,,quality_gate_not_passed,review_required,10,4
quarantined_tables/033_Health_Bulletin_2017/table_0136.csv,unclassified,0,,quality_gate_not_passed,review_required,14,3
quarantined_tables/033_Health_Bulletin_2017/table_0137.csv,unclassified,0,,quality_gate_not_passed,review_required,6,3
quarantined_tables/033_Health_Bulletin_2017/table_0138.csv,unclassified,0,,quality_gate_not_passed,review_required,8,2
quarantined_tables/033_Health_Bulletin_2017/table_0139.csv,unclassified,0,,quality_gate_not_passed,review_required,14,10
quarantined_tables/033_Health_Bulletin_2017/table_0140.csv,unclassified,0,,quality_gate_not_passed,review_required,8,6
quarantined_tables/033_Health_Bulletin_2017/table_0141.csv,unclassified,0,,quality_gate_not_passed,rejected,0,0
quarantined_tables/033_Health_Bulletin_2017/table_0142.csv,unclassified,0,,quality_gate_not_passed,rejected,0,0
quarantined_tables/033_Health_Bulletin_2017/table_0143.csv,unclassified,0,,quality_gate_not_passed,rejected,0,0
quarantined_tables/033_Health_Bulletin_2017/table_0144.csv,unclassified,0,,quality_gate_not_passed,rejected,0,0
quarantined_tables/033_Health_Bulletin_2017/table_0145.csv,unclassified,0,,quality_gate_not_passed,review_required,5,5
quarantined_tables/033_Health_Bulletin_2017/table_0146.csv,unclassified,0,,quality_gate_not_passed,review_required,4,9
quarantined_tables/033_Health_Bulletin_2017/table_0147.csv,unclassified,0,,quality_gate_not_passed,review_required,8,9
quarantined_tables/033_Health_Bulletin_2017/table_0148.csv,unclassified,0,,quality_gate_not_passed,review_required,8,9
quarantined_tables/033_Health_Bulletin_2017/table_0149.csv,unclassified,0,,quality_gate_not_passed,review_required,13,3
quarantined_tables/033_Health_Bulletin_2017/table_0150.csv,unclassified,0,,quality_gate_not_passed,review_required,8,4
quarantined_tables/033_Health_Bulletin_2017/table_0151.csv,unclassified,0,,quality_gate_not_passed,rejected,0,0
quarantined_tables/033_Health_Bulletin_2017/table_0152.csv,unclassified,0,,quality_gate_not_passed,rejected,0,0
quarantined_tables/033_Health_Bulletin_2017/table_0153.csv,unclassified,0,,quality_gate_not_passed,rejected,0,0
quarantined_tables/033_Health_Bulletin_2017/table_0154.csv,unclassified,0,,quality_gate_not_passed,rejected,0,0
quarantined_tables/033_Health_Bulletin_2017/table_0155.csv,unclassified,0,,quality_gate_not_passed,rejected,0,0
quarantined_tables/033_Health_Bulletin_2017/table_0156.csv,unclassified,0,,quality_gate_not_passed,review_required,39,4
quarantined_tables/033_Health_Bulletin_2017/table_0157.csv,unclassified,0,,quality_gate_not_passed,review_required,11,4
quarantined_tables/033_Health_Bulletin_2017/table_0158.csv,unclassified,0,,quality_gate_not_passed,rejected,0,0
quarantined_tables/033_Health_Bulletin_2017/table_0159.csv,unclassified,0,,quality_gate_not_passed,rejected,0,0
quarantined_tables/033_Health_Bulletin_2017/table_0160.csv,unclassified,0,,quality_gate_not_passed,rejected,0,0
quarantined_tables/033_Health_Bulletin_2017/table_0161.csv,unclassified,0,,quality_gate_not_passed,rejected,0,0
quarantined_tables/033_Health_Bulletin_2017/table_0162.csv,unclassified,0,,quality_gate_not_passed,rejected,0,0
quarantined_tables/033_Health_Bulletin_2017/table_0163.csv,unclassified,0,,quality_gate_not_passed,rejected,1,1
quarantined_tables/033_Health_Bulletin_2017/table_0164.csv,unclassified,0,,quality_gate_not_passed,review_required,13,28
quarantined_tables/033_Health_Bulletin_2017/table_0165.csv,unclassified,0,,quality_gate_not_passed,review_required,13,32
quarantined_tables/033_Health_Bulletin_2017/table_0166.csv,unclassified,0,,quality_gate_not_passed,review_required,13,32
quarantined_tables/033_Health_Bulletin_2017/table_0167.csv,unclassified,0,,quality_gate_not_passed,review_required,13,32
quarantined_tables/033_Health_Bulletin_2017/table_0168.csv,unclassified,0,,quality_gate_not_passed,review_required,13,32
quarantined_tables/033_Health_Bulletin_2017/table_0169.csv,unclassified,0,,quality_gate_not_passed,review_required,13,32
quarantined_tables/033_Health_Bulletin_2017/table_0170.csv,unclassified,0,,quality_gate_not_passed,review_required,13,32
quarantined_tables/033_Health_Bulletin_2017/table_0171.csv,unclassified,0,,quality_gate_not_passed,review_required,13,32
quarantined_tables/033_Health_Bulletin_2017/table_0172.csv,unclassified,0,,quality_gate_not_passed,review_required,13,32
quarantined_tables/033_Health_Bulletin_2017/table_0173.csv,unclassified,0,,quality_gate_not_passed,review_required,13,32
quarantined_tables/033_Health_Bulletin_2017/table_0174.csv,unclassified,0,,quality_gate_not_passed,review_required,13,32
quarantined_tables/033_Health_Bulletin_2017/table_0175.csv,unclassified,0,,quality_gate_not_passed,review_required,13,32
quarantined_tables/033_Health_Bulletin_2017/table_0176.csv,unclassified,0,,quality_gate_not_passed,review_required,13,32
quarantined_tables/033_Health_Bulletin_2017/table_0177.csv,unclassified,0,,quality_gate_not_passed,review_required,13,32
quarantined_tables/033_Health_Bulletin_2017/table_0178.csv,unclassified,0,,quality_gate_not_passed,review_required,13,32
quarantined_tables/033_Health_Bulletin_2017/table_0179.csv,unclassified,0,,quality_gate_not_passed,review_required,13,32
quarantined_tables/033_Health_Bulletin_2017/table_0180.csv,unclassified,0,,quality_gate_not_passed,review_required,13,32
quarantined_tables/033_Health_Bulletin_2017/table_0181.csv,unclassified,0,,quality_gate_not_passed,review_required,13,29
quarantined_tables/033_Health_Bulletin_2017/table_0182.csv,unclassified,0,,quality_gate_not_passed,review_required,13,29
quarantined_tables/033_Health_Bulletin_2017/table_0183.csv,unclassified,0,,quality_gate_not_passed,review_required,13,32
quarantined_tables/033_Health_Bulletin_2017/table_0184.csv,unclassified,0,,quality_gate_not_passed,review_required,13,32
quarantined_tables/033_Health_Bulletin_2017/table_0185.csv,unclassified,0,,quality_gate_not_passed,review_required,13,32
quarantined_tables/033_Health_Bulletin_2017/table_0186.csv,unclassified,0,,quality_gate_not_passed,review_required,13,32
quarantined_tables/033_Health_Bulletin_2017/table_0187.csv,unclassified,0,,quality_gate_not_passed,review_required,13,32
quarantined_tables/033_Health_Bulletin_2017/table_0188.csv,unclassified,0,,quality_gate_not_passed,review_required,13,32
quarantined_tables/033_Health_Bulletin_2017/table_0189.csv,unclassified,0,,quality_gate_not_passed,review_required,13,32
quarantined_tables/033_Health_Bulletin_2017/table_0190.csv,unclassified,0,,quality_gate_not_passed,review_required,13,32
quarantined_tables/033_Health_Bulletin_2017/table_0191.csv,unclassified,0,,quality_gate_not_passed,review_required,13,32
quarantined_tables/033_Health_Bulletin_2017/table_0192.csv,unclassified,0,,quality_gate_not_passed,review_required,13,32
quarantined_tables/033_Health_Bulletin_2017/table_0193.csv,unclassified,0,,quality_gate_not_passed,review_required,13,32
quarantined_tables/033_Health_Bulletin_2017/table_0194.csv,unclassified,0,,quality_gate_not_passed,review_required,13,32
quarantined_tables/033_Health_Bulletin_2017/table_0195.csv,unclassified,0,,quality_gate_not_passed,review_required,13,32
quarantined_tables/033_Health_Bulletin_2017/table_0196.csv,unclassified,0,,quality_gate_not_passed,review_required,13,32
quarantined_tables/033_Health_Bulletin_2017/table_0197.csv,unclassified,0,,quality_gate_not_passed,review_required,13,32
quarantined_tables/033_Health_Bulletin_2017/table_0198.csv,unclassified,0,,quality_gate_not_passed,review_required,13,32
quarantined_tables/033_Health_Bulletin_2017/table_0199.csv,unclassified,0,,quality_gate_not_passed,review_required,13,15
quarantined_tables/033_Health_Bulletin_2017/table_0200.csv,unclassified,0,,quality_gate_not_passed,review_required,13,14
quarantined_tables/033_Health_Bulletin_2017/table_0201.csv,unclassified,0,,quality_gate_not_passed,review_required,13,32
quarantined_tables/033_Health_Bulletin_2017/table_0202.csv,unclassified,0,,quality_gate_not_passed,review_required,13,32
quarantined_tables/033_Health_Bulletin_2017/table_0203.csv,unclassified,0,,quality_gate_not_passed,review_required,13,32
quarantined_tables/033_Health_Bulletin_2017/table_0204.csv,unclassified,0,,quality_gate_not_passed,review_required,13,32
quarantined_tables/033_Health_Bulletin_2017/table_0205.csv,unclassified,0,,quality_gate_not_passed,review_required,13,32
quarantined_tables/033_Health_Bulletin_2017/table_0206.csv,unclassified,0,,quality_gate_not_passed,review_required,13,32
quarantined_tables/033_Health_Bulletin_2017/table_0207.csv,unclassified,0,,quality_gate_not_passed,review_required,13,32
quarantined_tables/033_Health_Bulletin_2017/table_0208.csv,unclassified,0,,quality_gate_not_passed,review_required,13,32
quarantined_tables/033_Health_Bulletin_2017/table_0209.csv,unclassified,0,,quality_gate_not_passed,review_required,13,32
quarantined_tables/033_Health_Bulletin_2017/table_0210.csv,unclassified,0,,quality_gate_not_passed,review_required,13,32
quarantined_tables/033_Health_Bulletin_2017/table_0211.csv,unclassified,0,,quality_gate_not_passed,review_required,13,32
quarantined_tables/033_Health_Bulletin_2017/table_0212.csv,unclassified,0,,quality_gate_not_passed,review_required,13,32
quarantined_tables/033_Health_Bulletin_2017/table_0213.csv,unclassified,0,,quality_gate_not_passed,review_required,13,32
quarantined_tables/033_Health_Bulletin_2017/table_0214.csv,unclassified,0,,quality_gate_not_passed,review_required,13,32
quarantined_tables/033_Health_Bulletin_2017/table_0215.csv,unclassified,0,,quality_gate_not_passed,review_required,13,32
quarantined_tables/033_Health_Bulletin_2017/table_0216.csv,unclassified,0,,quality_gate_not_passed,review_required,13,32
quarantined_tables/033_Health_Bulletin_2017/table_0217.csv,unclassified,0,,quality_gate_not_passed,review_required,13,20
quarantined_tables/033_Health_Bulletin_2017/table_0218.csv,unclassified,0,,quality_gate_not_passed,review_required,37,5
quarantined_tables/033_Health_Bulletin_2017/table_0219.csv,unclassified,0,,quality_gate_not_passed,review_required,39,5
quarantined_tables/033_Health_Bulletin_2017/table_0220.csv,unclassified,0,,quality_gate_not_passed,review_required,39,5
quarantined_tables/033_Health_Bulletin_2017/table_0221.csv,unclassified,0,,quality_gate_not_passed,review_required,39,5
quarantined_tables/033_Health_Bulletin_2017/table_0222.csv,unclassified,0,,quality_gate_not_passed,review_required,39,5
quarantined_tables/033_Health_Bulletin_2017/table_0223.csv,unclassified,0,,quality_gate_not_passed,review_required,39,5
quarantined_tables/033_Health_Bulletin_2017/table_0224.csv,unclassified,0,,quality_gate_not_passed,review_required,39,5
quarantined_tables/033_Health_Bulletin_2017/table_0225.csv,unclassified,0,,quality_gate_not_passed,review_required,39,5
quarantined_tables/033_Health_Bulletin_2017/table_0226.csv,unclassified,0,,quality_gate_not_passed,review_required,39,5
quarantined_tables/033_Health_Bulletin_2017/table_0227.csv,unclassified,0,,quality_gate_not_passed,review_required,39,5
quarantined_tables/033_Health_Bulletin_2017/table_0228.csv,unclassified,0,,quality_gate_not_passed,review_required,24,5
quarantined_tables/033_Health_Bulletin_2017/table_0229.csv,unclassified,0,,quality_gate_not_passed,review_required,10,5
quarantined_tables/033_Health_Bulletin_2017/table_0230.csv,unclassified,0,,quality_gate_not_passed,review_required,38,5
quarantined_tables/033_Health_Bulletin_2017/table_0231.csv,unclassified,0,,quality_gate_not_passed,review_required,15,5
quarantined_tables/033_Health_Bulletin_2017/table_0232.csv,unclassified,0,,quality_gate_not_passed,review_required,16,5
quarantined_tables/033_Health_Bulletin_2017/table_0233.csv,unclassified,0,,quality_gate_not_passed,review_required,30,6
quarantined_tables/033_Health_Bulletin_2017/table_0234.csv,unclassified,0,,quality_gate_not_passed,review_required,33,6
quarantined_tables/033_Health_Bulletin_2017/table_0235.csv,unclassified,0,,quality_gate_not_passed,review_required,29,6
quarantined_tables/033_Health_Bulletin_2017/table_0236.csv,unclassified,0,,quality_gate_not_passed,review_required,26,6
quarantined_tables/033_Health_Bulletin_2017/table_0237.csv,unclassified,0,,quality_gate_not_passed,review_required,20,6
quarantined_tables/033_Health_Bulletin_2017/table_0238.csv,unclassified,0,,quality_gate_not_passed,review_required,37,6
quarantined_tables/033_Health_Bulletin_2017/table_0239.csv,unclassified,0,,quality_gate_not_passed,review_required,12,6
quarantined_tables/033_Health_Bulletin_2017/table_0240.csv,unclassified,0,,quality_gate_not_passed,review_required,27,5
quarantined_tables/033_Health_Bulletin_2017/table_0241.csv,unclassified,0,,quality_gate_not_passed,review_required,23,5
quarantined_tables/033_Health_Bulletin_2017/table_0242.csv,unclassified,0,,quality_gate_not_passed,review_required,12,5
quarantined_tables/033_Health_Bulletin_2017/table_0243.csv,unclassified,0,,quality_gate_not_passed,review_required,5,5
quarantined_tables/033_Health_Bulletin_2017/table_0244.csv,unclassified,0,,quality_gate_not_passed,review_required,23,5
quarantined_tables/033_Health_Bulletin_2017/table_0245.csv,unclassified,0,,quality_gate_not_passed,review_required,32,5
quarantined_tables/033_Health_Bulletin_2017/table_0246.csv,unclassified,0,,quality_gate_not_passed,review_required,18,5
quarantined_tables/033_Health_Bulletin_2017/table_0247.csv,unclassified,0,,quality_gate_not_passed,review_required,11,4
quarantined_tables/033_Health_Bulletin_2017/table_0248.csv,unclassified,0,,quality_gate_not_passed,review_required,27,5
quarantined_tables/033_Health_Bulletin_2017/table_0249.csv,unclassified,0,,quality_gate_not_passed,review_required,10,4
quarantined_tables/033_Health_Bulletin_2017/table_0250.csv,unclassified,0,,quality_gate_not_passed,review_required,14,5
quarantined_tables/033_Health_Bulletin_2017/table_0251.csv,unclassified,0,,quality_gate_not_passed,review_required,24,5
quarantined_tables/033_Health_Bulletin_2017/table_0252.csv,unclassified,0,,quality_gate_not_passed,review_required,23,5
quarantined_tables/033_Health_Bulletin_2017/table_0253.csv,unclassified,0,,quality_gate_not_passed,review_required,22,5
quarantined_tables/033_Health_Bulletin_2017/table_0254.csv,unclassified,0,,quality_gate_not_passed,review_required,21,5
quarantined_tables/033_Health_Bulletin_2017/table_0255.csv,unclassified,0,,quality_gate_not_passed,review_required,23,5
quarantined_tables/033_Health_Bulletin_2017/table_0256.csv,unclassified,0,,quality_gate_not_passed,review_required,24,5
quarantined_tables/033_Health_Bulletin_2017/table_0257.csv,unclassified,0,,quality_gate_not_passed,review_required,23,5
quarantined_tables/033_Health_Bulletin_2017/table_0258.csv,unclassified,0,,quality_gate_not_passed,review_required,22,5
quarantined_tables/033_Health_Bulletin_2017/table_0259.csv,unclassified,0,,quality_gate_not_passed,review_required,15,5
quarantined_tables/033_Health_Bulletin_2017/table_0260.csv,unclassified,0,,quality_gate_not_passed,review_required,8,29
quarantined_tables/033_Health_Bulletin_2017/table_0261.csv,unclassified,0,,quality_gate_not_passed,review_required,6,32
quarantined_tables/033_Health_Bulletin_2017/table_0262.csv,unclassified,0,,quality_gate_not_passed,review_required,6,32
quarantined_tables/033_Health_Bulletin_2017/table_0263.csv,unclassified,0,,quality_gate_not_passed,review_required,6,33
quarantined_tables/033_Health_Bulletin_2017/table_0264.csv,unclassified,0,,quality_gate_not_passed,review_required,8,25
quarantined_tables/033_Health_Bulletin_2017/table_0265.csv,unclassified,0,,quality_gate_not_passed,review_required,6,25
quarantined_tables/033_Health_Bulletin_2017/table_0266.csv,unclassified,0,,quality_gate_not_passed,review_required,6,10
quarantined_tables/033_Health_Bulletin_2017/table_0267.csv,unclassified,0,,quality_gate_not_passed,review_required,10,17
quarantined_tables/033_Health_Bulletin_2017/table_0268.csv,unclassified,0,,quality_gate_not_passed,review_required,6,17
quarantined_tables/033_Health_Bulletin_2017/table_0269.csv,unclassified,0,,quality_gate_not_passed,review_required,16,9
quarantined_tables/033_Health_Bulletin_2017/table_0270.csv,unclassified,0,,quality_gate_not_passed,review_required,16,8
quarantined_tables/033_Health_Bulletin_2017/table_0271.csv,unclassified,0,,quality_gate_not_passed,review_required,10,19
quarantined_tables/033_Health_Bulletin_2017/table_0272.csv,unclassified,0,,quality_gate_not_passed,review_required,44,5
quarantined_tables/033_Health_Bulletin_2017/table_0273.csv,unclassified,0,,quality_gate_not_passed,review_required,46,5
quarantined_tables/033_Health_Bulletin_2017/table_0274.csv,unclassified,0,,quality_gate_not_passed,review_required,47,5
quarantined_tables/033_Health_Bulletin_2017/table_0275.csv,unclassified,0,,quality_gate_not_passed,rejected,0,0
quarantined_tables/033_Health_Bulletin_2017/table_0276.csv,unclassified,0,,quality_gate_not_passed,rejected,0,0
quarantined_tables/033_Health_Bulletin_2017/table_0277.csv,unclassified,0,,quality_gate_not_passed,review_required,20,18
quarantined_tables/034_Health_Bulletin_2016/table_0001.csv,unclassified,0,,quality_gate_not_passed,review_required,12,7
quarantined_tables/034_Health_Bulletin_2016/table_0002.csv,unclassified,0,,quality_gate_not_passed,review_required,6,4
quarantined_tables/034_Health_Bulletin_2016/table_0003.csv,unclassified,0,,quality_gate_not_passed,review_required,9,2
quarantined_tables/034_Health_Bulletin_2016/table_0004.csv,unclassified,0,,quality_gate_not_passed,review_required,5,3
quarantined_tables/034_Health_Bulletin_2016/table_0005.csv,unclassified,0,,quality_gate_not_passed,review_required,5,4
quarantined_tables/034_Health_Bulletin_2016/table_0006.csv,unclassified,0,,quality_gate_not_passed,review_required,3,2
quarantined_tables/034_Health_Bulletin_2016/table_0007.csv,unclassified,0,,quality_gate_not_passed,review_required,2,5
quarantined_tables/034_Health_Bulletin_2016/table_0008.csv,unclassified,0,,quality_gate_not_passed,review_required,8,6
quarantined_tables/034_Health_Bulletin_2016/table_0009.csv,unclassified,0,,quality_gate_not_passed,review_required,3,2
quarantined_tables/034_Health_Bulletin_2016/table_0010.csv,unclassified,0,,quality_gate_not_passed,review_required,3,2
quarantined_tables/034_Health_Bulletin_2016/table_0011.csv,unclassified,0,,quality_gate_not_passed,review_required,3,2
quarantined_tables/034_Health_Bulletin_2016/table_0012.csv,unclassified,0,,quality_gate_not_passed,review_required,7,4
quarantined_tables/034_Health_Bulletin_2016/table_0013.csv,unclassified,0,,quality_gate_not_passed,review_required,5,12
quarantined_tables/034_Health_Bulletin_2016/table_0014.csv,unclassified,0,,quality_gate_not_passed,review_required,5,7
quarantined_tables/034_Health_Bulletin_2016/table_0015.csv,unclassified,0,,quality_gate_not_passed,review_required,5,6
quarantined_tables/034_Health_Bulletin_2016/table_0016.csv,unclassified,0,,quality_gate_not_passed,review_required,5,11
quarantined_tables/034_Health_Bulletin_2016/table_0017.csv,unclassified,0,,quality_gate_not_passed,review_required,5,8
quarantined_tables/034_Health_Bulletin_2016/table_0018.csv,unclassified,0,,quality_gate_not_passed,review_required,5,6
quarantined_tables/034_Health_Bulletin_2016/table_0019.csv,unclassified,0,,quality_gate_not_passed,review_required,5,8
quarantined_tables/034_Health_Bulletin_2016/table_0020.csv,unclassified,0,,quality_gate_not_passed,review_required,23,5
quarantined_tables/034_Health_Bulletin_2016/table_0021.csv,unclassified,0,,quality_gate_not_passed,review_required,10,3
quarantined_tables/034_Health_Bulletin_2016/table_0022.csv,unclassified,0,,quality_gate_not_passed,review_required,11,10
quarantined_tables/034_Health_Bulletin_2016/table_0023.csv,unclassified,0,,quality_gate_not_passed,review_required,15,8
quarantined_tables/034_Health_Bulletin_2016/table_0024.csv,unclassified,0,,quality_gate_not_passed,review_required,5,6
quarantined_tables/034_Health_Bulletin_2016/table_0025.csv,unclassified,0,,quality_gate_not_passed,review_required,9,2
quarantined_tables/034_Health_Bulletin_2016/table_0026.csv,unclassified,0,,quality_gate_not_passed,review_required,19,2
quarantined_tables/034_Health_Bulletin_2016/table_0027.csv,unclassified,0,,quality_gate_not_passed,review_required,4,10
quarantined_tables/034_Health_Bulletin_2016/table_0028.csv,unclassified,0,,quality_gate_not_passed,review_required,5,12
quarantined_tables/034_Health_Bulletin_2016/table_0029.csv,unclassified,0,,quality_gate_not_passed,review_required,6,4
quarantined_tables/034_Health_Bulletin_2016/table_0030.csv,unclassified,0,,quality_gate_not_passed,review_required,22,3
quarantined_tables/034_Health_Bulletin_2016/table_0031.csv,unclassified,0,,quality_gate_not_passed,review_required,6,11
quarantined_tables/034_Health_Bulletin_2016/table_0032.csv,unclassified,0,,quality_gate_not_passed,review_required,18,3
quarantined_tables/034_Health_Bulletin_2016/table_0033.csv,unclassified,0,,quality_gate_not_passed,review_required,26,4
quarantined_tables/034_Health_Bulletin_2016/table_0034.csv,unclassified,0,,quality_gate_not_passed,review_required,9,4
quarantined_tables/034_Health_Bulletin_2016/table_0035.csv,unclassified,0,,quality_gate_not_passed,review_required,14,7
quarantined_tables/034_Health_Bulletin_2016/table_0036.csv,unclassified,0,,quality_gate_not_passed,review_required,5,4
quarantined_tables/034_Health_Bulletin_2016/table_0037.csv,unclassified,0,,quality_gate_not_passed,review_required,31,9
quarantined_tables/034_Health_Bulletin_2016/table_0038.csv,unclassified,0,,quality_gate_not_passed,review_required,18,3
quarantined_tables/034_Health_Bulletin_2016/table_0039.csv,unclassified,0,,quality_gate_not_passed,review_required,11,3
quarantined_tables/034_Health_Bulletin_2016/table_0040.csv,unclassified,0,,quality_gate_not_passed,review_required,11,3
quarantined_tables/034_Health_Bulletin_2016/table_0041.csv,unclassified,0,,quality_gate_not_passed,review_required,7,3
quarantined_tables/034_Health_Bulletin_2016/table_0042.csv,unclassified,0,,quality_gate_not_passed,review_required,7,3
quarantined_tables/034_Health_Bulletin_2016/table_0043.csv,unclassified,0,,quality_gate_not_passed,review_required,7,3
quarantined_tables/034_Health_Bulletin_2016/table_0044.csv,unclassified,0,,quality_gate_not_passed,review_required,23,3
quarantined_tables/034_Health_Bulletin_2016/table_0045.csv,unclassified,0,,quality_gate_not_passed,review_required,7,3
quarantined_tables/034_Health_Bulletin_2016/table_0046.csv,unclassified,0,,quality_gate_not_passed,review_required,9,3
quarantined_tables/034_Health_Bulletin_2016/table_0047.csv,unclassified,0,,quality_gate_not_passed,review_required,9,3
quarantined_tables/034_Health_Bulletin_2016/table_0048.csv,unclassified,0,,quality_gate_not_passed,review_required,24,3
quarantined_tables/034_Health_Bulletin_2016/table_0049.csv,unclassified,0,,quality_gate_not_passed,review_required,18,3
quarantined_tables/034_Health_Bulletin_2016/table_0050.csv,unclassified,0,,quality_gate_not_passed,review_required,12,4
quarantined_tables/034_Health_Bulletin_2016/table_0051.csv,unclassified,0,,quality_gate_not_passed,review_required,28,5
quarantined_tables/034_Health_Bulletin_2016/table_0052.csv,unclassified,0,,quality_gate_not_passed,review_required,7,3
quarantined_tables/034_Health_Bulletin_2016/table_0053.csv,unclassified,0,,quality_gate_not_passed,review_required,7,3
quarantined_tables/034_Health_Bulletin_2016/table_0054.csv,unclassified,0,,quality_gate_not_passed,review_required,7,3
quarantined_tables/034_Health_Bulletin_2016/table_0055.csv,unclassified,0,,quality_gate_not_passed,review_required,22,3
quarantined_tables/034_Health_Bulletin_2016/table_0056.csv,unclassified,0,,quality_gate_not_passed,review_required,8,3
quarantined_tables/034_Health_Bulletin_2016/table_0057.csv,unclassified,0,,quality_gate_not_passed,review_required,9,3
quarantined_tables/034_Health_Bulletin_2016/table_0058.csv,unclassified,0,,quality_gate_not_passed,review_required,8,3
quarantined_tables/034_Health_Bulletin_2016/table_0059.csv,unclassified,0,,quality_gate_not_passed,review_required,22,3
quarantined_tables/034_Health_Bulletin_2016/table_0060.csv,unclassified,0,,quality_gate_not_passed,review_required,8,3
quarantined_tables/034_Health_Bulletin_2016/table_0061.csv,unclassified,0,,quality_gate_not_passed,review_required,8,3
quarantined_tables/034_Health_Bulletin_2016/table_0062.csv,unclassified,0,,quality_gate_not_passed,review_required,8,3
quarantined_tables/034_Health_Bulletin_2016/table_0063.csv,unclassified,0,,quality_gate_not_passed,review_required,7,3
quarantined_tables/034_Health_Bulletin_2016/table_0064.csv,unclassified,0,,quality_gate_not_passed,review_required,8,3
quarantined_tables/034_Health_Bulletin_2016/table_0065.csv,unclassified,0,,quality_gate_not_passed,review_required,7,3
quarantined_tables/034_Health_Bulletin_2016/table_0066.csv,unclassified,0,,quality_gate_not_passed,review_required,6,3
quarantined_tables/034_Health_Bulletin_2016/table_0067.csv,unclassified,0,,quality_gate_not_passed,review_required,7,3
quarantined_tables/034_Health_Bulletin_2016/table_0068.csv,unclassified,0,,quality_gate_not_passed,review_required,7,3
quarantined_tables/034_Health_Bulletin_2016/table_0069.csv,unclassified,0,,quality_gate_not_passed,review_required,6,3
quarantined_tables/034_Health_Bulletin_2016/table_0070.csv,unclassified,0,,quality_gate_not_passed,review_required,14,10
quarantined_tables/034_Health_Bulletin_2016/table_0071.csv,unclassified,0,,quality_gate_not_passed,review_required,19,9
quarantined_tables/034_Health_Bulletin_2016/table_0072.csv,unclassified,0,,quality_gate_not_passed,review_required,18,4
quarantined_tables/034_Health_Bulletin_2016/table_0073.csv,unclassified,0,,quality_gate_not_passed,review_required,17,6
quarantined_tables/034_Health_Bulletin_2016/table_0074.csv,unclassified,0,,quality_gate_not_passed,review_required,18,6
quarantined_tables/034_Health_Bulletin_2016/table_0075.csv,unclassified,0,,quality_gate_not_passed,review_required,9,2
quarantined_tables/034_Health_Bulletin_2016/table_0076.csv,unclassified,0,,quality_gate_not_passed,review_required,18,4
quarantined_tables/034_Health_Bulletin_2016/table_0077.csv,unclassified,0,,quality_gate_not_passed,review_required,6,7
quarantined_tables/034_Health_Bulletin_2016/table_0078.csv,unclassified,0,,quality_gate_not_passed,review_required,7,5
quarantined_tables/034_Health_Bulletin_2016/table_0079.csv,unclassified,0,,quality_gate_not_passed,rejected,1,1
quarantined_tables/034_Health_Bulletin_2016/table_0080.csv,unclassified,0,,quality_gate_not_passed,review_required,8,9
quarantined_tables/034_Health_Bulletin_2016/table_0081.csv,unclassified,0,,quality_gate_not_passed,review_required,24,7
quarantined_tables/034_Health_Bulletin_2016/table_0082.csv,unclassified,0,,quality_gate_not_passed,review_required,11,4
quarantined_tables/034_Health_Bulletin_2016/table_0083.csv,unclassified,0,,quality_gate_not_passed,rejected,0,0
quarantined_tables/034_Health_Bulletin_2016/table_0084.csv,unclassified,0,,quality_gate_not_passed,rejected,0,0
quarantined_tables/034_Health_Bulletin_2016/table_0085.csv,unclassified,0,,quality_gate_not_passed,rejected,0,0
quarantined_tables/034_Health_Bulletin_2016/table_0086.csv,unclassified,0,,quality_gate_not_passed,rejected,0,0
quarantined_tables/034_Health_Bulletin_2016/table_0087.csv,unclassified,0,,quality_gate_not_passed,rejected,0,0
quarantined_tables/034_Health_Bulletin_2016/table_0088.csv,unclassified,0,,quality_gate_not_passed,review_required,10,6
quarantined_tables/034_Health_Bulletin_2016/table_0089.csv,unclassified,0,,quality_gate_not_passed,review_required,10,4
quarantined_tables/034_Health_Bulletin_2016/table_0090.csv,unclassified,0,,quality_gate_not_passed,review_required,2,2
quarantined_tables/034_Health_Bulletin_2016/table_0091.csv,unclassified,0,,quality_gate_not_passed,review_required,2,2
quarantined_tables/034_Health_Bulletin_2016/table_0092.csv,unclassified,0,,quality_gate_not_passed,review_required,7,2
quarantined_tables/034_Health_Bulletin_2016/table_0093.csv,unclassified,0,,quality_gate_not_passed,review_required,12,3
quarantined_tables/034_Health_Bulletin_2016/table_0094.csv,unclassified,0,,quality_gate_not_passed,review_required,4,11
quarantined_tables/034_Health_Bulletin_2016/table_0095.csv,unclassified,0,,quality_gate_not_passed,review_required,3,3
quarantined_tables/034_Health_Bulletin_2016/table_0096.csv,unclassified,0,,quality_gate_not_passed,review_required,7,9
quarantined_tables/034_Health_Bulletin_2016/table_0097.csv,unclassified,0,,quality_gate_not_passed,review_required,7,9
quarantined_tables/034_Health_Bulletin_2016/table_0098.csv,unclassified,0,,quality_gate_not_passed,review_required,13,3
quarantined_tables/034_Health_Bulletin_2016/table_0099.csv,unclassified,0,,quality_gate_not_passed,review_required,13,3
quarantined_tables/034_Health_Bulletin_2016/table_0100.csv,unclassified,0,,quality_gate_not_passed,review_required,8,4
quarantined_tables/034_Health_Bulletin_2016/table_0101.csv,unclassified,0,,quality_gate_not_passed,review_required,19,12
quarantined_tables/034_Health_Bulletin_2016/table_0102.csv,unclassified,0,,quality_gate_not_passed,review_required,2,2
quarantined_tables/034_Health_Bulletin_2016/table_0103.csv,unclassified,0,,quality_gate_not_passed,rejected,0,0
quarantined_tables/034_Health_Bulletin_2016/table_0104.csv,unclassified,0,,quality_gate_not_passed,rejected,0,0
quarantined_tables/034_Health_Bulletin_2016/table_0105.csv,unclassified,0,,quality_gate_not_passed,rejected,0,0
quarantined_tables/034_Health_Bulletin_2016/table_0106.csv,unclassified,0,,quality_gate_not_passed,rejected,0,0
quarantined_tables/034_Health_Bulletin_2016/table_0107.csv,unclassified,0,,quality_gate_not_passed,rejected,0,0
quarantined_tables/034_Health_Bulletin_2016/table_0108.csv,unclassified,0,,quality_gate_not_passed,rejected,0,0
quarantined_tables/034_Health_Bulletin_2016/table_0109.csv,unclassified,0,,quality_gate_not_passed,rejected,0,0
quarantined_tables/034_Health_Bulletin_2016/table_0110.csv,unclassified,0,,quality_gate_not_passed,rejected,0,0
quarantined_tables/034_Health_Bulletin_2016/table_0111.csv,unclassified,0,,quality_gate_not_passed,rejected,0,0
quarantined_tables/034_Health_Bulletin_2016/table_0112.csv,unclassified,0,,quality_gate_not_passed,rejected,0,0
quarantined_tables/034_Health_Bulletin_2016/table_0113.csv,unclassified,0,,quality_gate_not_passed,rejected,0,0
quarantined_tables/034_Health_Bulletin_2016/table_0114.csv,unclassified,0,,quality_gate_not_passed,rejected,0,0
quarantined_tables/034_Health_Bulletin_2016/table_0115.csv,unclassified,0,,quality_gate_not_passed,rejected,0,0
quarantined_tables/034_Health_Bulletin_2016/table_0116.csv,unclassified,0,,quality_gate_not_passed,rejected,0,0
quarantined_tables/034_Health_Bulletin_2016/table_0117.csv,unclassified,0,,quality_gate_not_passed,rejected,0,0
quarantined_tables/034_Health_Bulletin_2016/table_0118.csv,unclassified,0,,quality_gate_not_passed,rejected,0,0
quarantined_tables/034_Health_Bulletin_2016/table_0119.csv,unclassified,0,,quality_gate_not_passed,rejected,0,0
quarantined_tables/034_Health_Bulletin_2016/table_0120.csv,unclassified,0,,quality_gate_not_passed,rejected,0,0
quarantined_tables/034_Health_Bulletin_2016/table_0121.csv,unclassified,0,,quality_gate_not_passed,rejected,0,0
quarantined_tables/034_Health_Bulletin_2016/table_0122.csv,unclassified,0,,quality_gate_not_passed,rejected,0,0
quarantined_tables/034_Health_Bulletin_2016/table_0123.csv,unclassified,0,,quality_gate_not_passed,rejected,0,0
quarantined_tables/034_Health_Bulletin_2016/table_0124.csv,unclassified,0,,quality_gate_not_passed,rejected,0,0
quarantined_tables/034_Health_Bulletin_2016/table_0125.csv,unclassified,0,,quality_gate_not_passed,rejected,0,0
quarantined_tables/034_Health_Bulletin_2016/table_0126.csv,unclassified,0,,quality_gate_not_passed,rejected,0,0
quarantined_tables/034_Health_Bulletin_2016/table_0127.csv,unclassified,0,,quality_gate_not_passed,rejected,0,0
quarantined_tables/034_Health_Bulletin_2016/table_0128.csv,unclassified,0,,quality_gate_not_passed,rejected,0,0
quarantined_tables/034_Health_Bulletin_2016/table_0129.csv,unclassified,0,,quality_gate_not_passed,rejected,0,0
quarantined_tables/034_Health_Bulletin_2016/table_0130.csv,unclassified,0,,quality_gate_not_passed,rejected,0,0
quarantined_tables/034_Health_Bulletin_2016/table_0131.csv,unclassified,0,,quality_gate_not_passed,rejected,0,0
quarantined_tables/034_Health_Bulletin_2016/table_0132.csv,unclassified,0,,quality_gate_not_passed,rejected,0,0
quarantined_tables/034_Health_Bulletin_2016/table_0133.csv,unclassified,0,,quality_gate_not_passed,rejected,0,0
quarantined_tables/034_Health_Bulletin_2016/table_0134.csv,unclassified,0,,quality_gate_not_passed,rejected,0,0
quarantined_tables/034_Health_Bulletin_2016/table_0135.csv,unclassified,0,,quality_gate_not_passed,review_required,5,5
quarantined_tables/034_Health_Bulletin_2016/table_0136.csv,unclassified,0,,quality_gate_not_passed,rejected,0,0
quarantined_tables/034_Health_Bulletin_2016/table_0137.csv,unclassified,0,,quality_gate_not_passed,rejected,0,0
quarantined_tables/034_Health_Bulletin_2016/table_0138.csv,unclassified,0,,quality_gate_not_passed,rejected,0,0
quarantined_tables/034_Health_Bulletin_2016/table_0139.csv,unclassified,0,,quality_gate_not_passed,rejected,0,0
quarantined_tables/034_Health_Bulletin_2016/table_0140.csv,unclassified,0,,quality_gate_not_passed,review_required,20,7
quarantined_tables/034_Health_Bulletin_2016/table_0141.csv,unclassified,0,,quality_gate_not_passed,review_required,8,7
quarantined_tables/034_Health_Bulletin_2016/table_0142.csv,unclassified,0,,quality_gate_not_passed,review_required,30,6
quarantined_tables/034_Health_Bulletin_2016/table_0143.csv,unclassified,0,,quality_gate_not_passed,review_required,8,6
quarantined_tables/034_Health_Bulletin_2016/table_0144.csv,unclassified,0,,quality_gate_not_passed,review_required,7,6
quarantined_tables/034_Health_Bulletin_2016/table_0145.csv,unclassified,0,,quality_gate_not_passed,review_required,10,6
quarantined_tables/034_Health_Bulletin_2016/table_0146.csv,unclassified,0,,quality_gate_not_passed,review_required,7,6
quarantined_tables/034_Health_Bulletin_2016/table_0147.csv,unclassified,0,,quality_gate_not_passed,review_required,7,5
quarantined_tables/034_Health_Bulletin_2016/table_0148.csv,unclassified,0,,quality_gate_not_passed,review_required,3,5
quarantined_tables/034_Health_Bulletin_2016/table_0149.csv,unclassified,0,,quality_gate_not_passed,review_required,9,9
quarantined_tables/034_Health_Bulletin_2016/table_0150.csv,unclassified,0,,quality_gate_not_passed,rejected,0,0
quarantined_tables/034_Health_Bulletin_2016/table_0151.csv,unclassified,0,,quality_gate_not_passed,rejected,0,0
quarantined_tables/034_Health_Bulletin_2016/table_0152.csv,unclassified,0,,quality_gate_not_passed,rejected,0,0
quarantined_tables/034_Health_Bulletin_2016/table_0153.csv,unclassified,0,,quality_gate_not_passed,review_required,19,6
quarantined_tables/034_Health_Bulletin_2016/table_0154.csv,unclassified,0,,quality_gate_not_passed,review_required,11,11
quarantined_tables/034_Health_Bulletin_2016/table_0155.csv,unclassified,0,,quality_gate_not_passed,review_required,6,5
quarantined_tables/034_Health_Bulletin_2016/table_0156.csv,unclassified,0,,quality_gate_not_passed,review_required,11,7
quarantined_tables/034_Health_Bulletin_2016/table_0157.csv,unclassified,0,,quality_gate_not_passed,review_required,28,7
quarantined_tables/034_Health_Bulletin_2016/table_0158.csv,unclassified,0,,quality_gate_not_passed,review_required,14,7
quarantined_tables/034_Health_Bulletin_2016/table_0159.csv,unclassified,0,,quality_gate_not_passed,review_required,20,9
quarantined_tables/034_Health_Bulletin_2016/table_0160.csv,unclassified,0,,quality_gate_not_passed,review_required,7,10
quarantined_tables/034_Health_Bulletin_2016/table_0161.csv,unclassified,0,,quality_gate_not_passed,review_required,5,3
quarantined_tables/034_Health_Bulletin_2016/table_0162.csv,unclassified,0,,quality_gate_not_passed,review_required,5,3
quarantined_tables/034_Health_Bulletin_2016/table_0163.csv,unclassified,0,,quality_gate_not_passed,review_required,8,8
quarantined_tables/034_Health_Bulletin_2016/table_0164.csv,unclassified,0,,quality_gate_not_passed,review_required,19,5
quarantined_tables/034_Health_Bulletin_2016/table_0165.csv,unclassified,0,,quality_gate_not_passed,review_required,16,4
quarantined_tables/034_Health_Bulletin_2016/table_0166.csv,unclassified,0,,quality_gate_not_passed,review_required,7,4
quarantined_tables/034_Health_Bulletin_2016/table_0167.csv,unclassified,0,,quality_gate_not_passed,review_required,5,3
quarantined_tables/034_Health_Bulletin_2016/table_0168.csv,unclassified,0,,quality_gate_not_passed,review_required,9,5
quarantined_tables/034_Health_Bulletin_2016/table_0169.csv,unclassified,0,,quality_gate_not_passed,review_required,14,4
quarantined_tables/034_Health_Bulletin_2016/table_0170.csv,unclassified,0,,quality_gate_not_passed,review_required,9,4
quarantined_tables/034_Health_Bulletin_2016/table_0171.csv,unclassified,0,,quality_gate_not_passed,review_required,24,7
quarantined_tables/034_Health_Bulletin_2016/table_0172.csv,unclassified,0,,quality_gate_not_passed,review_required,3,5
quarantined_tables/034_Health_Bulletin_2016/table_0173.csv,unclassified,0,,quality_gate_not_passed,review_required,3,3
quarantined_tables/034_Health_Bulletin_2016/table_0174.csv,unclassified,0,,quality_gate_not_passed,review_required,3,2
quarantined_tables/034_Health_Bulletin_2016/table_0175.csv,unclassified,0,,quality_gate_not_passed,review_required,9,2
quarantined_tables/034_Health_Bulletin_2016/table_0176.csv,unclassified,0,,quality_gate_not_passed,review_required,3,2
quarantined_tables/034_Health_Bulletin_2016/table_0177.csv,unclassified,0,,quality_gate_not_passed,review_required,7,11
quarantined_tables/034_Health_Bulletin_2016/table_0178.csv,unclassified,0,,quality_gate_not_passed,review_required,6,6
quarantined_tables/034_Health_Bulletin_2016/table_0179.csv,unclassified,0,,quality_gate_not_passed,review_required,9,6
quarantined_tables/034_Health_Bulletin_2016/table_0180.csv,unclassified,0,,quality_gate_not_passed,review_required,8,8
quarantined_tables/034_Health_Bulletin_2016/table_0181.csv,unclassified,0,,quality_gate_not_passed,review_required,20,4
quarantined_tables/034_Health_Bulletin_2016/table_0182.csv,unclassified,0,,quality_gate_not_passed,review_required,28,4
quarantined_tables/034_Health_Bulletin_2016/table_0183.csv,unclassified,0,,quality_gate_not_passed,review_required,21,10
quarantined_tables/034_Health_Bulletin_2016/table_0184.csv,unclassified,0,,quality_gate_not_passed,review_required,47,7
quarantined_tables/034_Health_Bulletin_2016/table_0185.csv,unclassified,0,,quality_gate_not_passed,review_required,51,7
quarantined_tables/034_Health_Bulletin_2016/table_0186.csv,unclassified,0,,quality_gate_not_passed,review_required,52,7
quarantined_tables/034_Health_Bulletin_2016/table_0187.csv,unclassified,0,,quality_gate_not_passed,review_required,39,7
quarantined_tables/034_Health_Bulletin_2016/table_0188.csv,unclassified,0,,quality_gate_not_passed,review_required,12,23
quarantined_tables/034_Health_Bulletin_2016/table_0189.csv,unclassified,0,,quality_gate_not_passed,review_required,12,16
quarantined_tables/034_Health_Bulletin_2016/table_0190.csv,unclassified,0,,quality_gate_not_passed,review_required,13,9
quarantined_tables/034_Health_Bulletin_2016/table_0191.csv,unclassified,0,,quality_gate_not_passed,review_required,13,30
quarantined_tables/034_Health_Bulletin_2016/table_0192.csv,unclassified,0,,quality_gate_not_passed,review_required,13,31
quarantined_tables/034_Health_Bulletin_2016/table_0193.csv,unclassified,0,,quality_gate_not_passed,review_required,13,7
quarantined_tables/034_Health_Bulletin_2016/table_0194.csv,unclassified,0,,quality_gate_not_passed,review_required,12,26
quarantined_tables/034_Health_Bulletin_2016/table_0195.csv,unclassified,0,,quality_gate_not_passed,review_required,12,36
quarantined_tables/034_Health_Bulletin_2016/table_0196.csv,unclassified,0,,quality_gate_not_passed,review_required,12,36
quarantined_tables/034_Health_Bulletin_2016/table_0197.csv,unclassified,0,,quality_gate_not_passed,review_required,12,36
quarantined_tables/034_Health_Bulletin_2016/table_0198.csv,unclassified,0,,quality_gate_not_passed,review_required,12,36
quarantined_tables/034_Health_Bulletin_2016/table_0199.csv,unclassified,0,,quality_gate_not_passed,review_required,12,36
quarantined_tables/034_Health_Bulletin_2016/table_0200.csv,unclassified,0,,quality_gate_not_passed,review_required,12,36
quarantined_tables/034_Health_Bulletin_2016/table_0201.csv,unclassified,0,,quality_gate_not_passed,review_required,12,36
quarantined_tables/034_Health_Bulletin_2016/table_0202.csv,unclassified,0,,quality_gate_not_passed,review_required,12,36
quarantined_tables/034_Health_Bulletin_2016/table_0203.csv,unclassified,0,,quality_gate_not_passed,review_required,12,36
quarantined_tables/034_Health_Bulletin_2016/table_0204.csv,unclassified,0,,quality_gate_not_passed,review_required,12,36
quarantined_tables/034_Health_Bulletin_2016/table_0205.csv,unclassified,0,,quality_gate_not_passed,review_required,12,37
quarantined_tables/034_Health_Bulletin_2016/table_0206.csv,unclassified,0,,quality_gate_not_passed,review_required,12,37
quarantined_tables/034_Health_Bulletin_2016/table_0207.csv,unclassified,0,,quality_gate_not_passed,review_required,5,34
quarantined_tables/034_Health_Bulletin_2016/table_0208.csv,unclassified,0,,quality_gate_not_passed,review_required,6,34
quarantined_tables/034_Health_Bulletin_2016/table_0209.csv,unclassified,0,,quality_gate_not_passed,review_required,6,33
quarantined_tables/034_Health_Bulletin_2016/table_0210.csv,unclassified,0,,quality_gate_not_passed,review_required,48,6
quarantined_tables/034_Health_Bulletin_2016/table_0211.csv,unclassified,0,,quality_gate_not_passed,review_required,49,6
quarantined_tables/034_Health_Bulletin_2016/table_0212.csv,unclassified,0,,quality_gate_not_passed,review_required,49,6
quarantined_tables/034_Health_Bulletin_2016/table_0213.csv,unclassified,0,,quality_gate_not_passed,review_required,45,6
quarantined_tables/034_Health_Bulletin_2016/table_0214.csv,unclassified,0,,quality_gate_not_passed,review_required,52,6
quarantined_tables/034_Health_Bulletin_2016/table_0215.csv,unclassified,0,,quality_gate_not_passed,review_required,51,6
quarantined_tables/034_Health_Bulletin_2016/table_0216.csv,unclassified,0,,quality_gate_not_passed,review_required,49,6
quarantined_tables/034_Health_Bulletin_2016/table_0217.csv,unclassified,0,,quality_gate_not_passed,review_required,51,6
quarantined_tables/034_Health_Bulletin_2016/table_0218.csv,unclassified,0,,quality_gate_not_passed,review_required,14,6
quarantined_tables/034_Health_Bulletin_2016/table_0219.csv,unclassified,0,,quality_gate_not_passed,review_required,7,23
quarantined_tables/034_Health_Bulletin_2016/table_0220.csv,unclassified,0,,quality_gate_not_passed,review_required,7,15
quarantined_tables/034_Health_Bulletin_2016/table_0221.csv,unclassified,0,,quality_gate_not_passed,review_required,49,7
quarantined_tables/034_Health_Bulletin_2016/table_0222.csv,unclassified,0,,quality_gate_not_passed,review_required,22,7
quarantined_tables/034_Health_Bulletin_2016/table_0223.csv,unclassified,0,,quality_gate_not_passed,review_required,27,7
quarantined_tables/034_Health_Bulletin_2016/table_0224.csv,unclassified,0,,quality_gate_not_passed,review_required,52,7
quarantined_tables/034_Health_Bulletin_2016/table_0225.csv,unclassified,0,,quality_gate_not_passed,review_required,52,7
quarantined_tables/034_Health_Bulletin_2016/table_0226.csv,unclassified,0,,quality_gate_not_passed,review_required,52,7
quarantined_tables/034_Health_Bulletin_2016/table_0227.csv,unclassified,0,,quality_gate_not_passed,review_required,52,7
quarantined_tables/034_Health_Bulletin_2016/table_0228.csv,unclassified,0,,quality_gate_not_passed,review_required,52,7
quarantined_tables/034_Health_Bulletin_2016/table_0229.csv,unclassified,0,,quality_gate_not_passed,review_required,52,7
quarantined_tables/034_Health_Bulletin_2016/table_0230.csv,unclassified,0,,quality_gate_not_passed,review_required,52,7
quarantined_tables/034_Health_Bulletin_2016/table_0231.csv,unclassified,0,,quality_gate_not_passed,review_required,53,7
quarantined_tables/034_Health_Bulletin_2016/table_0232.csv,unclassified,0,,quality_gate_not_passed,review_required,8,35
quarantined_tables/034_Health_Bulletin_2016/table_0233.csv,unclassified,0,,quality_gate_not_passed,review_required,8,36
quarantined_tables/034_Health_Bulletin_2016/table_0234.csv,unclassified,0,,quality_gate_not_passed,review_required,8,35
quarantined_tables/034_Health_Bulletin_2016/table_0235.csv,unclassified,0,,quality_gate_not_passed,review_required,8,38
quarantined_tables/034_Health_Bulletin_2016/table_0236.csv,unclassified,0,,quality_gate_not_passed,review_required,8,38
quarantined_tables/034_Health_Bulletin_2016/table_0237.csv,unclassified,0,,quality_gate_not_passed,review_required,8,39
quarantined_tables/034_Health_Bulletin_2016/table_0238.csv,unclassified,0,,quality_gate_not_passed,review_required,8,39
quarantined_tables/034_Health_Bulletin_2016/table_0239.csv,unclassified,0,,quality_gate_not_passed,review_required,8,39
quarantined_tables/034_Health_Bulletin_2016/table_0240.csv,unclassified,0,,quality_gate_not_passed,review_required,8,39
quarantined_tables/034_Health_Bulletin_2016/table_0241.csv,unclassified,0,,quality_gate_not_passed,review_required,8,39
quarantined_tables/034_Health_Bulletin_2016/table_0242.csv,unclassified,0,,quality_gate_not_passed,review_required,8,39
quarantined_tables/034_Health_Bulletin_2016/table_0243.csv,unclassified,0,,quality_gate_not_passed,review_required,8,39
quarantined_tables/034_Health_Bulletin_2016/table_0244.csv,unclassified,0,,quality_gate_not_passed,review_required,8,39
quarantined_tables/034_Health_Bulletin_2016/table_0245.csv,unclassified,0,,quality_gate_not_passed,review_required,8,39
quarantined_tables/034_Health_Bulletin_2016/table_0246.csv,unclassified,0,,quality_gate_not_passed,review_required,8,26
quarantined_tables/034_Health_Bulletin_2016/table_0247.csv,unclassified,0,,quality_gate_not_passed,review_required,38,10
quarantined_tables/034_Health_Bulletin_2016/table_0248.csv,unclassified,0,,quality_gate_not_passed,review_required,15,10
quarantined_tables/034_Health_Bulletin_2016/table_0249.csv,unclassified,0,,quality_gate_not_passed,review_required,43,9
quarantined_tables/034_Health_Bulletin_2016/table_0250.csv,unclassified,0,,quality_gate_not_passed,review_required,52,3
quarantined_tables/034_Health_Bulletin_2016/table_0251.csv,unclassified,0,,quality_gate_not_passed,review_required,38,4
quarantined_tables/034_Health_Bulletin_2016/table_0252.csv,unclassified,0,,quality_gate_not_passed,review_required,10,5
quarantined_tables/034_Health_Bulletin_2016/table_0253.csv,unclassified,0,,quality_gate_not_passed,review_required,52,5
quarantined_tables/034_Health_Bulletin_2016/table_0254.csv,unclassified,0,,quality_gate_not_passed,review_required,10,5
quarantined_tables/034_Health_Bulletin_2016/table_0255.csv,unclassified,0,,quality_gate_not_passed,review_required,11,4
quarantined_tables/034_Health_Bulletin_2016/table_0256.csv,unclassified,0,,quality_gate_not_passed,review_required,27,5
quarantined_tables/034_Health_Bulletin_2016/table_0257.csv,unclassified,0,,quality_gate_not_passed,review_required,19,4
quarantined_tables/034_Health_Bulletin_2016/table_0258.csv,unclassified,0,,quality_gate_not_passed,review_required,10,4
quarantined_tables/034_Health_Bulletin_2016/table_0259.csv,unclassified,0,,quality_gate_not_passed,review_required,23,3
quarantined_tables/034_Health_Bulletin_2016/table_0260.csv,unclassified,0,,quality_gate_not_passed,review_required,27,3
quarantined_tables/034_Health_Bulletin_2016/table_0261.csv,unclassified,0,,quality_gate_not_passed,review_required,6,3
quarantined_tables/034_Health_Bulletin_2016/table_0262.csv,unclassified,0,,quality_gate_not_passed,review_required,40,3
quarantined_tables/034_Health_Bulletin_2016/table_0263.csv,unclassified,0,,quality_gate_not_passed,review_required,12,3
quarantined_tables/034_Health_Bulletin_2016/table_0264.csv,unclassified,0,,quality_gate_not_passed,review_required,39,3
quarantined_tables/034_Health_Bulletin_2016/table_0265.csv,unclassified,0,,quality_gate_not_passed,review_required,43,3
quarantined_tables/034_Health_Bulletin_2016/table_0266.csv,unclassified,0,,quality_gate_not_passed,review_required,28,3
quarantined_tables/034_Health_Bulletin_2016/table_0267.csv,unclassified,0,,quality_gate_not_passed,review_required,14,3
quarantined_tables/034_Health_Bulletin_2016/table_0268.csv,unclassified,0,,quality_gate_not_passed,review_required,10,3
quarantined_tables/034_Health_Bulletin_2016/table_0269.csv,unclassified,0,,quality_gate_not_passed,review_required,37,4
quarantined_tables/034_Health_Bulletin_2016/table_0270.csv,unclassified,0,,quality_gate_not_passed,review_required,51,4
quarantined_tables/034_Health_Bulletin_2016/table_0271.csv,unclassified,0,,quality_gate_not_passed,review_required,52,4
quarantined_tables/034_Health_Bulletin_2016/table_0272.csv,unclassified,0,,quality_gate_not_passed,review_required,33,4
quarantined_tables/034_Health_Bulletin_2016/table_0273.csv,unclassified,0,,quality_gate_not_passed,review_required,12,12
quarantined_tables/034_Health_Bulletin_2016/table_0274.csv,unclassified,0,,quality_gate_not_passed,review_required,35,11
quarantined_tables/034_Health_Bulletin_2016/table_0275.csv,unclassified,0,,quality_gate_not_passed,review_required,34,11
quarantined_tables/034_Health_Bulletin_2016/table_0276.csv,unclassified,0,,quality_gate_not_passed,review_required,36,11
quarantined_tables/034_Health_Bulletin_2016/table_0277.csv,unclassified,0,,quality_gate_not_passed,review_required,10,11
quarantined_tables/034_Health_Bulletin_2016/table_0278.csv,unclassified,0,,quality_gate_not_passed,review_required,6,9
quarantined_tables/034_Health_Bulletin_2016/table_0279.csv,unclassified,0,,quality_gate_not_passed,review_required,5,8
quarantined_tables/034_Health_Bulletin_2016/table_0280.csv,unclassified,0,,quality_gate_not_passed,review_required,20,9
quarantined_tables/034_Health_Bulletin_2016/table_0281.csv,unclassified,0,,quality_gate_not_passed,review_required,22,4
quarantined_tables/034_Health_Bulletin_2016/table_0282.csv,unclassified,0,,quality_gate_not_passed,review_required,45,4
quarantined_tables/034_Health_Bulletin_2016/table_0283.csv,unclassified,0,,quality_gate_not_passed,review_required,34,4
quarantined_tables/034_Health_Bulletin_2016/table_0284.csv,unclassified,0,,quality_gate_not_passed,review_required,11,24
quarantined_tables/034_Health_Bulletin_2016/table_0285.csv,unclassified,0,,quality_gate_not_passed,review_required,18,33
quarantined_tables/034_Health_Bulletin_2016/table_0286.csv,unclassified,0,,quality_gate_not_passed,review_required,18,41
quarantined_tables/034_Health_Bulletin_2016/table_0287.csv,unclassified,0,,quality_gate_not_passed,review_required,18,35
quarantined_tables/034_Health_Bulletin_2016/table_0288.csv,unclassified,0,,quality_gate_not_passed,review_required,13,33
quarantined_tables/034_Health_Bulletin_2016/table_0289.csv,unclassified,0,,quality_gate_not_passed,review_required,18,31
quarantined_tables/035_Health_Bulletin_2015/table_0001.csv,unclassified,0,,quality_gate_not_passed,rejected,1,1
quarantined_tables/035_Health_Bulletin_2015/table_0002.csv,unclassified,0,,quality_gate_not_passed,review_required,2,2
quarantined_tables/035_Health_Bulletin_2015/table_0003.csv,unclassified,0,,quality_gate_not_passed,review_required,1,2
quarantined_tables/035_Health_Bulletin_2015/table_0004.csv,unclassified,0,,quality_gate_not_passed,review_required,2,24
quarantined_tables/035_Health_Bulletin_2015/table_0005.csv,unclassified,0,,quality_gate_not_passed,review_required,3,8
quarantined_tables/035_Health_Bulletin_2015/table_0006.csv,unclassified,0,,quality_gate_not_passed,rejected,0,0
quarantined_tables/035_Health_Bulletin_2015/table_0007.csv,unclassified,0,,quality_gate_not_passed,rejected,0,0
quarantined_tables/035_Health_Bulletin_2015/table_0008.csv,unclassified,0,,quality_gate_not_passed,rejected,0,0
quarantined_tables/035_Health_Bulletin_2015/table_0009.csv,unclassified,0,,quality_gate_not_passed,rejected,0,0
quarantined_tables/035_Health_Bulletin_2015/table_0010.csv,unclassified,0,,quality_gate_not_passed,rejected,0,0
quarantined_tables/035_Health_Bulletin_2015/table_0011.csv,unclassified,0,,quality_gate_not_passed,rejected,0,0
quarantined_tables/035_Health_Bulletin_2015/table_0012.csv,unclassified,0,,quality_gate_not_passed,rejected,0,0
quarantined_tables/035_Health_Bulletin_2015/table_0013.csv,unclassified,0,,quality_gate_not_passed,rejected,0,0
quarantined_tables/035_Health_Bulletin_2015/table_0014.csv,unclassified,0,,quality_gate_not_passed,rejected,0,0
quarantined_tables/035_Health_Bulletin_2015/table_0015.csv,unclassified,0,,quality_gate_not_passed,rejected,0,0
quarantined_tables/035_Health_Bulletin_2015/table_0016.csv,unclassified,0,,quality_gate_not_passed,rejected,0,0
quarantined_tables/035_Health_Bulletin_2015/table_0017.csv,unclassified,0,,quality_gate_not_passed,rejected,0,0
quarantined_tables/035_Health_Bulletin_2015/table_0018.csv,unclassified,0,,quality_gate_not_passed,rejected,0,0
quarantined_tables/035_Health_Bulletin_2015/table_0019.csv,unclassified,0,,quality_gate_not_passed,rejected,0,0
quarantined_tables/035_Health_Bulletin_2015/table_0020.csv,unclassified,0,,quality_gate_not_passed,rejected,0,0
quarantined_tables/035_Health_Bulletin_2015/table_0021.csv,unclassified,0,,quality_gate_not_passed,rejected,0,0
quarantined_tables/035_Health_Bulletin_2015/table_0022.csv,unclassified,0,,quality_gate_not_passed,rejected,0,0
quarantined_tables/035_Health_Bulletin_2015/table_0023.csv,unclassified,0,,quality_gate_not_passed,rejected,0,0
quarantined_tables/035_Health_Bulletin_2015/table_0024.csv,unclassified,0,,quality_gate_not_passed,rejected,0,0
quarantined_tables/035_Health_Bulletin_2015/table_0025.csv,unclassified,0,,quality_gate_not_passed,rejected,0,0
quarantined_tables/035_Health_Bulletin_2015/table_0026.csv,unclassified,0,,quality_gate_not_passed,rejected,0,0
quarantined_tables/035_Health_Bulletin_2015/table_0027.csv,unclassified,0,,quality_gate_not_passed,rejected,0,0
quarantined_tables/035_Health_Bulletin_2015/table_0028.csv,unclassified,0,,quality_gate_not_passed,rejected,0,0
quarantined_tables/035_Health_Bulletin_2015/table_0029.csv,unclassified,0,,quality_gate_not_passed,review_required,5,8
quarantined_tables/035_Health_Bulletin_2015/table_0030.csv,unclassified,0,,quality_gate_not_passed,review_required,4,7
quarantined_tables/035_Health_Bulletin_2015/table_0031.csv,unclassified,0,,quality_gate_not_passed,rejected,0,0
quarantined_tables/035_Health_Bulletin_2015/table_0032.csv,unclassified,0,,quality_gate_not_passed,review_required,2,2
quarantined_tables/035_Health_Bulletin_2015/table_0033.csv,unclassified,0,,quality_gate_not_passed,review_required,4,7
quarantined_tables/035_Health_Bulletin_2015/table_0034.csv,unclassified,0,,quality_gate_not_passed,review_required,3,6
quarantined_tables/035_Health_Bulletin_2015/table_0035.csv,unclassified,0,,quality_gate_not_passed,rejected,0,0
quarantined_tables/035_Health_Bulletin_2015/table_0036.csv,unclassified,0,,quality_gate_not_passed,rejected,0,0
quarantined_tables/035_Health_Bulletin_2015/table_0037.csv,unclassified,0,,quality_gate_not_passed,rejected,0,0
quarantined_tables/035_Health_Bulletin_2015/table_0038.csv,unclassified,0,,quality_gate_not_passed,rejected,0,0
quarantined_tables/035_Health_Bulletin_2015/table_0039.csv,unclassified,0,,quality_gate_not_passed,rejected,0,0
quarantined_tables/035_Health_Bulletin_2015/table_0040.csv,unclassified,0,,quality_gate_not_passed,rejected,0,0
quarantined_tables/035_Health_Bulletin_2015/table_0041.csv,unclassified,0,,quality_gate_not_passed,rejected,0,0
quarantined_tables/035_Health_Bulletin_2015/table_0042.csv,unclassified,0,,quality_gate_not_passed,rejected,0,0
quarantined_tables/035_Health_Bulletin_2015/table_0043.csv,unclassified,0,,quality_gate_not_passed,rejected,0,0
quarantined_tables/035_Health_Bulletin_2015/table_0044.csv,unclassified,0,,quality_gate_not_passed,rejected,0,0
quarantined_tables/035_Health_Bulletin_2015/table_0045.csv,unclassified,0,,quality_gate_not_passed,rejected,0,0
quarantined_tables/035_Health_Bulletin_2015/table_0046.csv,unclassified,0,,quality_gate_not_passed,rejected,0,0
quarantined_tables/035_Health_Bulletin_2015/table_0047.csv,unclassified,0,,quality_gate_not_passed,rejected,0,0
quarantined_tables/035_Health_Bulletin_2015/table_0048.csv,unclassified,0,,quality_gate_not_passed,rejected,0,0
quarantined_tables/035_Health_Bulletin_2015/table_0049.csv,unclassified,0,,quality_gate_not_passed,rejected,0,0
quarantined_tables/035_Health_Bulletin_2015/table_0050.csv,unclassified,0,,quality_gate_not_passed,rejected,0,0
quarantined_tables/035_Health_Bulletin_2015/table_0051.csv,unclassified,0,,quality_gate_not_passed,rejected,0,0
quarantined_tables/035_Health_Bulletin_2015/table_0052.csv,unclassified,0,,quality_gate_not_passed,rejected,0,0
quarantined_tables/035_Health_Bulletin_2015/table_0053.csv,unclassified,0,,quality_gate_not_passed,rejected,0,0
quarantined_tables/036_Health_Bulletin_2014/table_0001.csv,unclassified,0,,quality_gate_not_passed,review_required,3,2
quarantined_tables/036_Health_Bulletin_2014/table_0002.csv,unclassified,0,,quality_gate_not_passed,rejected,0,0
quarantined_tables/036_Health_Bulletin_2014/table_0003.csv,unclassified,0,,quality_gate_not_passed,review_required,2,2
quarantined_tables/036_Health_Bulletin_2014/table_0004.csv,unclassified,0,,quality_gate_not_passed,review_required,3,3
quarantined_tables/036_Health_Bulletin_2014/table_0005.csv,unclassified,0,,quality_gate_not_passed,review_required,4,3
quarantined_tables/036_Health_Bulletin_2014/table_0006.csv,unclassified,0,,quality_gate_not_passed,review_required,5,3
quarantined_tables/036_Health_Bulletin_2014/table_0007.csv,unclassified,0,,quality_gate_not_passed,review_required,4,3
quarantined_tables/036_Health_Bulletin_2014/table_0008.csv,unclassified,0,,quality_gate_not_passed,review_required,11,3
quarantined_tables/036_Health_Bulletin_2014/table_0009.csv,unclassified,0,,quality_gate_not_passed,review_required,3,3
quarantined_tables/036_Health_Bulletin_2014/table_0010.csv,unclassified,0,,quality_gate_not_passed,review_required,15,3
quarantined_tables/036_Health_Bulletin_2014/table_0011.csv,unclassified,0,,quality_gate_not_passed,review_required,3,3
quarantined_tables/036_Health_Bulletin_2014/table_0012.csv,unclassified,0,,quality_gate_not_passed,review_required,3,3
quarantined_tables/036_Health_Bulletin_2014/table_0013.csv,unclassified,0,,quality_gate_not_passed,rejected,0,0
quarantined_tables/036_Health_Bulletin_2014/table_0014.csv,unclassified,0,,quality_gate_not_passed,rejected,0,0
quarantined_tables/036_Health_Bulletin_2014/table_0015.csv,unclassified,0,,quality_gate_not_passed,rejected,0,0
quarantined_tables/036_Health_Bulletin_2014/table_0016.csv,unclassified,0,,quality_gate_not_passed,rejected,0,0
quarantined_tables/036_Health_Bulletin_2014/table_0017.csv,unclassified,0,,quality_gate_not_passed,review_required,2,5
quarantined_tables/036_Health_Bulletin_2014/table_0018.csv,unclassified,0,,quality_gate_not_passed,review_required,2,9
quarantined_tables/036_Health_Bulletin_2014/table_0019.csv,unclassified,0,,quality_gate_not_passed,review_required,3,3
quarantined_tables/036_Health_Bulletin_2014/table_0020.csv,unclassified,0,,quality_gate_not_passed,review_required,4,9
quarantined_tables/036_Health_Bulletin_2014/table_0021.csv,unclassified,0,,quality_gate_not_passed,rejected,0,0
quarantined_tables/036_Health_Bulletin_2014/table_0022.csv,unclassified,0,,quality_gate_not_passed,rejected,0,0
quarantined_tables/036_Health_Bulletin_2014/table_0023.csv,unclassified,0,,quality_gate_not_passed,review_required,2,3
quarantined_tables/036_Health_Bulletin_2014/table_0024.csv,unclassified,0,,quality_gate_not_passed,review_required,2,5
quarantined_tables/036_Health_Bulletin_2014/table_0025.csv,unclassified,0,,quality_gate_not_passed,review_required,2,5
quarantined_tables/036_Health_Bulletin_2014/table_0026.csv,unclassified,0,,quality_gate_not_passed,review_required,2,7
quarantined_tables/036_Health_Bulletin_2014/table_0027.csv,unclassified,0,,quality_gate_not_passed,review_required,2,7
quarantined_tables/036_Health_Bulletin_2014/table_0028.csv,unclassified,0,,quality_gate_not_passed,review_required,12,3
quarantined_tables/036_Health_Bulletin_2014/table_0029.csv,unclassified,0,,quality_gate_not_passed,review_required,11,3
quarantined_tables/036_Health_Bulletin_2014/table_0030.csv,unclassified,0,,quality_gate_not_passed,review_required,11,3
quarantined_tables/036_Health_Bulletin_2014/table_0031.csv,unclassified,0,,quality_gate_not_passed,rejected,0,0
quarantined_tables/036_Health_Bulletin_2014/table_0032.csv,unclassified,0,,quality_gate_not_passed,rejected,0,0
quarantined_tables/036_Health_Bulletin_2014/table_0033.csv,unclassified,0,,quality_gate_not_passed,rejected,0,0
quarantined_tables/036_Health_Bulletin_2014/table_0034.csv,unclassified,0,,quality_gate_not_passed,rejected,0,0
quarantined_tables/036_Health_Bulletin_2014/table_0035.csv,unclassified,0,,quality_gate_not_passed,rejected,0,0
quarantined_tables/036_Health_Bulletin_2014/table_0036.csv,unclassified,0,,quality_gate_not_passed,rejected,0,0
quarantined_tables/036_Health_Bulletin_2014/table_0037.csv,unclassified,0,,quality_gate_not_passed,review_required,11,3
quarantined_tables/036_Health_Bulletin_2014/table_0038.csv,unclassified,0,,quality_gate_not_passed,review_required,11,3
quarantined_tables/036_Health_Bulletin_2014/table_0039.csv,unclassified,0,,quality_gate_not_passed,review_required,11,3
quarantined_tables/036_Health_Bulletin_2014/table_0040.csv,unclassified,0,,quality_gate_not_passed,review_required,8,3
quarantined_tables/036_Health_Bulletin_2014/table_0041.csv,unclassified,0,,quality_gate_not_passed,review_required,4,3
quarantined_tables/036_Health_Bulletin_2014/table_0042.csv,unclassified,0,,quality_gate_not_passed,review_required,11,3
quarantined_tables/036_Health_Bulletin_2014/table_0043.csv,unclassified,0,,quality_gate_not_passed,review_required,3,3
quarantined_tables/036_Health_Bulletin_2014/table_0044.csv,unclassified,0,,quality_gate_not_passed,review_required,2,3
quarantined_tables/036_Health_Bulletin_2014/table_0045.csv,unclassified,0,,quality_gate_not_passed,review_required,2,3
quarantined_tables/036_Health_Bulletin_2014/table_0046.csv,unclassified,0,,quality_gate_not_passed,review_required,2,3
quarantined_tables/036_Health_Bulletin_2014/table_0047.csv,unclassified,0,,quality_gate_not_passed,review_required,2,3
quarantined_tables/036_Health_Bulletin_2014/table_0048.csv,unclassified,0,,quality_gate_not_passed,review_required,2,3
quarantined_tables/036_Health_Bulletin_2014/table_0049.csv,unclassified,0,,quality_gate_not_passed,review_required,3,3
quarantined_tables/036_Health_Bulletin_2014/table_0050.csv,unclassified,0,,quality_gate_not_passed,review_required,2,3
quarantined_tables/036_Health_Bulletin_2014/table_0051.csv,unclassified,0,,quality_gate_not_passed,rejected,0,0
quarantined_tables/036_Health_Bulletin_2014/table_0052.csv,unclassified,0,,quality_gate_not_passed,review_required,3,9
quarantined_tables/036_Health_Bulletin_2014/table_0053.csv,unclassified,0,,quality_gate_not_passed,review_required,2,9
quarantined_tables/036_Health_Bulletin_2014/table_0054.csv,unclassified,0,,quality_gate_not_passed,rejected,0,0
quarantined_tables/036_Health_Bulletin_2014/table_0055.csv,unclassified,0,,quality_gate_not_passed,rejected,0,0
quarantined_tables/036_Health_Bulletin_2014/table_0056.csv,unclassified,0,,quality_gate_not_passed,rejected,0,0
quarantined_tables/036_Health_Bulletin_2014/table_0057.csv,unclassified,0,,quality_gate_not_passed,rejected,0,0
quarantined_tables/036_Health_Bulletin_2014/table_0058.csv,unclassified,0,,quality_gate_not_passed,rejected,0,0
quarantined_tables/036_Health_Bulletin_2014/table_0059.csv,unclassified,0,,quality_gate_not_passed,rejected,0,0
quarantined_tables/036_Health_Bulletin_2014/table_0060.csv,unclassified,0,,quality_gate_not_passed,rejected,0,0
quarantined_tables/036_Health_Bulletin_2014/table_0061.csv,unclassified,0,,quality_gate_not_passed,rejected,0,0
quarantined_tables/036_Health_Bulletin_2014/table_0062.csv,unclassified,0,,quality_gate_not_passed,rejected,0,0
quarantined_tables/036_Health_Bulletin_2014/table_0063.csv,unclassified,0,,quality_gate_not_passed,rejected,0,0
quarantined_tables/036_Health_Bulletin_2014/table_0064.csv,unclassified,0,,quality_gate_not_passed,rejected,0,0
quarantined_tables/036_Health_Bulletin_2014/table_0065.csv,unclassified,0,,quality_gate_not_passed,rejected,0,0
quarantined_tables/036_Health_Bulletin_2014/table_0066.csv,unclassified,0,,quality_gate_not_passed,rejected,0,0
quarantined_tables/036_Health_Bulletin_2014/table_0067.csv,unclassified,0,,quality_gate_not_passed,review_required,3,5
quarantined_tables/036_Health_Bulletin_2014/table_0068.csv,unclassified,0,,quality_gate_not_passed,rejected,0,0
quarantined_tables/036_Health_Bulletin_2014/table_0069.csv,unclassified,0,,quality_gate_not_passed,rejected,0,0
quarantined_tables/036_Health_Bulletin_2014/table_0070.csv,unclassified,0,,quality_gate_not_passed,rejected,0,0
quarantined_tables/036_Health_Bulletin_2014/table_0071.csv,unclassified,0,,quality_gate_not_passed,rejected,0,0
quarantined_tables/036_Health_Bulletin_2014/table_0072.csv,unclassified,0,,quality_gate_not_passed,rejected,0,0
quarantined_tables/036_Health_Bulletin_2014/table_0073.csv,unclassified,0,,quality_gate_not_passed,rejected,0,0
quarantined_tables/036_Health_Bulletin_2014/table_0074.csv,unclassified,0,,quality_gate_not_passed,rejected,0,0
quarantined_tables/036_Health_Bulletin_2014/table_0075.csv,unclassified,0,,quality_gate_not_passed,rejected,0,0
quarantined_tables/036_Health_Bulletin_2014/table_0076.csv,unclassified,0,,quality_gate_not_passed,rejected,0,0
quarantined_tables/036_Health_Bulletin_2014/table_0077.csv,unclassified,0,,quality_gate_not_passed,rejected,0,0
quarantined_tables/036_Health_Bulletin_2014/table_0078.csv,unclassified,0,,quality_gate_not_passed,rejected,0,0
quarantined_tables/036_Health_Bulletin_2014/table_0079.csv,unclassified,0,,quality_gate_not_passed,rejected,0,0
quarantined_tables/036_Health_Bulletin_2014/table_0080.csv,unclassified,0,,quality_gate_not_passed,rejected,0,0
quarantined_tables/036_Health_Bulletin_2014/table_0081.csv,unclassified,0,,quality_gate_not_passed,rejected,0,0
quarantined_tables/036_Health_Bulletin_2014/table_0082.csv,unclassified,0,,quality_gate_not_passed,rejected,0,0
quarantined_tables/036_Health_Bulletin_2014/table_0083.csv,unclassified,0,,quality_gate_not_passed,rejected,0,0
quarantined_tables/036_Health_Bulletin_2014/table_0084.csv,unclassified,0,,quality_gate_not_passed,rejected,0,0
quarantined_tables/036_Health_Bulletin_2014/table_0085.csv,unclassified,0,,quality_gate_not_passed,rejected,0,0
quarantined_tables/036_Health_Bulletin_2014/table_0086.csv,unclassified,0,,quality_gate_not_passed,rejected,0,0
quarantined_tables/036_Health_Bulletin_2014/table_0087.csv,unclassified,0,,quality_gate_not_passed,rejected,0,0
quarantined_tables/036_Health_Bulletin_2014/table_0088.csv,unclassified,0,,quality_gate_not_passed,rejected,0,0
quarantined_tables/036_Health_Bulletin_2014/table_0089.csv,unclassified,0,,quality_gate_not_passed,rejected,0,0
quarantined_tables/036_Health_Bulletin_2014/table_0090.csv,unclassified,0,,quality_gate_not_passed,rejected,0,0
quarantined_tables/036_Health_Bulletin_2014/table_0091.csv,unclassified,0,,quality_gate_not_passed,rejected,0,0
quarantined_tables/036_Health_Bulletin_2014/table_0092.csv,unclassified,0,,quality_gate_not_passed,rejected,0,0
quarantined_tables/036_Health_Bulletin_2014/table_0093.csv,unclassified,0,,quality_gate_not_passed,review_required,9,5
quarantined_tables/036_Health_Bulletin_2014/table_0094.csv,unclassified,0,,quality_gate_not_passed,review_required,8,5
quarantined_tables/036_Health_Bulletin_2014/table_0095.csv,unclassified,0,,quality_gate_not_passed,review_required,2,5
quarantined_tables/036_Health_Bulletin_2014/table_0096.csv,unclassified,0,,quality_gate_not_passed,review_required,2,5
quarantined_tables/036_Health_Bulletin_2014/table_0097.csv,unclassified,0,,quality_gate_not_passed,review_required,3,3
quarantined_tables/036_Health_Bulletin_2014/table_0098.csv,unclassified,0,,quality_gate_not_passed,review_required,2,5
quarantined_tables/036_Health_Bulletin_2014/table_0099.csv,unclassified,0,,quality_gate_not_passed,review_required,2,5
quarantined_tables/036_Health_Bulletin_2014/table_0100.csv,unclassified,0,,quality_gate_not_passed,review_required,2,5
quarantined_tables/036_Health_Bulletin_2014/table_0101.csv,unclassified,0,,quality_gate_not_passed,review_required,2,3
quarantined_tables/036_Health_Bulletin_2014/table_0102.csv,unclassified,0,,quality_gate_not_passed,review_required,8,3
quarantined_tables/036_Health_Bulletin_2014/table_0103.csv,unclassified,0,,quality_gate_not_passed,rejected,0,0
quarantined_tables/036_Health_Bulletin_2014/table_0104.csv,unclassified,0,,quality_gate_not_passed,rejected,0,0
quarantined_tables/036_Health_Bulletin_2014/table_0105.csv,unclassified,0,,quality_gate_not_passed,rejected,0,0
quarantined_tables/036_Health_Bulletin_2014/table_0106.csv,unclassified,0,,quality_gate_not_passed,rejected,0,0
quarantined_tables/036_Health_Bulletin_2014/table_0107.csv,unclassified,0,,quality_gate_not_passed,rejected,0,0
quarantined_tables/036_Health_Bulletin_2014/table_0108.csv,unclassified,0,,quality_gate_not_passed,rejected,0,0
quarantined_tables/036_Health_Bulletin_2014/table_0109.csv,unclassified,0,,quality_gate_not_passed,review_required,3,3
quarantined_tables/036_Health_Bulletin_2014/table_0110.csv,unclassified,0,,quality_gate_not_passed,review_required,3,3
quarantined_tables/036_Health_Bulletin_2014/table_0111.csv,unclassified,0,,quality_gate_not_passed,review_required,4,9
quarantined_tables/036_Health_Bulletin_2014/table_0112.csv,unclassified,0,,quality_gate_not_passed,review_required,4,5
quarantined_tables/036_Health_Bulletin_2014/table_0113.csv,unclassified,0,,quality_gate_not_passed,review_required,3,3
quarantined_tables/036_Health_Bulletin_2014/table_0114.csv,unclassified,0,,quality_gate_not_passed,review_required,5,5
quarantined_tables/036_Health_Bulletin_2014/table_0115.csv,unclassified,0,,quality_gate_not_passed,review_required,10,5
quarantined_tables/036_Health_Bulletin_2014/table_0116.csv,unclassified,0,,quality_gate_not_passed,review_required,4,5
quarantined_tables/036_Health_Bulletin_2014/table_0117.csv,unclassified,0,,quality_gate_not_passed,review_required,5,5
quarantined_tables/036_Health_Bulletin_2014/table_0118.csv,unclassified,0,,quality_gate_not_passed,review_required,2,7
quarantined_tables/036_Health_Bulletin_2014/table_0119.csv,unclassified,0,,quality_gate_not_passed,review_required,16,3
quarantined_tables/036_Health_Bulletin_2014/table_0120.csv,unclassified,0,,quality_gate_not_passed,review_required,4,3
quarantined_tables/036_Health_Bulletin_2014/table_0121.csv,unclassified,0,,quality_gate_not_passed,review_required,8,3
quarantined_tables/036_Health_Bulletin_2014/table_0122.csv,unclassified,0,,quality_gate_not_passed,review_required,2,3
quarantined_tables/036_Health_Bulletin_2014/table_0123.csv,unclassified,0,,quality_gate_not_passed,review_required,4,9
quarantined_tables/036_Health_Bulletin_2014/table_0124.csv,unclassified,0,,quality_gate_not_passed,review_required,8,3
quarantined_tables/036_Health_Bulletin_2014/table_0125.csv,unclassified,0,,quality_gate_not_passed,review_required,2,5
quarantined_tables/036_Health_Bulletin_2014/table_0126.csv,unclassified,0,,quality_gate_not_passed,rejected,0,0
quarantined_tables/036_Health_Bulletin_2014/table_0127.csv,unclassified,0,,quality_gate_not_passed,review_required,2,3
quarantined_tables/036_Health_Bulletin_2014/table_0128.csv,unclassified,0,,quality_gate_not_passed,review_required,2,3
quarantined_tables/036_Health_Bulletin_2014/table_0129.csv,unclassified,0,,quality_gate_not_passed,review_required,3,3
quarantined_tables/036_Health_Bulletin_2014/table_0130.csv,unclassified,0,,quality_gate_not_passed,rejected,0,0
quarantined_tables/036_Health_Bulletin_2014/table_0131.csv,unclassified,0,,quality_gate_not_passed,rejected,0,0
quarantined_tables/036_Health_Bulletin_2014/table_0132.csv,unclassified,0,,quality_gate_not_passed,rejected,0,0
quarantined_tables/036_Health_Bulletin_2014/table_0133.csv,unclassified,0,,quality_gate_not_passed,rejected,0,0
quarantined_tables/036_Health_Bulletin_2014/table_0134.csv,unclassified,0,,quality_gate_not_passed,review_required,6,3
quarantined_tables/036_Health_Bulletin_2014/table_0135.csv,unclassified,0,,quality_gate_not_passed,review_required,2,3
quarantined_tables/036_Health_Bulletin_2014/table_0136.csv,unclassified,0,,quality_gate_not_passed,review_required,3,5
quarantined_tables/036_Health_Bulletin_2014/table_0137.csv,unclassified,0,,quality_gate_not_passed,review_required,2,7
quarantined_tables/036_Health_Bulletin_2014/table_0138.csv,unclassified,0,,quality_gate_not_passed,review_required,3,9
quarantined_tables/036_Health_Bulletin_2014/table_0139.csv,unclassified,0,,quality_gate_not_passed,review_required,15,9
quarantined_tables/036_Health_Bulletin_2014/table_0140.csv,unclassified,0,,quality_gate_not_passed,review_required,2,7
quarantined_tables/036_Health_Bulletin_2014/table_0141.csv,unclassified,0,,quality_gate_not_passed,review_required,4,5
quarantined_tables/036_Health_Bulletin_2014/table_0142.csv,unclassified,0,,quality_gate_not_passed,review_required,8,6
quarantined_tables/036_Health_Bulletin_2014/table_0143.csv,unclassified,0,,quality_gate_not_passed,review_required,8,6
quarantined_tables/036_Health_Bulletin_2014/table_0144.csv,unclassified,0,,quality_gate_not_passed,review_required,7,3
quarantined_tables/036_Health_Bulletin_2014/table_0145.csv,unclassified,0,,quality_gate_not_passed,review_required,8,8
quarantined_tables/036_Health_Bulletin_2014/table_0146.csv,unclassified,0,,quality_gate_not_passed,review_required,8,7
quarantined_tables/036_Health_Bulletin_2014/table_0147.csv,unclassified,0,,quality_gate_not_passed,review_required,8,5
quarantined_tables/036_Health_Bulletin_2014/table_0148.csv,unclassified,0,,quality_gate_not_passed,review_required,8,13
quarantined_tables/036_Health_Bulletin_2014/table_0149.csv,unclassified,0,,quality_gate_not_passed,review_required,8,9
quarantined_tables/036_Health_Bulletin_2014/table_0150.csv,unclassified,0,,quality_gate_not_passed,review_required,8,9
quarantined_tables/036_Health_Bulletin_2014/table_0151.csv,unclassified,0,,quality_gate_not_passed,review_required,8,13
quarantined_tables/036_Health_Bulletin_2014/table_0152.csv,unclassified,0,,quality_gate_not_passed,review_required,8,12
quarantined_tables/036_Health_Bulletin_2014/table_0153.csv,unclassified,0,,quality_gate_not_passed,review_required,8,13
quarantined_tables/036_Health_Bulletin_2014/table_0154.csv,unclassified,0,,quality_gate_not_passed,review_required,8,13
quarantined_tables/036_Health_Bulletin_2014/table_0155.csv,unclassified,0,,quality_gate_not_passed,review_required,8,13
quarantined_tables/036_Health_Bulletin_2014/table_0156.csv,unclassified,0,,quality_gate_not_passed,review_required,8,15
quarantined_tables/036_Health_Bulletin_2014/table_0157.csv,unclassified,0,,quality_gate_not_passed,review_required,8,12
quarantined_tables/036_Health_Bulletin_2014/table_0158.csv,unclassified,0,,quality_gate_not_passed,review_required,8,9
quarantined_tables/036_Health_Bulletin_2014/table_0159.csv,unclassified,0,,quality_gate_not_passed,review_required,8,13
quarantined_tables/036_Health_Bulletin_2014/table_0160.csv,unclassified,0,,quality_gate_not_passed,review_required,8,13
quarantined_tables/036_Health_Bulletin_2014/table_0161.csv,unclassified,0,,quality_gate_not_passed,review_required,8,5
quarantined_tables/036_Health_Bulletin_2014/table_0162.csv,unclassified,0,,quality_gate_not_passed,review_required,9,3
quarantined_tables/036_Health_Bulletin_2014/table_0163.csv,unclassified,0,,quality_gate_not_passed,review_required,9,3
quarantined_tables/036_Health_Bulletin_2014/table_0164.csv,unclassified,0,,quality_gate_not_passed,review_required,9,3
quarantined_tables/036_Health_Bulletin_2014/table_0165.csv,unclassified,0,,quality_gate_not_passed,review_required,9,3
quarantined_tables/036_Health_Bulletin_2014/table_0166.csv,unclassified,0,,quality_gate_not_passed,review_required,9,3
quarantined_tables/036_Health_Bulletin_2014/table_0167.csv,unclassified,0,,quality_gate_not_passed,review_required,9,3
quarantined_tables/036_Health_Bulletin_2014/table_0168.csv,unclassified,0,,quality_gate_not_passed,review_required,9,3
quarantined_tables/036_Health_Bulletin_2014/table_0169.csv,unclassified,0,,quality_gate_not_passed,review_required,9,3
quarantined_tables/036_Health_Bulletin_2014/table_0170.csv,unclassified,0,,quality_gate_not_passed,review_required,9,3
quarantined_tables/036_Health_Bulletin_2014/table_0171.csv,unclassified,0,,quality_gate_not_passed,review_required,9,3
quarantined_tables/036_Health_Bulletin_2014/table_0172.csv,unclassified,0,,quality_gate_not_passed,review_required,9,3
quarantined_tables/036_Health_Bulletin_2014/table_0173.csv,unclassified,0,,quality_gate_not_passed,review_required,3,3
quarantined_tables/036_Health_Bulletin_2014/table_0174.csv,unclassified,0,,quality_gate_not_passed,review_required,2,4
quarantined_tables/036_Health_Bulletin_2014/table_0175.csv,unclassified,0,,quality_gate_not_passed,review_required,4,7
quarantined_tables/036_Health_Bulletin_2014/table_0176.csv,unclassified,0,,quality_gate_not_passed,review_required,2,5
quarantined_tables/036_Health_Bulletin_2014/table_0177.csv,unclassified,0,,quality_gate_not_passed,review_required,8,3
quarantined_tables/036_Health_Bulletin_2014/table_0178.csv,unclassified,0,,quality_gate_not_passed,review_required,3,3
quarantined_tables/036_Health_Bulletin_2014/table_0179.csv,unclassified,0,,quality_gate_not_passed,review_required,4,3
quarantined_tables/036_Health_Bulletin_2014/table_0180.csv,unclassified,0,,quality_gate_not_passed,review_required,2,3
quarantined_tables/036_Health_Bulletin_2014/table_0181.csv,unclassified,0,,quality_gate_not_passed,review_required,11,3
quarantined_tables/036_Health_Bulletin_2014/table_0182.csv,unclassified,0,,quality_gate_not_passed,review_required,9,3
quarantined_tables/036_Health_Bulletin_2014/table_0183.csv,unclassified,0,,quality_gate_not_passed,review_required,3,3
quarantined_tables/036_Health_Bulletin_2014/table_0184.csv,unclassified,0,,quality_gate_not_passed,review_required,3,3
quarantined_tables/036_Health_Bulletin_2014/table_0185.csv,unclassified,0,,quality_gate_not_passed,review_required,2,3
quarantined_tables/036_Health_Bulletin_2014/table_0186.csv,unclassified,0,,quality_gate_not_passed,review_required,2,11
quarantined_tables/036_Health_Bulletin_2014/table_0187.csv,unclassified,0,,quality_gate_not_passed,review_required,3,3
quarantined_tables/036_Health_Bulletin_2014/table_0188.csv,unclassified,0,,quality_gate_not_passed,review_required,3,5
quarantined_tables/036_Health_Bulletin_2014/table_0189.csv,unclassified,0,,quality_gate_not_passed,review_required,3,5
quarantined_tables/036_Health_Bulletin_2014/table_0190.csv,unclassified,0,,quality_gate_not_passed,review_required,3,5
quarantined_tables/036_Health_Bulletin_2014/table_0191.csv,unclassified,0,,quality_gate_not_passed,review_required,8,3
quarantined_tables/036_Health_Bulletin_2014/table_0192.csv,unclassified,0,,quality_gate_not_passed,review_required,20,3
quarantined_tables/036_Health_Bulletin_2014/table_0193.csv,unclassified,0,,quality_gate_not_passed,review_required,9,3
quarantined_tables/036_Health_Bulletin_2014/table_0194.csv,unclassified,0,,quality_gate_not_passed,review_required,5,8
quarantined_tables/036_Health_Bulletin_2014/table_0195.csv,unclassified,0,,quality_gate_not_passed,review_required,6,8
quarantined_tables/036_Health_Bulletin_2014/table_0196.csv,unclassified,0,,quality_gate_not_passed,review_required,2,3
quarantined_tables/036_Health_Bulletin_2014/table_0197.csv,unclassified,0,,quality_gate_not_passed,review_required,2,3
quarantined_tables/036_Health_Bulletin_2014/table_0198.csv,unclassified,0,,quality_gate_not_passed,review_required,2,3
quarantined_tables/036_Health_Bulletin_2014/table_0199.csv,unclassified,0,,quality_gate_not_passed,review_required,2,3
quarantined_tables/036_Health_Bulletin_2014/table_0200.csv,unclassified,0,,quality_gate_not_passed,review_required,2,3
quarantined_tables/036_Health_Bulletin_2014/table_0201.csv,unclassified,0,,quality_gate_not_passed,review_required,2,3
quarantined_tables/036_Health_Bulletin_2014/table_0202.csv,unclassified,0,,quality_gate_not_passed,review_required,2,3
quarantined_tables/036_Health_Bulletin_2014/table_0203.csv,unclassified,0,,quality_gate_not_passed,review_required,12,4
quarantined_tables/036_Health_Bulletin_2014/table_0204.csv,unclassified,0,,quality_gate_not_passed,review_required,4,4
quarantined_tables/036_Health_Bulletin_2014/table_0205.csv,unclassified,0,,quality_gate_not_passed,review_required,6,3
quarantined_tables/036_Health_Bulletin_2014/table_0206.csv,unclassified,0,,quality_gate_not_passed,review_required,4,3
quarantined_tables/036_Health_Bulletin_2014/table_0207.csv,unclassified,0,,quality_gate_not_passed,review_required,17,2
quarantined_tables/036_Health_Bulletin_2014/table_0208.csv,unclassified,0,,quality_gate_not_passed,review_required,4,2
quarantined_tables/036_Health_Bulletin_2014/table_0209.csv,unclassified,0,,quality_gate_not_passed,review_required,3,3
quarantined_tables/036_Health_Bulletin_2014/table_0210.csv,unclassified,0,,quality_gate_not_passed,review_required,6,3
quarantined_tables/036_Health_Bulletin_2014/table_0211.csv,unclassified,0,,quality_gate_not_passed,review_required,3,3
quarantined_tables/036_Health_Bulletin_2014/table_0212.csv,unclassified,0,,quality_gate_not_passed,review_required,10,3
quarantined_tables/036_Health_Bulletin_2014/table_0213.csv,unclassified,0,,quality_gate_not_passed,review_required,3,3
quarantined_tables/036_Health_Bulletin_2014/table_0214.csv,unclassified,0,,quality_gate_not_passed,review_required,4,3
quarantined_tables/036_Health_Bulletin_2014/table_0215.csv,unclassified,0,,quality_gate_not_passed,review_required,4,3
quarantined_tables/036_Health_Bulletin_2014/table_0216.csv,unclassified,0,,quality_gate_not_passed,review_required,6,4
quarantined_tables/036_Health_Bulletin_2014/table_0217.csv,unclassified,0,,quality_gate_not_passed,review_required,4,8
quarantined_tables/036_Health_Bulletin_2014/table_0218.csv,unclassified,0,,quality_gate_not_passed,review_required,4,6
quarantined_tables/036_Health_Bulletin_2014/table_0219.csv,unclassified,0,,quality_gate_not_passed,review_required,2,7
quarantined_tables/036_Health_Bulletin_2014/table_0220.csv,unclassified,0,,quality_gate_not_passed,review_required,5,7
quarantined_tables/036_Health_Bulletin_2014/table_0221.csv,unclassified,0,,quality_gate_not_passed,review_required,2,3
quarantined_tables/036_Health_Bulletin_2014/table_0222.csv,unclassified,0,,quality_gate_not_passed,review_required,9,4
quarantined_tables/036_Health_Bulletin_2014/table_0223.csv,unclassified,0,,quality_gate_not_passed,review_required,8,5
quarantined_tables/036_Health_Bulletin_2014/table_0224.csv,unclassified,0,,quality_gate_not_passed,review_required,8,6
quarantined_tables/036_Health_Bulletin_2014/table_0225.csv,unclassified,0,,quality_gate_not_passed,review_required,3,3
quarantined_tables/036_Health_Bulletin_2014/table_0226.csv,unclassified,0,,quality_gate_not_passed,review_required,3,3
quarantined_tables/036_Health_Bulletin_2014/table_0227.csv,unclassified,0,,quality_gate_not_passed,review_required,2,3
quarantined_tables/036_Health_Bulletin_2014/table_0228.csv,unclassified,0,,quality_gate_not_passed,review_required,2,3
quarantined_tables/036_Health_Bulletin_2014/table_0229.csv,unclassified,0,,quality_gate_not_passed,rejected,1,1
quarantined_tables/037_Health_Bulletin_2013/table_0001.csv,unclassified,0,,quality_gate_not_passed,review_required,2,2
quarantined_tables/037_Health_Bulletin_2013/table_0002.csv,unclassified,0,,quality_gate_not_passed,review_required,3,3
quarantined_tables/037_Health_Bulletin_2013/table_0003.csv,unclassified,0,,quality_gate_not_passed,review_required,4,3
quarantined_tables/037_Health_Bulletin_2013/table_0004.csv,unclassified,0,,quality_gate_not_passed,review_required,5,3
quarantined_tables/037_Health_Bulletin_2013/table_0005.csv,unclassified,0,,quality_gate_not_passed,review_required,4,3
quarantined_tables/037_Health_Bulletin_2013/table_0006.csv,unclassified,0,,quality_gate_not_passed,review_required,11,3
quarantined_tables/037_Health_Bulletin_2013/table_0007.csv,unclassified,0,,quality_gate_not_passed,review_required,3,3
quarantined_tables/037_Health_Bulletin_2013/table_0008.csv,unclassified,0,,quality_gate_not_passed,review_required,15,3
quarantined_tables/037_Health_Bulletin_2013/table_0009.csv,unclassified,0,,quality_gate_not_passed,review_required,3,3
quarantined_tables/037_Health_Bulletin_2013/table_0010.csv,unclassified,0,,quality_gate_not_passed,rejected,0,0
quarantined_tables/037_Health_Bulletin_2013/table_0011.csv,unclassified,0,,quality_gate_not_passed,rejected,0,0
quarantined_tables/037_Health_Bulletin_2013/table_0012.csv,unclassified,0,,quality_gate_not_passed,rejected,0,0
quarantined_tables/037_Health_Bulletin_2013/table_0013.csv,unclassified,0,,quality_gate_not_passed,rejected,0,0
quarantined_tables/037_Health_Bulletin_2013/table_0014.csv,unclassified,0,,quality_gate_not_passed,review_required,2,5
quarantined_tables/037_Health_Bulletin_2013/table_0015.csv,unclassified,0,,quality_gate_not_passed,review_required,2,9
quarantined_tables/037_Health_Bulletin_2013/table_0016.csv,unclassified,0,,quality_gate_not_passed,review_required,3,3
quarantined_tables/037_Health_Bulletin_2013/table_0017.csv,unclassified,0,,quality_gate_not_passed,review_required,4,9
quarantined_tables/037_Health_Bulletin_2013/table_0018.csv,unclassified,0,,quality_gate_not_passed,rejected,0,0
quarantined_tables/037_Health_Bulletin_2013/table_0019.csv,unclassified,0,,quality_gate_not_passed,rejected,0,0
quarantined_tables/037_Health_Bulletin_2013/table_0020.csv,unclassified,0,,quality_gate_not_passed,rejected,0,0
quarantined_tables/037_Health_Bulletin_2013/table_0021.csv,unclassified,0,,quality_gate_not_passed,rejected,0,0
quarantined_tables/037_Health_Bulletin_2013/table_0022.csv,unclassified,0,,quality_gate_not_passed,rejected,0,0
quarantined_tables/037_Health_Bulletin_2013/table_0023.csv,unclassified,0,,quality_gate_not_passed,review_required,2,3
quarantined_tables/037_Health_Bulletin_2013/table_0024.csv,unclassified,0,,quality_gate_not_passed,review_required,2,5
quarantined_tables/037_Health_Bulletin_2013/table_0025.csv,unclassified,0,,quality_gate_not_passed,review_required,2,5
quarantined_tables/037_Health_Bulletin_2013/table_0026.csv,unclassified,0,,quality_gate_not_passed,review_required,2,7
quarantined_tables/037_Health_Bulletin_2013/table_0027.csv,unclassified,0,,quality_gate_not_passed,review_required,2,7
quarantined_tables/037_Health_Bulletin_2013/table_0028.csv,unclassified,0,,quality_gate_not_passed,review_required,12,3
quarantined_tables/037_Health_Bulletin_2013/table_0029.csv,unclassified,0,,quality_gate_not_passed,review_required,11,3
quarantined_tables/037_Health_Bulletin_2013/table_0030.csv,unclassified,0,,quality_gate_not_passed,review_required,12,3
quarantined_tables/037_Health_Bulletin_2013/table_0031.csv,unclassified,0,,quality_gate_not_passed,review_required,2,3
quarantined_tables/037_Health_Bulletin_2013/table_0032.csv,unclassified,0,,quality_gate_not_passed,review_required,2,3
quarantined_tables/037_Health_Bulletin_2013/table_0033.csv,unclassified,0,,quality_gate_not_passed,review_required,2,3
quarantined_tables/037_Health_Bulletin_2013/table_0034.csv,unclassified,0,,quality_gate_not_passed,review_required,2,3
quarantined_tables/037_Health_Bulletin_2013/table_0035.csv,unclassified,0,,quality_gate_not_passed,rejected,0,0
quarantined_tables/037_Health_Bulletin_2013/table_0036.csv,unclassified,0,,quality_gate_not_passed,rejected,0,0
quarantined_tables/037_Health_Bulletin_2013/table_0037.csv,unclassified,0,,quality_gate_not_passed,rejected,0,0
quarantined_tables/037_Health_Bulletin_2013/table_0038.csv,unclassified,0,,quality_gate_not_passed,rejected,0,0
quarantined_tables/037_Health_Bulletin_2013/table_0039.csv,unclassified,0,,quality_gate_not_passed,rejected,0,0
quarantined_tables/037_Health_Bulletin_2013/table_0040.csv,unclassified,0,,quality_gate_not_passed,rejected,0,0
quarantined_tables/037_Health_Bulletin_2013/table_0041.csv,unclassified,0,,quality_gate_not_passed,rejected,0,0
quarantined_tables/037_Health_Bulletin_2013/table_0042.csv,unclassified,0,,quality_gate_not_passed,review_required,3,9
quarantined_tables/037_Health_Bulletin_2013/table_0043.csv,unclassified,0,,quality_gate_not_passed,review_required,2,9
quarantined_tables/037_Health_Bulletin_2013/table_0044.csv,unclassified,0,,quality_gate_not_passed,rejected,0,0
quarantined_tables/037_Health_Bulletin_2013/table_0045.csv,unclassified,0,,quality_gate_not_passed,rejected,0,0
quarantined_tables/037_Health_Bulletin_2013/table_0046.csv,unclassified,0,,quality_gate_not_passed,review_required,2,11
quarantined_tables/037_Health_Bulletin_2013/table_0047.csv,unclassified,0,,quality_gate_not_passed,review_required,2,11
quarantined_tables/037_Health_Bulletin_2013/table_0048.csv,unclassified,0,,quality_gate_not_passed,rejected,0,0
quarantined_tables/037_Health_Bulletin_2013/table_0049.csv,unclassified,0,,quality_gate_not_passed,rejected,0,0
quarantined_tables/037_Health_Bulletin_2013/table_0050.csv,unclassified,0,,quality_gate_not_passed,rejected,0,0
quarantined_tables/037_Health_Bulletin_2013/table_0051.csv,unclassified,0,,quality_gate_not_passed,rejected,0,0
quarantined_tables/037_Health_Bulletin_2013/table_0052.csv,unclassified,0,,quality_gate_not_passed,rejected,0,0
quarantined_tables/037_Health_Bulletin_2013/table_0053.csv,unclassified,0,,quality_gate_not_passed,rejected,0,0
quarantined_tables/037_Health_Bulletin_2013/table_0054.csv,unclassified,0,,quality_gate_not_passed,rejected,0,0
quarantined_tables/037_Health_Bulletin_2013/table_0055.csv,unclassified,0,,quality_gate_not_passed,rejected,0,0
quarantined_tables/037_Health_Bulletin_2013/table_0056.csv,unclassified,0,,quality_gate_not_passed,rejected,0,0
quarantined_tables/037_Health_Bulletin_2013/table_0057.csv,unclassified,0,,quality_gate_not_passed,rejected,0,0
quarantined_tables/037_Health_Bulletin_2013/table_0058.csv,unclassified,0,,quality_gate_not_passed,rejected,0,0
quarantined_tables/037_Health_Bulletin_2013/table_0059.csv,unclassified,0,,quality_gate_not_passed,rejected,0,0
quarantined_tables/037_Health_Bulletin_2013/table_0060.csv,unclassified,0,,quality_gate_not_passed,rejected,0,0
quarantined_tables/037_Health_Bulletin_2013/table_0061.csv,unclassified,0,,quality_gate_not_passed,review_required,3,5
quarantined_tables/037_Health_Bulletin_2013/table_0062.csv,unclassified,0,,quality_gate_not_passed,review_required,5,3
quarantined_tables/037_Health_Bulletin_2013/table_0063.csv,unclassified,0,,quality_gate_not_passed,review_required,7,7
quarantined_tables/037_Health_Bulletin_2013/table_0064.csv,unclassified,0,,quality_gate_not_passed,rejected,0,0
quarantined_tables/037_Health_Bulletin_2013/table_0065.csv,unclassified,0,,quality_gate_not_passed,rejected,0,0
quarantined_tables/037_Health_Bulletin_2013/table_0066.csv,unclassified,0,,quality_gate_not_passed,rejected,0,0
quarantined_tables/037_Health_Bulletin_2013/table_0067.csv,unclassified,0,,quality_gate_not_passed,rejected,0,0
quarantined_tables/037_Health_Bulletin_2013/table_0068.csv,unclassified,0,,quality_gate_not_passed,rejected,0,0
quarantined_tables/037_Health_Bulletin_2013/table_0069.csv,unclassified,0,,quality_gate_not_passed,review_required,12,7
quarantined_tables/037_Health_Bulletin_2013/table_0070.csv,unclassified,0,,quality_gate_not_passed,rejected,0,0
quarantined_tables/037_Health_Bulletin_2013/table_0071.csv,unclassified,0,,quality_gate_not_passed,rejected,0,0
quarantined_tables/037_Health_Bulletin_2013/table_0072.csv,unclassified,0,,quality_gate_not_passed,rejected,0,0
quarantined_tables/037_Health_Bulletin_2013/table_0073.csv,unclassified,0,,quality_gate_not_passed,rejected,0,0
quarantined_tables/037_Health_Bulletin_2013/table_0074.csv,unclassified,0,,quality_gate_not_passed,review_required,5,5
quarantined_tables/037_Health_Bulletin_2013/table_0075.csv,unclassified,0,,quality_gate_not_passed,rejected,0,0
quarantined_tables/037_Health_Bulletin_2013/table_0076.csv,unclassified,0,,quality_gate_not_passed,rejected,0,0
quarantined_tables/037_Health_Bulletin_2013/table_0077.csv,unclassified,0,,quality_gate_not_passed,rejected,0,0
quarantined_tables/037_Health_Bulletin_2013/table_0078.csv,unclassified,0,,quality_gate_not_passed,rejected,0,0
quarantined_tables/037_Health_Bulletin_2013/table_0079.csv,unclassified,0,,quality_gate_not_passed,rejected,0,0
quarantined_tables/037_Health_Bulletin_2013/table_0080.csv,unclassified,0,,quality_gate_not_passed,rejected,0,0
quarantined_tables/037_Health_Bulletin_2013/table_0081.csv,unclassified,0,,quality_gate_not_passed,review_required,3,3
quarantined_tables/037_Health_Bulletin_2013/table_0082.csv,unclassified,0,,quality_gate_not_passed,review_required,16,5
quarantined_tables/037_Health_Bulletin_2013/table_0083.csv,unclassified,0,,quality_gate_not_passed,review_required,2,5
quarantined_tables/037_Health_Bulletin_2013/table_0084.csv,unclassified,0,,quality_gate_not_passed,review_required,2,5
quarantined_tables/037_Health_Bulletin_2013/table_0085.csv,unclassified,0,,quality_gate_not_passed,review_required,2,5
quarantined_tables/037_Health_Bulletin_2013/table_0086.csv,unclassified,0,,quality_gate_not_passed,review_required,3,3
quarantined_tables/037_Health_Bulletin_2013/table_0087.csv,unclassified,0,,quality_gate_not_passed,review_required,2,5
quarantined_tables/037_Health_Bulletin_2013/table_0088.csv,unclassified,0,,quality_gate_not_passed,review_required,2,5
quarantined_tables/037_Health_Bulletin_2013/table_0089.csv,unclassified,0,,quality_gate_not_passed,review_required,2,5
quarantined_tables/037_Health_Bulletin_2013/table_0090.csv,unclassified,0,,quality_gate_not_passed,review_required,2,5
quarantined_tables/037_Health_Bulletin_2013/table_0091.csv,unclassified,0,,quality_gate_not_passed,review_required,8,3
quarantined_tables/037_Health_Bulletin_2013/table_0092.csv,unclassified,0,,quality_gate_not_passed,rejected,0,0
quarantined_tables/037_Health_Bulletin_2013/table_0093.csv,unclassified,0,,quality_gate_not_passed,rejected,0,0
quarantined_tables/037_Health_Bulletin_2013/table_0094.csv,unclassified,0,,quality_gate_not_passed,rejected,0,0
quarantined_tables/037_Health_Bulletin_2013/table_0095.csv,unclassified,0,,quality_gate_not_passed,rejected,0,0
quarantined_tables/037_Health_Bulletin_2013/table_0096.csv,unclassified,0,,quality_gate_not_passed,rejected,0,0
quarantined_tables/037_Health_Bulletin_2013/table_0097.csv,unclassified,0,,quality_gate_not_passed,rejected,0,0
quarantined_tables/037_Health_Bulletin_2013/table_0098.csv,unclassified,0,,quality_gate_not_passed,review_required,3,3
quarantined_tables/037_Health_Bulletin_2013/table_0099.csv,unclassified,0,,quality_gate_not_passed,review_required,4,7
quarantined_tables/037_Health_Bulletin_2013/table_0100.csv,unclassified,0,,quality_gate_not_passed,review_required,4,5
quarantined_tables/037_Health_Bulletin_2013/table_0101.csv,unclassified,0,,quality_gate_not_passed,review_required,3,3
quarantined_tables/037_Health_Bulletin_2013/table_0102.csv,unclassified,0,,quality_gate_not_passed,review_required,5,5
quarantined_tables/037_Health_Bulletin_2013/table_0103.csv,unclassified,0,,quality_gate_not_passed,review_required,13,5
quarantined_tables/037_Health_Bulletin_2013/table_0104.csv,unclassified,0,,quality_gate_not_passed,review_required,5,5
quarantined_tables/037_Health_Bulletin_2013/table_0105.csv,unclassified,0,,quality_gate_not_passed,review_required,2,7
quarantined_tables/037_Health_Bulletin_2013/table_0106.csv,unclassified,0,,quality_gate_not_passed,review_required,10,3
quarantined_tables/037_Health_Bulletin_2013/table_0107.csv,unclassified,0,,quality_gate_not_passed,review_required,9,3
quarantined_tables/037_Health_Bulletin_2013/table_0108.csv,unclassified,0,,quality_gate_not_passed,review_required,4,3
quarantined_tables/037_Health_Bulletin_2013/table_0109.csv,unclassified,0,,quality_gate_not_passed,review_required,7,3
quarantined_tables/037_Health_Bulletin_2013/table_0110.csv,unclassified,0,,quality_gate_not_passed,review_required,2,3
quarantined_tables/037_Health_Bulletin_2013/table_0111.csv,unclassified,0,,quality_gate_not_passed,review_required,4,9
quarantined_tables/037_Health_Bulletin_2013/table_0112.csv,unclassified,0,,quality_gate_not_passed,review_required,8,3
quarantined_tables/037_Health_Bulletin_2013/table_0113.csv,unclassified,0,,quality_gate_not_passed,review_required,2,5
quarantined_tables/037_Health_Bulletin_2013/table_0114.csv,unclassified,0,,quality_gate_not_passed,review_required,3,5
quarantined_tables/037_Health_Bulletin_2013/table_0115.csv,unclassified,0,,quality_gate_not_passed,review_required,3,5
quarantined_tables/037_Health_Bulletin_2013/table_0116.csv,unclassified,0,,quality_gate_not_passed,review_required,2,3
quarantined_tables/037_Health_Bulletin_2013/table_0117.csv,unclassified,0,,quality_gate_not_passed,review_required,2,3
quarantined_tables/037_Health_Bulletin_2013/table_0118.csv,unclassified,0,,quality_gate_not_passed,rejected,0,0
quarantined_tables/037_Health_Bulletin_2013/table_0119.csv,unclassified,0,,quality_gate_not_passed,rejected,0,0
quarantined_tables/037_Health_Bulletin_2013/table_0120.csv,unclassified,0,,quality_gate_not_passed,rejected,0,0
quarantined_tables/037_Health_Bulletin_2013/table_0121.csv,unclassified,0,,quality_gate_not_passed,rejected,0,0
quarantined_tables/037_Health_Bulletin_2013/table_0122.csv,unclassified,0,,quality_gate_not_passed,rejected,0,0
quarantined_tables/037_Health_Bulletin_2013/table_0123.csv,unclassified,0,,quality_gate_not_passed,review_required,6,3
quarantined_tables/037_Health_Bulletin_2013/table_0124.csv,unclassified,0,,quality_gate_not_passed,review_required,2,3
quarantined_tables/037_Health_Bulletin_2013/table_0125.csv,unclassified,0,,quality_gate_not_passed,review_required,3,5
quarantined_tables/037_Health_Bulletin_2013/table_0126.csv,unclassified,0,,quality_gate_not_passed,review_required,2,7
quarantined_tables/037_Health_Bulletin_2013/table_0127.csv,unclassified,0,,quality_gate_not_passed,review_required,3,9
quarantined_tables/037_Health_Bulletin_2013/table_0128.csv,unclassified,0,,quality_gate_not_passed,review_required,12,9
quarantined_tables/037_Health_Bulletin_2013/table_0129.csv,unclassified,0,,quality_gate_not_passed,review_required,2,7
quarantined_tables/037_Health_Bulletin_2013/table_0130.csv,unclassified,0,,quality_gate_not_passed,review_required,2,7
quarantined_tables/037_Health_Bulletin_2013/table_0131.csv,unclassified,0,,quality_gate_not_passed,review_required,4,5
quarantined_tables/037_Health_Bulletin_2013/table_0132.csv,unclassified,0,,quality_gate_not_passed,review_required,8,6
quarantined_tables/037_Health_Bulletin_2013/table_0133.csv,unclassified,0,,quality_gate_not_passed,review_required,8,7
quarantined_tables/037_Health_Bulletin_2013/table_0134.csv,unclassified,0,,quality_gate_not_passed,review_required,10,6
quarantined_tables/037_Health_Bulletin_2013/table_0135.csv,unclassified,0,,quality_gate_not_passed,review_required,10,8
quarantined_tables/037_Health_Bulletin_2013/table_0136.csv,unclassified,0,,quality_gate_not_passed,review_required,10,7
quarantined_tables/037_Health_Bulletin_2013/table_0137.csv,unclassified,0,,quality_gate_not_passed,review_required,8,6
quarantined_tables/037_Health_Bulletin_2013/table_0138.csv,unclassified,0,,quality_gate_not_passed,review_required,8,13
quarantined_tables/037_Health_Bulletin_2013/table_0139.csv,unclassified,0,,quality_gate_not_passed,review_required,8,11
quarantined_tables/037_Health_Bulletin_2013/table_0140.csv,unclassified,0,,quality_gate_not_passed,review_required,8,11
quarantined_tables/037_Health_Bulletin_2013/table_0141.csv,unclassified,0,,quality_gate_not_passed,review_required,8,12
quarantined_tables/037_Health_Bulletin_2013/table_0142.csv,unclassified,0,,quality_gate_not_passed,review_required,8,13
quarantined_tables/037_Health_Bulletin_2013/table_0143.csv,unclassified,0,,quality_gate_not_passed,review_required,8,13
quarantined_tables/037_Health_Bulletin_2013/table_0144.csv,unclassified,0,,quality_gate_not_passed,review_required,8,13
quarantined_tables/037_Health_Bulletin_2013/table_0145.csv,unclassified,0,,quality_gate_not_passed,review_required,8,13
quarantined_tables/037_Health_Bulletin_2013/table_0146.csv,unclassified,0,,quality_gate_not_passed,review_required,8,15
quarantined_tables/037_Health_Bulletin_2013/table_0147.csv,unclassified,0,,quality_gate_not_passed,review_required,8,13
quarantined_tables/037_Health_Bulletin_2013/table_0148.csv,unclassified,0,,quality_gate_not_passed,review_required,8,9
quarantined_tables/037_Health_Bulletin_2013/table_0149.csv,unclassified,0,,quality_gate_not_passed,review_required,8,14
quarantined_tables/037_Health_Bulletin_2013/table_0150.csv,unclassified,0,,quality_gate_not_passed,review_required,8,11
quarantined_tables/037_Health_Bulletin_2013/table_0151.csv,unclassified,0,,quality_gate_not_passed,review_required,9,2
quarantined_tables/037_Health_Bulletin_2013/table_0152.csv,unclassified,0,,quality_gate_not_passed,review_required,9,3
quarantined_tables/037_Health_Bulletin_2013/table_0153.csv,unclassified,0,,quality_gate_not_passed,review_required,9,3
quarantined_tables/037_Health_Bulletin_2013/table_0154.csv,unclassified,0,,quality_gate_not_passed,review_required,9,3
quarantined_tables/037_Health_Bulletin_2013/table_0155.csv,unclassified,0,,quality_gate_not_passed,review_required,9,3
quarantined_tables/037_Health_Bulletin_2013/table_0156.csv,unclassified,0,,quality_gate_not_passed,review_required,9,3
quarantined_tables/037_Health_Bulletin_2013/table_0157.csv,unclassified,0,,quality_gate_not_passed,review_required,9,3
quarantined_tables/037_Health_Bulletin_2013/table_0158.csv,unclassified,0,,quality_gate_not_passed,review_required,9,3
quarantined_tables/037_Health_Bulletin_2013/table_0159.csv,unclassified,0,,quality_gate_not_passed,review_required,3,3
quarantined_tables/037_Health_Bulletin_2013/table_0160.csv,unclassified,0,,quality_gate_not_passed,review_required,2,5
quarantined_tables/037_Health_Bulletin_2013/table_0161.csv,unclassified,0,,quality_gate_not_passed,review_required,4,7
quarantined_tables/037_Health_Bulletin_2013/table_0162.csv,unclassified,0,,quality_gate_not_passed,review_required,2,5
quarantined_tables/037_Health_Bulletin_2013/table_0163.csv,unclassified,0,,quality_gate_not_passed,review_required,7,3
quarantined_tables/037_Health_Bulletin_2013/table_0164.csv,unclassified,0,,quality_gate_not_passed,review_required,3,3
quarantined_tables/037_Health_Bulletin_2013/table_0165.csv,unclassified,0,,quality_gate_not_passed,review_required,4,3
quarantined_tables/037_Health_Bulletin_2013/table_0166.csv,unclassified,0,,quality_gate_not_passed,review_required,2,3
quarantined_tables/037_Health_Bulletin_2013/table_0167.csv,unclassified,0,,quality_gate_not_passed,review_required,10,3
quarantined_tables/037_Health_Bulletin_2013/table_0168.csv,unclassified,0,,quality_gate_not_passed,review_required,9,3
quarantined_tables/037_Health_Bulletin_2013/table_0169.csv,unclassified,0,,quality_gate_not_passed,review_required,3,3
quarantined_tables/037_Health_Bulletin_2013/table_0170.csv,unclassified,0,,quality_gate_not_passed,review_required,3,3
quarantined_tables/037_Health_Bulletin_2013/table_0171.csv,unclassified,0,,quality_gate_not_passed,review_required,2,3
quarantined_tables/037_Health_Bulletin_2013/table_0172.csv,unclassified,0,,quality_gate_not_passed,review_required,2,9
quarantined_tables/037_Health_Bulletin_2013/table_0173.csv,unclassified,0,,quality_gate_not_passed,review_required,3,3
quarantined_tables/037_Health_Bulletin_2013/table_0174.csv,unclassified,0,,quality_gate_not_passed,review_required,3,5
quarantined_tables/037_Health_Bulletin_2013/table_0175.csv,unclassified,0,,quality_gate_not_passed,review_required,3,5
quarantined_tables/037_Health_Bulletin_2013/table_0176.csv,unclassified,0,,quality_gate_not_passed,review_required,3,3
quarantined_tables/037_Health_Bulletin_2013/table_0177.csv,unclassified,0,,quality_gate_not_passed,review_required,7,3
quarantined_tables/037_Health_Bulletin_2013/table_0178.csv,unclassified,0,,quality_gate_not_passed,review_required,20,3
quarantined_tables/037_Health_Bulletin_2013/table_0179.csv,unclassified,0,,quality_gate_not_passed,review_required,9,3
quarantined_tables/037_Health_Bulletin_2013/table_0180.csv,unclassified,0,,quality_gate_not_passed,review_required,5,8
quarantined_tables/037_Health_Bulletin_2013/table_0181.csv,unclassified,0,,quality_gate_not_passed,review_required,6,8
quarantined_tables/037_Health_Bulletin_2013/table_0182.csv,unclassified,0,,quality_gate_not_passed,review_required,2,3
quarantined_tables/037_Health_Bulletin_2013/table_0183.csv,unclassified,0,,quality_gate_not_passed,review_required,2,3
quarantined_tables/037_Health_Bulletin_2013/table_0184.csv,unclassified,0,,quality_gate_not_passed,review_required,2,3
quarantined_tables/037_Health_Bulletin_2013/table_0185.csv,unclassified,0,,quality_gate_not_passed,review_required,2,3
quarantined_tables/037_Health_Bulletin_2013/table_0186.csv,unclassified,0,,quality_gate_not_passed,review_required,2,3
quarantined_tables/037_Health_Bulletin_2013/table_0187.csv,unclassified,0,,quality_gate_not_passed,review_required,2,3
quarantined_tables/037_Health_Bulletin_2013/table_0188.csv,unclassified,0,,quality_gate_not_passed,review_required,12,4
quarantined_tables/037_Health_Bulletin_2013/table_0189.csv,unclassified,0,,quality_gate_not_passed,review_required,4,4
quarantined_tables/037_Health_Bulletin_2013/table_0190.csv,unclassified,0,,quality_gate_not_passed,review_required,6,3
quarantined_tables/037_Health_Bulletin_2013/table_0191.csv,unclassified,0,,quality_gate_not_passed,review_required,4,3
quarantined_tables/037_Health_Bulletin_2013/table_0192.csv,unclassified,0,,quality_gate_not_passed,review_required,17,2
quarantined_tables/037_Health_Bulletin_2013/table_0193.csv,unclassified,0,,quality_gate_not_passed,review_required,4,2
quarantined_tables/037_Health_Bulletin_2013/table_0194.csv,unclassified,0,,quality_gate_not_passed,review_required,3,3
quarantined_tables/037_Health_Bulletin_2013/table_0195.csv,unclassified,0,,quality_gate_not_passed,review_required,7,3
quarantined_tables/037_Health_Bulletin_2013/table_0196.csv,unclassified,0,,quality_gate_not_passed,review_required,10,3
quarantined_tables/037_Health_Bulletin_2013/table_0197.csv,unclassified,0,,quality_gate_not_passed,review_required,4,3
quarantined_tables/037_Health_Bulletin_2013/table_0198.csv,unclassified,0,,quality_gate_not_passed,review_required,3,3
quarantined_tables/037_Health_Bulletin_2013/table_0199.csv,unclassified,0,,quality_gate_not_passed,review_required,6,3
quarantined_tables/037_Health_Bulletin_2013/table_0200.csv,unclassified,0,,quality_gate_not_passed,review_required,5,4
quarantined_tables/037_Health_Bulletin_2013/table_0201.csv,unclassified,0,,quality_gate_not_passed,review_required,4,8
quarantined_tables/037_Health_Bulletin_2013/table_0202.csv,unclassified,0,,quality_gate_not_passed,review_required,4,6
quarantined_tables/037_Health_Bulletin_2013/table_0203.csv,unclassified,0,,quality_gate_not_passed,review_required,5,7
quarantined_tables/037_Health_Bulletin_2013/table_0204.csv,unclassified,0,,quality_gate_not_passed,review_required,4,4
quarantined_tables/037_Health_Bulletin_2013/table_0205.csv,unclassified,0,,quality_gate_not_passed,review_required,13,3
quarantined_tables/037_Health_Bulletin_2013/table_0206.csv,unclassified,0,,quality_gate_not_passed,review_required,3,5
quarantined_tables/037_Health_Bulletin_2013/table_0207.csv,unclassified,0,,quality_gate_not_passed,review_required,3,3
quarantined_tables/037_Health_Bulletin_2013/table_0208.csv,unclassified,0,,quality_gate_not_passed,review_required,3,3
quarantined_tables/037_Health_Bulletin_2013/table_0209.csv,unclassified,0,,quality_gate_not_passed,review_required,3,3
quarantined_tables/037_Health_Bulletin_2013/table_0210.csv,unclassified,0,,quality_gate_not_passed,review_required,3,3
quarantined_tables/037_Health_Bulletin_2013/table_0211.csv,unclassified,0,,quality_gate_not_passed,review_required,10,5
quarantined_tables/037_Health_Bulletin_2013/table_0212.csv,unclassified,0,,quality_gate_not_passed,review_required,18,4
quarantined_tables/037_Health_Bulletin_2013/table_0213.csv,unclassified,0,,quality_gate_not_passed,review_required,9,4
quarantined_tables/037_Health_Bulletin_2013/table_0214.csv,unclassified,0,,quality_gate_not_passed,review_required,2,5
quarantined_tables/037_Health_Bulletin_2013/table_0215.csv,unclassified,0,,quality_gate_not_passed,review_required,5,5
quarantined_tables/037_Health_Bulletin_2013/table_0216.csv,unclassified,0,,quality_gate_not_passed,review_required,3,3
quarantined_tables/037_Health_Bulletin_2013/table_0217.csv,unclassified,0,,quality_gate_not_passed,review_required,14,4
quarantined_tables/037_Health_Bulletin_2013/table_0218.csv,unclassified,0,,quality_gate_not_passed,review_required,14,4
quarantined_tables/039_Health_Bulletin_2011/table_0001.csv,unclassified,0,,quality_gate_not_passed,review_required,43,4
quarantined_tables/039_Health_Bulletin_2011/table_0002.csv,unclassified,0,,quality_gate_not_passed,review_required,51,5
quarantined_tables/039_Health_Bulletin_2011/table_0003.csv,unclassified,0,,quality_gate_not_passed,review_required,34,3
quarantined_tables/039_Health_Bulletin_2011/table_0004.csv,unclassified,0,,quality_gate_not_passed,review_required,29,6
quarantined_tables/039_Health_Bulletin_2011/table_0005.csv,unclassified,0,,quality_gate_not_passed,review_required,14,2
quarantined_tables/039_Health_Bulletin_2011/table_0006.csv,unclassified,0,,quality_gate_not_passed,review_required,8,2
quarantined_tables/039_Health_Bulletin_2011/table_0007.csv,unclassified,0,,quality_gate_not_passed,review_required,3,5
quarantined_tables/039_Health_Bulletin_2011/table_0008.csv,unclassified,0,,quality_gate_not_passed,review_required,4,4
quarantined_tables/039_Health_Bulletin_2011/table_0009.csv,unclassified,0,,quality_gate_not_passed,review_required,6,3
quarantined_tables/039_Health_Bulletin_2011/table_0010.csv,unclassified,0,,quality_gate_not_passed,review_required,6,3
quarantined_tables/039_Health_Bulletin_2011/table_0011.csv,unclassified,0,,quality_gate_not_passed,review_required,12,6
quarantined_tables/039_Health_Bulletin_2011/table_0012.csv,unclassified,0,,quality_gate_not_passed,review_required,9,3
quarantined_tables/039_Health_Bulletin_2011/table_0013.csv,unclassified,0,,quality_gate_not_passed,review_required,5,9
quarantined_tables/039_Health_Bulletin_2011/table_0014.csv,unclassified,0,,quality_gate_not_passed,review_required,21,9
quarantined_tables/039_Health_Bulletin_2011/table_0015.csv,unclassified,0,,quality_gate_not_passed,review_required,21,10
quarantined_tables/039_Health_Bulletin_2011/table_0016.csv,unclassified,0,,quality_gate_not_passed,review_required,13,10
quarantined_tables/039_Health_Bulletin_2011/table_0017.csv,unclassified,0,,quality_gate_not_passed,review_required,3,9
quarantined_tables/039_Health_Bulletin_2011/table_0018.csv,unclassified,0,,quality_gate_not_passed,review_required,3,8
quarantined_tables/039_Health_Bulletin_2011/table_0019.csv,unclassified,0,,quality_gate_not_passed,review_required,12,8
quarantined_tables/039_Health_Bulletin_2011/table_0020.csv,unclassified,0,,quality_gate_not_passed,review_required,14,2
quarantined_tables/039_Health_Bulletin_2011/table_0021.csv,unclassified,0,,quality_gate_not_passed,review_required,4,11
quarantined_tables/039_Health_Bulletin_2011/table_0022.csv,unclassified,0,,quality_gate_not_passed,rejected,0,0
quarantined_tables/039_Health_Bulletin_2011/table_0023.csv,unclassified,0,,quality_gate_not_passed,review_required,23,7
quarantined_tables/039_Health_Bulletin_2011/table_0024.csv,unclassified,0,,quality_gate_not_passed,review_required,13,7
quarantined_tables/039_Health_Bulletin_2011/table_0025.csv,unclassified,0,,quality_gate_not_passed,review_required,15,19
quarantined_tables/039_Health_Bulletin_2011/table_0026.csv,unclassified,0,,quality_gate_not_passed,review_required,11,15
quarantined_tables/039_Health_Bulletin_2011/table_0027.csv,unclassified,0,,quality_gate_not_passed,rejected,0,0
quarantined_tables/039_Health_Bulletin_2011/table_0028.csv,unclassified,0,,quality_gate_not_passed,review_required,22,12
quarantined_tables/039_Health_Bulletin_2011/table_0029.csv,unclassified,0,,quality_gate_not_passed,review_required,8,6
quarantined_tables/039_Health_Bulletin_2011/table_0030.csv,unclassified,0,,quality_gate_not_passed,review_required,16,13
quarantined_tables/039_Health_Bulletin_2011/table_0031.csv,unclassified,0,,quality_gate_not_passed,review_required,6,12
quarantined_tables/039_Health_Bulletin_2011/table_0032.csv,unclassified,0,,quality_gate_not_passed,review_required,46,12
quarantined_tables/039_Health_Bulletin_2011/table_0033.csv,unclassified,0,,quality_gate_not_passed,review_required,23,12
quarantined_tables/039_Health_Bulletin_2011/table_0034.csv,unclassified,0,,quality_gate_not_passed,review_required,14,6
quarantined_tables/039_Health_Bulletin_2011/table_0035.csv,unclassified,0,,quality_gate_not_passed,review_required,54,6
quarantined_tables/039_Health_Bulletin_2011/table_0036.csv,unclassified,0,,quality_gate_not_passed,review_required,7,6
quarantined_tables/039_Health_Bulletin_2011/table_0037.csv,unclassified,0,,quality_gate_not_passed,review_required,6,10
quarantined_tables/039_Health_Bulletin_2011/table_0038.csv,unclassified,0,,quality_gate_not_passed,review_required,10,10
quarantined_tables/039_Health_Bulletin_2011/table_0039.csv,unclassified,0,,quality_gate_not_passed,review_required,12,7
quarantined_tables/039_Health_Bulletin_2011/table_0040.csv,unclassified,0,,quality_gate_not_passed,rejected,0,0
quarantined_tables/039_Health_Bulletin_2011/table_0041.csv,unclassified,0,,quality_gate_not_passed,rejected,0,0
quarantined_tables/039_Health_Bulletin_2011/table_0042.csv,unclassified,0,,quality_gate_not_passed,rejected,0,0
quarantined_tables/039_Health_Bulletin_2011/table_0043.csv,unclassified,0,,quality_gate_not_passed,rejected,0,0
quarantined_tables/039_Health_Bulletin_2011/table_0044.csv,unclassified,0,,quality_gate_not_passed,rejected,0,0
quarantined_tables/039_Health_Bulletin_2011/table_0045.csv,unclassified,0,,quality_gate_not_passed,review_required,1,3
quarantined_tables/039_Health_Bulletin_2011/table_0046.csv,unclassified,0,,quality_gate_not_passed,review_required,6,5
quarantined_tables/039_Health_Bulletin_2011/table_0047.csv,unclassified,0,,quality_gate_not_passed,rejected,0,0
quarantined_tables/039_Health_Bulletin_2011/table_0048.csv,unclassified,0,,quality_gate_not_passed,rejected,0,0
quarantined_tables/039_Health_Bulletin_2011/table_0049.csv,unclassified,0,,quality_gate_not_passed,rejected,0,0
quarantined_tables/039_Health_Bulletin_2011/table_0050.csv,unclassified,0,,quality_gate_not_passed,review_required,10,3
quarantined_tables/039_Health_Bulletin_2011/table_0051.csv,unclassified,0,,quality_gate_not_passed,review_required,8,3
quarantined_tables/039_Health_Bulletin_2011/table_0052.csv,unclassified,0,,quality_gate_not_passed,review_required,15,11
quarantined_tables/039_Health_Bulletin_2011/table_0053.csv,unclassified,0,,quality_gate_not_passed,review_required,26,8
quarantined_tables/039_Health_Bulletin_2011/table_0054.csv,unclassified,0,,quality_gate_not_passed,review_required,34,4
quarantined_tables/039_Health_Bulletin_2011/table_0055.csv,unclassified,0,,quality_gate_not_passed,review_required,22,10
quarantined_tables/039_Health_Bulletin_2011/table_0056.csv,unclassified,0,,quality_gate_not_passed,review_required,7,6
quarantined_tables/039_Health_Bulletin_2011/table_0057.csv,unclassified,0,,quality_gate_not_passed,rejected,0,0
quarantined_tables/039_Health_Bulletin_2011/table_0058.csv,unclassified,0,,quality_gate_not_passed,review_required,22,12
quarantined_tables/039_Health_Bulletin_2011/table_0059.csv,unclassified,0,,quality_gate_not_passed,review_required,12,11
quarantined_tables/039_Health_Bulletin_2011/table_0060.csv,unclassified,0,,quality_gate_not_passed,review_required,13,5
quarantined_tables/039_Health_Bulletin_2011/table_0061.csv,unclassified,0,,quality_gate_not_passed,review_required,14,8
quarantined_tables/039_Health_Bulletin_2011/table_0062.csv,unclassified,0,,quality_gate_not_passed,review_required,13,14
quarantined_tables/039_Health_Bulletin_2011/table_0063.csv,unclassified,0,,quality_gate_not_passed,review_required,10,4
quarantined_tables/039_Health_Bulletin_2011/table_0064.csv,unclassified,0,,quality_gate_not_passed,review_required,7,6
quarantined_tables/039_Health_Bulletin_2011/table_0065.csv,unclassified,0,,quality_gate_not_passed,review_required,76,17
quarantined_tables/039_Health_Bulletin_2011/table_0066.csv,unclassified,0,,quality_gate_not_passed,review_required,74,17
quarantined_tables/039_Health_Bulletin_2011/table_0067.csv,unclassified,0,,quality_gate_not_passed,review_required,12,17
quarantined_tables/039_Health_Bulletin_2011/table_0068.csv,unclassified,0,,quality_gate_not_passed,review_required,61,17
quarantined_tables/039_Health_Bulletin_2011/table_0069.csv,unclassified,0,,quality_gate_not_passed,review_required,81,17
quarantined_tables/039_Health_Bulletin_2011/table_0070.csv,unclassified,0,,quality_gate_not_passed,review_required,21,17
quarantined_tables/039_Health_Bulletin_2011/table_0071.csv,unclassified,0,,quality_gate_not_passed,review_required,54,17
quarantined_tables/039_Health_Bulletin_2011/table_0072.csv,unclassified,0,,quality_gate_not_passed,review_required,77,17
quarantined_tables/039_Health_Bulletin_2011/table_0073.csv,unclassified,0,,quality_gate_not_passed,review_required,31,17
quarantined_tables/039_Health_Bulletin_2011/table_0074.csv,unclassified,0,,quality_gate_not_passed,review_required,16,17
quarantined_tables/039_Health_Bulletin_2011/table_0075.csv,unclassified,0,,quality_gate_not_passed,review_required,13,17
quarantined_tables/039_Health_Bulletin_2011/table_0076.csv,unclassified,0,,quality_gate_not_passed,review_required,7,17
quarantined_tables/039_Health_Bulletin_2011/table_0077.csv,unclassified,0,,quality_gate_not_passed,review_required,58,17
quarantined_tables/039_Health_Bulletin_2011/table_0078.csv,unclassified,0,,quality_gate_not_passed,review_required,53,17
quarantined_tables/039_Health_Bulletin_2011/table_0079.csv,unclassified,0,,quality_gate_not_passed,review_required,41,6
quarantined_tables/039_Health_Bulletin_2011/table_0080.csv,unclassified,0,,quality_gate_not_passed,review_required,37,6
quarantined_tables/039_Health_Bulletin_2011/table_0081.csv,unclassified,0,,quality_gate_not_passed,review_required,35,6
quarantined_tables/039_Health_Bulletin_2011/table_0082.csv,unclassified,0,,quality_gate_not_passed,review_required,31,6
quarantined_tables/039_Health_Bulletin_2011/table_0083.csv,unclassified,0,,quality_gate_not_passed,review_required,14,6
quarantined_tables/039_Health_Bulletin_2011/table_0084.csv,unclassified,0,,quality_gate_not_passed,review_required,46,6
quarantined_tables/039_Health_Bulletin_2011/table_0085.csv,unclassified,0,,quality_gate_not_passed,review_required,25,6
quarantined_tables/039_Health_Bulletin_2011/table_0086.csv,unclassified,0,,quality_gate_not_passed,review_required,47,6
quarantined_tables/039_Health_Bulletin_2011/table_0087.csv,unclassified,0,,quality_gate_not_passed,review_required,34,6
quarantined_tables/039_Health_Bulletin_2011/table_0088.csv,unclassified,0,,quality_gate_not_passed,review_required,16,6
quarantined_tables/039_Health_Bulletin_2011/table_0089.csv,unclassified,0,,quality_gate_not_passed,review_required,43,6
quarantined_tables/039_Health_Bulletin_2011/table_0090.csv,unclassified,0,,quality_gate_not_passed,review_required,33,6
quarantined_tables/039_Health_Bulletin_2011/table_0091.csv,unclassified,0,,quality_gate_not_passed,review_required,13,6
quarantined_tables/039_Health_Bulletin_2011/table_0092.csv,unclassified,0,,quality_gate_not_passed,review_required,34,6
quarantined_tables/039_Health_Bulletin_2011/table_0093.csv,unclassified,0,,quality_gate_not_passed,review_required,30,6
quarantined_tables/041_Health_Bulletin_2009/table_0001.csv,unclassified,0,,quality_gate_not_passed,review_required,9,4
quarantined_tables/041_Health_Bulletin_2009/table_0002.csv,unclassified,0,,quality_gate_not_passed,review_required,33,8
quarantined_tables/041_Health_Bulletin_2009/table_0003.csv,unclassified,0,,quality_gate_not_passed,review_required,12,12
quarantined_tables/041_Health_Bulletin_2009/table_0004.csv,unclassified,0,,quality_gate_not_passed,review_required,11,4
quarantined_tables/041_Health_Bulletin_2009/table_0005.csv,unclassified,0,,quality_gate_not_passed,review_required,21,12
quarantined_tables/041_Health_Bulletin_2009/table_0006.csv,unclassified,0,,quality_gate_not_passed,review_required,12,7
quarantined_tables/041_Health_Bulletin_2009/table_0007.csv,unclassified,0,,quality_gate_not_passed,review_required,14,6
quarantined_tables/041_Health_Bulletin_2009/table_0008.csv,unclassified,0,,quality_gate_not_passed,review_required,15,7
quarantined_tables/041_Health_Bulletin_2009/table_0009.csv,unclassified,0,,quality_gate_not_passed,review_required,32,16
quarantined_tables/041_Health_Bulletin_2009/table_0010.csv,unclassified,0,,quality_gate_not_passed,review_required,12,16
quarantined_tables/041_Health_Bulletin_2009/table_0011.csv,unclassified,0,,quality_gate_not_passed,review_required,6,5
quarantined_tables/041_Health_Bulletin_2009/table_0012.csv,unclassified,0,,quality_gate_not_passed,review_required,13,17
quarantined_tables/041_Health_Bulletin_2009/table_0013.csv,unclassified,0,,quality_gate_not_passed,review_required,19,17
quarantined_tables/041_Health_Bulletin_2009/table_0014.csv,unclassified,0,,quality_gate_not_passed,review_required,7,17
quarantined_tables/041_Health_Bulletin_2009/table_0015.csv,unclassified,0,,quality_gate_not_passed,review_required,8,17
quarantined_tables/041_Health_Bulletin_2009/table_0016.csv,unclassified,0,,quality_gate_not_passed,review_required,12,17
quarantined_tables/041_Health_Bulletin_2009/table_0017.csv,unclassified,0,,quality_gate_not_passed,review_required,8,17
quarantined_tables/041_Health_Bulletin_2009/table_0018.csv,unclassified,0,,quality_gate_not_passed,review_required,11,17
quarantined_tables/041_Health_Bulletin_2009/table_0019.csv,unclassified,0,,quality_gate_not_passed,review_required,35,18
quarantined_tables/041_Health_Bulletin_2009/table_0020.csv,unclassified,0,,quality_gate_not_passed,review_required,28,17
quarantined_tables/041_Health_Bulletin_2009/table_0021.csv,unclassified,0,,quality_gate_not_passed,review_required,3,23
quarantined_tables/041_Health_Bulletin_2009/table_0022.csv,unclassified,0,,quality_gate_not_passed,review_required,12,9
quarantined_tables/041_Health_Bulletin_2009/table_0023.csv,unclassified,0,,quality_gate_not_passed,review_required,12,8
quarantined_tables/041_Health_Bulletin_2009/table_0024.csv,unclassified,0,,quality_gate_not_passed,review_required,4,3
quarantined_tables/041_Health_Bulletin_2009/table_0025.csv,unclassified,0,,quality_gate_not_passed,review_required,9,31
quarantined_tables/041_Health_Bulletin_2009/table_0026.csv,unclassified,0,,quality_gate_not_passed,review_required,8,9
quarantined_tables/041_Health_Bulletin_2009/table_0027.csv,unclassified,0,,quality_gate_not_passed,review_required,6,5
quarantined_tables/041_Health_Bulletin_2009/table_0028.csv,unclassified,0,,quality_gate_not_passed,review_required,7,5
quarantined_tables/041_Health_Bulletin_2009/table_0029.csv,unclassified,0,,quality_gate_not_passed,review_required,3,12
quarantined_tables/041_Health_Bulletin_2009/table_0030.csv,unclassified,0,,quality_gate_not_passed,review_required,10,12
quarantined_tables/041_Health_Bulletin_2009/table_0031.csv,unclassified,0,,quality_gate_not_passed,review_required,10,9
quarantined_tables/041_Health_Bulletin_2009/table_0032.csv,unclassified,0,,quality_gate_not_passed,review_required,4,2
quarantined_tables/041_Health_Bulletin_2009/table_0033.csv,unclassified,0,,quality_gate_not_passed,review_required,6,6
quarantined_tables/041_Health_Bulletin_2009/table_0034.csv,unclassified,0,,quality_gate_not_passed,review_required,2,10
quarantined_tables/041_Health_Bulletin_2009/table_0035.csv,unclassified,0,,quality_gate_not_passed,review_required,4,10
quarantined_tables/041_Health_Bulletin_2009/table_0036.csv,unclassified,0,,quality_gate_not_passed,review_required,12,6
quarantined_tables/041_Health_Bulletin_2009/table_0037.csv,unclassified,0,,quality_gate_not_passed,review_required,11,10
quarantined_tables/041_Health_Bulletin_2009/table_0038.csv,unclassified,0,,quality_gate_not_passed,review_required,4,4
quarantined_tables/041_Health_Bulletin_2009/table_0039.csv,unclassified,0,,quality_gate_not_passed,review_required,6,4
quarantined_tables/041_Health_Bulletin_2009/table_0040.csv,unclassified,0,,quality_gate_not_passed,review_required,9,7
quarantined_tables/041_Health_Bulletin_2009/table_0041.csv,unclassified,0,,quality_gate_not_passed,review_required,3,7
quarantined_tables/041_Health_Bulletin_2009/table_0042.csv,unclassified,0,,quality_gate_not_passed,review_required,6,6
quarantined_tables/041_Health_Bulletin_2009/table_0043.csv,unclassified,0,,quality_gate_not_passed,review_required,11,7
quarantined_tables/041_Health_Bulletin_2009/table_0044.csv,unclassified,0,,quality_gate_not_passed,review_required,9,4
quarantined_tables/041_Health_Bulletin_2009/table_0045.csv,unclassified,0,,quality_gate_not_passed,review_required,4,3
quarantined_tables/041_Health_Bulletin_2009/table_0046.csv,unclassified,0,,quality_gate_not_passed,review_required,7,5
quarantined_tables/041_Health_Bulletin_2009/table_0047.csv,unclassified,0,,quality_gate_not_passed,review_required,9,5
quarantined_tables/041_Health_Bulletin_2009/table_0048.csv,unclassified,0,,quality_gate_not_passed,review_required,11,10
quarantined_tables/041_Health_Bulletin_2009/table_0049.csv,unclassified,0,,quality_gate_not_passed,review_required,8,3
quarantined_tables/041_Health_Bulletin_2009/table_0050.csv,unclassified,0,,quality_gate_not_passed,review_required,6,5
quarantined_tables/041_Health_Bulletin_2009/table_0051.csv,unclassified,0,,quality_gate_not_passed,review_required,9,7
quarantined_tables/041_Health_Bulletin_2009/table_0052.csv,unclassified,0,,quality_gate_not_passed,review_required,3,6
quarantined_tables/041_Health_Bulletin_2009/table_0053.csv,unclassified,0,,quality_gate_not_passed,review_required,4,6
quarantined_tables/041_Health_Bulletin_2009/table_0054.csv,unclassified,0,,quality_gate_not_passed,review_required,2,6
quarantined_tables/041_Health_Bulletin_2009/table_0055.csv,unclassified,0,,quality_gate_not_passed,review_required,2,4
quarantined_tables/041_Health_Bulletin_2009/table_0056.csv,unclassified,0,,quality_gate_not_passed,review_required,5,4
quarantined_tables/041_Health_Bulletin_2009/table_0057.csv,unclassified,0,,quality_gate_not_passed,review_required,3,6
quarantined_tables/041_Health_Bulletin_2009/table_0058.csv,unclassified,0,,quality_gate_not_passed,review_required,6,7
quarantined_tables/041_Health_Bulletin_2009/table_0059.csv,unclassified,0,,quality_gate_not_passed,review_required,1,4
quarantined_tables/041_Health_Bulletin_2009/table_0060.csv,unclassified,0,,quality_gate_not_passed,review_required,3,7
quarantined_tables/041_Health_Bulletin_2009/table_0061.csv,unclassified,0,,quality_gate_not_passed,review_required,8,5
quarantined_tables/041_Health_Bulletin_2009/table_0062.csv,unclassified,0,,quality_gate_not_passed,review_required,22,5
quarantined_tables/041_Health_Bulletin_2009/table_0063.csv,unclassified,0,,quality_gate_not_passed,review_required,8,2
quarantined_tables/041_Health_Bulletin_2009/table_0064.csv,unclassified,0,,quality_gate_not_passed,review_required,5,19
quarantined_tables/041_Health_Bulletin_2009/table_0065.csv,unclassified,0,,quality_gate_not_passed,review_required,15,10
quarantined_tables/041_Health_Bulletin_2009/table_0066.csv,unclassified,0,,quality_gate_not_passed,review_required,5,10
quarantined_tables/041_Health_Bulletin_2009/table_0067.csv,unclassified,0,,quality_gate_not_passed,review_required,3,8
quarantined_tables/041_Health_Bulletin_2009/table_0068.csv,unclassified,0,,quality_gate_not_passed,review_required,2,7
quarantined_tables/041_Health_Bulletin_2009/table_0069.csv,unclassified,0,,quality_gate_not_passed,review_required,23,15
quarantined_tables/041_Health_Bulletin_2009/table_0070.csv,unclassified,0,,quality_gate_not_passed,review_required,4,12
quarantined_tables/041_Health_Bulletin_2009/table_0071.csv,unclassified,0,,quality_gate_not_passed,review_required,9,3
quarantined_tables/041_Health_Bulletin_2009/table_0072.csv,unclassified,0,,quality_gate_not_passed,review_required,8,7
quarantined_tables/041_Health_Bulletin_2009/table_0073.csv,unclassified,0,,quality_gate_not_passed,review_required,2,6
quarantined_tables/041_Health_Bulletin_2009/table_0074.csv,unclassified,0,,quality_gate_not_passed,review_required,10,7
quarantined_tables/041_Health_Bulletin_2009/table_0075.csv,unclassified,0,,quality_gate_not_passed,review_required,10,7
quarantined_tables/041_Health_Bulletin_2009/table_0076.csv,unclassified,0,,quality_gate_not_passed,review_required,9,10
quarantined_tables/041_Health_Bulletin_2009/table_0077.csv,unclassified,0,,quality_gate_not_passed,review_required,9,10
quarantined_tables/041_Health_Bulletin_2009/table_0078.csv,unclassified,0,,quality_gate_not_passed,review_required,3,7
quarantined_tables/041_Health_Bulletin_2009/table_0079.csv,unclassified,0,,quality_gate_not_passed,review_required,2,7
quarantined_tables/041_Health_Bulletin_2009/table_0080.csv,unclassified,0,,quality_gate_not_passed,review_required,8,16
quarantined_tables/041_Health_Bulletin_2009/table_0081.csv,unclassified,0,,quality_gate_not_passed,review_required,2,8
quarantined_tables/041_Health_Bulletin_2009/table_0082.csv,unclassified,0,,quality_gate_not_passed,review_required,2,8
quarantined_tables/041_Health_Bulletin_2009/table_0083.csv,unclassified,0,,quality_gate_not_passed,review_required,5,14
quarantined_tables/041_Health_Bulletin_2009/table_0084.csv,unclassified,0,,quality_gate_not_passed,review_required,8,11
quarantined_tables/041_Health_Bulletin_2009/table_0085.csv,unclassified,0,,quality_gate_not_passed,review_required,9,7
quarantined_tables/041_Health_Bulletin_2009/table_0086.csv,unclassified,0,,quality_gate_not_passed,review_required,34,8
quarantined_tables/041_Health_Bulletin_2009/table_0087.csv,unclassified,0,,quality_gate_not_passed,review_required,20,3
quarantined_tables/041_Health_Bulletin_2009/table_0088.csv,unclassified,0,,quality_gate_not_passed,review_required,6,3
quarantined_tables/041_Health_Bulletin_2009/table_0089.csv,unclassified,0,,quality_gate_not_passed,review_required,14,5
quarantined_tables/041_Health_Bulletin_2009/table_0090.csv,unclassified,0,,quality_gate_not_passed,review_required,11,6
quarantined_tables/041_Health_Bulletin_2009/table_0091.csv,unclassified,0,,quality_gate_not_passed,review_required,22,4
quarantined_tables/041_Health_Bulletin_2009/table_0092.csv,unclassified,0,,quality_gate_not_passed,review_required,6,4
quarantined_tables/041_Health_Bulletin_2009/table_0093.csv,unclassified,0,,quality_gate_not_passed,review_required,9,2
quarantined_tables/041_Health_Bulletin_2009/table_0094.csv,unclassified,0,,quality_gate_not_passed,review_required,13,4
quarantined_tables/041_Health_Bulletin_2009/table_0095.csv,unclassified,0,,quality_gate_not_passed,review_required,6,3
quarantined_tables/041_Health_Bulletin_2009/table_0096.csv,unclassified,0,,quality_gate_not_passed,review_required,6,2
quarantined_tables/041_Health_Bulletin_2009/table_0097.csv,unclassified,0,,quality_gate_not_passed,review_required,9,5
quarantined_tables/041_Health_Bulletin_2009/table_0098.csv,unclassified,0,,quality_gate_not_passed,review_required,19,3
quarantined_tables/041_Health_Bulletin_2009/table_0099.csv,unclassified,0,,quality_gate_not_passed,review_required,27,3
quarantined_tables/041_Health_Bulletin_2009/table_0100.csv,unclassified,0,,quality_gate_not_passed,review_required,36,3
quarantined_tables/041_Health_Bulletin_2009/table_0101.csv,unclassified,0,,quality_gate_not_passed,review_required,3,3
quarantined_tables/041_Health_Bulletin_2009/table_0102.csv,unclassified,0,,quality_gate_not_passed,review_required,31,4
quarantined_tables/041_Health_Bulletin_2009/table_0103.csv,unclassified,0,,quality_gate_not_passed,review_required,4,4
quarantined_tables/041_Health_Bulletin_2009/table_0104.csv,unclassified,0,,quality_gate_not_passed,review_required,16,3
quarantined_tables/041_Health_Bulletin_2009/table_0105.csv,unclassified,0,,quality_gate_not_passed,review_required,34,3
quarantined_tables/041_Health_Bulletin_2009/table_0106.csv,unclassified,0,,quality_gate_not_passed,review_required,8,19
quarantined_tables/041_Health_Bulletin_2009/table_0107.csv,unclassified,0,,quality_gate_not_passed,review_required,12,16
quarantined_tables/041_Health_Bulletin_2009/table_0108.csv,unclassified,0,,quality_gate_not_passed,review_required,5,4
quarantined_tables/041_Health_Bulletin_2009/table_0109.csv,unclassified,0,,quality_gate_not_passed,review_required,2,9
quarantined_tables/041_Health_Bulletin_2009/table_0110.csv,unclassified,0,,quality_gate_not_passed,review_required,31,7
quarantined_tables/041_Health_Bulletin_2009/table_0111.csv,unclassified,0,,quality_gate_not_passed,review_required,4,6
quarantined_tables/041_Health_Bulletin_2009/table_0112.csv,unclassified,0,,quality_gate_not_passed,review_required,21,6
quarantined_tables/042_Health_Bulletin_2008/table_001.csv,unclassified,0,,quality_gate_not_passed,review_required,8,3
quarantined_tables/042_Health_Bulletin_2008/table_002.csv,unclassified,0,,quality_gate_not_passed,review_required,43,18
quarantined_tables/042_Health_Bulletin_2008/table_003.csv,unclassified,0,,quality_gate_not_passed,review_required,37,17
quarantined_tables/042_Health_Bulletin_2008/table_004.csv,unclassified,0,,quality_gate_not_passed,review_required,16,6
quarantined_tables/042_Health_Bulletin_2008/table_005.csv,unclassified,0,,quality_gate_not_passed,review_required,14,3
quarantined_tables/042_Health_Bulletin_2008/table_006.csv,unclassified,0,,quality_gate_not_passed,review_required,10,12
quarantined_tables/042_Health_Bulletin_2008/table_007.csv,unclassified,0,,quality_gate_not_passed,review_required,25,14
quarantined_tables/042_Health_Bulletin_2008/table_008.csv,unclassified,0,,quality_gate_not_passed,review_required,57,14
quarantined_tables/042_Health_Bulletin_2008/table_009.csv,unclassified,0,,quality_gate_not_passed,review_required,62,14
quarantined_tables/042_Health_Bulletin_2008/table_010.csv,unclassified,0,,quality_gate_not_passed,review_required,12,11
quarantined_tables/042_Health_Bulletin_2008/table_011.csv,unclassified,0,,quality_gate_not_passed,review_required,17,12
quarantined_tables/042_Health_Bulletin_2008/table_012.csv,unclassified,0,,quality_gate_not_passed,review_required,14,10
quarantined_tables/042_Health_Bulletin_2008/table_013.csv,unclassified,0,,quality_gate_not_passed,review_required,16,18
quarantined_tables/042_Health_Bulletin_2008/table_014.csv,unclassified,0,,quality_gate_not_passed,review_required,11,18
quarantined_tables/042_Health_Bulletin_2008/table_015.csv,unclassified,0,,quality_gate_not_passed,review_required,20,13
quarantined_tables/042_Health_Bulletin_2008/table_016.csv,unclassified,0,,quality_gate_not_passed,review_required,37,13
quarantined_tables/042_Health_Bulletin_2008/table_017.csv,unclassified,0,,quality_gate_not_passed,review_required,9,25
quarantined_tables/042_Health_Bulletin_2008/table_018.csv,unclassified,0,,quality_gate_not_passed,review_required,30,14
quarantined_tables/042_Health_Bulletin_2008/table_019.csv,unclassified,0,,quality_gate_not_passed,review_required,8,18
quarantined_tables/042_Health_Bulletin_2008/table_020.csv,unclassified,0,,quality_gate_not_passed,review_required,15,15
quarantined_tables/042_Health_Bulletin_2008/table_021.csv,unclassified,0,,quality_gate_not_passed,review_required,19,15
quarantined_tables/042_Health_Bulletin_2008/table_022.csv,unclassified,0,,quality_gate_not_passed,review_required,38,16
quarantined_tables/042_Health_Bulletin_2008/table_023.csv,unclassified,0,,quality_gate_not_passed,review_required,43,15
quarantined_tables/042_Health_Bulletin_2008/table_024.csv,unclassified,0,,quality_gate_not_passed,review_required,23,28
quarantined_tables/042_Health_Bulletin_2008/table_025.csv,unclassified,0,,quality_gate_not_passed,review_required,18,37
quarantined_tables/042_Health_Bulletin_2008/table_026.csv,unclassified,0,,quality_gate_not_passed,review_required,44,20
quarantined_tables/042_Health_Bulletin_2008/table_027.csv,unclassified,0,,quality_gate_not_passed,review_required,41,36
quarantined_tables/042_Health_Bulletin_2008/table_028.csv,unclassified,0,,quality_gate_not_passed,review_required,7,38
quarantined_tables/042_Health_Bulletin_2008/table_029.csv,unclassified,0,,quality_gate_not_passed,review_required,37,5
quarantined_tables/042_Health_Bulletin_2008/table_030.csv,unclassified,0,,quality_gate_not_passed,review_required,7,4
quarantined_tables/042_Health_Bulletin_2008/table_031.csv,unclassified,0,,quality_gate_not_passed,review_required,12,4
quarantined_tables/042_Health_Bulletin_2008/table_032.csv,unclassified,0,,quality_gate_not_passed,review_required,8,8
quarantined_tables/042_Health_Bulletin_2008/table_033.csv,unclassified,0,,quality_gate_not_passed,review_required,4,38
quarantined_tables/042_Health_Bulletin_2008/table_034.csv,unclassified,0,,quality_gate_not_passed,review_required,10,3
quarantined_tables/042_Health_Bulletin_2008/table_035.csv,unclassified,0,,quality_gate_not_passed,review_required,11,4
quarantined_tables/042_Health_Bulletin_2008/table_036.csv,unclassified,0,,quality_gate_not_passed,review_required,10,4
quarantined_tables/042_Health_Bulletin_2008/table_037.csv,unclassified,0,,quality_gate_not_passed,review_required,13,4
quarantined_tables/042_Health_Bulletin_2008/table_038.csv,unclassified,0,,quality_gate_not_passed,review_required,8,6
quarantined_tables/042_Health_Bulletin_2008/table_039.csv,unclassified,0,,quality_gate_not_passed,review_required,9,6
quarantined_tables/042_Health_Bulletin_2008/table_040.csv,unclassified,0,,quality_gate_not_passed,review_required,11,20
quarantined_tables/042_Health_Bulletin_2008/table_041.csv,unclassified,0,,quality_gate_not_passed,review_required,6,4
quarantined_tables/042_Health_Bulletin_2008/table_042.csv,unclassified,0,,quality_gate_not_passed,review_required,8,11
quarantined_tables/042_Health_Bulletin_2008/table_043.csv,unclassified,0,,quality_gate_not_passed,review_required,5,15
quarantined_tables/042_Health_Bulletin_2008/table_044.csv,unclassified,0,,quality_gate_not_passed,review_required,10,8
quarantined_tables/042_Health_Bulletin_2008/table_045.csv,unclassified,0,,quality_gate_not_passed,review_required,7,9
quarantined_tables/042_Health_Bulletin_2008/table_046.csv,unclassified,0,,quality_gate_not_passed,review_required,4,7
quarantined_tables/042_Health_Bulletin_2008/table_047.csv,unclassified,0,,quality_gate_not_passed,review_required,6,5
quarantined_tables/042_Health_Bulletin_2008/table_048.csv,unclassified,0,,quality_gate_not_passed,review_required,10,11
quarantined_tables/042_Health_Bulletin_2008/table_049.csv,unclassified,0,,quality_gate_not_passed,review_required,20,6
quarantined_tables/042_Health_Bulletin_2008/table_050.csv,unclassified,0,,quality_gate_not_passed,review_required,14,10
quarantined_tables/042_Health_Bulletin_2008/table_051.csv,unclassified,0,,quality_gate_not_passed,review_required,12,6
quarantined_tables/042_Health_Bulletin_2008/table_052.csv,unclassified,0,,quality_gate_not_passed,review_required,6,6
quarantined_tables/042_Health_Bulletin_2008/table_053.csv,unclassified,0,,quality_gate_not_passed,review_required,12,8
quarantined_tables/042_Health_Bulletin_2008/table_054.csv,unclassified,0,,quality_gate_not_passed,review_required,12,11
quarantined_tables/042_Health_Bulletin_2008/table_055.csv,unclassified,0,,quality_gate_not_passed,review_required,11,10
quarantined_tables/042_Health_Bulletin_2008/table_056.csv,unclassified,0,,quality_gate_not_passed,review_required,5,4
quarantined_tables/042_Health_Bulletin_2008/table_057.csv,unclassified,0,,quality_gate_not_passed,review_required,6,2
quarantined_tables/042_Health_Bulletin_2008/table_058.csv,unclassified,0,,quality_gate_not_passed,review_required,16,6
quarantined_tables/042_Health_Bulletin_2008/table_059.csv,unclassified,0,,quality_gate_not_passed,review_required,10,6
quarantined_tables/042_Health_Bulletin_2008/table_060.csv,unclassified,0,,quality_gate_not_passed,review_required,10,6
quarantined_tables/042_Health_Bulletin_2008/table_061.csv,unclassified,0,,quality_gate_not_passed,review_required,15,6
quarantined_tables/042_Health_Bulletin_2008/table_062.csv,unclassified,0,,quality_gate_not_passed,review_required,8,6
quarantined_tables/042_Health_Bulletin_2008/table_063.csv,unclassified,0,,quality_gate_not_passed,review_required,16,6
quarantined_tables/042_Health_Bulletin_2008/table_064.csv,unclassified,0,,quality_gate_not_passed,review_required,15,5
quarantined_tables/042_Health_Bulletin_2008/table_065.csv,unclassified,0,,quality_gate_not_passed,review_required,14,6
quarantined_tables/042_Health_Bulletin_2008/table_066.csv,unclassified,0,,quality_gate_not_passed,review_required,8,6
quarantined_tables/042_Health_Bulletin_2008/table_067.csv,unclassified,0,,quality_gate_not_passed,review_required,5,6
quarantined_tables/042_Health_Bulletin_2008/table_068.csv,unclassified,0,,quality_gate_not_passed,review_required,19,6
quarantined_tables/042_Health_Bulletin_2008/table_069.csv,unclassified,0,,quality_gate_not_passed,review_required,11,20
quarantined_tables/042_Health_Bulletin_2008/table_070.csv,unclassified,0,,quality_gate_not_passed,review_required,8,2
quarantined_tables/042_Health_Bulletin_2008/table_071.csv,unclassified,0,,quality_gate_not_passed,review_required,6,2
quarantined_tables/042_Health_Bulletin_2008/table_072.csv,unclassified,0,,quality_gate_not_passed,review_required,19,10
quarantined_tables/042_Health_Bulletin_2008/table_073.csv,unclassified,0,,quality_gate_not_passed,review_required,8,20
quarantined_tables/042_Health_Bulletin_2008/table_074.csv,unclassified,0,,quality_gate_not_passed,review_required,9,7
quarantined_tables/042_Health_Bulletin_2008/table_075.csv,unclassified,0,,quality_gate_not_passed,review_required,27,17
quarantined_tables/042_Health_Bulletin_2008/table_076.csv,unclassified,0,,quality_gate_not_passed,review_required,10,6
quarantined_tables/042_Health_Bulletin_2008/table_077.csv,unclassified,0,,quality_gate_not_passed,review_required,10,11
quarantined_tables/042_Health_Bulletin_2008/table_078.csv,unclassified,0,,quality_gate_not_passed,review_required,10,11
quarantined_tables/042_Health_Bulletin_2008/table_079.csv,unclassified,0,,quality_gate_not_passed,review_required,10,12
quarantined_tables/042_Health_Bulletin_2008/table_080.csv,unclassified,0,,quality_gate_not_passed,review_required,10,11
quarantined_tables/042_Health_Bulletin_2008/table_081.csv,unclassified,0,,quality_gate_not_passed,review_required,9,14
quarantined_tables/042_Health_Bulletin_2008/table_082.csv,unclassified,0,,quality_gate_not_passed,review_required,5,9
quarantined_tables/042_Health_Bulletin_2008/table_083.csv,unclassified,0,,quality_gate_not_passed,review_required,5,15
quarantined_tables/042_Health_Bulletin_2008/table_084.csv,unclassified,0,,quality_gate_not_passed,review_required,8,5
quarantined_tables/042_Health_Bulletin_2008/table_085.csv,unclassified,0,,quality_gate_not_passed,review_required,15,5
quarantined_tables/042_Health_Bulletin_2008/table_086.csv,unclassified,0,,quality_gate_not_passed,review_required,7,6
quarantined_tables/042_Health_Bulletin_2008/table_087.csv,unclassified,0,,quality_gate_not_passed,review_required,16,7
quarantined_tables/042_Health_Bulletin_2008/table_088.csv,unclassified,0,,quality_gate_not_passed,review_required,10,20
quarantined_tables/042_Health_Bulletin_2008/table_089.csv,unclassified,0,,quality_gate_not_passed,review_required,5,6
quarantined_tables/042_Health_Bulletin_2008/table_090.csv,unclassified,0,,quality_gate_not_passed,review_required,5,8
quarantined_tables/042_Health_Bulletin_2008/table_091.csv,unclassified,0,,quality_gate_not_passed,review_required,6,6
quarantined_tables/042_Health_Bulletin_2008/table_092.csv,unclassified,0,,quality_gate_not_passed,review_required,5,8
quarantined_tables/042_Health_Bulletin_2008/table_093.csv,unclassified,0,,quality_gate_not_passed,review_required,6,8
quarantined_tables/042_Health_Bulletin_2008/table_094.csv,unclassified,0,,quality_gate_not_passed,review_required,7,2
quarantined_tables/042_Health_Bulletin_2008/table_095.csv,unclassified,0,,quality_gate_not_passed,review_required,9,5
quarantined_tables/042_Health_Bulletin_2008/table_096.csv,unclassified,0,,quality_gate_not_passed,review_required,7,9
quarantined_tables/042_Health_Bulletin_2008/table_097.csv,unclassified,0,,quality_gate_not_passed,review_required,12,3
quarantined_tables/042_Health_Bulletin_2008/table_098.csv,unclassified,0,,quality_gate_not_passed,review_required,19,4
quarantined_tables/042_Health_Bulletin_2008/table_099.csv,unclassified,0,,quality_gate_not_passed,review_required,5,4
quarantined_tables/042_Health_Bulletin_2008/table_100.csv,unclassified,0,,quality_gate_not_passed,review_required,38,2
quarantined_tables/042_Health_Bulletin_2008/table_101.csv,unclassified,0,,quality_gate_not_passed,review_required,8,4
quarantined_tables/042_Health_Bulletin_2008/table_102.csv,unclassified,0,,quality_gate_not_passed,review_required,15,4
quarantined_tables/042_Health_Bulletin_2008/table_103.csv,unclassified,0,,quality_gate_not_passed,review_required,10,4
quarantined_tables/042_Health_Bulletin_2008/table_104.csv,unclassified,0,,quality_gate_not_passed,review_required,8,4
quarantined_tables/042_Health_Bulletin_2008/table_105.csv,unclassified,0,,quality_gate_not_passed,review_required,9,4
quarantined_tables/042_Health_Bulletin_2008/table_106.csv,unclassified,0,,quality_gate_not_passed,review_required,9,4
quarantined_tables/042_Health_Bulletin_2008/table_107.csv,unclassified,0,,quality_gate_not_passed,review_required,22,4
quarantined_tables/042_Health_Bulletin_2008/table_108.csv,unclassified,0,,quality_gate_not_passed,review_required,11,4
quarantined_tables/042_Health_Bulletin_2008/table_109.csv,unclassified,0,,quality_gate_not_passed,review_required,16,4
quarantined_tables/042_Health_Bulletin_2008/table_110.csv,unclassified,0,,quality_gate_not_passed,review_required,6,4
quarantined_tables/042_Health_Bulletin_2008/table_111.csv,unclassified,0,,quality_gate_not_passed,review_required,25,4
quarantined_tables/042_Health_Bulletin_2008/table_112.csv,unclassified,0,,quality_gate_not_passed,review_required,13,4
quarantined_tables/042_Health_Bulletin_2008/table_113.csv,unclassified,0,,quality_gate_not_passed,review_required,6,4
quarantined_tables/042_Health_Bulletin_2008/table_114.csv,unclassified,0,,quality_gate_not_passed,review_required,12,4
quarantined_tables/042_Health_Bulletin_2008/table_115.csv,unclassified,0,,quality_gate_not_passed,review_required,10,4
quarantined_tables/042_Health_Bulletin_2008/table_116.csv,unclassified,0,,quality_gate_not_passed,review_required,19,4
quarantined_tables/042_Health_Bulletin_2008/table_117.csv,unclassified,0,,quality_gate_not_passed,review_required,8,4
quarantined_tables/042_Health_Bulletin_2008/table_118.csv,unclassified,0,,quality_gate_not_passed,review_required,9,2
quarantined_tables/042_Health_Bulletin_2008/table_119.csv,unclassified,0,,quality_gate_not_passed,review_required,16,4
quarantined_tables/042_Health_Bulletin_2008/table_120.csv,unclassified,0,,quality_gate_not_passed,review_required,16,2
quarantined_tables/042_Health_Bulletin_2008/table_121.csv,unclassified,0,,quality_gate_not_passed,review_required,21,2
quarantined_tables/042_Health_Bulletin_2008/table_122.csv,unclassified,0,,quality_gate_not_passed,review_required,18,2
quarantined_tables/042_Health_Bulletin_2008/table_123.csv,unclassified,0,,quality_gate_not_passed,review_required,21,2
quarantined_tables/042_Health_Bulletin_2008/table_124.csv,unclassified,0,,quality_gate_not_passed,review_required,15,2
quarantined_tables/042_Health_Bulletin_2008/table_125.csv,unclassified,0,,quality_gate_not_passed,review_required,20,36
quarantined_tables/042_Health_Bulletin_2008/table_126.csv,unclassified,0,,quality_gate_not_passed,review_required,19,36
quarantined_tables/042_Health_Bulletin_2008/table_127.csv,unclassified,0,,quality_gate_not_passed,review_required,9,2
quarantined_tables/042_Health_Bulletin_2008/table_128.csv,unclassified,0,,quality_gate_not_passed,review_required,28,14
quarantined_tables/042_Health_Bulletin_2008/table_129.csv,unclassified,0,,quality_gate_not_passed,review_required,26,12
quarantined_tables/042_Health_Bulletin_2008/table_130.csv,unclassified,0,,quality_gate_not_passed,review_required,11,8
quarantined_tables/043_Health_Bulletin_2007/table_0001.csv,unclassified,0,,quality_gate_not_passed,review_required,43,5
quarantined_tables/043_Health_Bulletin_2007/table_0002.csv,unclassified,0,,quality_gate_not_passed,review_required,42,5
quarantined_tables/043_Health_Bulletin_2007/table_0003.csv,unclassified,0,,quality_gate_not_passed,review_required,37,5
quarantined_tables/043_Health_Bulletin_2007/table_0004.csv,unclassified,0,,quality_gate_not_passed,review_required,47,5
quarantined_tables/043_Health_Bulletin_2007/table_0005.csv,unclassified,0,,quality_gate_not_passed,review_required,44,5
quarantined_tables/043_Health_Bulletin_2007/table_0006.csv,unclassified,0,,quality_gate_not_passed,review_required,39,9
quarantined_tables/043_Health_Bulletin_2007/table_0007.csv,unclassified,0,,quality_gate_not_passed,review_required,38,9
quarantined_tables/043_Health_Bulletin_2007/table_0008.csv,unclassified,0,,quality_gate_not_passed,review_required,10,5
quarantined_tables/043_Health_Bulletin_2007/table_0009.csv,unclassified,0,,quality_gate_not_passed,review_required,8,3
quarantined_tables/043_Health_Bulletin_2007/table_0010.csv,unclassified,0,,quality_gate_not_passed,review_required,6,4
quarantined_tables/043_Health_Bulletin_2007/table_0011.csv,unclassified,0,,quality_gate_not_passed,review_required,4,4
quarantined_tables/043_Health_Bulletin_2007/table_0012.csv,unclassified,0,,quality_gate_not_passed,review_required,9,4
quarantined_tables/043_Health_Bulletin_2007/table_0013.csv,unclassified,0,,quality_gate_not_passed,review_required,8,4
quarantined_tables/043_Health_Bulletin_2007/table_0014.csv,unclassified,0,,quality_gate_not_passed,review_required,6,7
quarantined_tables/043_Health_Bulletin_2007/table_0015.csv,unclassified,0,,quality_gate_not_passed,review_required,32,7
quarantined_tables/043_Health_Bulletin_2007/table_0016.csv,unclassified,0,,quality_gate_not_passed,review_required,10,7
quarantined_tables/043_Health_Bulletin_2007/table_0017.csv,unclassified,0,,quality_gate_not_passed,review_required,15,4
quarantined_tables/043_Health_Bulletin_2007/table_0018.csv,unclassified,0,,quality_gate_not_passed,review_required,22,4
quarantined_tables/043_Health_Bulletin_2007/table_0019.csv,unclassified,0,,quality_gate_not_passed,review_required,4,4
quarantined_tables/043_Health_Bulletin_2007/table_0020.csv,unclassified,0,,quality_gate_not_passed,review_required,9,8
quarantined_tables/043_Health_Bulletin_2007/table_0021.csv,unclassified,0,,quality_gate_not_passed,review_required,4,4
quarantined_tables/043_Health_Bulletin_2007/table_0022.csv,unclassified,0,,quality_gate_not_passed,review_required,4,4
quarantined_tables/043_Health_Bulletin_2007/table_0023.csv,unclassified,0,,quality_gate_not_passed,review_required,12,7
quarantined_tables/043_Health_Bulletin_2007/table_0024.csv,unclassified,0,,quality_gate_not_passed,review_required,46,4
quarantined_tables/043_Health_Bulletin_2007/table_0025.csv,unclassified,0,,quality_gate_not_passed,review_required,30,4
quarantined_tables/043_Health_Bulletin_2007/table_0026.csv,unclassified,0,,quality_gate_not_passed,review_required,12,4
quarantined_tables/043_Health_Bulletin_2007/table_0027.csv,unclassified,0,,quality_gate_not_passed,review_required,19,3
quarantined_tables/043_Health_Bulletin_2007/table_0028.csv,unclassified,0,,quality_gate_not_passed,review_required,8,3
quarantined_tables/043_Health_Bulletin_2007/table_0029.csv,unclassified,0,,quality_gate_not_passed,review_required,6,8
quarantined_tables/043_Health_Bulletin_2007/table_0030.csv,unclassified,0,,quality_gate_not_passed,review_required,14,8
quarantined_tables/043_Health_Bulletin_2007/table_0031.csv,unclassified,0,,quality_gate_not_passed,review_required,7,6
quarantined_tables/043_Health_Bulletin_2007/table_0032.csv,unclassified,0,,quality_gate_not_passed,review_required,16,6
quarantined_tables/043_Health_Bulletin_2007/table_0033.csv,unclassified,0,,quality_gate_not_passed,review_required,5,4
quarantined_tables/043_Health_Bulletin_2007/table_0034.csv,unclassified,0,,quality_gate_not_passed,review_required,7,5
quarantined_tables/043_Health_Bulletin_2007/table_0035.csv,unclassified,0,,quality_gate_not_passed,review_required,15,9
quarantined_tables/043_Health_Bulletin_2007/table_0036.csv,unclassified,0,,quality_gate_not_passed,review_required,13,3
quarantined_tables/043_Health_Bulletin_2007/table_0037.csv,unclassified,0,,quality_gate_not_passed,review_required,45,3
quarantined_tables/043_Health_Bulletin_2007/table_0038.csv,unclassified,0,,quality_gate_not_passed,review_required,25,3
quarantined_tables/043_Health_Bulletin_2007/table_0039.csv,unclassified,0,,quality_gate_not_passed,review_required,7,12
quarantined_tables/043_Health_Bulletin_2007/table_0040.csv,unclassified,0,,quality_gate_not_passed,review_required,16,6
quarantined_tables/043_Health_Bulletin_2007/table_0041.csv,unclassified,0,,quality_gate_not_passed,review_required,32,6
quarantined_tables/043_Health_Bulletin_2007/table_0042.csv,unclassified,0,,quality_gate_not_passed,review_required,47,6
quarantined_tables/043_Health_Bulletin_2007/table_0043.csv,unclassified,0,,quality_gate_not_passed,review_required,22,38
quarantined_tables/043_Health_Bulletin_2007/table_0044.csv,unclassified,0,,quality_gate_not_passed,review_required,15,32
quarantined_tables/043_Health_Bulletin_2007/table_0045.csv,unclassified,0,,quality_gate_not_passed,review_required,12,32
quarantined_tables/043_Health_Bulletin_2007/table_0046.csv,unclassified,0,,quality_gate_not_passed,review_required,28,17
quarantined_tables/043_Health_Bulletin_2007/table_0047.csv,unclassified,0,,quality_gate_not_passed,review_required,11,6
quarantined_tables/043_Health_Bulletin_2007/table_0048.csv,unclassified,0,,quality_gate_not_passed,review_required,40,6
quarantined_tables/043_Health_Bulletin_2007/table_0049.csv,unclassified,0,,quality_gate_not_passed,review_required,42,6
quarantined_tables/043_Health_Bulletin_2007/table_0050.csv,unclassified,0,,quality_gate_not_passed,review_required,22,6
quarantined_tables/043_Health_Bulletin_2007/table_0051.csv,unclassified,0,,quality_gate_not_passed,review_required,19,6
quarantined_tables/043_Health_Bulletin_2007/table_0052.csv,unclassified,0,,quality_gate_not_passed,review_required,42,6
quarantined_tables/043_Health_Bulletin_2007/table_0053.csv,unclassified,0,,quality_gate_not_passed,review_required,13,31
quarantined_tables/043_Health_Bulletin_2007/table_0054.csv,unclassified,0,,quality_gate_not_passed,review_required,7,29
quarantined_tables/043_Health_Bulletin_2007/table_0055.csv,unclassified,0,,quality_gate_not_passed,review_required,18,30
quarantined_tables/043_Health_Bulletin_2007/table_0056.csv,unclassified,0,,quality_gate_not_passed,review_required,20,33
quarantined_tables/043_Health_Bulletin_2007/table_0057.csv,unclassified,0,,quality_gate_not_passed,review_required,20,31
quarantined_tables/043_Health_Bulletin_2007/table_0058.csv,unclassified,0,,quality_gate_not_passed,review_required,21,32
quarantined_tables/043_Health_Bulletin_2007/table_0059.csv,unclassified,0,,quality_gate_not_passed,review_required,9,14
quarantined_tables/043_Health_Bulletin_2007/table_0060.csv,unclassified,0,,quality_gate_not_passed,review_required,36,14
quarantined_tables/043_Health_Bulletin_2007/table_0061.csv,unclassified,0,,quality_gate_not_passed,review_required,19,11
quarantined_tables/043_Health_Bulletin_2007/table_0062.csv,unclassified,0,,quality_gate_not_passed,review_required,15,21
quarantined_tables/043_Health_Bulletin_2007/table_0063.csv,unclassified,0,,quality_gate_not_passed,review_required,26,26
quarantined_tables/043_Health_Bulletin_2007/table_0064.csv,unclassified,0,,quality_gate_not_passed,review_required,5,45
quarantined_tables/043_Health_Bulletin_2007/table_0065.csv,unclassified,0,,quality_gate_not_passed,review_required,5,7
quarantined_tables/043_Health_Bulletin_2007/table_0066.csv,unclassified,0,,quality_gate_not_passed,review_required,5,9
quarantined_tables/043_Health_Bulletin_2007/table_0067.csv,unclassified,0,,quality_gate_not_passed,review_required,4,8
quarantined_tables/043_Health_Bulletin_2007/table_0068.csv,unclassified,0,,quality_gate_not_passed,review_required,3,4
quarantined_tables/043_Health_Bulletin_2007/table_0069.csv,unclassified,0,,quality_gate_not_passed,review_required,7,3
quarantined_tables/043_Health_Bulletin_2007/table_0070.csv,unclassified,0,,quality_gate_not_passed,review_required,9,19
quarantined_tables/043_Health_Bulletin_2007/table_0071.csv,unclassified,0,,quality_gate_not_passed,rejected,0,0
quarantined_tables/043_Health_Bulletin_2007/table_0072.csv,unclassified,0,,quality_gate_not_passed,rejected,1,1
quarantined_tables/043_Health_Bulletin_2007/table_0073.csv,unclassified,0,,quality_gate_not_passed,review_required,2,3
quarantined_tables/043_Health_Bulletin_2007/table_0074.csv,unclassified,0,,quality_gate_not_passed,review_required,9,26
quarantined_tables/043_Health_Bulletin_2007/table_0075.csv,unclassified,0,,quality_gate_not_passed,review_required,8,12
quarantined_tables/043_Health_Bulletin_2007/table_0076.csv,unclassified,0,,quality_gate_not_passed,review_required,9,12
quarantined_tables/043_Health_Bulletin_2007/table_0077.csv,unclassified,0,,quality_gate_not_passed,review_required,12,9
quarantined_tables/043_Health_Bulletin_2007/table_0078.csv,unclassified,0,,quality_gate_not_passed,review_required,12,9
quarantined_tables/043_Health_Bulletin_2007/table_0079.csv,unclassified,0,,quality_gate_not_passed,review_required,16,8
quarantined_tables/043_Health_Bulletin_2007/table_0080.csv,unclassified,0,,quality_gate_not_passed,review_required,13,8
quarantined_tables/043_Health_Bulletin_2007/table_0081.csv,unclassified,0,,quality_gate_not_passed,review_required,19,8
quarantined_tables/043_Health_Bulletin_2007/table_0082.csv,unclassified,0,,quality_gate_not_passed,review_required,8,8
quarantined_tables/043_Health_Bulletin_2007/table_0083.csv,unclassified,0,,quality_gate_not_passed,review_required,8,12
quarantined_tables/043_Health_Bulletin_2007/table_0084.csv,unclassified,0,,quality_gate_not_passed,review_required,22,12
quarantined_tables/043_Health_Bulletin_2007/table_0085.csv,unclassified,0,,quality_gate_not_passed,review_required,23,12
quarantined_tables/043_Health_Bulletin_2007/table_0086.csv,unclassified,0,,quality_gate_not_passed,review_required,8,11
quarantined_tables/043_Health_Bulletin_2007/table_0087.csv,unclassified,0,,quality_gate_not_passed,review_required,5,13
quarantined_tables/043_Health_Bulletin_2007/table_0088.csv,unclassified,0,,quality_gate_not_passed,review_required,7,11
quarantined_tables/043_Health_Bulletin_2007/table_0089.csv,unclassified,0,,quality_gate_not_passed,review_required,5,5
quarantined_tables/043_Health_Bulletin_2007/table_0090.csv,unclassified,0,,quality_gate_not_passed,review_required,5,10
quarantined_tables/043_Health_Bulletin_2007/table_0091.csv,unclassified,0,,quality_gate_not_passed,review_required,8,9
quarantined_tables/043_Health_Bulletin_2007/table_0092.csv,unclassified,0,,quality_gate_not_passed,review_required,9,6
quarantined_tables/043_Health_Bulletin_2007/table_0093.csv,unclassified,0,,quality_gate_not_passed,review_required,7,34
quarantined_tables/043_Health_Bulletin_2007/table_0094.csv,unclassified,0,,quality_gate_not_passed,rejected,1,1
quarantined_tables/043_Health_Bulletin_2007/table_0095.csv,unclassified,0,,quality_gate_not_passed,review_required,16,21
quarantined_tables/043_Health_Bulletin_2007/table_0096.csv,unclassified,0,,quality_gate_not_passed,review_required,12,12
quarantined_tables/043_Health_Bulletin_2007/table_0097.csv,unclassified,0,,quality_gate_not_passed,rejected,2,1
quarantined_tables/043_Health_Bulletin_2007/table_0098.csv,unclassified,0,,quality_gate_not_passed,review_required,6,12
quarantined_tables/043_Health_Bulletin_2007/table_0099.csv,unclassified,0,,quality_gate_not_passed,review_required,9,12
quarantined_tables/043_Health_Bulletin_2007/table_0100.csv,unclassified,0,,quality_gate_not_passed,review_required,3,2
quarantined_tables/043_Health_Bulletin_2007/table_0101.csv,unclassified,0,,quality_gate_not_passed,review_required,9,12
quarantined_tables/043_Health_Bulletin_2007/table_0102.csv,unclassified,0,,quality_gate_not_passed,review_required,13,12
quarantined_tables/043_Health_Bulletin_2007/table_0103.csv,unclassified,0,,quality_gate_not_passed,review_required,5,6
quarantined_tables/043_Health_Bulletin_2007/table_0104.csv,unclassified,0,,quality_gate_not_passed,review_required,11,8
quarantined_tables/043_Health_Bulletin_2007/table_0105.csv,unclassified,0,,quality_gate_not_passed,review_required,15,10
quarantined_tables/043_Health_Bulletin_2007/table_0106.csv,unclassified,0,,quality_gate_not_passed,review_required,8,10
quarantined_tables/043_Health_Bulletin_2007/table_0107.csv,unclassified,0,,quality_gate_not_passed,review_required,13,4
quarantined_tables/043_Health_Bulletin_2007/table_0108.csv,unclassified,0,,quality_gate_not_passed,review_required,7,24
quarantined_tables/043_Health_Bulletin_2007/table_0109.csv,unclassified,0,,quality_gate_not_passed,review_required,9,19
quarantined_tables/043_Health_Bulletin_2007/table_0110.csv,unclassified,0,,quality_gate_not_passed,review_required,7,9
quarantined_tables/043_Health_Bulletin_2007/table_0111.csv,unclassified,0,,quality_gate_not_passed,review_required,9,8
quarantined_tables/043_Health_Bulletin_2007/table_0112.csv,unclassified,0,,quality_gate_not_passed,review_required,5,3
quarantined_tables/043_Health_Bulletin_2007/table_0113.csv,unclassified,0,,quality_gate_not_passed,review_required,4,2
quarantined_tables/043_Health_Bulletin_2007/table_0114.csv,unclassified,0,,quality_gate_not_passed,review_required,6,10
quarantined_tables/043_Health_Bulletin_2007/table_0115.csv,unclassified,0,,quality_gate_not_passed,review_required,6,7
quarantined_tables/043_Health_Bulletin_2007/table_0116.csv,unclassified,0,,quality_gate_not_passed,review_required,11,14
quarantined_tables/043_Health_Bulletin_2007/table_0117.csv,unclassified,0,,quality_gate_not_passed,review_required,2,5
quarantined_tables/043_Health_Bulletin_2007/table_0118.csv,unclassified,0,,quality_gate_not_passed,rejected,2,1
quarantined_tables/043_Health_Bulletin_2007/table_0119.csv,unclassified,0,,quality_gate_not_passed,review_required,2,8
quarantined_tables/043_Health_Bulletin_2007/table_0120.csv,unclassified,0,,quality_gate_not_passed,review_required,9,11
quarantined_tables/043_Health_Bulletin_2007/table_0121.csv,unclassified,0,,quality_gate_not_passed,review_required,8,7
quarantined_tables/043_Health_Bulletin_2007/table_0122.csv,unclassified,0,,quality_gate_not_passed,review_required,3,8
quarantined_tables/043_Health_Bulletin_2007/table_0123.csv,unclassified,0,,quality_gate_not_passed,review_required,4,21
quarantined_tables/043_Health_Bulletin_2007/table_0124.csv,unclassified,0,,quality_gate_not_passed,review_required,5,4
quarantined_tables/043_Health_Bulletin_2007/table_0125.csv,unclassified,0,,quality_gate_not_passed,review_required,8,11
quarantined_tables/043_Health_Bulletin_2007/table_0126.csv,unclassified,0,,quality_gate_not_passed,review_required,18,5
quarantined_tables/043_Health_Bulletin_2007/table_0127.csv,unclassified,0,,quality_gate_not_passed,review_required,11,9
quarantined_tables/043_Health_Bulletin_2007/table_0128.csv,unclassified,0,,quality_gate_not_passed,review_required,9,3
quarantined_tables/043_Health_Bulletin_2007/table_0129.csv,unclassified,0,,quality_gate_not_passed,review_required,5,3
quarantined_tables/043_Health_Bulletin_2007/table_0130.csv,unclassified,0,,quality_gate_not_passed,review_required,5,6
quarantined_tables/043_Health_Bulletin_2007/table_0131.csv,unclassified,0,,quality_gate_not_passed,review_required,7,2
quarantined_tables/043_Health_Bulletin_2007/table_0132.csv,unclassified,0,,quality_gate_not_passed,review_required,9,9
quarantined_tables/043_Health_Bulletin_2007/table_0133.csv,unclassified,0,,quality_gate_not_passed,review_required,21,8
quarantined_tables/043_Health_Bulletin_2007/table_0134.csv,unclassified,0,,quality_gate_not_passed,review_required,9,15
quarantined_tables/043_Health_Bulletin_2007/table_0135.csv,unclassified,0,,quality_gate_not_passed,review_required,9,8
quarantined_tables/043_Health_Bulletin_2007/table_0136.csv,unclassified,0,,quality_gate_not_passed,review_required,4,4
quarantined_tables/043_Health_Bulletin_2007/table_0137.csv,unclassified,0,,quality_gate_not_passed,review_required,28,12
quarantined_tables/043_Health_Bulletin_2007/table_0138.csv,unclassified,0,,quality_gate_not_passed,review_required,6,5
quarantined_tables/043_Health_Bulletin_2007/table_0139.csv,unclassified,0,,quality_gate_not_passed,review_required,7,8
quarantined_tables/043_Health_Bulletin_2007/table_0140.csv,unclassified,0,,quality_gate_not_passed,review_required,7,9
quarantined_tables/043_Health_Bulletin_2007/table_0141.csv,unclassified,0,,quality_gate_not_passed,review_required,7,9
quarantined_tables/043_Health_Bulletin_2007/table_0142.csv,unclassified,0,,quality_gate_not_passed,review_required,9,10
quarantined_tables/043_Health_Bulletin_2007/table_0143.csv,unclassified,0,,quality_gate_not_passed,review_required,9,10
quarantined_tables/043_Health_Bulletin_2007/table_0144.csv,unclassified,0,,quality_gate_not_passed,review_required,4,9
quarantined_tables/043_Health_Bulletin_2007/table_0145.csv,unclassified,0,,quality_gate_not_passed,review_required,4,11
quarantined_tables/043_Health_Bulletin_2007/table_0146.csv,unclassified,0,,quality_gate_not_passed,review_required,7,13
quarantined_tables/043_Health_Bulletin_2007/table_0147.csv,unclassified,0,,quality_gate_not_passed,review_required,3,12
quarantined_tables/043_Health_Bulletin_2007/table_0148.csv,unclassified,0,,quality_gate_not_passed,review_required,3,6
quarantined_tables/043_Health_Bulletin_2007/table_0149.csv,unclassified,0,,quality_gate_not_passed,review_required,3,6
quarantined_tables/043_Health_Bulletin_2007/table_0150.csv,unclassified,0,,quality_gate_not_passed,review_required,2,4
quarantined_tables/043_Health_Bulletin_2007/table_0151.csv,unclassified,0,,quality_gate_not_passed,review_required,2,4
quarantined_tables/043_Health_Bulletin_2007/table_0152.csv,unclassified,0,,quality_gate_not_passed,review_required,2,4
quarantined_tables/043_Health_Bulletin_2007/table_0153.csv,unclassified,0,,quality_gate_not_passed,review_required,2,4
quarantined_tables/043_Health_Bulletin_2007/table_0154.csv,unclassified,0,,quality_gate_not_passed,review_required,6,3
quarantined_tables/043_Health_Bulletin_2007/table_0155.csv,unclassified,0,,quality_gate_not_passed,review_required,10,8
quarantined_tables/043_Health_Bulletin_2007/table_0156.csv,unclassified,0,,quality_gate_not_passed,review_required,44,5
quarantined_tables/043_Health_Bulletin_2007/table_0157.csv,unclassified,0,,quality_gate_not_passed,review_required,48,4
quarantined_tables/043_Health_Bulletin_2007/table_0158.csv,unclassified,0,,quality_gate_not_passed,review_required,48,4
quarantined_tables/043_Health_Bulletin_2007/table_0159.csv,unclassified,0,,quality_gate_not_passed,review_required,48,4
quarantined_tables/043_Health_Bulletin_2007/table_0160.csv,unclassified,0,,quality_gate_not_passed,review_required,48,4
quarantined_tables/043_Health_Bulletin_2007/table_0161.csv,unclassified,0,,quality_gate_not_passed,review_required,19,4
quarantined_tables/043_Health_Bulletin_2007/table_0162.csv,unclassified,0,,quality_gate_not_passed,review_required,9,4
quarantined_tables/043_Health_Bulletin_2007/table_0163.csv,unclassified,0,,quality_gate_not_passed,review_required,38,5
quarantined_tables/043_Health_Bulletin_2007/table_0164.csv,unclassified,0,,quality_gate_not_passed,review_required,47,5
quarantined_tables/043_Health_Bulletin_2007/table_0165.csv,unclassified,0,,quality_gate_not_passed,review_required,51,5
quarantined_tables/043_Health_Bulletin_2007/table_0166.csv,unclassified,0,,quality_gate_not_passed,review_required,51,5
quarantined_tables/043_Health_Bulletin_2007/table_0167.csv,unclassified,0,,quality_gate_not_passed,review_required,50,5
quarantined_tables/043_Health_Bulletin_2007/table_0168.csv,unclassified,0,,quality_gate_not_passed,review_required,51,5
quarantined_tables/043_Health_Bulletin_2007/table_0169.csv,unclassified,0,,quality_gate_not_passed,review_required,49,5
quarantined_tables/043_Health_Bulletin_2007/table_0170.csv,unclassified,0,,quality_gate_not_passed,review_required,49,5
quarantined_tables/043_Health_Bulletin_2007/table_0171.csv,unclassified,0,,quality_gate_not_passed,review_required,51,5
quarantined_tables/043_Health_Bulletin_2007/table_0172.csv,unclassified,0,,quality_gate_not_passed,review_required,48,5
quarantined_tables/043_Health_Bulletin_2007/table_0173.csv,unclassified,0,,quality_gate_not_passed,review_required,51,5
quarantined_tables/043_Health_Bulletin_2007/table_0174.csv,unclassified,0,,quality_gate_not_passed,review_required,50,5
quarantined_tables/043_Health_Bulletin_2007/table_0175.csv,unclassified,0,,quality_gate_not_passed,review_required,51,5
quarantined_tables/043_Health_Bulletin_2007/table_0176.csv,unclassified,0,,quality_gate_not_passed,review_required,51,5
quarantined_tables/043_Health_Bulletin_2007/table_0177.csv,unclassified,0,,quality_gate_not_passed,review_required,51,5
quarantined_tables/043_Health_Bulletin_2007/table_0178.csv,unclassified,0,,quality_gate_not_passed,review_required,51,5
quarantined_tables/043_Health_Bulletin_2007/table_0179.csv,unclassified,0,,quality_gate_not_passed,review_required,51,5
quarantined_tables/043_Health_Bulletin_2007/table_0180.csv,unclassified,0,,quality_gate_not_passed,review_required,51,5
quarantined_tables/043_Health_Bulletin_2007/table_0181.csv,unclassified,0,,quality_gate_not_passed,review_required,51,5
quarantined_tables/043_Health_Bulletin_2007/table_0182.csv,unclassified,0,,quality_gate_not_passed,review_required,50,5
quarantined_tables/043_Health_Bulletin_2007/table_0183.csv,unclassified,0,,quality_gate_not_passed,review_required,51,5
quarantined_tables/043_Health_Bulletin_2007/table_0184.csv,unclassified,0,,quality_gate_not_passed,review_required,15,5
quarantined_tables/043_Health_Bulletin_2007/table_0185.csv,unclassified,0,,quality_gate_not_passed,review_required,40,5
quarantined_tables/043_Health_Bulletin_2007/table_0186.csv,unclassified,0,,quality_gate_not_passed,review_required,38,5
quarantined_tables/043_Health_Bulletin_2007/table_0187.csv,unclassified,0,,quality_gate_not_passed,review_required,19,4
quarantined_tables/043_Health_Bulletin_2007/table_0188.csv,unclassified,0,,quality_gate_not_passed,review_required,14,5
quarantined_tables/043_Health_Bulletin_2007/table_0189.csv,unclassified,0,,quality_gate_not_passed,review_required,35,6
quarantined_tables/043_Health_Bulletin_2007/table_0190.csv,unclassified,0,,quality_gate_not_passed,review_required,30,5
quarantined_tables/043_Health_Bulletin_2007/table_0191.csv,unclassified,0,,quality_gate_not_passed,review_required,46,6
quarantined_tables/043_Health_Bulletin_2007/table_0192.csv,unclassified,0,,quality_gate_not_passed,review_required,48,6
quarantined_tables/043_Health_Bulletin_2007/table_0193.csv,unclassified,0,,quality_gate_not_passed,review_required,48,6
quarantined_tables/043_Health_Bulletin_2007/table_0194.csv,unclassified,0,,quality_gate_not_passed,review_required,48,6
quarantined_tables/043_Health_Bulletin_2007/table_0195.csv,unclassified,0,,quality_gate_not_passed,review_required,48,6
quarantined_tables/043_Health_Bulletin_2007/table_0196.csv,unclassified,0,,quality_gate_not_passed,review_required,48,6
quarantined_tables/043_Health_Bulletin_2007/table_0197.csv,unclassified,0,,quality_gate_not_passed,review_required,48,6
quarantined_tables/043_Health_Bulletin_2007/table_0198.csv,unclassified,0,,quality_gate_not_passed,review_required,48,6
quarantined_tables/043_Health_Bulletin_2007/table_0199.csv,unclassified,0,,quality_gate_not_passed,review_required,48,6
quarantined_tables/043_Health_Bulletin_2007/table_0200.csv,unclassified,0,,quality_gate_not_passed,review_required,48,6
quarantined_tables/043_Health_Bulletin_2007/table_0201.csv,unclassified,0,,quality_gate_not_passed,review_required,48,6
quarantined_tables/043_Health_Bulletin_2007/table_0202.csv,unclassified,0,,quality_gate_not_passed,review_required,48,6
quarantined_tables/043_Health_Bulletin_2007/table_0203.csv,unclassified,0,,quality_gate_not_passed,review_required,48,6
quarantined_tables/043_Health_Bulletin_2007/table_0204.csv,unclassified,0,,quality_gate_not_passed,review_required,48,6
quarantined_tables/043_Health_Bulletin_2007/table_0205.csv,unclassified,0,,quality_gate_not_passed,review_required,48,6
quarantined_tables/043_Health_Bulletin_2007/table_0206.csv,unclassified,0,,quality_gate_not_passed,review_required,48,6
quarantined_tables/043_Health_Bulletin_2007/table_0207.csv,unclassified,0,,quality_gate_not_passed,review_required,26,6
quarantined_tables/043_Health_Bulletin_2007/table_0208.csv,unclassified,0,,quality_gate_not_passed,review_required,20,15
quarantined_tables/043_Health_Bulletin_2007/table_0209.csv,unclassified,0,,quality_gate_not_passed,review_required,21,15
quarantined_tables/043_Health_Bulletin_2007/table_0210.csv,unclassified,0,,quality_gate_not_passed,review_required,14,14
quarantined_tables/043_Health_Bulletin_2007/table_0211.csv,unclassified,0,,quality_gate_not_passed,review_required,21,15
quarantined_tables/043_Health_Bulletin_2007/table_0212.csv,unclassified,0,,quality_gate_not_passed,review_required,18,15
quarantined_tables/043_Health_Bulletin_2007/table_0213.csv,unclassified,0,,quality_gate_not_passed,review_required,16,15
quarantined_tables/043_Health_Bulletin_2007/table_0214.csv,unclassified,0,,quality_gate_not_passed,review_required,16,15
quarantined_tables/043_Health_Bulletin_2007/table_0215.csv,unclassified,0,,quality_gate_not_passed,review_required,45,10
quarantined_tables/043_Health_Bulletin_2007/table_0216.csv,unclassified,0,,quality_gate_not_passed,review_required,38,10
quarantined_tables/043_Health_Bulletin_2007/table_0217.csv,unclassified,0,,quality_gate_not_passed,review_required,13,16
quarantined_tables/043_Health_Bulletin_2007/table_0218.csv,unclassified,0,,quality_gate_not_passed,review_required,13,16
quarantined_tables/043_Health_Bulletin_2007/table_0219.csv,unclassified,0,,quality_gate_not_passed,review_required,6,15
quarantined_tables/043_Health_Bulletin_2007/table_0220.csv,unclassified,0,,quality_gate_not_passed,review_required,13,16
quarantined_tables/043_Health_Bulletin_2007/table_0221.csv,unclassified,0,,quality_gate_not_passed,review_required,15,16
quarantined_tables/043_Health_Bulletin_2007/table_0222.csv,unclassified,0,,quality_gate_not_passed,review_required,16,16
quarantined_tables/043_Health_Bulletin_2007/table_0223.csv,unclassified,0,,quality_gate_not_passed,review_required,18,16
quarantined_tables/043_Health_Bulletin_2007/table_0224.csv,unclassified,0,,quality_gate_not_passed,review_required,19,16
quarantined_tables/043_Health_Bulletin_2007/table_0225.csv,unclassified,0,,quality_gate_not_passed,review_required,7,14
quarantined_tables/043_Health_Bulletin_2007/table_0226.csv,unclassified,0,,quality_gate_not_passed,review_required,21,16
quarantined_tables/043_Health_Bulletin_2007/table_0227.csv,unclassified,0,,quality_gate_not_passed,review_required,31,15
quarantined_tables/043_Health_Bulletin_2007/table_0228.csv,unclassified,0,,quality_gate_not_passed,review_required,8,15
quarantined_tables/043_Health_Bulletin_2007/table_0229.csv,unclassified,0,,quality_gate_not_passed,review_required,44,14
quarantined_tables/043_Health_Bulletin_2007/table_0230.csv,unclassified,0,,quality_gate_not_passed,review_required,39,14
quarantined_tables/044_EMP_for_Medical_Gas_System_SSKMCH_COVID-19/table_001.csv,unclassified,0,,quality_gate_not_passed,review_required,7,2
quarantined_tables/044_EMP_for_Medical_Gas_System_SSKMCH_COVID-19/table_002.csv,unclassified,0,,quality_gate_not_passed,review_required,5,2
quarantined_tables/044_EMP_for_Medical_Gas_System_SSKMCH_COVID-19/table_003.csv,unclassified,0,,quality_gate_not_passed,review_required,7,2
quarantined_tables/044_EMP_for_Medical_Gas_System_SSKMCH_COVID-19/table_004.csv,unclassified,0,,quality_gate_not_passed,review_required,6,2
quarantined_tables/044_EMP_for_Medical_Gas_System_SSKMCH_COVID-19/table_005.csv,unclassified,0,,quality_gate_not_passed,review_required,9,11
quarantined_tables/044_EMP_for_Medical_Gas_System_SSKMCH_COVID-19/table_006.csv,unclassified,0,,quality_gate_not_passed,review_required,6,10
quarantined_tables/044_EMP_for_Medical_Gas_System_SSKMCH_COVID-19/table_007.csv,unclassified,0,,quality_gate_not_passed,review_required,8,11
quarantined_tables/044_EMP_for_Medical_Gas_System_SSKMCH_COVID-19/table_008.csv,unclassified,0,,quality_gate_not_passed,review_required,6,10
quarantined_tables/044_EMP_for_Medical_Gas_System_SSKMCH_COVID-19/table_009.csv,unclassified,0,,quality_gate_not_passed,review_required,45,10
quarantined_tables/044_EMP_for_Medical_Gas_System_SSKMCH_COVID-19/table_010.csv,unclassified,0,,quality_gate_not_passed,review_required,7,2
quarantined_tables/044_EMP_for_Medical_Gas_System_SSKMCH_COVID-19/table_011.csv,unclassified,0,,quality_gate_not_passed,rejected,8,1
quarantined_tables/044_EMP_for_Medical_Gas_System_SSKMCH_COVID-19/table_012.csv,unclassified,0,,quality_gate_not_passed,review_required,10,6
quarantined_tables/044_EMP_for_Medical_Gas_System_SSKMCH_COVID-19/table_013.csv,unclassified,0,,quality_gate_not_passed,review_required,16,2
quarantined_tables/044_EMP_for_Medical_Gas_System_SSKMCH_COVID-19/table_014.csv,unclassified,0,,quality_gate_not_passed,review_required,17,3
quarantined_tables/045_EMP_for_50_Bed_Isolation_and_10_Bed_ICU_SSKMCH/table_001.csv,unclassified,0,,quality_gate_not_passed,review_required,5,2
quarantined_tables/045_EMP_for_50_Bed_Isolation_and_10_Bed_ICU_SSKMCH/table_002.csv,unclassified,0,,quality_gate_not_passed,review_required,5,2
quarantined_tables/045_EMP_for_50_Bed_Isolation_and_10_Bed_ICU_SSKMCH/table_003.csv,unclassified,0,,quality_gate_not_passed,review_required,7,2
quarantined_tables/045_EMP_for_50_Bed_Isolation_and_10_Bed_ICU_SSKMCH/table_004.csv,unclassified,0,,quality_gate_not_passed,review_required,9,11
quarantined_tables/045_EMP_for_50_Bed_Isolation_and_10_Bed_ICU_SSKMCH/table_005.csv,unclassified,0,,quality_gate_not_passed,review_required,7,10
quarantined_tables/045_EMP_for_50_Bed_Isolation_and_10_Bed_ICU_SSKMCH/table_006.csv,unclassified,0,,quality_gate_not_passed,review_required,8,11
quarantined_tables/045_EMP_for_50_Bed_Isolation_and_10_Bed_ICU_SSKMCH/table_007.csv,unclassified,0,,quality_gate_not_passed,review_required,41,10
quarantined_tables/046_Semi-Annual_Environmental_Monitoring_Report_for_CREAP_July_-_December_2023/table_001.csv,unclassified,0,,quality_gate_not_passed,review_required,28,14
quarantined_tables/046_Semi-Annual_Environmental_Monitoring_Report_for_CREAP_July_-_December_2023/table_002.csv,unclassified,0,,quality_gate_not_passed,review_required,9,14
quarantined_tables/046_Semi-Annual_Environmental_Monitoring_Report_for_CREAP_July_-_December_2023/table_003.csv,unclassified,0,,quality_gate_not_passed,review_required,37,6
quarantined_tables/046_Semi-Annual_Environmental_Monitoring_Report_for_CREAP_July_-_December_2023/table_004.csv,unclassified,0,,quality_gate_not_passed,review_required,8,5
quarantined_tables/046_Semi-Annual_Environmental_Monitoring_Report_for_CREAP_July_-_December_2023/table_005.csv,unclassified,0,,quality_gate_not_passed,review_required,15,6
quarantined_tables/046_Semi-Annual_Environmental_Monitoring_Report_for_CREAP_July_-_December_2023/table_006.csv,unclassified,0,,quality_gate_not_passed,review_required,16,4
quarantined_tables/046_Semi-Annual_Environmental_Monitoring_Report_for_CREAP_July_-_December_2023/table_007.csv,unclassified,0,,quality_gate_not_passed,review_required,13,4
quarantined_tables/046_Semi-Annual_Environmental_Monitoring_Report_for_CREAP_July_-_December_2023/table_008.csv,unclassified,0,,quality_gate_not_passed,review_required,9,5
quarantined_tables/046_Semi-Annual_Environmental_Monitoring_Report_for_CREAP_July_-_December_2023/table_009.csv,unclassified,0,,quality_gate_not_passed,review_required,10,5
quarantined_tables/046_Semi-Annual_Environmental_Monitoring_Report_for_CREAP_July_-_December_2023/table_010.csv,unclassified,0,,quality_gate_not_passed,review_required,16,5
quarantined_tables/046_Semi-Annual_Environmental_Monitoring_Report_for_CREAP_July_-_December_2023/table_011.csv,unclassified,0,,quality_gate_not_passed,review_required,13,5
quarantined_tables/046_Semi-Annual_Environmental_Monitoring_Report_for_CREAP_July_-_December_2023/table_012.csv,unclassified,0,,quality_gate_not_passed,review_required,6,10
quarantined_tables/046_Semi-Annual_Environmental_Monitoring_Report_for_CREAP_July_-_December_2023/table_013.csv,unclassified,0,,quality_gate_not_passed,review_required,7,9
quarantined_tables/046_Semi-Annual_Environmental_Monitoring_Report_for_CREAP_July_-_December_2023/table_014.csv,unclassified,0,,quality_gate_not_passed,review_required,6,10
quarantined_tables/046_Semi-Annual_Environmental_Monitoring_Report_for_CREAP_July_-_December_2023/table_015.csv,unclassified,0,,quality_gate_not_passed,review_required,7,9
quarantined_tables/046_Semi-Annual_Environmental_Monitoring_Report_for_CREAP_July_-_December_2023/table_016.csv,unclassified,0,,quality_gate_not_passed,review_required,6,10
quarantined_tables/046_Semi-Annual_Environmental_Monitoring_Report_for_CREAP_July_-_December_2023/table_017.csv,unclassified,0,,quality_gate_not_passed,review_required,7,10
quarantined_tables/046_Semi-Annual_Environmental_Monitoring_Report_for_CREAP_July_-_December_2023/table_018.csv,unclassified,0,,quality_gate_not_passed,review_required,6,10
quarantined_tables/046_Semi-Annual_Environmental_Monitoring_Report_for_CREAP_July_-_December_2023/table_019.csv,unclassified,0,,quality_gate_not_passed,review_required,6,9
quarantined_tables/046_Semi-Annual_Environmental_Monitoring_Report_for_CREAP_July_-_December_2023/table_020.csv,unclassified,0,,quality_gate_not_passed,review_required,5,10
quarantined_tables/046_Semi-Annual_Environmental_Monitoring_Report_for_CREAP_July_-_December_2023/table_021.csv,unclassified,0,,quality_gate_not_passed,review_required,9,4
quarantined_tables/046_Semi-Annual_Environmental_Monitoring_Report_for_CREAP_July_-_December_2023/table_022.csv,unclassified,0,,quality_gate_not_passed,review_required,7,2
quarantined_tables/046_Semi-Annual_Environmental_Monitoring_Report_for_CREAP_July_-_December_2023/table_023.csv,unclassified,0,,quality_gate_not_passed,review_required,5,5
quarantined_tables/046_Semi-Annual_Environmental_Monitoring_Report_for_CREAP_July_-_December_2023/table_024.csv,unclassified,0,,quality_gate_not_passed,review_required,14,5
quarantined_tables/046_Semi-Annual_Environmental_Monitoring_Report_for_CREAP_July_-_December_2023/table_025.csv,unclassified,0,,quality_gate_not_passed,review_required,9,3
quarantined_tables/046_Semi-Annual_Environmental_Monitoring_Report_for_CREAP_July_-_December_2023/table_026.csv,unclassified,0,,quality_gate_not_passed,review_required,11,5
quarantined_tables/046_Semi-Annual_Environmental_Monitoring_Report_for_CREAP_July_-_December_2023/table_027.csv,unclassified,0,,quality_gate_not_passed,review_required,13,17
quarantined_tables/046_Semi-Annual_Environmental_Monitoring_Report_for_CREAP_July_-_December_2023/table_028.csv,unclassified,0,,quality_gate_not_passed,review_required,11,17
quarantined_tables/046_Semi-Annual_Environmental_Monitoring_Report_for_CREAP_July_-_December_2023/table_029.csv,unclassified,0,,quality_gate_not_passed,review_required,5,15
quarantined_tables/046_Semi-Annual_Environmental_Monitoring_Report_for_CREAP_July_-_December_2023/table_030.csv,unclassified,0,,quality_gate_not_passed,review_required,7,8
quarantined_tables/046_Semi-Annual_Environmental_Monitoring_Report_for_CREAP_July_-_December_2023/table_031.csv,unclassified,0,,quality_gate_not_passed,rejected,2,1
quarantined_tables/046_Semi-Annual_Environmental_Monitoring_Report_for_CREAP_July_-_December_2023/table_032.csv,unclassified,0,,quality_gate_not_passed,review_required,8,3
quarantined_tables/046_Semi-Annual_Environmental_Monitoring_Report_for_CREAP_July_-_December_2023/table_033.csv,unclassified,0,,quality_gate_not_passed,review_required,6,4
quarantined_tables/046_Semi-Annual_Environmental_Monitoring_Report_for_CREAP_July_-_December_2023/table_034.csv,unclassified,0,,quality_gate_not_passed,review_required,7,5
quarantined_tables/046_Semi-Annual_Environmental_Monitoring_Report_for_CREAP_July_-_December_2023/table_035.csv,unclassified,0,,quality_gate_not_passed,review_required,26,5
quarantined_tables/046_Semi-Annual_Environmental_Monitoring_Report_for_CREAP_July_-_December_2023/table_036.csv,unclassified,0,,quality_gate_not_passed,review_required,6,2
quarantined_tables/046_Semi-Annual_Environmental_Monitoring_Report_for_CREAP_July_-_December_2023/table_037.csv,unclassified,0,,quality_gate_not_passed,review_required,8,10
quarantined_tables/046_Semi-Annual_Environmental_Monitoring_Report_for_CREAP_July_-_December_2023/table_038.csv,unclassified,0,,quality_gate_not_passed,review_required,6,11
quarantined_tables/046_Semi-Annual_Environmental_Monitoring_Report_for_CREAP_July_-_December_2023/table_039.csv,unclassified,0,,quality_gate_not_passed,review_required,6,10
quarantined_tables/046_Semi-Annual_Environmental_Monitoring_Report_for_CREAP_July_-_December_2023/table_040.csv,unclassified,0,,quality_gate_not_passed,review_required,7,10
quarantined_tables/046_Semi-Annual_Environmental_Monitoring_Report_for_CREAP_July_-_December_2023/table_041.csv,unclassified,0,,quality_gate_not_passed,review_required,6,11
quarantined_tables/046_Semi-Annual_Environmental_Monitoring_Report_for_CREAP_July_-_December_2023/table_042.csv,unclassified,0,,quality_gate_not_passed,review_required,5,10
quarantined_tables/046_Semi-Annual_Environmental_Monitoring_Report_for_CREAP_July_-_December_2023/table_043.csv,unclassified,0,,quality_gate_not_passed,review_required,10,11
quarantined_tables/046_Semi-Annual_Environmental_Monitoring_Report_for_CREAP_July_-_December_2023/table_044.csv,unclassified,0,,quality_gate_not_passed,review_required,8,11
quarantined_tables/046_Semi-Annual_Environmental_Monitoring_Report_for_CREAP_July_-_December_2023/table_045.csv,unclassified,0,,quality_gate_not_passed,review_required,8,10
quarantined_tables/046_Semi-Annual_Environmental_Monitoring_Report_for_CREAP_July_-_December_2023/table_046.csv,unclassified,0,,quality_gate_not_passed,review_required,6,10
quarantined_tables/046_Semi-Annual_Environmental_Monitoring_Report_for_CREAP_July_-_December_2023/table_047.csv,unclassified,0,,quality_gate_not_passed,review_required,8,11
quarantined_tables/046_Semi-Annual_Environmental_Monitoring_Report_for_CREAP_July_-_December_2023/table_048.csv,unclassified,0,,quality_gate_not_passed,review_required,7,10
quarantined_tables/046_Semi-Annual_Environmental_Monitoring_Report_for_CREAP_July_-_December_2023/table_049.csv,unclassified,0,,quality_gate_not_passed,review_required,6,10
quarantined_tables/046_Semi-Annual_Environmental_Monitoring_Report_for_CREAP_July_-_December_2023/table_050.csv,unclassified,0,,quality_gate_not_passed,review_required,39,5
quarantined_tables/046_Semi-Annual_Environmental_Monitoring_Report_for_CREAP_July_-_December_2023/table_051.csv,unclassified,0,,quality_gate_not_passed,review_required,15,5
quarantined_tables/046_Semi-Annual_Environmental_Monitoring_Report_for_CREAP_July_-_December_2023/table_052.csv,unclassified,0,,quality_gate_not_passed,rejected,2,1
quarantined_tables/046_Semi-Annual_Environmental_Monitoring_Report_for_CREAP_July_-_December_2023/table_053.csv,unclassified,0,,quality_gate_not_passed,rejected,2,1
quarantined_tables/046_Semi-Annual_Environmental_Monitoring_Report_for_CREAP_July_-_December_2023/table_054.csv,unclassified,0,,quality_gate_not_passed,rejected,2,1
quarantined_tables/046_Semi-Annual_Environmental_Monitoring_Report_for_CREAP_July_-_December_2023/table_055.csv,unclassified,0,,quality_gate_not_passed,rejected,7,1
quarantined_tables/046_Semi-Annual_Environmental_Monitoring_Report_for_CREAP_July_-_December_2023/table_056.csv,unclassified,0,,quality_gate_not_passed,review_required,11,3
quarantined_tables/047_Semi-annual_Environmental_Monitoring_Report_Jan-June-2020/table_001.csv,unclassified,0,,quality_gate_not_passed,review_required,14,4
quarantined_tables/047_Semi-annual_Environmental_Monitoring_Report_Jan-June-2020/table_002.csv,unclassified,0,,quality_gate_not_passed,review_required,15,4
quarantined_tables/047_Semi-annual_Environmental_Monitoring_Report_Jan-June-2020/table_003.csv,unclassified,0,,quality_gate_not_passed,review_required,6,4
quarantined_tables/047_Semi-annual_Environmental_Monitoring_Report_Jan-June-2020/table_004.csv,unclassified,0,,quality_gate_not_passed,review_required,5,8
quarantined_tables/047_Semi-annual_Environmental_Monitoring_Report_Jan-June-2020/table_005.csv,unclassified,0,,quality_gate_not_passed,review_required,8,3
quarantined_tables/047_Semi-annual_Environmental_Monitoring_Report_Jan-June-2020/table_006.csv,unclassified,0,,quality_gate_not_passed,review_required,5,3
quarantined_tables/047_Semi-annual_Environmental_Monitoring_Report_Jan-June-2020/table_007.csv,unclassified,0,,quality_gate_not_passed,review_required,7,3
quarantined_tables/047_Semi-annual_Environmental_Monitoring_Report_Jan-June-2020/table_008.csv,unclassified,0,,quality_gate_not_passed,review_required,9,3
quarantined_tables/047_Semi-annual_Environmental_Monitoring_Report_Jan-June-2020/table_009.csv,unclassified,0,,quality_gate_not_passed,review_required,5,3
quarantined_tables/048_Semi-annual_Environmental_Monitoring_Report_July-December-2020/table_001.csv,unclassified,0,,quality_gate_not_passed,review_required,14,4
quarantined_tables/048_Semi-annual_Environmental_Monitoring_Report_July-December-2020/table_002.csv,unclassified,0,,quality_gate_not_passed,review_required,14,4
quarantined_tables/048_Semi-annual_Environmental_Monitoring_Report_July-December-2020/table_003.csv,unclassified,0,,quality_gate_not_passed,review_required,5,4
quarantined_tables/048_Semi-annual_Environmental_Monitoring_Report_July-December-2020/table_004.csv,unclassified,0,,quality_gate_not_passed,review_required,5,8
quarantined_tables/048_Semi-annual_Environmental_Monitoring_Report_July-December-2020/table_005.csv,unclassified,0,,quality_gate_not_passed,review_required,11,7
quarantined_tables/048_Semi-annual_Environmental_Monitoring_Report_July-December-2020/table_006.csv,unclassified,0,,quality_gate_not_passed,review_required,12,7
quarantined_tables/048_Semi-annual_Environmental_Monitoring_Report_July-December-2020/table_007.csv,unclassified,0,,quality_gate_not_passed,review_required,5,7
quarantined_tables/048_Semi-annual_Environmental_Monitoring_Report_July-December-2020/table_008.csv,unclassified,0,,quality_gate_not_passed,review_required,8,3
quarantined_tables/048_Semi-annual_Environmental_Monitoring_Report_July-December-2020/table_009.csv,unclassified,0,,quality_gate_not_passed,review_required,5,5
quarantined_tables/048_Semi-annual_Environmental_Monitoring_Report_July-December-2020/table_010.csv,unclassified,0,,quality_gate_not_passed,review_required,7,5
quarantined_tables/048_Semi-annual_Environmental_Monitoring_Report_July-December-2020/table_011.csv,unclassified,0,,quality_gate_not_passed,review_required,9,6
quarantined_tables/048_Semi-annual_Environmental_Monitoring_Report_July-December-2020/table_012.csv,unclassified,0,,quality_gate_not_passed,review_required,5,5
quarantined_tables/049_Semi-annual_Environmental_Monitoring_Report_January-June-2021/table_001.csv,unclassified,0,,quality_gate_not_passed,review_required,14,4
quarantined_tables/049_Semi-annual_Environmental_Monitoring_Report_January-June-2021/table_002.csv,unclassified,0,,quality_gate_not_passed,review_required,14,4
quarantined_tables/049_Semi-annual_Environmental_Monitoring_Report_January-June-2021/table_003.csv,unclassified,0,,quality_gate_not_passed,review_required,5,4
quarantined_tables/049_Semi-annual_Environmental_Monitoring_Report_January-June-2021/table_004.csv,unclassified,0,,quality_gate_not_passed,review_required,5,8
quarantined_tables/049_Semi-annual_Environmental_Monitoring_Report_January-June-2021/table_005.csv,unclassified,0,,quality_gate_not_passed,review_required,12,7
quarantined_tables/049_Semi-annual_Environmental_Monitoring_Report_January-June-2021/table_006.csv,unclassified,0,,quality_gate_not_passed,review_required,5,7
quarantined_tables/049_Semi-annual_Environmental_Monitoring_Report_January-June-2021/table_007.csv,unclassified,0,,quality_gate_not_passed,review_required,8,3
quarantined_tables/049_Semi-annual_Environmental_Monitoring_Report_January-June-2021/table_008.csv,unclassified,0,,quality_gate_not_passed,review_required,5,3
quarantined_tables/049_Semi-annual_Environmental_Monitoring_Report_January-June-2021/table_009.csv,unclassified,0,,quality_gate_not_passed,review_required,7,3
quarantined_tables/049_Semi-annual_Environmental_Monitoring_Report_January-June-2021/table_010.csv,unclassified,0,,quality_gate_not_passed,review_required,9,3
quarantined_tables/049_Semi-annual_Environmental_Monitoring_Report_January-June-2021/table_011.csv,unclassified,0,,quality_gate_not_passed,review_required,5,3
quarantined_tables/050_Semi-annual_Environmental_Monitoring_Report_July_to_December_2021/table_001.csv,unclassified,0,,quality_gate_not_passed,review_required,26,11
quarantined_tables/050_Semi-annual_Environmental_Monitoring_Report_July_to_December_2021/table_002.csv,unclassified,0,,quality_gate_not_passed,review_required,5,11
quarantined_tables/050_Semi-annual_Environmental_Monitoring_Report_July_to_December_2021/table_003.csv,unclassified,0,,quality_gate_not_passed,review_required,5,11
quarantined_tables/050_Semi-annual_Environmental_Monitoring_Report_July_to_December_2021/table_004.csv,unclassified,0,,quality_gate_not_passed,review_required,5,11
quarantined_tables/050_Semi-annual_Environmental_Monitoring_Report_July_to_December_2021/table_005.csv,unclassified,0,,quality_gate_not_passed,review_required,37,6
quarantined_tables/050_Semi-annual_Environmental_Monitoring_Report_July_to_December_2021/table_006.csv,unclassified,0,,quality_gate_not_passed,review_required,8,5
quarantined_tables/050_Semi-annual_Environmental_Monitoring_Report_July_to_December_2021/table_007.csv,unclassified,0,,quality_gate_not_passed,review_required,15,6
quarantined_tables/050_Semi-annual_Environmental_Monitoring_Report_July_to_December_2021/table_008.csv,unclassified,0,,quality_gate_not_passed,review_required,17,4
quarantined_tables/050_Semi-annual_Environmental_Monitoring_Report_July_to_December_2021/table_009.csv,unclassified,0,,quality_gate_not_passed,review_required,13,4
quarantined_tables/050_Semi-annual_Environmental_Monitoring_Report_July_to_December_2021/table_010.csv,unclassified,0,,quality_gate_not_passed,review_required,6,4
quarantined_tables/050_Semi-annual_Environmental_Monitoring_Report_July_to_December_2021/table_011.csv,unclassified,0,,quality_gate_not_passed,review_required,8,10
quarantined_tables/050_Semi-annual_Environmental_Monitoring_Report_July_to_December_2021/table_012.csv,unclassified,0,,quality_gate_not_passed,review_required,6,11
quarantined_tables/050_Semi-annual_Environmental_Monitoring_Report_July_to_December_2021/table_013.csv,unclassified,0,,quality_gate_not_passed,review_required,6,10
quarantined_tables/050_Semi-annual_Environmental_Monitoring_Report_July_to_December_2021/table_014.csv,unclassified,0,,quality_gate_not_passed,rejected,3,1
quarantined_tables/050_Semi-annual_Environmental_Monitoring_Report_July_to_December_2021/table_015.csv,unclassified,0,,quality_gate_not_passed,rejected,3,1
quarantined_tables/051_Semi-annual_Environmental_Monitoring_Report_January_to_June_2022/table_001.csv,unclassified,0,,quality_gate_not_passed,review_required,24,14
quarantined_tables/051_Semi-annual_Environmental_Monitoring_Report_January_to_June_2022/table_002.csv,unclassified,0,,quality_gate_not_passed,review_required,20,14
quarantined_tables/051_Semi-annual_Environmental_Monitoring_Report_January_to_June_2022/table_003.csv,unclassified,0,,quality_gate_not_passed,review_required,8,5
quarantined_tables/051_Semi-annual_Environmental_Monitoring_Report_January_to_June_2022/table_004.csv,unclassified,0,,quality_gate_not_passed,review_required,16,4
quarantined_tables/051_Semi-annual_Environmental_Monitoring_Report_January_to_June_2022/table_005.csv,unclassified,0,,quality_gate_not_passed,review_required,13,4
quarantined_tables/051_Semi-annual_Environmental_Monitoring_Report_January_to_June_2022/table_006.csv,unclassified,0,,quality_gate_not_passed,review_required,7,4
quarantined_tables/051_Semi-annual_Environmental_Monitoring_Report_January_to_June_2022/table_007.csv,unclassified,0,,quality_gate_not_passed,review_required,16,4
quarantined_tables/051_Semi-annual_Environmental_Monitoring_Report_January_to_June_2022/table_008.csv,unclassified,0,,quality_gate_not_passed,review_required,5,4
quarantined_tables/051_Semi-annual_Environmental_Monitoring_Report_January_to_June_2022/table_009.csv,unclassified,0,,quality_gate_not_passed,review_required,40,5
quarantined_tables/051_Semi-annual_Environmental_Monitoring_Report_January_to_June_2022/table_010.csv,unclassified,0,,quality_gate_not_passed,rejected,2,1
quarantined_tables/051_Semi-annual_Environmental_Monitoring_Report_January_to_June_2022/table_011.csv,unclassified,0,,quality_gate_not_passed,review_required,16,6
quarantined_tables/051_Semi-annual_Environmental_Monitoring_Report_January_to_June_2022/table_012.csv,unclassified,0,,quality_gate_not_passed,review_required,22,6
quarantined_tables/051_Semi-annual_Environmental_Monitoring_Report_January_to_June_2022/table_013.csv,unclassified,0,,quality_gate_not_passed,review_required,9,7
quarantined_tables/052_Semi-annual_Environmental_Monitoring_Report_July_to_December_2022/table_001.csv,unclassified,0,,quality_gate_not_passed,review_required,25,14
quarantined_tables/052_Semi-annual_Environmental_Monitoring_Report_July_to_December_2022/table_002.csv,unclassified,0,,quality_gate_not_passed,review_required,25,14
quarantined_tables/052_Semi-annual_Environmental_Monitoring_Report_July_to_December_2022/table_003.csv,unclassified,0,,quality_gate_not_passed,review_required,10,14
quarantined_tables/052_Semi-annual_Environmental_Monitoring_Report_July_to_December_2022/table_004.csv,unclassified,0,,quality_gate_not_passed,review_required,7,10
quarantined_tables/052_Semi-annual_Environmental_Monitoring_Report_July_to_December_2022/table_005.csv,unclassified,0,,quality_gate_not_passed,review_required,6,9
quarantined_tables/052_Semi-annual_Environmental_Monitoring_Report_July_to_December_2022/table_006.csv,unclassified,0,,quality_gate_not_passed,review_required,7,8
quarantined_tables/052_Semi-annual_Environmental_Monitoring_Report_July_to_December_2022/table_007.csv,unclassified,0,,quality_gate_not_passed,review_required,8,4
quarantined_tables/052_Semi-annual_Environmental_Monitoring_Report_July_to_December_2022/table_008.csv,unclassified,0,,quality_gate_not_passed,review_required,5,3
quarantined_tables/052_Semi-annual_Environmental_Monitoring_Report_July_to_December_2022/table_009.csv,unclassified,0,,quality_gate_not_passed,review_required,12,6
quarantined_tables/052_Semi-annual_Environmental_Monitoring_Report_July_to_December_2022/table_010.csv,unclassified,0,,quality_gate_not_passed,review_required,5,6
quarantined_tables/052_Semi-annual_Environmental_Monitoring_Report_July_to_December_2022/table_011.csv,unclassified,0,,quality_gate_not_passed,rejected,2,1
quarantined_tables/052_Semi-annual_Environmental_Monitoring_Report_July_to_December_2022/table_012.csv,unclassified,0,,quality_gate_not_passed,review_required,5,4
quarantined_tables/052_Semi-annual_Environmental_Monitoring_Report_July_to_December_2022/table_013.csv,unclassified,0,,quality_gate_not_passed,review_required,5,5
quarantined_tables/052_Semi-annual_Environmental_Monitoring_Report_July_to_December_2022/table_014.csv,unclassified,0,,quality_gate_not_passed,review_required,11,11
quarantined_tables/052_Semi-annual_Environmental_Monitoring_Report_July_to_December_2022/table_015.csv,unclassified,0,,quality_gate_not_passed,review_required,8,10
quarantined_tables/052_Semi-annual_Environmental_Monitoring_Report_July_to_December_2022/table_016.csv,unclassified,0,,quality_gate_not_passed,review_required,8,10
quarantined_tables/052_Semi-annual_Environmental_Monitoring_Report_July_to_December_2022/table_017.csv,unclassified,0,,quality_gate_not_passed,review_required,6,10
quarantined_tables/052_Semi-annual_Environmental_Monitoring_Report_July_to_December_2022/table_018.csv,unclassified,0,,quality_gate_not_passed,review_required,8,11
quarantined_tables/052_Semi-annual_Environmental_Monitoring_Report_July_to_December_2022/table_019.csv,unclassified,0,,quality_gate_not_passed,review_required,7,10
quarantined_tables/052_Semi-annual_Environmental_Monitoring_Report_July_to_December_2022/table_020.csv,unclassified,0,,quality_gate_not_passed,review_required,6,10
quarantined_tables/053_Semi-annual_Environmental_Monitoring_Report_January_-_June_2023/table_001.csv,unclassified,0,,quality_gate_not_passed,review_required,28,14
quarantined_tables/053_Semi-annual_Environmental_Monitoring_Report_January_-_June_2023/table_002.csv,unclassified,0,,quality_gate_not_passed,review_required,9,14
quarantined_tables/053_Semi-annual_Environmental_Monitoring_Report_January_-_June_2023/table_003.csv,unclassified,0,,quality_gate_not_passed,review_required,13,4
quarantined_tables/053_Semi-annual_Environmental_Monitoring_Report_January_-_June_2023/table_004.csv,unclassified,0,,quality_gate_not_passed,review_required,19,5
quarantined_tables/053_Semi-annual_Environmental_Monitoring_Report_January_-_June_2023/table_005.csv,unclassified,0,,quality_gate_not_passed,review_required,9,5
quarantined_tables/053_Semi-annual_Environmental_Monitoring_Report_January_-_June_2023/table_006.csv,unclassified,0,,quality_gate_not_passed,review_required,5,3
quarantined_tables/053_Semi-annual_Environmental_Monitoring_Report_January_-_June_2023/table_007.csv,unclassified,0,,quality_gate_not_passed,review_required,10,8
quarantined_tables/053_Semi-annual_Environmental_Monitoring_Report_January_-_June_2023/table_008.csv,unclassified,0,,quality_gate_not_passed,review_required,11,8
quarantined_tables/053_Semi-annual_Environmental_Monitoring_Report_January_-_June_2023/table_009.csv,unclassified,0,,quality_gate_not_passed,review_required,5,8
quarantined_tables/053_Semi-annual_Environmental_Monitoring_Report_January_-_June_2023/table_010.csv,unclassified,0,,quality_gate_not_passed,rejected,2,1
quarantined_tables/053_Semi-annual_Environmental_Monitoring_Report_January_-_June_2023/table_011.csv,unclassified,0,,quality_gate_not_passed,review_required,6,3
quarantined_tables/053_Semi-annual_Environmental_Monitoring_Report_January_-_June_2023/table_012.csv,unclassified,0,,quality_gate_not_passed,review_required,6,4
quarantined_tables/053_Semi-annual_Environmental_Monitoring_Report_January_-_June_2023/table_013.csv,unclassified,0,,quality_gate_not_passed,review_required,7,5
quarantined_tables/053_Semi-annual_Environmental_Monitoring_Report_January_-_June_2023/table_014.csv,unclassified,0,,quality_gate_not_passed,rejected,2,1
quarantined_tables/054_Environmental_Management_Plan_Medical_Gas_System_CMCH/table_001.csv,unclassified,0,,quality_gate_not_passed,review_required,5,4
quarantined_tables/054_Environmental_Management_Plan_Medical_Gas_System_CMCH/table_002.csv,unclassified,0,,quality_gate_not_passed,review_required,7,4
quarantined_tables/054_Environmental_Management_Plan_Medical_Gas_System_CMCH/table_003.csv,unclassified,0,,quality_gate_not_passed,review_required,23,2
quarantined_tables/054_Environmental_Management_Plan_Medical_Gas_System_CMCH/table_004.csv,unclassified,0,,quality_gate_not_passed,review_required,12,2
quarantined_tables/054_Environmental_Management_Plan_Medical_Gas_System_CMCH/table_005.csv,unclassified,0,,quality_gate_not_passed,review_required,11,2
quarantined_tables/054_Environmental_Management_Plan_Medical_Gas_System_CMCH/table_006.csv,unclassified,0,,quality_gate_not_passed,review_required,6,10
quarantined_tables/054_Environmental_Management_Plan_Medical_Gas_System_CMCH/table_007.csv,unclassified,0,,quality_gate_not_passed,review_required,8,11
quarantined_tables/054_Environmental_Management_Plan_Medical_Gas_System_CMCH/table_008.csv,unclassified,0,,quality_gate_not_passed,review_required,6,10
quarantined_tables/054_Environmental_Management_Plan_Medical_Gas_System_CMCH/table_009.csv,unclassified,0,,quality_gate_not_passed,review_required,43,10
quarantined_tables/055_Environmental_Management_Plan_Medical_Gas_System_CuMCH/table_001.csv,unclassified,0,,quality_gate_not_passed,review_required,8,4
quarantined_tables/055_Environmental_Management_Plan_Medical_Gas_System_CuMCH/table_002.csv,unclassified,0,,quality_gate_not_passed,review_required,9,10
quarantined_tables/055_Environmental_Management_Plan_Medical_Gas_System_CuMCH/table_003.csv,unclassified,0,,quality_gate_not_passed,review_required,7,9
quarantined_tables/055_Environmental_Management_Plan_Medical_Gas_System_CuMCH/table_004.csv,unclassified,0,,quality_gate_not_passed,review_required,9,10
quarantined_tables/055_Environmental_Management_Plan_Medical_Gas_System_CuMCH/table_005.csv,unclassified,0,,quality_gate_not_passed,review_required,8,9
quarantined_tables/055_Environmental_Management_Plan_Medical_Gas_System_CuMCH/table_006.csv,unclassified,0,,quality_gate_not_passed,review_required,5,8
quarantined_tables/055_Environmental_Management_Plan_Medical_Gas_System_CuMCH/table_007.csv,unclassified,0,,quality_gate_not_passed,review_required,20,4
quarantined_tables/055_Environmental_Management_Plan_Medical_Gas_System_CuMCH/table_008.csv,unclassified,0,,quality_gate_not_passed,review_required,7,2
quarantined_tables/055_Environmental_Management_Plan_Medical_Gas_System_CuMCH/table_009.csv,unclassified,0,,quality_gate_not_passed,rejected,8,1
quarantined_tables/055_Environmental_Management_Plan_Medical_Gas_System_CuMCH/table_010.csv,unclassified,0,,quality_gate_not_passed,rejected,7,1
quarantined_tables/055_Environmental_Management_Plan_Medical_Gas_System_CuMCH/table_011.csv,unclassified,0,,quality_gate_not_passed,review_required,10,6
quarantined_tables/056_Environmental_Management_Plan_Medical_Gas_System_DMCH/table_001.csv,unclassified,0,,quality_gate_not_passed,review_required,9,11
quarantined_tables/056_Environmental_Management_Plan_Medical_Gas_System_DMCH/table_002.csv,unclassified,0,,quality_gate_not_passed,review_required,6,10
quarantined_tables/056_Environmental_Management_Plan_Medical_Gas_System_DMCH/table_003.csv,unclassified,0,,quality_gate_not_passed,review_required,9,11
quarantined_tables/056_Environmental_Management_Plan_Medical_Gas_System_DMCH/table_004.csv,unclassified,0,,quality_gate_not_passed,review_required,5,10
quarantined_tables/056_Environmental_Management_Plan_Medical_Gas_System_DMCH/table_005.csv,unclassified,0,,quality_gate_not_passed,review_required,46,10
quarantined_tables/057_Environmental_Management_Plan_Medical_Gas_System_KMCH/table_001.csv,unclassified,0,,quality_gate_not_passed,review_required,21,2
quarantined_tables/057_Environmental_Management_Plan_Medical_Gas_System_KMCH/table_002.csv,unclassified,0,,quality_gate_not_passed,review_required,14,2
quarantined_tables/057_Environmental_Management_Plan_Medical_Gas_System_KMCH/table_003.csv,unclassified,0,,quality_gate_not_passed,review_required,6,10
quarantined_tables/057_Environmental_Management_Plan_Medical_Gas_System_KMCH/table_004.csv,unclassified,0,,quality_gate_not_passed,review_required,8,11
quarantined_tables/057_Environmental_Management_Plan_Medical_Gas_System_KMCH/table_005.csv,unclassified,0,,quality_gate_not_passed,review_required,6,10
quarantined_tables/057_Environmental_Management_Plan_Medical_Gas_System_KMCH/table_006.csv,unclassified,0,,quality_gate_not_passed,review_required,40,10
quarantined_tables/058_Environmental_Management_Plan_Medical_Gas_System_MMCH/table_001.csv,unclassified,0,,quality_gate_not_passed,review_required,9,11
quarantined_tables/058_Environmental_Management_Plan_Medical_Gas_System_MMCH/table_002.csv,unclassified,0,,quality_gate_not_passed,review_required,8,11
quarantined_tables/058_Environmental_Management_Plan_Medical_Gas_System_MMCH/table_003.csv,unclassified,0,,quality_gate_not_passed,review_required,7,10
quarantined_tables/058_Environmental_Management_Plan_Medical_Gas_System_MMCH/table_004.csv,unclassified,0,,quality_gate_not_passed,review_required,6,10
quarantined_tables/058_Environmental_Management_Plan_Medical_Gas_System_MMCH/table_005.csv,unclassified,0,,quality_gate_not_passed,review_required,45,10
quarantined_tables/059_Environmental_Management_Plan_Medical_Gas_System_Mugdha/table_001.csv,unclassified,0,,quality_gate_not_passed,review_required,10,12
quarantined_tables/059_Environmental_Management_Plan_Medical_Gas_System_Mugdha/table_002.csv,unclassified,0,,quality_gate_not_passed,review_required,8,11
quarantined_tables/059_Environmental_Management_Plan_Medical_Gas_System_Mugdha/table_003.csv,unclassified,0,,quality_gate_not_passed,review_required,7,10
quarantined_tables/059_Environmental_Management_Plan_Medical_Gas_System_Mugdha/table_004.csv,unclassified,0,,quality_gate_not_passed,review_required,5,10
quarantined_tables/059_Environmental_Management_Plan_Medical_Gas_System_Mugdha/table_005.csv,unclassified,0,,quality_gate_not_passed,review_required,38,10
quarantined_tables/059_Environmental_Management_Plan_Medical_Gas_System_Mugdha/table_006.csv,unclassified,0,,quality_gate_not_passed,review_required,13,10
quarantined_tables/059_Environmental_Management_Plan_Medical_Gas_System_Mugdha/table_007.csv,unclassified,0,,quality_gate_not_passed,review_required,7,2
quarantined_tables/060_Environmental_Management_Plan_Medical_Gas_System_SSMCH/table_001.csv,unclassified,0,,quality_gate_not_passed,review_required,9,11
quarantined_tables/060_Environmental_Management_Plan_Medical_Gas_System_SSMCH/table_002.csv,unclassified,0,,quality_gate_not_passed,review_required,8,11
quarantined_tables/060_Environmental_Management_Plan_Medical_Gas_System_SSMCH/table_003.csv,unclassified,0,,quality_gate_not_passed,review_required,7,10
quarantined_tables/060_Environmental_Management_Plan_Medical_Gas_System_SSMCH/table_004.csv,unclassified,0,,quality_gate_not_passed,review_required,5,10
quarantined_tables/060_Environmental_Management_Plan_Medical_Gas_System_SSMCH/table_005.csv,unclassified,0,,quality_gate_not_passed,review_required,48,10
quarantined_tables/060_Environmental_Management_Plan_Medical_Gas_System_SSMCH/table_006.csv,unclassified,0,,quality_gate_not_passed,review_required,11,8
quarantined_tables/061_Environmental_Management_Plan_Medical_Gas_RMCH/table_001.csv,unclassified,0,,quality_gate_not_passed,review_required,7,2
quarantined_tables/061_Environmental_Management_Plan_Medical_Gas_RMCH/table_002.csv,unclassified,0,,quality_gate_not_passed,review_required,9,2
quarantined_tables/061_Environmental_Management_Plan_Medical_Gas_RMCH/table_003.csv,unclassified,0,,quality_gate_not_passed,review_required,19,2
quarantined_tables/061_Environmental_Management_Plan_Medical_Gas_RMCH/table_004.csv,unclassified,0,,quality_gate_not_passed,review_required,5,2
quarantined_tables/061_Environmental_Management_Plan_Medical_Gas_RMCH/table_005.csv,unclassified,0,,quality_gate_not_passed,review_required,9,11
quarantined_tables/061_Environmental_Management_Plan_Medical_Gas_RMCH/table_006.csv,unclassified,0,,quality_gate_not_passed,review_required,8,11
quarantined_tables/061_Environmental_Management_Plan_Medical_Gas_RMCH/table_007.csv,unclassified,0,,quality_gate_not_passed,review_required,7,10
quarantined_tables/061_Environmental_Management_Plan_Medical_Gas_RMCH/table_008.csv,unclassified,0,,quality_gate_not_passed,review_required,5,10
quarantined_tables/061_Environmental_Management_Plan_Medical_Gas_RMCH/table_009.csv,unclassified,0,,quality_gate_not_passed,review_required,7,2
quarantined_tables/061_Environmental_Management_Plan_Medical_Gas_RMCH/table_010.csv,unclassified,0,,quality_gate_not_passed,review_required,18,3
quarantined_tables/062_Environmental_Management_Plan_PCR_Lab_DNCC/table_001.csv,unclassified,0,,quality_gate_not_passed,review_required,9,11
quarantined_tables/062_Environmental_Management_Plan_PCR_Lab_DNCC/table_002.csv,unclassified,0,,quality_gate_not_passed,review_required,8,11
quarantined_tables/062_Environmental_Management_Plan_PCR_Lab_DNCC/table_003.csv,unclassified,0,,quality_gate_not_passed,review_required,7,10
quarantined_tables/062_Environmental_Management_Plan_PCR_Lab_DNCC/table_004.csv,unclassified,0,,quality_gate_not_passed,review_required,42,10
quarantined_tables/062_Environmental_Management_Plan_PCR_Lab_DNCC/table_005.csv,unclassified,0,,quality_gate_not_passed,review_required,11,10
quarantined_tables/063_Environmental_Management_Plan_PCR_Lab_NIPSOM/table_001.csv,unclassified,0,,quality_gate_not_passed,review_required,9,11
quarantined_tables/063_Environmental_Management_Plan_PCR_Lab_NIPSOM/table_002.csv,unclassified,0,,quality_gate_not_passed,review_required,8,11
quarantined_tables/063_Environmental_Management_Plan_PCR_Lab_NIPSOM/table_003.csv,unclassified,0,,quality_gate_not_passed,review_required,7,10
quarantined_tables/063_Environmental_Management_Plan_PCR_Lab_NIPSOM/table_004.csv,unclassified,0,,quality_gate_not_passed,review_required,43,10
quarantined_tables/063_Environmental_Management_Plan_PCR_Lab_NIPSOM/table_005.csv,unclassified,0,,quality_gate_not_passed,review_required,10,8
quarantined_tables/064_Environmental_Assessment_and_Review_Framework__17_April_/table_001.csv,unclassified,0,,quality_gate_not_passed,review_required,8,5
quarantined_tables/064_Environmental_Assessment_and_Review_Framework__17_April_/table_002.csv,unclassified,0,,quality_gate_not_passed,review_required,35,5
quarantined_tables/064_Environmental_Assessment_and_Review_Framework__17_April_/table_003.csv,unclassified,0,,quality_gate_not_passed,review_required,7,4
quarantined_tables/064_Environmental_Assessment_and_Review_Framework__17_April_/table_004.csv,unclassified,0,,quality_gate_not_passed,review_required,14,5
quarantined_tables/064_Environmental_Assessment_and_Review_Framework__17_April_/table_005.csv,unclassified,0,,quality_gate_not_passed,review_required,5,3
quarantined_tables/064_Environmental_Assessment_and_Review_Framework__17_April_/table_006.csv,unclassified,0,,quality_gate_not_passed,review_required,12,3
quarantined_tables/064_Environmental_Assessment_and_Review_Framework__17_April_/table_007.csv,unclassified,0,,quality_gate_not_passed,review_required,6,4
quarantined_tables/064_Environmental_Assessment_and_Review_Framework__17_April_/table_008.csv,unclassified,0,,quality_gate_not_passed,review_required,5,3
quarantined_tables/064_Environmental_Assessment_and_Review_Framework__17_April_/table_009.csv,unclassified,0,,quality_gate_not_passed,review_required,6,3
quarantined_tables/064_Environmental_Assessment_and_Review_Framework__17_April_/table_010.csv,unclassified,0,,quality_gate_not_passed,review_required,7,3
quarantined_tables/064_Environmental_Assessment_and_Review_Framework__17_April_/table_011.csv,unclassified,0,,quality_gate_not_passed,review_required,5,3
quarantined_tables/064_Environmental_Assessment_and_Review_Framework__17_April_/table_012.csv,unclassified,0,,quality_gate_not_passed,review_required,16,2
quarantined_tables/064_Environmental_Assessment_and_Review_Framework__17_April_/table_013.csv,unclassified,0,,quality_gate_not_passed,review_required,5,3
quarantined_tables/064_Environmental_Assessment_and_Review_Framework__17_April_/table_014.csv,unclassified,0,,quality_gate_not_passed,review_required,5,3
quarantined_tables/064_Environmental_Assessment_and_Review_Framework__17_April_/table_015.csv,unclassified,0,,quality_gate_not_passed,review_required,8,3
quarantined_tables/064_Environmental_Assessment_and_Review_Framework__17_April_/table_016.csv,unclassified,0,,quality_gate_not_passed,review_required,8,3
quarantined_tables/064_Environmental_Assessment_and_Review_Framework__17_April_/table_017.csv,unclassified,0,,quality_gate_not_passed,review_required,6,3
quarantined_tables/064_Environmental_Assessment_and_Review_Framework__17_April_/table_018.csv,unclassified,0,,quality_gate_not_passed,review_required,6,3
quarantined_tables/064_Environmental_Assessment_and_Review_Framework__17_April_/table_019.csv,unclassified,0,,quality_gate_not_passed,review_required,6,3
quarantined_tables/064_Environmental_Assessment_and_Review_Framework__17_April_/table_020.csv,unclassified,0,,quality_gate_not_passed,review_required,7,3
quarantined_tables/064_Environmental_Assessment_and_Review_Framework__17_April_/table_021.csv,unclassified,0,,quality_gate_not_passed,review_required,31,5
quarantined_tables/064_Environmental_Assessment_and_Review_Framework__17_April_/table_022.csv,unclassified,0,,quality_gate_not_passed,review_required,6,3
quarantined_tables/064_Environmental_Assessment_and_Review_Framework__17_April_/table_023.csv,unclassified,0,,quality_gate_not_passed,review_required,6,3
quarantined_tables/064_Environmental_Assessment_and_Review_Framework__17_April_/table_024.csv,unclassified,0,,quality_gate_not_passed,review_required,5,3
quarantined_tables/064_Environmental_Assessment_and_Review_Framework__17_April_/table_025.csv,unclassified,0,,quality_gate_not_passed,review_required,8,3
quarantined_tables/064_Environmental_Assessment_and_Review_Framework__17_April_/table_026.csv,unclassified,0,,quality_gate_not_passed,review_required,8,6
quarantined_tables/064_Environmental_Assessment_and_Review_Framework__17_April_/table_027.csv,unclassified,0,,quality_gate_not_passed,rejected,8,1
quarantined_tables/064_Environmental_Assessment_and_Review_Framework__17_April_/table_028.csv,unclassified,0,,quality_gate_not_passed,review_required,10,6
quarantined_tables/064_Environmental_Assessment_and_Review_Framework__17_April_/table_029.csv,unclassified,0,,quality_gate_not_passed,review_required,15,2
quarantined_tables/064_Environmental_Assessment_and_Review_Framework__17_April_/table_030.csv,unclassified,0,,quality_gate_not_passed,review_required,17,6
quarantined_tables/064_Environmental_Assessment_and_Review_Framework__17_April_/table_031.csv,unclassified,0,,quality_gate_not_passed,review_required,27,5
quarantined_tables/064_Environmental_Assessment_and_Review_Framework__17_April_/table_032.csv,unclassified,0,,quality_gate_not_passed,review_required,29,5
quarantined_tables/067_Information_on_Corona_hospitals_beds_and_others_/table_001.csv,unclassified,0,,quality_gate_not_passed,review_required,27,17
quarantined_tables/067_Information_on_Corona_hospitals_beds_and_others_/table_002.csv,unclassified,0,,quality_gate_not_passed,review_required,29,17
quarantined_tables/067_Information_on_Corona_hospitals_beds_and_others_/table_003.csv,unclassified,0,,quality_gate_not_passed,review_required,18,17
quarantined_tables/067_Information_on_Corona_hospitals_beds_and_others_/table_004.csv,unclassified,0,,quality_gate_not_passed,review_required,53,17
quarantined_tables/067_Information_on_Corona_hospitals_beds_and_others_/table_005.csv,unclassified,0,,quality_gate_not_passed,review_required,49,17
quarantined_tables/068_Press-release-of-02-05-2026_pdf/table_001.csv,unclassified,0,,quality_gate_not_passed,review_required,13,7
quarantined_tables/068_Press-release-of-02-05-2026_pdf/table_002.csv,unclassified,0,,quality_gate_not_passed,review_required,10,6
quarantined_tables/068_Press-release-of-02-05-2026_pdf/table_003.csv,unclassified,0,,quality_gate_not_passed,review_required,6,8
quarantined_tables/068_Press-release-of-02-05-2026_pdf/table_004.csv,unclassified,0,,quality_gate_not_passed,review_required,59,9
quarantined_tables/068_Press-release-of-02-05-2026_pdf/table_005.csv,unclassified,0,,quality_gate_not_passed,review_required,15,9
quarantined_tables/068_Press-release-of-02-05-2026_pdf/table_006.csv,unclassified,0,,quality_gate_not_passed,review_required,10,5
quarantined_tables/068_Press-release-of-02-05-2026_pdf/table_007.csv,unclassified,0,,quality_gate_not_passed,review_required,26,6
quarantined_tables/068_Press-release-of-02-05-2026_pdf/table_008.csv,unclassified,0,,quality_gate_not_passed,review_required,60,6
quarantined_tables/068_Press-release-of-02-05-2026_pdf/table_009.csv,unclassified,0,,quality_gate_not_passed,review_required,60,6
quarantined_tables/068_Press-release-of-02-05-2026_pdf/table_010.csv,unclassified,0,,quality_gate_not_passed,review_required,24,6
quarantined_tables/068_Press-release-of-02-05-2026_pdf/table_011.csv,unclassified,0,,quality_gate_not_passed,review_required,10,3
quarantined_tables/068_Press-release-of-02-05-2026_pdf/table_012.csv,unclassified,0,,quality_gate_not_passed,review_required,6,4
quarantined_tables/069_Covid-19_Health_Bulletin_2020/table_0001.csv,unclassified,0,,quality_gate_not_passed,rejected,0,0
quarantined_tables/069_Covid-19_Health_Bulletin_2020/table_0002.csv,unclassified,0,,quality_gate_not_passed,rejected,0,0
quarantined_tables/069_Covid-19_Health_Bulletin_2020/table_0003.csv,unclassified,0,,quality_gate_not_passed,rejected,0,0
quarantined_tables/069_Covid-19_Health_Bulletin_2020/table_0004.csv,unclassified,0,,quality_gate_not_passed,rejected,0,0
quarantined_tables/069_Covid-19_Health_Bulletin_2020/table_0005.csv,unclassified,0,,quality_gate_not_passed,rejected,0,0
quarantined_tables/069_Covid-19_Health_Bulletin_2020/table_0006.csv,unclassified,0,,quality_gate_not_passed,rejected,0,0
quarantined_tables/069_Covid-19_Health_Bulletin_2020/table_0007.csv,unclassified,0,,quality_gate_not_passed,rejected,0,0
quarantined_tables/071_Other_information_including_vacant_beds_in_Corona_hospitals/table_001.csv,unclassified,0,,quality_gate_not_passed,review_required,28,17
quarantined_tables/071_Other_information_including_vacant_beds_in_Corona_hospitals/table_002.csv,unclassified,0,,quality_gate_not_passed,review_required,28,17
quarantined_tables/071_Other_information_including_vacant_beds_in_Corona_hospitals/table_003.csv,unclassified,0,,quality_gate_not_passed,review_required,18,17
quarantined_tables/071_Other_information_including_vacant_beds_in_Corona_hospitals/table_004.csv,unclassified,0,,quality_gate_not_passed,review_required,53,17
quarantined_tables/071_Other_information_including_vacant_beds_in_Corona_hospitals/table_005.csv,unclassified,0,,quality_gate_not_passed,review_required,49,17
quarantined_tables/074_Hospital_Cancer_Registry_Report_2014/table_001.csv,unclassified,0,,quality_gate_not_passed,review_required,27,2
quarantined_tables/074_Hospital_Cancer_Registry_Report_2014/table_002.csv,unclassified,0,,quality_gate_not_passed,review_required,18,2
quarantined_tables/074_Hospital_Cancer_Registry_Report_2014/table_003.csv,unclassified,0,,quality_gate_not_passed,review_required,29,2
quarantined_tables/074_Hospital_Cancer_Registry_Report_2014/table_004.csv,unclassified,0,,quality_gate_not_passed,review_required,11,2
quarantined_tables/074_Hospital_Cancer_Registry_Report_2014/table_005.csv,unclassified,0,,quality_gate_not_passed,rejected,0,0
quarantined_tables/074_Hospital_Cancer_Registry_Report_2014/table_006.csv,unclassified,0,,quality_gate_not_passed,review_required,23,5
quarantined_tables/074_Hospital_Cancer_Registry_Report_2014/table_007.csv,unclassified,0,,quality_gate_not_passed,review_required,37,5
quarantined_tables/074_Hospital_Cancer_Registry_Report_2014/table_008.csv,unclassified,0,,quality_gate_not_passed,review_required,29,4
quarantined_tables/074_Hospital_Cancer_Registry_Report_2014/table_009.csv,unclassified,0,,quality_gate_not_passed,review_required,11,4
quarantined_tables/074_Hospital_Cancer_Registry_Report_2014/table_010.csv,unclassified,0,,quality_gate_not_passed,review_required,11,4
quarantined_tables/074_Hospital_Cancer_Registry_Report_2014/table_011.csv,unclassified,0,,quality_gate_not_passed,review_required,11,4
quarantined_tables/074_Hospital_Cancer_Registry_Report_2014/table_012.csv,unclassified,0,,quality_gate_not_passed,review_required,11,4
quarantined_tables/074_Hospital_Cancer_Registry_Report_2014/table_013.csv,unclassified,0,,quality_gate_not_passed,review_required,11,4
quarantined_tables/074_Hospital_Cancer_Registry_Report_2014/table_014.csv,unclassified,0,,quality_gate_not_passed,review_required,11,4
quarantined_tables/074_Hospital_Cancer_Registry_Report_2014/table_015.csv,unclassified,0,,quality_gate_not_passed,review_required,11,4
quarantined_tables/074_Hospital_Cancer_Registry_Report_2014/table_016.csv,unclassified,0,,quality_gate_not_passed,review_required,29,4
quarantined_tables/074_Hospital_Cancer_Registry_Report_2014/table_017.csv,unclassified,0,,quality_gate_not_passed,review_required,20,4
quarantined_tables/074_Hospital_Cancer_Registry_Report_2014/table_018.csv,unclassified,0,,quality_gate_not_passed,review_required,8,4
quarantined_tables/074_Hospital_Cancer_Registry_Report_2014/table_019.csv,unclassified,0,,quality_gate_not_passed,review_required,29,4
quarantined_tables/074_Hospital_Cancer_Registry_Report_2014/table_020.csv,unclassified,0,,quality_gate_not_passed,review_required,10,3
quarantined_tables/074_Hospital_Cancer_Registry_Report_2014/table_021.csv,unclassified,0,,quality_gate_not_passed,review_required,5,3
quarantined_tables/074_Hospital_Cancer_Registry_Report_2014/table_022.csv,unclassified,0,,quality_gate_not_passed,review_required,7,3
quarantined_tables/074_Hospital_Cancer_Registry_Report_2014/table_023.csv,unclassified,0,,quality_gate_not_passed,review_required,9,4
quarantined_tables/074_Hospital_Cancer_Registry_Report_2014/table_024.csv,unclassified,0,,quality_gate_not_passed,rejected,0,0
quarantined_tables/074_Hospital_Cancer_Registry_Report_2014/table_025.csv,unclassified,0,,quality_gate_not_passed,review_required,43,11
quarantined_tables/074_Hospital_Cancer_Registry_Report_2014/table_026.csv,unclassified,0,,quality_gate_not_passed,review_required,43,11
quarantined_tables/074_Hospital_Cancer_Registry_Report_2014/table_027.csv,unclassified,0,,quality_gate_not_passed,review_required,49,11
quarantined_tables/074_Hospital_Cancer_Registry_Report_2014/table_028.csv,unclassified,0,,quality_gate_not_passed,review_required,35,11
quarantined_tables/074_Hospital_Cancer_Registry_Report_2014/table_029.csv,unclassified,0,,quality_gate_not_passed,review_required,41,11
quarantined_tables/074_Hospital_Cancer_Registry_Report_2014/table_030.csv,unclassified,0,,quality_gate_not_passed,review_required,46,11
quarantined_tables/074_Hospital_Cancer_Registry_Report_2014/table_031.csv,unclassified,0,,quality_gate_not_passed,review_required,49,11
quarantined_tables/074_Hospital_Cancer_Registry_Report_2014/table_032.csv,unclassified,0,,quality_gate_not_passed,review_required,22,11
quarantined_tables/074_Hospital_Cancer_Registry_Report_2014/table_033.csv,unclassified,0,,quality_gate_not_passed,review_required,47,8
quarantined_tables/074_Hospital_Cancer_Registry_Report_2014/table_034.csv,unclassified,0,,quality_gate_not_passed,review_required,47,8
quarantined_tables/074_Hospital_Cancer_Registry_Report_2014/table_035.csv,unclassified,0,,quality_gate_not_passed,review_required,48,8
quarantined_tables/075_Hospital_Cancer_Registry_Report_2015-2017/table_001.csv,unclassified,0,,quality_gate_not_passed,review_required,11,3
quarantined_tables/075_Hospital_Cancer_Registry_Report_2015-2017/table_002.csv,unclassified,0,,quality_gate_not_passed,review_required,11,3
quarantined_tables/075_Hospital_Cancer_Registry_Report_2015-2017/table_003.csv,unclassified,0,,quality_gate_not_passed,review_required,11,3
quarantined_tables/075_Hospital_Cancer_Registry_Report_2015-2017/table_004.csv,unclassified,0,,quality_gate_not_passed,review_required,14,3
quarantined_tables/075_Hospital_Cancer_Registry_Report_2015-2017/table_005.csv,unclassified,0,,quality_gate_not_passed,review_required,14,3
quarantined_tables/075_Hospital_Cancer_Registry_Report_2015-2017/table_006.csv,unclassified,0,,quality_gate_not_passed,review_required,19,4
quarantined_tables/075_Hospital_Cancer_Registry_Report_2015-2017/table_007.csv,unclassified,0,,quality_gate_not_passed,review_required,29,4
quarantined_tables/075_Hospital_Cancer_Registry_Report_2015-2017/table_008.csv,unclassified,0,,quality_gate_not_passed,review_required,11,4
quarantined_tables/075_Hospital_Cancer_Registry_Report_2015-2017/table_009.csv,unclassified,0,,quality_gate_not_passed,review_required,11,4
quarantined_tables/075_Hospital_Cancer_Registry_Report_2015-2017/table_010.csv,unclassified,0,,quality_gate_not_passed,review_required,11,4
quarantined_tables/075_Hospital_Cancer_Registry_Report_2015-2017/table_011.csv,unclassified,0,,quality_gate_not_passed,review_required,11,4
quarantined_tables/075_Hospital_Cancer_Registry_Report_2015-2017/table_012.csv,unclassified,0,,quality_gate_not_passed,review_required,11,4
quarantined_tables/075_Hospital_Cancer_Registry_Report_2015-2017/table_013.csv,unclassified,0,,quality_gate_not_passed,review_required,11,4
quarantined_tables/075_Hospital_Cancer_Registry_Report_2015-2017/table_014.csv,unclassified,0,,quality_gate_not_passed,review_required,11,4
quarantined_tables/075_Hospital_Cancer_Registry_Report_2015-2017/table_015.csv,unclassified,0,,quality_gate_not_passed,review_required,29,4
quarantined_tables/075_Hospital_Cancer_Registry_Report_2015-2017/table_016.csv,unclassified,0,,quality_gate_not_passed,review_required,15,4
quarantined_tables/075_Hospital_Cancer_Registry_Report_2015-2017/table_017.csv,unclassified,0,,quality_gate_not_passed,review_required,7,4
quarantined_tables/075_Hospital_Cancer_Registry_Report_2015-2017/table_018.csv,unclassified,0,,quality_gate_not_passed,review_required,22,4
quarantined_tables/075_Hospital_Cancer_Registry_Report_2015-2017/table_019.csv,unclassified,0,,quality_gate_not_passed,review_required,9,3
quarantined_tables/075_Hospital_Cancer_Registry_Report_2015-2017/table_020.csv,unclassified,0,,quality_gate_not_passed,review_required,5,3
quarantined_tables/075_Hospital_Cancer_Registry_Report_2015-2017/table_021.csv,unclassified,0,,quality_gate_not_passed,rejected,0,0
quarantined_tables/075_Hospital_Cancer_Registry_Report_2015-2017/table_022.csv,unclassified,0,,quality_gate_not_passed,review_required,5,3
quarantined_tables/075_Hospital_Cancer_Registry_Report_2015-2017/table_023.csv,unclassified,0,,quality_gate_not_passed,review_required,6,4
quarantined_tables/075_Hospital_Cancer_Registry_Report_2015-2017/table_024.csv,unclassified,0,,quality_gate_not_passed,review_required,38,11
quarantined_tables/075_Hospital_Cancer_Registry_Report_2015-2017/table_025.csv,unclassified,0,,quality_gate_not_passed,review_required,35,11
quarantined_tables/075_Hospital_Cancer_Registry_Report_2015-2017/table_026.csv,unclassified,0,,quality_gate_not_passed,review_required,30,11
quarantined_tables/075_Hospital_Cancer_Registry_Report_2015-2017/table_027.csv,unclassified,0,,quality_gate_not_passed,review_required,37,11
quarantined_tables/075_Hospital_Cancer_Registry_Report_2015-2017/table_028.csv,unclassified,0,,quality_gate_not_passed,review_required,38,11
quarantined_tables/075_Hospital_Cancer_Registry_Report_2015-2017/table_029.csv,unclassified,0,,quality_gate_not_passed,review_required,33,11
quarantined_tables/075_Hospital_Cancer_Registry_Report_2015-2017/table_030.csv,unclassified,0,,quality_gate_not_passed,review_required,35,12
quarantined_tables/075_Hospital_Cancer_Registry_Report_2015-2017/table_031.csv,unclassified,0,,quality_gate_not_passed,review_required,33,11
quarantined_tables/075_Hospital_Cancer_Registry_Report_2015-2017/table_032.csv,unclassified,0,,quality_gate_not_passed,review_required,46,8
quarantined_tables/075_Hospital_Cancer_Registry_Report_2015-2017/table_033.csv,unclassified,0,,quality_gate_not_passed,review_required,45,8
quarantined_tables/075_Hospital_Cancer_Registry_Report_2015-2017/table_034.csv,unclassified,0,,quality_gate_not_passed,review_required,47,8
quarantined_tables/075_Hospital_Cancer_Registry_Report_2015-2017/table_035.csv,unclassified,0,,quality_gate_not_passed,review_required,19,4
quarantined_tables/075_Hospital_Cancer_Registry_Report_2015-2017/table_036.csv,unclassified,0,,quality_gate_not_passed,review_required,29,4
quarantined_tables/075_Hospital_Cancer_Registry_Report_2015-2017/table_037.csv,unclassified,0,,quality_gate_not_passed,review_required,11,4
quarantined_tables/075_Hospital_Cancer_Registry_Report_2015-2017/table_038.csv,unclassified,0,,quality_gate_not_passed,review_required,11,4
quarantined_tables/075_Hospital_Cancer_Registry_Report_2015-2017/table_039.csv,unclassified,0,,quality_gate_not_passed,review_required,11,4
quarantined_tables/075_Hospital_Cancer_Registry_Report_2015-2017/table_040.csv,unclassified,0,,quality_gate_not_passed,review_required,11,4
quarantined_tables/075_Hospital_Cancer_Registry_Report_2015-2017/table_041.csv,unclassified,0,,quality_gate_not_passed,review_required,11,4
quarantined_tables/075_Hospital_Cancer_Registry_Report_2015-2017/table_042.csv,unclassified,0,,quality_gate_not_passed,review_required,11,4
quarantined_tables/075_Hospital_Cancer_Registry_Report_2015-2017/table_043.csv,unclassified,0,,quality_gate_not_passed,review_required,11,4
quarantined_tables/075_Hospital_Cancer_Registry_Report_2015-2017/table_044.csv,unclassified,0,,quality_gate_not_passed,review_required,26,5
quarantined_tables/075_Hospital_Cancer_Registry_Report_2015-2017/table_045.csv,unclassified,0,,quality_gate_not_passed,review_required,12,4
quarantined_tables/075_Hospital_Cancer_Registry_Report_2015-2017/table_046.csv,unclassified,0,,quality_gate_not_passed,review_required,8,4
quarantined_tables/075_Hospital_Cancer_Registry_Report_2015-2017/table_047.csv,unclassified,0,,quality_gate_not_passed,review_required,22,4
quarantined_tables/075_Hospital_Cancer_Registry_Report_2015-2017/table_048.csv,unclassified,0,,quality_gate_not_passed,rejected,0,0
quarantined_tables/075_Hospital_Cancer_Registry_Report_2015-2017/table_049.csv,unclassified,0,,quality_gate_not_passed,review_required,10,3
quarantined_tables/075_Hospital_Cancer_Registry_Report_2015-2017/table_050.csv,unclassified,0,,quality_gate_not_passed,review_required,6,3
quarantined_tables/075_Hospital_Cancer_Registry_Report_2015-2017/table_051.csv,unclassified,0,,quality_gate_not_passed,rejected,0,0
quarantined_tables/075_Hospital_Cancer_Registry_Report_2015-2017/table_052.csv,unclassified,0,,quality_gate_not_passed,review_required,5,3
quarantined_tables/075_Hospital_Cancer_Registry_Report_2015-2017/table_053.csv,unclassified,0,,quality_gate_not_passed,review_required,6,4
quarantined_tables/075_Hospital_Cancer_Registry_Report_2015-2017/table_054.csv,unclassified,0,,quality_gate_not_passed,rejected,0,0
quarantined_tables/075_Hospital_Cancer_Registry_Report_2015-2017/table_055.csv,unclassified,0,,quality_gate_not_passed,rejected,0,0
quarantined_tables/075_Hospital_Cancer_Registry_Report_2015-2017/table_056.csv,unclassified,0,,quality_gate_not_passed,rejected,0,0
quarantined_tables/075_Hospital_Cancer_Registry_Report_2015-2017/table_057.csv,unclassified,0,,quality_gate_not_passed,review_required,35,12
quarantined_tables/075_Hospital_Cancer_Registry_Report_2015-2017/table_058.csv,unclassified,0,,quality_gate_not_passed,review_required,32,12
quarantined_tables/075_Hospital_Cancer_Registry_Report_2015-2017/table_059.csv,unclassified,0,,quality_gate_not_passed,review_required,31,12
quarantined_tables/075_Hospital_Cancer_Registry_Report_2015-2017/table_060.csv,unclassified,0,,quality_gate_not_passed,review_required,35,12
quarantined_tables/075_Hospital_Cancer_Registry_Report_2015-2017/table_061.csv,unclassified,0,,quality_gate_not_passed,review_required,31,12
quarantined_tables/075_Hospital_Cancer_Registry_Report_2015-2017/table_062.csv,unclassified,0,,quality_gate_not_passed,review_required,29,12
quarantined_tables/075_Hospital_Cancer_Registry_Report_2015-2017/table_063.csv,unclassified,0,,quality_gate_not_passed,review_required,47,8
quarantined_tables/075_Hospital_Cancer_Registry_Report_2015-2017/table_064.csv,unclassified,0,,quality_gate_not_passed,review_required,47,8
quarantined_tables/075_Hospital_Cancer_Registry_Report_2015-2017/table_065.csv,unclassified,0,,quality_gate_not_passed,review_required,40,8
quarantined_tables/075_Hospital_Cancer_Registry_Report_2015-2017/table_066.csv,unclassified,0,,quality_gate_not_passed,review_required,42,8
quarantined_tables/075_Hospital_Cancer_Registry_Report_2015-2017/table_067.csv,unclassified,0,,quality_gate_not_passed,review_required,42,8
quarantined_tables/075_Hospital_Cancer_Registry_Report_2015-2017/table_068.csv,unclassified,0,,quality_gate_not_passed,review_required,39,8
quarantined_tables/075_Hospital_Cancer_Registry_Report_2015-2017/table_069.csv,unclassified,0,,quality_gate_not_passed,review_required,20,4
quarantined_tables/075_Hospital_Cancer_Registry_Report_2015-2017/table_070.csv,unclassified,0,,quality_gate_not_passed,review_required,29,4
quarantined_tables/075_Hospital_Cancer_Registry_Report_2015-2017/table_071.csv,unclassified,0,,quality_gate_not_passed,review_required,11,4
quarantined_tables/075_Hospital_Cancer_Registry_Report_2015-2017/table_072.csv,unclassified,0,,quality_gate_not_passed,review_required,11,4
quarantined_tables/075_Hospital_Cancer_Registry_Report_2015-2017/table_073.csv,unclassified,0,,quality_gate_not_passed,review_required,11,4
quarantined_tables/075_Hospital_Cancer_Registry_Report_2015-2017/table_074.csv,unclassified,0,,quality_gate_not_passed,review_required,11,4
quarantined_tables/075_Hospital_Cancer_Registry_Report_2015-2017/table_075.csv,unclassified,0,,quality_gate_not_passed,review_required,11,4
quarantined_tables/075_Hospital_Cancer_Registry_Report_2015-2017/table_076.csv,unclassified,0,,quality_gate_not_passed,review_required,11,4
quarantined_tables/075_Hospital_Cancer_Registry_Report_2015-2017/table_077.csv,unclassified,0,,quality_gate_not_passed,review_required,11,4
quarantined_tables/075_Hospital_Cancer_Registry_Report_2015-2017/table_078.csv,unclassified,0,,quality_gate_not_passed,review_required,29,4
quarantined_tables/075_Hospital_Cancer_Registry_Report_2015-2017/table_079.csv,unclassified,0,,quality_gate_not_passed,review_required,12,4
quarantined_tables/075_Hospital_Cancer_Registry_Report_2015-2017/table_080.csv,unclassified,0,,quality_gate_not_passed,review_required,6,4
quarantined_tables/075_Hospital_Cancer_Registry_Report_2015-2017/table_081.csv,unclassified,0,,quality_gate_not_passed,review_required,27,4
quarantined_tables/075_Hospital_Cancer_Registry_Report_2015-2017/table_082.csv,unclassified,0,,quality_gate_not_passed,review_required,9,3
quarantined_tables/075_Hospital_Cancer_Registry_Report_2015-2017/table_083.csv,unclassified,0,,quality_gate_not_passed,review_required,5,3
quarantined_tables/075_Hospital_Cancer_Registry_Report_2015-2017/table_084.csv,unclassified,0,,quality_gate_not_passed,review_required,5,3
quarantined_tables/075_Hospital_Cancer_Registry_Report_2015-2017/table_085.csv,unclassified,0,,quality_gate_not_passed,review_required,5,4
quarantined_tables/075_Hospital_Cancer_Registry_Report_2015-2017/table_086.csv,unclassified,0,,quality_gate_not_passed,review_required,35,12
quarantined_tables/075_Hospital_Cancer_Registry_Report_2015-2017/table_087.csv,unclassified,0,,quality_gate_not_passed,review_required,31,12
quarantined_tables/075_Hospital_Cancer_Registry_Report_2015-2017/table_088.csv,unclassified,0,,quality_gate_not_passed,review_required,31,12
quarantined_tables/075_Hospital_Cancer_Registry_Report_2015-2017/table_089.csv,unclassified,0,,quality_gate_not_passed,review_required,18,12
quarantined_tables/075_Hospital_Cancer_Registry_Report_2015-2017/table_090.csv,unclassified,0,,quality_gate_not_passed,review_required,35,12
quarantined_tables/075_Hospital_Cancer_Registry_Report_2015-2017/table_091.csv,unclassified,0,,quality_gate_not_passed,review_required,33,12
quarantined_tables/075_Hospital_Cancer_Registry_Report_2015-2017/table_092.csv,unclassified,0,,quality_gate_not_passed,review_required,36,12
quarantined_tables/075_Hospital_Cancer_Registry_Report_2015-2017/table_093.csv,unclassified,0,,quality_gate_not_passed,review_required,45,8
quarantined_tables/075_Hospital_Cancer_Registry_Report_2015-2017/table_094.csv,unclassified,0,,quality_gate_not_passed,review_required,46,8
quarantined_tables/075_Hospital_Cancer_Registry_Report_2015-2017/table_095.csv,unclassified,0,,quality_gate_not_passed,review_required,48,8
quarantined_tables/075_Hospital_Cancer_Registry_Report_2015-2017/table_096.csv,unclassified,0,,quality_gate_not_passed,review_required,45,8
quarantined_tables/075_Hospital_Cancer_Registry_Report_2015-2017/table_097.csv,unclassified,0,,quality_gate_not_passed,review_required,45,8
quarantined_tables/075_Hospital_Cancer_Registry_Report_2015-2017/table_098.csv,unclassified,0,,quality_gate_not_passed,review_required,41,8
quarantined_tables/078_Research_Abstract_of_Planning_Monitoring_and_Research_Operational_Plan_2021-2022/table_001.csv,unclassified,0,,quality_gate_not_passed,review_required,10,5
quarantined_tables/078_Research_Abstract_of_Planning_Monitoring_and_Research_Operational_Plan_2021-2022/table_002.csv,unclassified,0,,quality_gate_not_passed,review_required,8,5
quarantined_tables/081__-_/table_001.csv,unclassified,0,,quality_gate_not_passed,review_required,11,2
quarantined_tables/081__-_/table_002.csv,unclassified,0,,quality_gate_not_passed,review_required,11,2
quarantined_tables/081__-_/table_003.csv,unclassified,0,,quality_gate_not_passed,review_required,11,2
quarantined_tables/081__-_/table_004.csv,unclassified,0,,quality_gate_not_passed,review_required,13,2
quarantined_tables/081__-_/table_005.csv,unclassified,0,,quality_gate_not_passed,review_required,6,11
quarantined_tables/081__-_/table_006.csv,unclassified,0,,quality_gate_not_passed,review_required,19,4
quarantined_tables/081__-_/table_007.csv,unclassified,0,,quality_gate_not_passed,rejected,1,1
quarantined_tables/081__-_/table_008.csv,unclassified,0,,quality_gate_not_passed,review_required,8,10
quarantined_tables/081__-_/table_009.csv,unclassified,0,,quality_gate_not_passed,review_required,5,4
quarantined_tables/081__-_/table_010.csv,unclassified,0,,quality_gate_not_passed,review_required,5,16
quarantined_tables/081__-_/table_011.csv,unclassified,0,,quality_gate_not_passed,review_required,5,22
quarantined_tables/081__-_/table_012.csv,unclassified,0,,quality_gate_not_passed,review_required,10,2
quarantined_tables/081__-_/table_013.csv,unclassified,0,,quality_gate_not_passed,rejected,1,1
quarantined_tables/082_MR_bulletin_2nd_quarter_2021_/table_001.csv,unclassified,0,,quality_gate_not_passed,rejected,0,0
quarantined_tables/082_MR_bulletin_2nd_quarter_2021_/table_002.csv,unclassified,0,,quality_gate_not_passed,rejected,0,0
quarantined_tables/082_MR_bulletin_2nd_quarter_2021_/table_003.csv,unclassified,0,,quality_gate_not_passed,rejected,0,0
quarantined_tables/082_MR_bulletin_2nd_quarter_2021_/table_004.csv,unclassified,0,,quality_gate_not_passed,rejected,0,0
quarantined_tables/082_MR_bulletin_2nd_quarter_2021_/table_005.csv,unclassified,0,,quality_gate_not_passed,rejected,0,0
quarantined_tables/082_MR_bulletin_2nd_quarter_2021_/table_006.csv,unclassified,0,,quality_gate_not_passed,rejected,0,0
quarantined_tables/082_MR_bulletin_2nd_quarter_2021_/table_007.csv,unclassified,0,,quality_gate_not_passed,rejected,0,0
quarantined_tables/082_MR_bulletin_2nd_quarter_2021_/table_008.csv,unclassified,0,,quality_gate_not_passed,rejected,0,0
quarantined_tables/083_MR_Bulletin_Volume_1/table_001.csv,unclassified,0,,quality_gate_not_passed,review_required,8,7
quarantined_tables/083_MR_Bulletin_Volume_1/table_002.csv,unclassified,0,,quality_gate_not_passed,review_required,9,7
quarantined_tables/083_MR_Bulletin_Volume_1/table_003.csv,unclassified,0,,quality_gate_not_passed,review_required,9,3
quarantined_tables/083_MR_Bulletin_Volume_1/table_004.csv,unclassified,0,,quality_gate_not_passed,rejected,0,0
quarantined_tables/083_MR_Bulletin_Volume_1/table_005.csv,unclassified,0,,quality_gate_not_passed,rejected,0,0
quarantined_tables/083_MR_Bulletin_Volume_1/table_006.csv,unclassified,0,,quality_gate_not_passed,rejected,0,0
quarantined_tables/083_MR_Bulletin_Volume_1/table_007.csv,unclassified,0,,quality_gate_not_passed,review_required,54,18
quarantined_tables/083_MR_Bulletin_Volume_1/table_008.csv,unclassified,0,,quality_gate_not_passed,review_required,35,18
quarantined_tables/083_MR_Bulletin_Volume_1/table_009.csv,unclassified,0,,quality_gate_not_passed,review_required,55,21
quarantined_tables/083_MR_Bulletin_Volume_1/table_010.csv,unclassified,0,,quality_gate_not_passed,review_required,36,21
quarantined_tables/083_MR_Bulletin_Volume_1/table_011.csv,unclassified,0,,quality_gate_not_passed,review_required,55,15
quarantined_tables/083_MR_Bulletin_Volume_1/table_012.csv,unclassified,0,,quality_gate_not_passed,review_required,36,15
quarantined_tables/084_MR_Bulletin_Volume_2/table_001.csv,unclassified,0,,quality_gate_not_passed,review_required,9,6
quarantined_tables/084_MR_Bulletin_Volume_2/table_002.csv,unclassified,0,,quality_gate_not_passed,review_required,10,6
quarantined_tables/084_MR_Bulletin_Volume_2/table_003.csv,unclassified,0,,quality_gate_not_passed,review_required,10,3
quarantined_tables/084_MR_Bulletin_Volume_2/table_004.csv,unclassified,0,,quality_gate_not_passed,rejected,0,0
quarantined_tables/084_MR_Bulletin_Volume_2/table_005.csv,unclassified,0,,quality_gate_not_passed,rejected,0,0
quarantined_tables/084_MR_Bulletin_Volume_2/table_006.csv,unclassified,0,,quality_gate_not_passed,review_required,54,18
quarantined_tables/084_MR_Bulletin_Volume_2/table_007.csv,unclassified,0,,quality_gate_not_passed,review_required,35,18
quarantined_tables/084_MR_Bulletin_Volume_2/table_008.csv,unclassified,0,,quality_gate_not_passed,review_required,55,21
quarantined_tables/084_MR_Bulletin_Volume_2/table_009.csv,unclassified,0,,quality_gate_not_passed,review_required,36,21
quarantined_tables/084_MR_Bulletin_Volume_2/table_010.csv,unclassified,0,,quality_gate_not_passed,review_required,55,15
quarantined_tables/084_MR_Bulletin_Volume_2/table_011.csv,unclassified,0,,quality_gate_not_passed,review_required,36,15
quarantined_tables/085_MR_Bulletin_Volume_3/table_001.csv,unclassified,0,,quality_gate_not_passed,review_required,11,6
quarantined_tables/085_MR_Bulletin_Volume_3/table_002.csv,unclassified,0,,quality_gate_not_passed,review_required,12,6
quarantined_tables/085_MR_Bulletin_Volume_3/table_003.csv,unclassified,0,,quality_gate_not_passed,review_required,10,3
quarantined_tables/085_MR_Bulletin_Volume_3/table_004.csv,unclassified,0,,quality_gate_not_passed,rejected,0,0
quarantined_tables/085_MR_Bulletin_Volume_3/table_005.csv,unclassified,0,,quality_gate_not_passed,review_required,6,4
quarantined_tables/085_MR_Bulletin_Volume_3/table_006.csv,unclassified,0,,quality_gate_not_passed,review_required,54,18
quarantined_tables/085_MR_Bulletin_Volume_3/table_007.csv,unclassified,0,,quality_gate_not_passed,review_required,35,18
quarantined_tables/085_MR_Bulletin_Volume_3/table_008.csv,unclassified,0,,quality_gate_not_passed,review_required,56,15
quarantined_tables/085_MR_Bulletin_Volume_3/table_009.csv,unclassified,0,,quality_gate_not_passed,review_required,37,15
quarantined_tables/085_MR_Bulletin_Volume_3/table_010.csv,unclassified,0,,quality_gate_not_passed,review_required,56,15
quarantined_tables/085_MR_Bulletin_Volume_3/table_011.csv,unclassified,0,,quality_gate_not_passed,review_required,38,15
quarantined_tables/085_MR_Bulletin_Volume_3/table_012.csv,unclassified,0,,quality_gate_not_passed,review_required,12,8
cleaned_tables/086_Measles_Update_Till_14_05_26_/table_001.csv,measles_aggregate,0,,verified_source_specific_classification,accepted_curated,9,13
cleaned_tables/086_Measles_Update_Till_14_05_26_/table_002.csv,measles_aggregate,0,,verified_source_specific_classification,accepted_curated,9,9
cleaned_tables/086_Measles_Update_Till_14_05_26_/table_003.csv,measles_aggregate,0,,verified_source_specific_classification,accepted_curated,13,9
quarantined_tables/091__/table_001.csv,unclassified,0,,quality_gate_not_passed,rejected,0,0
quarantined_tables/091__/table_002.csv,unclassified,0,,quality_gate_not_passed,rejected,0,0
quarantined_tables/091__/table_003.csv,unclassified,0,,quality_gate_not_passed,rejected,0,0
quarantined_tables/091__/table_004.csv,unclassified,0,,quality_gate_not_passed,rejected,0,0
quarantined_tables/091__/table_005.csv,unclassified,0,,quality_gate_not_passed,rejected,0,0
quarantined_tables/091__/table_006.csv,unclassified,0,,quality_gate_not_passed,rejected,0,0
quarantined_tables/091__/table_007.csv,unclassified,0,,quality_gate_not_passed,rejected,0,0
quarantined_tables/092__HRH_Data_Sheet_2023/table_001.csv,unclassified,0,,quality_gate_not_passed,rejected,0,0
quarantined_tables/092__HRH_Data_Sheet_2023/table_002.csv,unclassified,0,,quality_gate_not_passed,rejected,0,0
quarantined_tables/093_Health_Labour_Market_Analysis_in_Bangladesh_2021/table_001.csv,unclassified,0,,quality_gate_not_passed,review_required,10,4
quarantined_tables/093_Health_Labour_Market_Analysis_in_Bangladesh_2021/table_002.csv,unclassified,0,,quality_gate_not_passed,review_required,5,8
quarantined_tables/093_Health_Labour_Market_Analysis_in_Bangladesh_2021/table_003.csv,unclassified,0,,quality_gate_not_passed,review_required,12,13
quarantined_tables/093_Health_Labour_Market_Analysis_in_Bangladesh_2021/table_004.csv,unclassified,0,,quality_gate_not_passed,review_required,12,10
quarantined_tables/093_Health_Labour_Market_Analysis_in_Bangladesh_2021/table_005.csv,unclassified,0,,quality_gate_not_passed,review_required,5,4
quarantined_tables/093_Health_Labour_Market_Analysis_in_Bangladesh_2021/table_006.csv,unclassified,0,,quality_gate_not_passed,review_required,5,3
quarantined_tables/093_Health_Labour_Market_Analysis_in_Bangladesh_2021/table_007.csv,unclassified,0,,quality_gate_not_passed,review_required,8,4
quarantined_tables/093_Health_Labour_Market_Analysis_in_Bangladesh_2021/table_008.csv,unclassified,0,,quality_gate_not_passed,review_required,9,4
quarantined_tables/093_Health_Labour_Market_Analysis_in_Bangladesh_2021/table_009.csv,unclassified,0,,quality_gate_not_passed,review_required,12,4
quarantined_tables/093_Health_Labour_Market_Analysis_in_Bangladesh_2021/table_010.csv,unclassified,0,,quality_gate_not_passed,review_required,9,7
quarantined_tables/093_Health_Labour_Market_Analysis_in_Bangladesh_2021/table_011.csv,unclassified,0,,quality_gate_not_passed,review_required,11,7
quarantined_tables/093_Health_Labour_Market_Analysis_in_Bangladesh_2021/table_012.csv,unclassified,0,,quality_gate_not_passed,review_required,5,8
quarantined_tables/093_Health_Labour_Market_Analysis_in_Bangladesh_2021/table_013.csv,unclassified,0,,quality_gate_not_passed,review_required,6,8
quarantined_tables/093_Health_Labour_Market_Analysis_in_Bangladesh_2021/table_014.csv,unclassified,0,,quality_gate_not_passed,review_required,12,4
quarantined_tables/093_Health_Labour_Market_Analysis_in_Bangladesh_2021/table_015.csv,unclassified,0,,quality_gate_not_passed,review_required,5,4
quarantined_tables/093_Health_Labour_Market_Analysis_in_Bangladesh_2021/table_016.csv,unclassified,0,,quality_gate_not_passed,review_required,11,5
quarantined_tables/093_Health_Labour_Market_Analysis_in_Bangladesh_2021/table_017.csv,unclassified,0,,quality_gate_not_passed,review_required,11,5
quarantined_tables/093_Health_Labour_Market_Analysis_in_Bangladesh_2021/table_018.csv,unclassified,0,,quality_gate_not_passed,review_required,16,7
quarantined_tables/093_Health_Labour_Market_Analysis_in_Bangladesh_2021/table_019.csv,unclassified,0,,quality_gate_not_passed,review_required,8,4
quarantined_tables/093_Health_Labour_Market_Analysis_in_Bangladesh_2021/table_020.csv,unclassified,0,,quality_gate_not_passed,review_required,11,4
quarantined_tables/093_Health_Labour_Market_Analysis_in_Bangladesh_2021/table_021.csv,unclassified,0,,quality_gate_not_passed,review_required,8,4
quarantined_tables/093_Health_Labour_Market_Analysis_in_Bangladesh_2021/table_022.csv,unclassified,0,,quality_gate_not_passed,review_required,11,4
quarantined_tables/093_Health_Labour_Market_Analysis_in_Bangladesh_2021/table_023.csv,unclassified,0,,quality_gate_not_passed,review_required,9,7
quarantined_tables/093_Health_Labour_Market_Analysis_in_Bangladesh_2021/table_024.csv,unclassified,0,,quality_gate_not_passed,review_required,7,7
quarantined_tables/093_Health_Labour_Market_Analysis_in_Bangladesh_2021/table_025.csv,unclassified,0,,quality_gate_not_passed,review_required,8,7
quarantined_tables/093_Health_Labour_Market_Analysis_in_Bangladesh_2021/table_026.csv,unclassified,0,,quality_gate_not_passed,review_required,9,7
quarantined_tables/093_Health_Labour_Market_Analysis_in_Bangladesh_2021/table_027.csv,unclassified,0,,quality_gate_not_passed,review_required,12,7
quarantined_tables/093_Health_Labour_Market_Analysis_in_Bangladesh_2021/table_028.csv,unclassified,0,,quality_gate_not_passed,review_required,8,4
quarantined_tables/093_Health_Labour_Market_Analysis_in_Bangladesh_2021/table_029.csv,unclassified,0,,quality_gate_not_passed,rejected,0,0
quarantined_tables/093_Health_Labour_Market_Analysis_in_Bangladesh_2021/table_030.csv,unclassified,0,,quality_gate_not_passed,review_required,12,3
quarantined_tables/093_Health_Labour_Market_Analysis_in_Bangladesh_2021/table_031.csv,unclassified,0,,quality_gate_not_passed,review_required,22,2
quarantined_tables/093_Health_Labour_Market_Analysis_in_Bangladesh_2021/table_032.csv,unclassified,0,,quality_gate_not_passed,review_required,9,2
quarantined_tables/093_Health_Labour_Market_Analysis_in_Bangladesh_2021/table_033.csv,unclassified,0,,quality_gate_not_passed,review_required,17,9
quarantined_tables/093_Health_Labour_Market_Analysis_in_Bangladesh_2021/table_034.csv,unclassified,0,,quality_gate_not_passed,review_required,17,9
quarantined_tables/093_Health_Labour_Market_Analysis_in_Bangladesh_2021/table_035.csv,unclassified,0,,quality_gate_not_passed,review_required,17,9
quarantined_tables/093_Health_Labour_Market_Analysis_in_Bangladesh_2021/table_036.csv,unclassified,0,,quality_gate_not_passed,review_required,17,9
quarantined_tables/093_Health_Labour_Market_Analysis_in_Bangladesh_2021/table_037.csv,unclassified,0,,quality_gate_not_passed,review_required,16,9
quarantined_tables/093_Health_Labour_Market_Analysis_in_Bangladesh_2021/table_038.csv,unclassified,0,,quality_gate_not_passed,review_required,16,9
quarantined_tables/093_Health_Labour_Market_Analysis_in_Bangladesh_2021/table_039.csv,unclassified,0,,quality_gate_not_passed,rejected,0,0
quarantined_tables/093_Health_Labour_Market_Analysis_in_Bangladesh_2021/table_040.csv,unclassified,0,,quality_gate_not_passed,review_required,16,9
quarantined_tables/093_Health_Labour_Market_Analysis_in_Bangladesh_2021/table_041.csv,unclassified,0,,quality_gate_not_passed,review_required,16,9
quarantined_tables/093_Health_Labour_Market_Analysis_in_Bangladesh_2021/table_042.csv,unclassified,0,,quality_gate_not_passed,review_required,17,9
quarantined_tables/093_Health_Labour_Market_Analysis_in_Bangladesh_2021/table_043.csv,unclassified,0,,quality_gate_not_passed,review_required,17,9
quarantined_tables/093_Health_Labour_Market_Analysis_in_Bangladesh_2021/table_044.csv,unclassified,0,,quality_gate_not_passed,review_required,16,9
quarantined_tables/093_Health_Labour_Market_Analysis_in_Bangladesh_2021/table_045.csv,unclassified,0,,quality_gate_not_passed,review_required,16,9
quarantined_tables/093_Health_Labour_Market_Analysis_in_Bangladesh_2021/table_046.csv,unclassified,0,,quality_gate_not_passed,rejected,0,0
quarantined_tables/093_Health_Labour_Market_Analysis_in_Bangladesh_2021/table_047.csv,unclassified,0,,quality_gate_not_passed,review_required,17,9
quarantined_tables/093_Health_Labour_Market_Analysis_in_Bangladesh_2021/table_048.csv,unclassified,0,,quality_gate_not_passed,review_required,16,9
quarantined_tables/093_Health_Labour_Market_Analysis_in_Bangladesh_2021/table_049.csv,unclassified,0,,quality_gate_not_passed,review_required,16,9
quarantined_tables/093_Health_Labour_Market_Analysis_in_Bangladesh_2021/table_050.csv,unclassified,0,,quality_gate_not_passed,review_required,16,9
quarantined_tables/093_Health_Labour_Market_Analysis_in_Bangladesh_2021/table_051.csv,unclassified,0,,quality_gate_not_passed,review_required,16,9
quarantined_tables/093_Health_Labour_Market_Analysis_in_Bangladesh_2021/table_052.csv,unclassified,0,,quality_gate_not_passed,review_required,16,9
quarantined_tables/093_Health_Labour_Market_Analysis_in_Bangladesh_2021/table_053.csv,unclassified,0,,quality_gate_not_passed,review_required,16,9
quarantined_tables/093_Health_Labour_Market_Analysis_in_Bangladesh_2021/table_054.csv,unclassified,0,,quality_gate_not_passed,review_required,17,9
quarantined_tables/093_Health_Labour_Market_Analysis_in_Bangladesh_2021/table_055.csv,unclassified,0,,quality_gate_not_passed,review_required,17,9
quarantined_tables/093_Health_Labour_Market_Analysis_in_Bangladesh_2021/table_056.csv,unclassified,0,,quality_gate_not_passed,review_required,17,9
quarantined_tables/093_Health_Labour_Market_Analysis_in_Bangladesh_2021/table_057.csv,unclassified,0,,quality_gate_not_passed,review_required,17,9
quarantined_tables/093_Health_Labour_Market_Analysis_in_Bangladesh_2021/table_058.csv,unclassified,0,,quality_gate_not_passed,review_required,17,9
quarantined_tables/093_Health_Labour_Market_Analysis_in_Bangladesh_2021/table_059.csv,unclassified,0,,quality_gate_not_passed,review_required,17,9
quarantined_tables/093_Health_Labour_Market_Analysis_in_Bangladesh_2021/table_060.csv,unclassified,0,,quality_gate_not_passed,review_required,16,9
quarantined_tables/093_Health_Labour_Market_Analysis_in_Bangladesh_2021/table_061.csv,unclassified,0,,quality_gate_not_passed,review_required,16,9
quarantined_tables/093_Health_Labour_Market_Analysis_in_Bangladesh_2021/table_062.csv,unclassified,0,,quality_gate_not_passed,review_required,17,9
quarantined_tables/093_Health_Labour_Market_Analysis_in_Bangladesh_2021/table_063.csv,unclassified,0,,quality_gate_not_passed,review_required,17,9
quarantined_tables/093_Health_Labour_Market_Analysis_in_Bangladesh_2021/table_064.csv,unclassified,0,,quality_gate_not_passed,review_required,17,9
quarantined_tables/093_Health_Labour_Market_Analysis_in_Bangladesh_2021/table_065.csv,unclassified,0,,quality_gate_not_passed,rejected,0,0
quarantined_tables/093_Health_Labour_Market_Analysis_in_Bangladesh_2021/table_066.csv,unclassified,0,,quality_gate_not_passed,review_required,17,9
quarantined_tables/093_Health_Labour_Market_Analysis_in_Bangladesh_2021/table_067.csv,unclassified,0,,quality_gate_not_passed,review_required,16,9
quarantined_tables/093_Health_Labour_Market_Analysis_in_Bangladesh_2021/table_068.csv,unclassified,0,,quality_gate_not_passed,review_required,16,9
quarantined_tables/093_Health_Labour_Market_Analysis_in_Bangladesh_2021/table_069.csv,unclassified,0,,quality_gate_not_passed,review_required,16,9
quarantined_tables/093_Health_Labour_Market_Analysis_in_Bangladesh_2021/table_070.csv,unclassified,0,,quality_gate_not_passed,review_required,16,9
quarantined_tables/093_Health_Labour_Market_Analysis_in_Bangladesh_2021/table_071.csv,unclassified,0,,quality_gate_not_passed,review_required,16,9
quarantined_tables/093_Health_Labour_Market_Analysis_in_Bangladesh_2021/table_072.csv,unclassified,0,,quality_gate_not_passed,rejected,0,0
quarantined_tables/093_Health_Labour_Market_Analysis_in_Bangladesh_2021/table_073.csv,unclassified,0,,quality_gate_not_passed,review_required,17,9
quarantined_tables/093_Health_Labour_Market_Analysis_in_Bangladesh_2021/table_074.csv,unclassified,0,,quality_gate_not_passed,review_required,17,9
quarantined_tables/093_Health_Labour_Market_Analysis_in_Bangladesh_2021/table_075.csv,unclassified,0,,quality_gate_not_passed,review_required,17,10
quarantined_tables/093_Health_Labour_Market_Analysis_in_Bangladesh_2021/table_076.csv,unclassified,0,,quality_gate_not_passed,review_required,17,9
quarantined_tables/093_Health_Labour_Market_Analysis_in_Bangladesh_2021/table_077.csv,unclassified,0,,quality_gate_not_passed,review_required,17,9
quarantined_tables/093_Health_Labour_Market_Analysis_in_Bangladesh_2021/table_078.csv,unclassified,0,,quality_gate_not_passed,review_required,17,10
quarantined_tables/093_Health_Labour_Market_Analysis_in_Bangladesh_2021/table_079.csv,unclassified,0,,quality_gate_not_passed,rejected,1,1
quarantined_tables/093_Health_Labour_Market_Analysis_in_Bangladesh_2021/table_080.csv,unclassified,0,,quality_gate_not_passed,rejected,0,0
quarantined_tables/093_Health_Labour_Market_Analysis_in_Bangladesh_2021/table_081.csv,unclassified,0,,quality_gate_not_passed,review_required,17,10
quarantined_tables/093_Health_Labour_Market_Analysis_in_Bangladesh_2021/table_082.csv,unclassified,0,,quality_gate_not_passed,review_required,17,10
quarantined_tables/093_Health_Labour_Market_Analysis_in_Bangladesh_2021/table_083.csv,unclassified,0,,quality_gate_not_passed,review_required,17,9
quarantined_tables/093_Health_Labour_Market_Analysis_in_Bangladesh_2021/table_084.csv,unclassified,0,,quality_gate_not_passed,review_required,17,10
quarantined_tables/093_Health_Labour_Market_Analysis_in_Bangladesh_2021/table_085.csv,unclassified,0,,quality_gate_not_passed,review_required,17,9
quarantined_tables/093_Health_Labour_Market_Analysis_in_Bangladesh_2021/table_086.csv,unclassified,0,,quality_gate_not_passed,review_required,17,9
quarantined_tables/093_Health_Labour_Market_Analysis_in_Bangladesh_2021/table_087.csv,unclassified,0,,quality_gate_not_passed,review_required,17,9
quarantined_tables/093_Health_Labour_Market_Analysis_in_Bangladesh_2021/table_088.csv,unclassified,0,,quality_gate_not_passed,review_required,17,9
quarantined_tables/093_Health_Labour_Market_Analysis_in_Bangladesh_2021/table_089.csv,unclassified,0,,quality_gate_not_passed,review_required,17,9
quarantined_tables/093_Health_Labour_Market_Analysis_in_Bangladesh_2021/table_090.csv,unclassified,0,,quality_gate_not_passed,review_required,17,9
quarantined_tables/093_Health_Labour_Market_Analysis_in_Bangladesh_2021/table_091.csv,unclassified,0,,quality_gate_not_passed,review_required,17,9
quarantined_tables/093_Health_Labour_Market_Analysis_in_Bangladesh_2021/table_092.csv,unclassified,0,,quality_gate_not_passed,review_required,17,9
quarantined_tables/093_Health_Labour_Market_Analysis_in_Bangladesh_2021/table_093.csv,unclassified,0,,quality_gate_not_passed,rejected,0,0
quarantined_tables/093_Health_Labour_Market_Analysis_in_Bangladesh_2021/table_094.csv,unclassified,0,,quality_gate_not_passed,review_required,16,9
quarantined_tables/093_Health_Labour_Market_Analysis_in_Bangladesh_2021/table_095.csv,unclassified,0,,quality_gate_not_passed,review_required,17,9
quarantined_tables/093_Health_Labour_Market_Analysis_in_Bangladesh_2021/table_096.csv,unclassified,0,,quality_gate_not_passed,review_required,16,9
quarantined_tables/093_Health_Labour_Market_Analysis_in_Bangladesh_2021/table_097.csv,unclassified,0,,quality_gate_not_passed,review_required,17,10
quarantined_tables/093_Health_Labour_Market_Analysis_in_Bangladesh_2021/table_098.csv,unclassified,0,,quality_gate_not_passed,review_required,17,9
quarantined_tables/093_Health_Labour_Market_Analysis_in_Bangladesh_2021/table_099.csv,unclassified,0,,quality_gate_not_passed,review_required,17,9
quarantined_tables/093_Health_Labour_Market_Analysis_in_Bangladesh_2021/table_100.csv,unclassified,0,,quality_gate_not_passed,rejected,0,0
quarantined_tables/093_Health_Labour_Market_Analysis_in_Bangladesh_2021/table_101.csv,unclassified,0,,quality_gate_not_passed,review_required,17,9
quarantined_tables/093_Health_Labour_Market_Analysis_in_Bangladesh_2021/table_102.csv,unclassified,0,,quality_gate_not_passed,review_required,17,9
quarantined_tables/093_Health_Labour_Market_Analysis_in_Bangladesh_2021/table_103.csv,unclassified,0,,quality_gate_not_passed,review_required,17,9
quarantined_tables/093_Health_Labour_Market_Analysis_in_Bangladesh_2021/table_104.csv,unclassified,0,,quality_gate_not_passed,review_required,17,9
quarantined_tables/093_Health_Labour_Market_Analysis_in_Bangladesh_2021/table_105.csv,unclassified,0,,quality_gate_not_passed,review_required,16,9
quarantined_tables/093_Health_Labour_Market_Analysis_in_Bangladesh_2021/table_106.csv,unclassified,0,,quality_gate_not_passed,review_required,16,9
quarantined_tables/093_Health_Labour_Market_Analysis_in_Bangladesh_2021/table_107.csv,unclassified,0,,quality_gate_not_passed,rejected,0,0
quarantined_tables/093_Health_Labour_Market_Analysis_in_Bangladesh_2021/table_108.csv,unclassified,0,,quality_gate_not_passed,review_required,17,9
quarantined_tables/093_Health_Labour_Market_Analysis_in_Bangladesh_2021/table_109.csv,unclassified,0,,quality_gate_not_passed,review_required,17,9
quarantined_tables/093_Health_Labour_Market_Analysis_in_Bangladesh_2021/table_110.csv,unclassified,0,,quality_gate_not_passed,review_required,17,9
quarantined_tables/093_Health_Labour_Market_Analysis_in_Bangladesh_2021/table_111.csv,unclassified,0,,quality_gate_not_passed,review_required,17,9
quarantined_tables/093_Health_Labour_Market_Analysis_in_Bangladesh_2021/table_112.csv,unclassified,0,,quality_gate_not_passed,review_required,17,9
quarantined_tables/093_Health_Labour_Market_Analysis_in_Bangladesh_2021/table_113.csv,unclassified,0,,quality_gate_not_passed,review_required,17,9
quarantined_tables/093_Health_Labour_Market_Analysis_in_Bangladesh_2021/table_114.csv,unclassified,0,,quality_gate_not_passed,review_required,17,9
quarantined_tables/093_Health_Labour_Market_Analysis_in_Bangladesh_2021/table_115.csv,unclassified,0,,quality_gate_not_passed,review_required,16,9
quarantined_tables/093_Health_Labour_Market_Analysis_in_Bangladesh_2021/table_116.csv,unclassified,0,,quality_gate_not_passed,review_required,17,9
quarantined_tables/093_Health_Labour_Market_Analysis_in_Bangladesh_2021/table_117.csv,unclassified,0,,quality_gate_not_passed,review_required,17,9
quarantined_tables/093_Health_Labour_Market_Analysis_in_Bangladesh_2021/table_118.csv,unclassified,0,,quality_gate_not_passed,review_required,17,9
quarantined_tables/093_Health_Labour_Market_Analysis_in_Bangladesh_2021/table_119.csv,unclassified,0,,quality_gate_not_passed,rejected,0,0
quarantined_tables/093_Health_Labour_Market_Analysis_in_Bangladesh_2021/table_120.csv,unclassified,0,,quality_gate_not_passed,rejected,0,0
quarantined_tables/093_Health_Labour_Market_Analysis_in_Bangladesh_2021/table_121.csv,unclassified,0,,quality_gate_not_passed,review_required,17,9
quarantined_tables/093_Health_Labour_Market_Analysis_in_Bangladesh_2021/table_122.csv,unclassified,0,,quality_gate_not_passed,review_required,17,9
quarantined_tables/093_Health_Labour_Market_Analysis_in_Bangladesh_2021/table_123.csv,unclassified,0,,quality_gate_not_passed,review_required,17,9
quarantined_tables/093_Health_Labour_Market_Analysis_in_Bangladesh_2021/table_124.csv,unclassified,0,,quality_gate_not_passed,review_required,17,9
quarantined_tables/093_Health_Labour_Market_Analysis_in_Bangladesh_2021/table_125.csv,unclassified,0,,quality_gate_not_passed,review_required,17,9
quarantined_tables/093_Health_Labour_Market_Analysis_in_Bangladesh_2021/table_126.csv,unclassified,0,,quality_gate_not_passed,review_required,17,9
quarantined_tables/093_Health_Labour_Market_Analysis_in_Bangladesh_2021/table_127.csv,unclassified,0,,quality_gate_not_passed,review_required,17,9
quarantined_tables/093_Health_Labour_Market_Analysis_in_Bangladesh_2021/table_128.csv,unclassified,0,,quality_gate_not_passed,review_required,17,9
quarantined_tables/093_Health_Labour_Market_Analysis_in_Bangladesh_2021/table_129.csv,unclassified,0,,quality_gate_not_passed,review_required,16,9
quarantined_tables/093_Health_Labour_Market_Analysis_in_Bangladesh_2021/table_130.csv,unclassified,0,,quality_gate_not_passed,review_required,17,9
quarantined_tables/093_Health_Labour_Market_Analysis_in_Bangladesh_2021/table_131.csv,unclassified,0,,quality_gate_not_passed,review_required,17,9
quarantined_tables/093_Health_Labour_Market_Analysis_in_Bangladesh_2021/table_132.csv,unclassified,0,,quality_gate_not_passed,review_required,17,9
quarantined_tables/093_Health_Labour_Market_Analysis_in_Bangladesh_2021/table_133.csv,unclassified,0,,quality_gate_not_passed,review_required,16,9
quarantined_tables/093_Health_Labour_Market_Analysis_in_Bangladesh_2021/table_134.csv,unclassified,0,,quality_gate_not_passed,rejected,1,1
quarantined_tables/093_Health_Labour_Market_Analysis_in_Bangladesh_2021/table_135.csv,unclassified,0,,quality_gate_not_passed,rejected,2,1
quarantined_tables/094_HRH_Data_Sheet_2022_of_HSD/table_001.csv,unclassified,0,,quality_gate_not_passed,rejected,0,0
quarantined_tables/094_HRH_Data_Sheet_2022_of_HSD/table_002.csv,unclassified,0,,quality_gate_not_passed,rejected,0,0
quarantined_tables/094_HRH_Data_Sheet_2022_of_HSD/table_003.csv,unclassified,0,,quality_gate_not_passed,rejected,0,0
quarantined_tables/094_HRH_Data_Sheet_2022_of_HSD/table_004.csv,unclassified,0,,quality_gate_not_passed,rejected,0,0
quarantined_tables/094_HRH_Data_Sheet_2022_of_HSD/table_005.csv,unclassified,0,,quality_gate_not_passed,rejected,0,0
quarantined_tables/095__HRH_Data_Sheet_2019_of_HSD/table_001.csv,unclassified,0,,quality_gate_not_passed,review_required,27,3
quarantined_tables/095__HRH_Data_Sheet_2019_of_HSD/table_002.csv,unclassified,0,,quality_gate_not_passed,review_required,39,8
quarantined_tables/095__HRH_Data_Sheet_2019_of_HSD/table_003.csv,unclassified,0,,quality_gate_not_passed,review_required,8,6
quarantined_tables/095__HRH_Data_Sheet_2019_of_HSD/table_004.csv,unclassified,0,,quality_gate_not_passed,review_required,22,8
quarantined_tables/095__HRH_Data_Sheet_2019_of_HSD/table_005.csv,unclassified,0,,quality_gate_not_passed,review_required,30,4
quarantined_tables/095__HRH_Data_Sheet_2019_of_HSD/table_006.csv,unclassified,0,,quality_gate_not_passed,review_required,17,4
quarantined_tables/095__HRH_Data_Sheet_2019_of_HSD/table_007.csv,unclassified,0,,quality_gate_not_passed,review_required,24,4
quarantined_tables/095__HRH_Data_Sheet_2019_of_HSD/table_008.csv,unclassified,0,,quality_gate_not_passed,review_required,3,4
quarantined_tables/095__HRH_Data_Sheet_2019_of_HSD/table_009.csv,unclassified,0,,quality_gate_not_passed,review_required,4,6
quarantined_tables/095__HRH_Data_Sheet_2019_of_HSD/table_010.csv,unclassified,0,,quality_gate_not_passed,review_required,5,2
quarantined_tables/098_HRD_Data_Sheet_2011_of_MOHFW/table_001.csv,unclassified,0,,quality_gate_not_passed,review_required,19,3
quarantined_tables/098_HRD_Data_Sheet_2011_of_MOHFW/table_002.csv,unclassified,0,,quality_gate_not_passed,review_required,17,3
quarantined_tables/098_HRD_Data_Sheet_2011_of_MOHFW/table_003.csv,unclassified,0,,quality_gate_not_passed,review_required,11,3
quarantined_tables/098_HRD_Data_Sheet_2011_of_MOHFW/table_004.csv,unclassified,0,,quality_gate_not_passed,review_required,22,12
quarantined_tables/098_HRD_Data_Sheet_2011_of_MOHFW/table_005.csv,unclassified,0,,quality_gate_not_passed,review_required,9,6
quarantined_tables/098_HRD_Data_Sheet_2011_of_MOHFW/table_006.csv,unclassified,0,,quality_gate_not_passed,review_required,8,3
quarantined_tables/098_HRD_Data_Sheet_2011_of_MOHFW/table_007.csv,unclassified,0,,quality_gate_not_passed,review_required,8,5
quarantined_tables/098_HRD_Data_Sheet_2011_of_MOHFW/table_008.csv,unclassified,0,,quality_gate_not_passed,review_required,7,4
quarantined_tables/098_HRD_Data_Sheet_2011_of_MOHFW/table_009.csv,unclassified,0,,quality_gate_not_passed,review_required,7,7
quarantined_tables/098_HRD_Data_Sheet_2011_of_MOHFW/table_010.csv,unclassified,0,,quality_gate_not_passed,review_required,12,5
quarantined_tables/098_HRD_Data_Sheet_2011_of_MOHFW/table_011.csv,unclassified,0,,quality_gate_not_passed,review_required,10,7
quarantined_tables/098_HRD_Data_Sheet_2011_of_MOHFW/table_012.csv,unclassified,0,,quality_gate_not_passed,review_required,12,6
quarantined_tables/098_HRD_Data_Sheet_2011_of_MOHFW/table_013.csv,unclassified,0,,quality_gate_not_passed,review_required,7,5
quarantined_tables/098_HRD_Data_Sheet_2011_of_MOHFW/table_014.csv,unclassified,0,,quality_gate_not_passed,review_required,12,4
quarantined_tables/100_Pregnancy_History_Information/table_001.csv,unclassified,0,,quality_gate_not_passed,rejected,3,1
quarantined_tables/100_Pregnancy_History_Information/table_002.csv,unclassified,0,,quality_gate_not_passed,rejected,3,1
quarantined_tables/100_Pregnancy_History_Information/table_003.csv,unclassified,0,,quality_gate_not_passed,rejected,3,1
quarantined_tables/100_Pregnancy_History_Information/table_004.csv,unclassified,0,,quality_gate_not_passed,rejected,3,1
quarantined_tables/102_Cancer_J_Bangladesh_Vol_5_No_2/table_001.csv,unclassified,0,,quality_gate_not_passed,rejected,1,1
quarantined_tables/104_Yearbook_2023/table_0001.csv,unclassified,0,,quality_gate_not_passed,rejected,2,1
quarantined_tables/104_Yearbook_2023/table_0002.csv,unclassified,0,,quality_gate_not_passed,review_required,27,3
quarantined_tables/104_Yearbook_2023/table_0003.csv,unclassified,0,,quality_gate_not_passed,rejected,1,1
quarantined_tables/104_Yearbook_2023/table_0004.csv,unclassified,0,,quality_gate_not_passed,review_required,2,2
quarantined_tables/104_Yearbook_2023/table_0005.csv,unclassified,0,,quality_gate_not_passed,rejected,1,1
quarantined_tables/104_Yearbook_2023/table_0006.csv,unclassified,0,,quality_gate_not_passed,review_required,6,3
quarantined_tables/104_Yearbook_2023/table_0007.csv,unclassified,0,,quality_gate_not_passed,review_required,8,5
quarantined_tables/104_Yearbook_2023/table_0008.csv,unclassified,0,,quality_gate_not_passed,review_required,6,4
quarantined_tables/104_Yearbook_2023/table_0009.csv,unclassified,0,,quality_gate_not_passed,review_required,6,3
quarantined_tables/104_Yearbook_2023/table_0010.csv,unclassified,0,,quality_gate_not_passed,review_required,14,3
quarantined_tables/104_Yearbook_2023/table_0011.csv,unclassified,0,,quality_gate_not_passed,review_required,13,6
quarantined_tables/104_Yearbook_2023/table_0012.csv,unclassified,0,,quality_gate_not_passed,rejected,1,1
quarantined_tables/104_Yearbook_2023/table_0013.csv,unclassified,0,,quality_gate_not_passed,review_required,14,3
quarantined_tables/104_Yearbook_2023/table_0014.csv,unclassified,0,,quality_gate_not_passed,review_required,14,7
quarantined_tables/104_Yearbook_2023/table_0015.csv,unclassified,0,,quality_gate_not_passed,review_required,13,2
quarantined_tables/104_Yearbook_2023/table_0016.csv,unclassified,0,,quality_gate_not_passed,review_required,14,6
quarantined_tables/104_Yearbook_2023/table_0017.csv,unclassified,0,,quality_gate_not_passed,rejected,1,1
quarantined_tables/104_Yearbook_2023/table_0018.csv,unclassified,0,,quality_gate_not_passed,review_required,15,16
quarantined_tables/104_Yearbook_2023/table_0019.csv,unclassified,0,,quality_gate_not_passed,rejected,1,1
quarantined_tables/104_Yearbook_2023/table_0020.csv,unclassified,0,,quality_gate_not_passed,review_required,9,3
quarantined_tables/104_Yearbook_2023/table_0021.csv,unclassified,0,,quality_gate_not_passed,review_required,5,3
quarantined_tables/104_Yearbook_2023/table_0022.csv,unclassified,0,,quality_gate_not_passed,review_required,14,9
quarantined_tables/104_Yearbook_2023/table_0023.csv,unclassified,0,,quality_gate_not_passed,rejected,1,1
quarantined_tables/104_Yearbook_2023/table_0024.csv,unclassified,0,,quality_gate_not_passed,review_required,15,5
quarantined_tables/104_Yearbook_2023/table_0025.csv,unclassified,0,,quality_gate_not_passed,rejected,1,1
quarantined_tables/104_Yearbook_2023/table_0026.csv,unclassified,0,,quality_gate_not_passed,review_required,11,3
quarantined_tables/104_Yearbook_2023/table_0027.csv,unclassified,0,,quality_gate_not_passed,review_required,8,3
quarantined_tables/104_Yearbook_2023/table_0028.csv,unclassified,0,,quality_gate_not_passed,rejected,1,1
quarantined_tables/104_Yearbook_2023/table_0029.csv,unclassified,0,,quality_gate_not_passed,review_required,15,6
quarantined_tables/104_Yearbook_2023/table_0030.csv,unclassified,0,,quality_gate_not_passed,review_required,2,7
quarantined_tables/104_Yearbook_2023/table_0031.csv,unclassified,0,,quality_gate_not_passed,rejected,1,1
quarantined_tables/104_Yearbook_2023/table_0032.csv,unclassified,0,,quality_gate_not_passed,rejected,1,1
quarantined_tables/104_Yearbook_2023/table_0033.csv,unclassified,0,,quality_gate_not_passed,review_required,8,3
quarantined_tables/104_Yearbook_2023/table_0034.csv,unclassified,0,,quality_gate_not_passed,review_required,16,14
quarantined_tables/104_Yearbook_2023/table_0035.csv,unclassified,0,,quality_gate_not_passed,rejected,1,1
quarantined_tables/104_Yearbook_2023/table_0036.csv,unclassified,0,,quality_gate_not_passed,review_required,9,3
quarantined_tables/104_Yearbook_2023/table_0037.csv,unclassified,0,,quality_gate_not_passed,review_required,7,3
quarantined_tables/104_Yearbook_2023/table_0038.csv,unclassified,0,,quality_gate_not_passed,rejected,1,1
quarantined_tables/104_Yearbook_2023/table_0039.csv,unclassified,0,,quality_gate_not_passed,review_required,15,6
quarantined_tables/104_Yearbook_2023/table_0040.csv,unclassified,0,,quality_gate_not_passed,review_required,15,6
quarantined_tables/104_Yearbook_2023/table_0041.csv,unclassified,0,,quality_gate_not_passed,review_required,32,14
quarantined_tables/104_Yearbook_2023/table_0042.csv,unclassified,0,,quality_gate_not_passed,rejected,1,1
quarantined_tables/104_Yearbook_2023/table_0043.csv,unclassified,0,,quality_gate_not_passed,review_required,16,7
quarantined_tables/104_Yearbook_2023/table_0044.csv,unclassified,0,,quality_gate_not_passed,review_required,8,3
quarantined_tables/104_Yearbook_2023/table_0045.csv,unclassified,0,,quality_gate_not_passed,rejected,1,1
quarantined_tables/104_Yearbook_2023/table_0046.csv,unclassified,0,,quality_gate_not_passed,review_required,17,16
quarantined_tables/104_Yearbook_2023/table_0047.csv,unclassified,0,,quality_gate_not_passed,review_required,8,3
quarantined_tables/104_Yearbook_2023/table_0048.csv,unclassified,0,,quality_gate_not_passed,rejected,1,1
quarantined_tables/104_Yearbook_2023/table_0049.csv,unclassified,0,,quality_gate_not_passed,review_required,4,3
quarantined_tables/104_Yearbook_2023/table_0050.csv,unclassified,0,,quality_gate_not_passed,review_required,3,3
quarantined_tables/104_Yearbook_2023/table_0051.csv,unclassified,0,,quality_gate_not_passed,review_required,6,3
quarantined_tables/104_Yearbook_2023/table_0052.csv,unclassified,0,,quality_gate_not_passed,review_required,5,3
quarantined_tables/104_Yearbook_2023/table_0053.csv,unclassified,0,,quality_gate_not_passed,review_required,3,6
quarantined_tables/104_Yearbook_2023/table_0054.csv,unclassified,0,,quality_gate_not_passed,rejected,1,1
quarantined_tables/104_Yearbook_2023/table_0055.csv,unclassified,0,,quality_gate_not_passed,rejected,1,1
quarantined_tables/104_Yearbook_2023/table_0056.csv,unclassified,0,,quality_gate_not_passed,review_required,14,3
quarantined_tables/104_Yearbook_2023/table_0057.csv,unclassified,0,,quality_gate_not_passed,rejected,1,1
quarantined_tables/104_Yearbook_2023/table_0058.csv,unclassified,0,,quality_gate_not_passed,review_required,9,3
quarantined_tables/104_Yearbook_2023/table_0059.csv,unclassified,0,,quality_gate_not_passed,review_required,2,3
quarantined_tables/104_Yearbook_2023/table_0060.csv,unclassified,0,,quality_gate_not_passed,review_required,4,3
quarantined_tables/104_Yearbook_2023/table_0061.csv,unclassified,0,,quality_gate_not_passed,rejected,1,1
quarantined_tables/104_Yearbook_2023/table_0062.csv,unclassified,0,,quality_gate_not_passed,review_required,2,3
quarantined_tables/104_Yearbook_2023/table_0063.csv,unclassified,0,,quality_gate_not_passed,review_required,2,3
quarantined_tables/104_Yearbook_2023/table_0064.csv,unclassified,0,,quality_gate_not_passed,review_required,4,4
quarantined_tables/104_Yearbook_2023/table_0065.csv,unclassified,0,,quality_gate_not_passed,review_required,1,3
quarantined_tables/104_Yearbook_2023/table_0066.csv,unclassified,0,,quality_gate_not_passed,rejected,1,1
quarantined_tables/104_Yearbook_2023/table_0067.csv,unclassified,0,,quality_gate_not_passed,review_required,5,4
quarantined_tables/104_Yearbook_2023/table_0068.csv,unclassified,0,,quality_gate_not_passed,review_required,9,3
quarantined_tables/104_Yearbook_2023/table_0069.csv,unclassified,0,,quality_gate_not_passed,rejected,1,1
quarantined_tables/104_Yearbook_2023/table_0070.csv,unclassified,0,,quality_gate_not_passed,review_required,9,3
quarantined_tables/104_Yearbook_2023/table_0071.csv,unclassified,0,,quality_gate_not_passed,review_required,6,3
quarantined_tables/104_Yearbook_2023/table_0072.csv,unclassified,0,,quality_gate_not_passed,rejected,1,1
quarantined_tables/104_Yearbook_2023/table_0073.csv,unclassified,0,,quality_gate_not_passed,review_required,7,3
quarantined_tables/104_Yearbook_2023/table_0074.csv,unclassified,0,,quality_gate_not_passed,review_required,8,3
quarantined_tables/104_Yearbook_2023/table_0075.csv,unclassified,0,,quality_gate_not_passed,rejected,1,1
quarantined_tables/104_Yearbook_2023/table_0076.csv,unclassified,0,,quality_gate_not_passed,review_required,1,3
quarantined_tables/104_Yearbook_2023/table_0077.csv,unclassified,0,,quality_gate_not_passed,rejected,1,1
quarantined_tables/104_Yearbook_2023/table_0078.csv,unclassified,0,,quality_gate_not_passed,review_required,9,3
quarantined_tables/104_Yearbook_2023/table_0079.csv,unclassified,0,,quality_gate_not_passed,review_required,9,3
quarantined_tables/104_Yearbook_2023/table_0080.csv,unclassified,0,,quality_gate_not_passed,rejected,1,1
quarantined_tables/104_Yearbook_2023/table_0081.csv,unclassified,0,,quality_gate_not_passed,review_required,9,3
quarantined_tables/104_Yearbook_2023/table_0082.csv,unclassified,0,,quality_gate_not_passed,review_required,16,4
quarantined_tables/104_Yearbook_2023/table_0083.csv,unclassified,0,,quality_gate_not_passed,rejected,1,1
quarantined_tables/104_Yearbook_2023/table_0084.csv,unclassified,0,,quality_gate_not_passed,rejected,1,1
quarantined_tables/104_Yearbook_2023/table_0085.csv,unclassified,0,,quality_gate_not_passed,review_required,7,10
quarantined_tables/104_Yearbook_2023/table_0086.csv,unclassified,0,,quality_gate_not_passed,review_required,18,4
quarantined_tables/104_Yearbook_2023/table_0087.csv,unclassified,0,,quality_gate_not_passed,rejected,1,1
quarantined_tables/104_Yearbook_2023/table_0088.csv,unclassified,0,,quality_gate_not_passed,rejected,1,1
quarantined_tables/104_Yearbook_2023/table_0089.csv,unclassified,0,,quality_gate_not_passed,review_required,17,3
quarantined_tables/104_Yearbook_2023/table_0090.csv,unclassified,0,,quality_gate_not_passed,rejected,1,1
quarantined_tables/104_Yearbook_2023/table_0091.csv,unclassified,0,,quality_gate_not_passed,review_required,10,3
quarantined_tables/104_Yearbook_2023/table_0092.csv,unclassified,0,,quality_gate_not_passed,review_required,9,3
quarantined_tables/104_Yearbook_2023/table_0093.csv,unclassified,0,,quality_gate_not_passed,rejected,1,1
quarantined_tables/104_Yearbook_2023/table_0094.csv,unclassified,0,,quality_gate_not_passed,review_required,9,3
quarantined_tables/104_Yearbook_2023/table_0095.csv,unclassified,0,,quality_gate_not_passed,review_required,5,3
quarantined_tables/104_Yearbook_2023/table_0096.csv,unclassified,0,,quality_gate_not_passed,rejected,1,1
quarantined_tables/104_Yearbook_2023/table_0097.csv,unclassified,0,,quality_gate_not_passed,rejected,1,1
quarantined_tables/104_Yearbook_2023/table_0098.csv,unclassified,0,,quality_gate_not_passed,rejected,1,1
quarantined_tables/104_Yearbook_2023/table_0099.csv,unclassified,0,,quality_gate_not_passed,review_required,14,8
quarantined_tables/104_Yearbook_2023/table_0100.csv,unclassified,0,,quality_gate_not_passed,rejected,1,1
quarantined_tables/104_Yearbook_2023/table_0101.csv,unclassified,0,,quality_gate_not_passed,review_required,9,3
quarantined_tables/104_Yearbook_2023/table_0102.csv,unclassified,0,,quality_gate_not_passed,review_required,4,3
quarantined_tables/104_Yearbook_2023/table_0103.csv,unclassified,0,,quality_gate_not_passed,review_required,14,18
quarantined_tables/104_Yearbook_2023/table_0104.csv,unclassified,0,,quality_gate_not_passed,rejected,1,1
quarantined_tables/104_Yearbook_2023/table_0105.csv,unclassified,0,,quality_gate_not_passed,review_required,7,3
quarantined_tables/104_Yearbook_2023/table_0106.csv,unclassified,0,,quality_gate_not_passed,review_required,9,3
quarantined_tables/104_Yearbook_2023/table_0107.csv,unclassified,0,,quality_gate_not_passed,rejected,1,1
quarantined_tables/104_Yearbook_2023/table_0108.csv,unclassified,0,,quality_gate_not_passed,review_required,3,3
quarantined_tables/104_Yearbook_2023/table_0109.csv,unclassified,0,,quality_gate_not_passed,review_required,21,15
quarantined_tables/104_Yearbook_2023/table_0110.csv,unclassified,0,,quality_gate_not_passed,rejected,1,1
quarantined_tables/104_Yearbook_2023/table_0111.csv,unclassified,0,,quality_gate_not_passed,review_required,11,2
quarantined_tables/104_Yearbook_2023/table_0112.csv,unclassified,0,,quality_gate_not_passed,review_required,11,3
quarantined_tables/104_Yearbook_2023/table_0113.csv,unclassified,0,,quality_gate_not_passed,rejected,1,1
quarantined_tables/104_Yearbook_2023/table_0114.csv,unclassified,0,,quality_gate_not_passed,review_required,9,3
quarantined_tables/104_Yearbook_2023/table_0115.csv,unclassified,0,,quality_gate_not_passed,rejected,1,1
quarantined_tables/104_Yearbook_2023/table_0116.csv,unclassified,0,,quality_gate_not_passed,review_required,9,3
quarantined_tables/104_Yearbook_2023/table_0117.csv,unclassified,0,,quality_gate_not_passed,review_required,5,2
quarantined_tables/104_Yearbook_2023/table_0118.csv,unclassified,0,,quality_gate_not_passed,review_required,4,2
quarantined_tables/104_Yearbook_2023/table_0119.csv,unclassified,0,,quality_gate_not_passed,review_required,6,5
quarantined_tables/104_Yearbook_2023/table_0120.csv,unclassified,0,,quality_gate_not_passed,rejected,1,1
quarantined_tables/104_Yearbook_2023/table_0121.csv,unclassified,0,,quality_gate_not_passed,review_required,16,5
quarantined_tables/104_Yearbook_2023/table_0122.csv,unclassified,0,,quality_gate_not_passed,review_required,13,4
quarantined_tables/104_Yearbook_2023/table_0123.csv,unclassified,0,,quality_gate_not_passed,rejected,1,1
quarantined_tables/104_Yearbook_2023/table_0124.csv,unclassified,0,,quality_gate_not_passed,review_required,6,4
quarantined_tables/104_Yearbook_2023/table_0125.csv,unclassified,0,,quality_gate_not_passed,rejected,1,1
quarantined_tables/104_Yearbook_2023/table_0126.csv,unclassified,0,,quality_gate_not_passed,review_required,5,3
quarantined_tables/104_Yearbook_2023/table_0127.csv,unclassified,0,,quality_gate_not_passed,review_required,4,4
quarantined_tables/104_Yearbook_2023/table_0128.csv,unclassified,0,,quality_gate_not_passed,review_required,8,2
quarantined_tables/104_Yearbook_2023/table_0129.csv,unclassified,0,,quality_gate_not_passed,review_required,8,2
quarantined_tables/104_Yearbook_2023/table_0130.csv,unclassified,0,,quality_gate_not_passed,rejected,1,1
quarantined_tables/104_Yearbook_2023/table_0131.csv,unclassified,0,,quality_gate_not_passed,review_required,7,3
quarantined_tables/104_Yearbook_2023/table_0132.csv,unclassified,0,,quality_gate_not_passed,rejected,1,1
quarantined_tables/104_Yearbook_2023/table_0133.csv,unclassified,0,,quality_gate_not_passed,review_required,14,12
quarantined_tables/104_Yearbook_2023/table_0134.csv,unclassified,0,,quality_gate_not_passed,review_required,5,3
quarantined_tables/104_Yearbook_2023/table_0135.csv,unclassified,0,,quality_gate_not_passed,rejected,1,1
quarantined_tables/104_Yearbook_2023/table_0136.csv,unclassified,0,,quality_gate_not_passed,review_required,9,3
quarantined_tables/104_Yearbook_2023/table_0137.csv,unclassified,0,,quality_gate_not_passed,review_required,2,3
quarantined_tables/104_Yearbook_2023/table_0138.csv,unclassified,0,,quality_gate_not_passed,review_required,6,3
quarantined_tables/104_Yearbook_2023/table_0139.csv,unclassified,0,,quality_gate_not_passed,rejected,1,1
quarantined_tables/104_Yearbook_2023/table_0140.csv,unclassified,0,,quality_gate_not_passed,review_required,3,3
quarantined_tables/104_Yearbook_2023/table_0141.csv,unclassified,0,,quality_gate_not_passed,review_required,2,13
quarantined_tables/104_Yearbook_2023/table_0142.csv,unclassified,0,,quality_gate_not_passed,review_required,2,14
quarantined_tables/104_Yearbook_2023/table_0143.csv,unclassified,0,,quality_gate_not_passed,review_required,4,3
quarantined_tables/104_Yearbook_2023/table_0144.csv,unclassified,0,,quality_gate_not_passed,review_required,6,3
quarantined_tables/104_Yearbook_2023/table_0145.csv,unclassified,0,,quality_gate_not_passed,review_required,7,6
quarantined_tables/104_Yearbook_2023/table_0146.csv,unclassified,0,,quality_gate_not_passed,rejected,1,1
quarantined_tables/104_Yearbook_2023/table_0147.csv,unclassified,0,,quality_gate_not_passed,review_required,8,6
quarantined_tables/104_Yearbook_2023/table_0148.csv,unclassified,0,,quality_gate_not_passed,review_required,11,3
quarantined_tables/104_Yearbook_2023/table_0149.csv,unclassified,0,,quality_gate_not_passed,rejected,1,1
quarantined_tables/104_Yearbook_2023/table_0150.csv,unclassified,0,,quality_gate_not_passed,rejected,1,1
quarantined_tables/104_Yearbook_2023/table_0151.csv,unclassified,0,,quality_gate_not_passed,review_required,3,5
quarantined_tables/104_Yearbook_2023/table_0152.csv,unclassified,0,,quality_gate_not_passed,review_required,5,3
quarantined_tables/104_Yearbook_2023/table_0153.csv,unclassified,0,,quality_gate_not_passed,rejected,1,1
quarantined_tables/104_Yearbook_2023/table_0154.csv,unclassified,0,,quality_gate_not_passed,review_required,9,3
quarantined_tables/104_Yearbook_2023/table_0155.csv,unclassified,0,,quality_gate_not_passed,review_required,6,3
quarantined_tables/104_Yearbook_2023/table_0156.csv,unclassified,0,,quality_gate_not_passed,rejected,1,1
quarantined_tables/104_Yearbook_2023/table_0157.csv,unclassified,0,,quality_gate_not_passed,rejected,1,1
quarantined_tables/104_Yearbook_2023/table_0158.csv,unclassified,0,,quality_gate_not_passed,rejected,1,1
quarantined_tables/104_Yearbook_2023/table_0159.csv,unclassified,0,,quality_gate_not_passed,review_required,1,2
quarantined_tables/104_Yearbook_2023/table_0160.csv,unclassified,0,,quality_gate_not_passed,rejected,1,1
quarantined_tables/104_Yearbook_2023/table_0161.csv,unclassified,0,,quality_gate_not_passed,review_required,1,2
quarantined_tables/104_Yearbook_2023/table_0162.csv,unclassified,0,,quality_gate_not_passed,rejected,1,1
quarantined_tables/104_Yearbook_2023/table_0163.csv,unclassified,0,,quality_gate_not_passed,rejected,1,1
quarantined_tables/104_Yearbook_2023/table_0164.csv,unclassified,0,,quality_gate_not_passed,rejected,1,1
quarantined_tables/104_Yearbook_2023/table_0165.csv,unclassified,0,,quality_gate_not_passed,review_required,1,2
quarantined_tables/104_Yearbook_2023/table_0166.csv,unclassified,0,,quality_gate_not_passed,review_required,14,4
quarantined_tables/104_Yearbook_2023/table_0167.csv,unclassified,0,,quality_gate_not_passed,review_required,8,15
quarantined_tables/104_Yearbook_2023/table_0168.csv,unclassified,0,,quality_gate_not_passed,rejected,1,1
quarantined_tables/104_Yearbook_2023/table_0169.csv,unclassified,0,,quality_gate_not_passed,review_required,14,3
quarantined_tables/104_Yearbook_2023/table_0170.csv,unclassified,0,,quality_gate_not_passed,review_required,12,15
quarantined_tables/104_Yearbook_2023/table_0171.csv,unclassified,0,,quality_gate_not_passed,rejected,1,1
quarantined_tables/104_Yearbook_2023/table_0172.csv,unclassified,0,,quality_gate_not_passed,review_required,9,3
quarantined_tables/104_Yearbook_2023/table_0173.csv,unclassified,0,,quality_gate_not_passed,review_required,2,3
quarantined_tables/104_Yearbook_2023/table_0174.csv,unclassified,0,,quality_gate_not_passed,rejected,1,1
quarantined_tables/104_Yearbook_2023/table_0175.csv,unclassified,0,,quality_gate_not_passed,rejected,1,1
quarantined_tables/104_Yearbook_2023/table_0176.csv,unclassified,0,,quality_gate_not_passed,review_required,14,6
quarantined_tables/104_Yearbook_2023/table_0177.csv,unclassified,0,,quality_gate_not_passed,rejected,1,1
quarantined_tables/104_Yearbook_2023/table_0178.csv,unclassified,0,,quality_gate_not_passed,review_required,3,4
quarantined_tables/104_Yearbook_2023/table_0179.csv,unclassified,0,,quality_gate_not_passed,review_required,6,3
quarantined_tables/104_Yearbook_2023/table_0180.csv,unclassified,0,,quality_gate_not_passed,rejected,1,1
quarantined_tables/104_Yearbook_2023/table_0181.csv,unclassified,0,,quality_gate_not_passed,review_required,6,4
quarantined_tables/104_Yearbook_2023/table_0182.csv,unclassified,0,,quality_gate_not_passed,review_required,2,3
quarantined_tables/104_Yearbook_2023/table_0183.csv,unclassified,0,,quality_gate_not_passed,review_required,14,5
quarantined_tables/104_Yearbook_2023/table_0184.csv,unclassified,0,,quality_gate_not_passed,review_required,1,2
quarantined_tables/104_Yearbook_2023/table_0185.csv,unclassified,0,,quality_gate_not_passed,rejected,1,1
quarantined_tables/104_Yearbook_2023/table_0186.csv,unclassified,0,,quality_gate_not_passed,review_required,1,2
quarantined_tables/104_Yearbook_2023/table_0187.csv,unclassified,0,,quality_gate_not_passed,rejected,1,1
quarantined_tables/104_Yearbook_2023/table_0188.csv,unclassified,0,,quality_gate_not_passed,rejected,1,1
quarantined_tables/104_Yearbook_2023/table_0189.csv,unclassified,0,,quality_gate_not_passed,rejected,1,1
quarantined_tables/104_Yearbook_2023/table_0190.csv,unclassified,0,,quality_gate_not_passed,review_required,1,2
quarantined_tables/104_Yearbook_2023/table_0191.csv,unclassified,0,,quality_gate_not_passed,rejected,1,1
quarantined_tables/104_Yearbook_2023/table_0192.csv,unclassified,0,,quality_gate_not_passed,review_required,1,3
quarantined_tables/104_Yearbook_2023/table_0193.csv,unclassified,0,,quality_gate_not_passed,review_required,14,11
quarantined_tables/104_Yearbook_2023/table_0194.csv,unclassified,0,,quality_gate_not_passed,rejected,1,1
quarantined_tables/104_Yearbook_2023/table_0195.csv,unclassified,0,,quality_gate_not_passed,review_required,9,3
quarantined_tables/104_Yearbook_2023/table_0196.csv,unclassified,0,,quality_gate_not_passed,review_required,9,3
quarantined_tables/104_Yearbook_2023/table_0197.csv,unclassified,0,,quality_gate_not_passed,rejected,1,1
quarantined_tables/104_Yearbook_2023/table_0198.csv,unclassified,0,,quality_gate_not_passed,review_required,9,3
quarantined_tables/104_Yearbook_2023/table_0199.csv,unclassified,0,,quality_gate_not_passed,review_required,9,3
quarantined_tables/104_Yearbook_2023/table_0200.csv,unclassified,0,,quality_gate_not_passed,rejected,1,1
quarantined_tables/104_Yearbook_2023/table_0201.csv,unclassified,0,,quality_gate_not_passed,review_required,9,3
quarantined_tables/104_Yearbook_2023/table_0202.csv,unclassified,0,,quality_gate_not_passed,review_required,4,3
quarantined_tables/104_Yearbook_2023/table_0203.csv,unclassified,0,,quality_gate_not_passed,rejected,1,1
quarantined_tables/104_Yearbook_2023/table_0204.csv,unclassified,0,,quality_gate_not_passed,review_required,3,5
quarantined_tables/104_Yearbook_2023/table_0205.csv,unclassified,0,,quality_gate_not_passed,rejected,1,1
quarantined_tables/104_Yearbook_2023/table_0206.csv,unclassified,0,,quality_gate_not_passed,review_required,14,5
quarantined_tables/104_Yearbook_2023/table_0207.csv,unclassified,0,,quality_gate_not_passed,review_required,5,3
quarantined_tables/104_Yearbook_2023/table_0208.csv,unclassified,0,,quality_gate_not_passed,review_required,9,3
quarantined_tables/104_Yearbook_2023/table_0209.csv,unclassified,0,,quality_gate_not_passed,rejected,1,1
quarantined_tables/104_Yearbook_2023/table_0210.csv,unclassified,0,,quality_gate_not_passed,review_required,9,3
quarantined_tables/104_Yearbook_2023/table_0211.csv,unclassified,0,,quality_gate_not_passed,review_required,5,3
quarantined_tables/104_Yearbook_2023/table_0212.csv,unclassified,0,,quality_gate_not_passed,rejected,1,1
quarantined_tables/104_Yearbook_2023/table_0213.csv,unclassified,0,,quality_gate_not_passed,rejected,1,1
quarantined_tables/104_Yearbook_2023/table_0214.csv,unclassified,0,,quality_gate_not_passed,review_required,9,3
quarantined_tables/104_Yearbook_2023/table_0215.csv,unclassified,0,,quality_gate_not_passed,rejected,1,1
quarantined_tables/104_Yearbook_2023/table_0216.csv,unclassified,0,,quality_gate_not_passed,review_required,9,3
quarantined_tables/104_Yearbook_2023/table_0217.csv,unclassified,0,,quality_gate_not_passed,review_required,9,3
quarantined_tables/104_Yearbook_2023/table_0218.csv,unclassified,0,,quality_gate_not_passed,rejected,1,1
quarantined_tables/104_Yearbook_2023/table_0219.csv,unclassified,0,,quality_gate_not_passed,review_required,9,3
quarantined_tables/104_Yearbook_2023/table_0220.csv,unclassified,0,,quality_gate_not_passed,review_required,4,3
quarantined_tables/104_Yearbook_2023/table_0221.csv,unclassified,0,,quality_gate_not_passed,review_required,3,3
quarantined_tables/104_Yearbook_2023/table_0222.csv,unclassified,0,,quality_gate_not_passed,rejected,1,1
quarantined_tables/104_Yearbook_2023/table_0223.csv,unclassified,0,,quality_gate_not_passed,review_required,19,16
quarantined_tables/104_Yearbook_2023/table_0224.csv,unclassified,0,,quality_gate_not_passed,rejected,1,1
quarantined_tables/104_Yearbook_2023/table_0225.csv,unclassified,0,,quality_gate_not_passed,review_required,8,3
quarantined_tables/104_Yearbook_2023/table_0226.csv,unclassified,0,,quality_gate_not_passed,review_required,5,3
quarantined_tables/104_Yearbook_2023/table_0227.csv,unclassified,0,,quality_gate_not_passed,review_required,4,4
quarantined_tables/104_Yearbook_2023/table_0228.csv,unclassified,0,,quality_gate_not_passed,review_required,6,2
quarantined_tables/104_Yearbook_2023/table_0229.csv,unclassified,0,,quality_gate_not_passed,review_required,11,3
quarantined_tables/104_Yearbook_2023/table_0230.csv,unclassified,0,,quality_gate_not_passed,rejected,1,1
quarantined_tables/104_Yearbook_2023/table_0231.csv,unclassified,0,,quality_gate_not_passed,review_required,15,4
quarantined_tables/104_Yearbook_2023/table_0232.csv,unclassified,0,,quality_gate_not_passed,rejected,1,1
quarantined_tables/104_Yearbook_2023/table_0233.csv,unclassified,0,,quality_gate_not_passed,review_required,29,6
quarantined_tables/104_Yearbook_2023/table_0234.csv,unclassified,0,,quality_gate_not_passed,rejected,1,1
quarantined_tables/104_Yearbook_2023/table_0235.csv,unclassified,0,,quality_gate_not_passed,review_required,42,7
quarantined_tables/104_Yearbook_2023/table_0236.csv,unclassified,0,,quality_gate_not_passed,rejected,1,1
quarantined_tables/104_Yearbook_2023/table_0237.csv,unclassified,0,,quality_gate_not_passed,review_required,9,3
quarantined_tables/104_Yearbook_2023/table_0238.csv,unclassified,0,,quality_gate_not_passed,review_required,4,3
quarantined_tables/104_Yearbook_2023/table_0239.csv,unclassified,0,,quality_gate_not_passed,rejected,1,1
quarantined_tables/104_Yearbook_2023/table_0240.csv,unclassified,0,,quality_gate_not_passed,review_required,13,9
quarantined_tables/104_Yearbook_2023/table_0241.csv,unclassified,0,,quality_gate_not_passed,rejected,1,1
quarantined_tables/104_Yearbook_2023/table_0242.csv,unclassified,0,,quality_gate_not_passed,rejected,1,1
quarantined_tables/104_Yearbook_2023/table_0243.csv,unclassified,0,,quality_gate_not_passed,rejected,1,1
quarantined_tables/104_Yearbook_2023/table_0244.csv,unclassified,0,,quality_gate_not_passed,review_required,1,2
quarantined_tables/104_Yearbook_2023/table_0245.csv,unclassified,0,,quality_gate_not_passed,review_required,1,2
quarantined_tables/104_Yearbook_2023/table_0246.csv,unclassified,0,,quality_gate_not_passed,rejected,1,1
quarantined_tables/104_Yearbook_2023/table_0247.csv,unclassified,0,,quality_gate_not_passed,review_required,14,4
quarantined_tables/104_Yearbook_2023/table_0248.csv,unclassified,0,,quality_gate_not_passed,review_required,4,3
quarantined_tables/104_Yearbook_2023/table_0249.csv,unclassified,0,,quality_gate_not_passed,rejected,1,1
quarantined_tables/105_Cancer_J_Bangladesh_Vol_4_No_2/table_001.csv,unclassified,0,,quality_gate_not_passed,rejected,1,1
quarantined_tables/105_Cancer_J_Bangladesh_Vol_4_No_2/table_002.csv,unclassified,0,,quality_gate_not_passed,review_required,2,5
quarantined_tables/105_Cancer_J_Bangladesh_Vol_4_No_2/table_003.csv,unclassified,0,,quality_gate_not_passed,review_required,3,2
quarantined_tables/105_Cancer_J_Bangladesh_Vol_4_No_2/table_004.csv,unclassified,0,,quality_gate_not_passed,review_required,3,4
quarantined_tables/107_Cancer_J_Bangladesh_Vol_3_No_1/table_001.csv,unclassified,0,,quality_gate_not_passed,rejected,2,1
quarantined_tables/107_Cancer_J_Bangladesh_Vol_3_No_1/table_002.csv,unclassified,0,,quality_gate_not_passed,review_required,5,6
quarantined_tables/107_Cancer_J_Bangladesh_Vol_3_No_1/table_003.csv,unclassified,0,,quality_gate_not_passed,review_required,4,10
quarantined_tables/110_Cancer_J_Bangladesh_Vol_2_No_1_January_2021/table_001.csv,unclassified,0,,quality_gate_not_passed,rejected,1,1
quarantined_tables/110_Cancer_J_Bangladesh_Vol_2_No_1_January_2021/table_002.csv,unclassified,0,,quality_gate_not_passed,rejected,0,0
quarantined_tables/111_Cancer_J_Bangladesh_Vol_1_No_1_July_2020/table_001.csv,unclassified,0,,quality_gate_not_passed,rejected,0,0
quarantined_tables/114_DGHS_Active_Facility_Registry/table_0001.csv,unclassified,0,,quality_gate_not_passed,review_required,39434,14
cleaned_tables/115_Bangladesh_Core_FHIR_IG/table_0001.csv,interoperability_reference,0,,verified_source_specific_classification,accepted,1529,5
cleaned_tables/116_Bangladesh_ICD11_Condition_ValueSet/table_0001.csv,unclassified,1,icd,insufficient_keyword_evidence,accepted,18508,5
cleaned_tables/117_Bangladesh_Vaccine_Value_Set/table_0001.csv,health_stat,2,disease;measles,rule_supported,accepted,10,5
cleaned_tables/118_Bangladesh_Open_Data_Doctor_Directory/table_0001.csv,human_resource,3,doctor;provider;post,rule_supported,accepted,199,11
