source_file,cleaned_file,status,rows_before,rows_after,columns_before,columns_after,duplicate_rows_removed,error
extracted_tables/003_bangladesh-country-fact-sheet/table_001.csv,cleaned_tables/003_bangladesh-country-fact-sheet/table_001.csv,ok,5,5,2,2,0,
extracted_tables/003_bangladesh-country-fact-sheet/table_002.csv,cleaned_tables/003_bangladesh-country-fact-sheet/table_002.csv,ok,6,2,5,2,4,
extracted_tables/003_bangladesh-country-fact-sheet/table_003.csv,cleaned_tables/003_bangladesh-country-fact-sheet/table_003.csv,ok,16,13,12,6,3,
extracted_tables/003_bangladesh-country-fact-sheet/table_004.csv,cleaned_tables/003_bangladesh-country-fact-sheet/table_004.csv,ok,63,34,23,13,29,
extracted_tables/003_bangladesh-country-fact-sheet/table_005.csv,cleaned_tables/003_bangladesh-country-fact-sheet/table_005.csv,ok,11,8,3,2,3,
extracted_tables/003_bangladesh-country-fact-sheet/table_006.csv,cleaned_tables/003_bangladesh-country-fact-sheet/table_006.csv,ok,46,28,8,5,18,
extracted_tables/010_Joint_UNICEF_Bangladesh_Government_of_Bangladesh_Nutrition_Programme_MidTerm_Evaluation_2017-2020/table_001.csv,cleaned_tables/010_Joint_UNICEF_Bangladesh_Government_of_Bangladesh_Nutrition_Programme_MidTerm_Evaluation_2017-2020/table_001.csv,ok,7,6,2,2,1,
extracted_tables/010_Joint_UNICEF_Bangladesh_Government_of_Bangladesh_Nutrition_Programme_MidTerm_Evaluation_2017-2020/table_002.csv,cleaned_tables/010_Joint_UNICEF_Bangladesh_Government_of_Bangladesh_Nutrition_Programme_MidTerm_Evaluation_2017-2020/table_002.csv,ok,5,5,3,3,0,
extracted_tables/010_Joint_UNICEF_Bangladesh_Government_of_Bangladesh_Nutrition_Programme_MidTerm_Evaluation_2017-2020/table_003.csv,cleaned_tables/010_Joint_UNICEF_Bangladesh_Government_of_Bangladesh_Nutrition_Programme_MidTerm_Evaluation_2017-2020/table_003.csv,ok,9,9,2,2,0,
extracted_tables/010_Joint_UNICEF_Bangladesh_Government_of_Bangladesh_Nutrition_Programme_MidTerm_Evaluation_2017-2020/table_004.csv,cleaned_tables/010_Joint_UNICEF_Bangladesh_Government_of_Bangladesh_Nutrition_Programme_MidTerm_Evaluation_2017-2020/table_004.csv,ok,8,7,5,4,1,
extracted_tables/010_Joint_UNICEF_Bangladesh_Government_of_Bangladesh_Nutrition_Programme_MidTerm_Evaluation_2017-2020/table_005.csv,cleaned_tables/010_Joint_UNICEF_Bangladesh_Government_of_Bangladesh_Nutrition_Programme_MidTerm_Evaluation_2017-2020/table_005.csv,ok,50,50,8,6,0,
extracted_tables/010_Joint_UNICEF_Bangladesh_Government_of_Bangladesh_Nutrition_Programme_MidTerm_Evaluation_2017-2020/table_006.csv,cleaned_tables/010_Joint_UNICEF_Bangladesh_Government_of_Bangladesh_Nutrition_Programme_MidTerm_Evaluation_2017-2020/table_006.csv,ok,24,24,8,6,0,
extracted_tables/010_Joint_UNICEF_Bangladesh_Government_of_Bangladesh_Nutrition_Programme_MidTerm_Evaluation_2017-2020/table_007.csv,cleaned_tables/010_Joint_UNICEF_Bangladesh_Government_of_Bangladesh_Nutrition_Programme_MidTerm_Evaluation_2017-2020/table_007.csv,ok,31,31,6,4,0,
extracted_tables/010_Joint_UNICEF_Bangladesh_Government_of_Bangladesh_Nutrition_Programme_MidTerm_Evaluation_2017-2020/table_008.csv,cleaned_tables/010_Joint_UNICEF_Bangladesh_Government_of_Bangladesh_Nutrition_Programme_MidTerm_Evaluation_2017-2020/table_008.csv,ok,23,23,9,6,0,
extracted_tables/010_Joint_UNICEF_Bangladesh_Government_of_Bangladesh_Nutrition_Programme_MidTerm_Evaluation_2017-2020/table_009.csv,cleaned_tables/010_Joint_UNICEF_Bangladesh_Government_of_Bangladesh_Nutrition_Programme_MidTerm_Evaluation_2017-2020/table_009.csv,ok,25,23,7,4,2,
extracted_tables/010_Joint_UNICEF_Bangladesh_Government_of_Bangladesh_Nutrition_Programme_MidTerm_Evaluation_2017-2020/table_010.csv,cleaned_tables/010_Joint_UNICEF_Bangladesh_Government_of_Bangladesh_Nutrition_Programme_MidTerm_Evaluation_2017-2020/table_010.csv,ok,16,16,6,4,0,
extracted_tables/010_Joint_UNICEF_Bangladesh_Government_of_Bangladesh_Nutrition_Programme_MidTerm_Evaluation_2017-2020/table_011.csv,cleaned_tables/010_Joint_UNICEF_Bangladesh_Government_of_Bangladesh_Nutrition_Programme_MidTerm_Evaluation_2017-2020/table_011.csv,ok,19,19,6,4,0,
extracted_tables/010_Joint_UNICEF_Bangladesh_Government_of_Bangladesh_Nutrition_Programme_MidTerm_Evaluation_2017-2020/table_012.csv,cleaned_tables/010_Joint_UNICEF_Bangladesh_Government_of_Bangladesh_Nutrition_Programme_MidTerm_Evaluation_2017-2020/table_012.csv,ok,6,6,6,4,0,
extracted_tables/010_Joint_UNICEF_Bangladesh_Government_of_Bangladesh_Nutrition_Programme_MidTerm_Evaluation_2017-2020/table_013.csv,cleaned_tables/010_Joint_UNICEF_Bangladesh_Government_of_Bangladesh_Nutrition_Programme_MidTerm_Evaluation_2017-2020/table_013.csv,ok,5,5,8,4,0,
extracted_tables/010_Joint_UNICEF_Bangladesh_Government_of_Bangladesh_Nutrition_Programme_MidTerm_Evaluation_2017-2020/table_014.csv,cleaned_tables/010_Joint_UNICEF_Bangladesh_Government_of_Bangladesh_Nutrition_Programme_MidTerm_Evaluation_2017-2020/table_014.csv,ok,5,5,8,4,0,
extracted_tables/010_Joint_UNICEF_Bangladesh_Government_of_Bangladesh_Nutrition_Programme_MidTerm_Evaluation_2017-2020/table_015.csv,cleaned_tables/010_Joint_UNICEF_Bangladesh_Government_of_Bangladesh_Nutrition_Programme_MidTerm_Evaluation_2017-2020/table_015.csv,ok,6,6,8,4,0,
extracted_tables/010_Joint_UNICEF_Bangladesh_Government_of_Bangladesh_Nutrition_Programme_MidTerm_Evaluation_2017-2020/table_016.csv,cleaned_tables/010_Joint_UNICEF_Bangladesh_Government_of_Bangladesh_Nutrition_Programme_MidTerm_Evaluation_2017-2020/table_016.csv,ok,5,2,4,1,3,
extracted_tables/010_Joint_UNICEF_Bangladesh_Government_of_Bangladesh_Nutrition_Programme_MidTerm_Evaluation_2017-2020/table_017.csv,cleaned_tables/010_Joint_UNICEF_Bangladesh_Government_of_Bangladesh_Nutrition_Programme_MidTerm_Evaluation_2017-2020/table_017.csv,ok,9,8,5,5,1,
extracted_tables/010_Joint_UNICEF_Bangladesh_Government_of_Bangladesh_Nutrition_Programme_MidTerm_Evaluation_2017-2020/table_018.csv,cleaned_tables/010_Joint_UNICEF_Bangladesh_Government_of_Bangladesh_Nutrition_Programme_MidTerm_Evaluation_2017-2020/table_018.csv,ok,8,7,5,5,1,
extracted_tables/010_Joint_UNICEF_Bangladesh_Government_of_Bangladesh_Nutrition_Programme_MidTerm_Evaluation_2017-2020/table_019.csv,cleaned_tables/010_Joint_UNICEF_Bangladesh_Government_of_Bangladesh_Nutrition_Programme_MidTerm_Evaluation_2017-2020/table_019.csv,ok,10,10,38,24,0,
extracted_tables/010_Joint_UNICEF_Bangladesh_Government_of_Bangladesh_Nutrition_Programme_MidTerm_Evaluation_2017-2020/table_020.csv,cleaned_tables/010_Joint_UNICEF_Bangladesh_Government_of_Bangladesh_Nutrition_Programme_MidTerm_Evaluation_2017-2020/table_020.csv,ok,13,12,38,24,1,
extracted_tables/010_Joint_UNICEF_Bangladesh_Government_of_Bangladesh_Nutrition_Programme_MidTerm_Evaluation_2017-2020/table_021.csv,cleaned_tables/010_Joint_UNICEF_Bangladesh_Government_of_Bangladesh_Nutrition_Programme_MidTerm_Evaluation_2017-2020/table_021.csv,ok,22,19,9,4,3,
extracted_tables/010_Joint_UNICEF_Bangladesh_Government_of_Bangladesh_Nutrition_Programme_MidTerm_Evaluation_2017-2020/table_022.csv,cleaned_tables/010_Joint_UNICEF_Bangladesh_Government_of_Bangladesh_Nutrition_Programme_MidTerm_Evaluation_2017-2020/table_022.csv,ok,19,15,7,4,4,
extracted_tables/021_Preventation_and_Management_of_Mental_Health_Conditions_in_Bangladesh/table_001.csv,cleaned_tables/021_Preventation_and_Management_of_Mental_Health_Conditions_in_Bangladesh/table_001.csv,ok,8,7,4,4,1,
extracted_tables/021_Preventation_and_Management_of_Mental_Health_Conditions_in_Bangladesh/table_002.csv,cleaned_tables/021_Preventation_and_Management_of_Mental_Health_Conditions_in_Bangladesh/table_002.csv,ok,5,1,2,1,4,
extracted_tables/021_Preventation_and_Management_of_Mental_Health_Conditions_in_Bangladesh/table_003.csv,cleaned_tables/021_Preventation_and_Management_of_Mental_Health_Conditions_in_Bangladesh/table_003.csv,ok,5,2,2,2,3,
extracted_tables/021_Preventation_and_Management_of_Mental_Health_Conditions_in_Bangladesh/table_004.csv,cleaned_tables/021_Preventation_and_Management_of_Mental_Health_Conditions_in_Bangladesh/table_004.csv,ok,6,0,7,0,6,
extracted_tables/021_Preventation_and_Management_of_Mental_Health_Conditions_in_Bangladesh/table_005.csv,cleaned_tables/021_Preventation_and_Management_of_Mental_Health_Conditions_in_Bangladesh/table_005.csv,ok,9,0,7,0,9,
extracted_tables/021_Preventation_and_Management_of_Mental_Health_Conditions_in_Bangladesh/table_006.csv,cleaned_tables/021_Preventation_and_Management_of_Mental_Health_Conditions_in_Bangladesh/table_006.csv,ok,12,0,3,0,12,
extracted_tables/021_Preventation_and_Management_of_Mental_Health_Conditions_in_Bangladesh/table_007.csv,cleaned_tables/021_Preventation_and_Management_of_Mental_Health_Conditions_in_Bangladesh/table_007.csv,ok,5,1,2,1,4,
extracted_tables/021_Preventation_and_Management_of_Mental_Health_Conditions_in_Bangladesh/table_008.csv,cleaned_tables/021_Preventation_and_Management_of_Mental_Health_Conditions_in_Bangladesh/table_008.csv,ok,5,0,10,0,5,
extracted_tables/021_Preventation_and_Management_of_Mental_Health_Conditions_in_Bangladesh/table_009.csv,cleaned_tables/021_Preventation_and_Management_of_Mental_Health_Conditions_in_Bangladesh/table_009.csv,ok,5,0,5,0,5,
extracted_tables/021_Preventation_and_Management_of_Mental_Health_Conditions_in_Bangladesh/table_010.csv,cleaned_tables/021_Preventation_and_Management_of_Mental_Health_Conditions_in_Bangladesh/table_010.csv,ok,13,0,6,0,13,
extracted_tables/021_Preventation_and_Management_of_Mental_Health_Conditions_in_Bangladesh/table_011.csv,cleaned_tables/021_Preventation_and_Management_of_Mental_Health_Conditions_in_Bangladesh/table_011.csv,ok,5,1,2,1,4,
extracted_tables/021_Preventation_and_Management_of_Mental_Health_Conditions_in_Bangladesh/table_012.csv,cleaned_tables/021_Preventation_and_Management_of_Mental_Health_Conditions_in_Bangladesh/table_012.csv,ok,5,1,2,1,4,
extracted_tables/021_Preventation_and_Management_of_Mental_Health_Conditions_in_Bangladesh/table_013.csv,cleaned_tables/021_Preventation_and_Management_of_Mental_Health_Conditions_in_Bangladesh/table_013.csv,ok,5,1,2,1,4,
extracted_tables/021_Preventation_and_Management_of_Mental_Health_Conditions_in_Bangladesh/table_014.csv,cleaned_tables/021_Preventation_and_Management_of_Mental_Health_Conditions_in_Bangladesh/table_014.csv,ok,5,1,2,1,4,
extracted_tables/021_Preventation_and_Management_of_Mental_Health_Conditions_in_Bangladesh/table_015.csv,cleaned_tables/021_Preventation_and_Management_of_Mental_Health_Conditions_in_Bangladesh/table_015.csv,ok,9,0,9,0,9,
extracted_tables/021_Preventation_and_Management_of_Mental_Health_Conditions_in_Bangladesh/table_016.csv,cleaned_tables/021_Preventation_and_Management_of_Mental_Health_Conditions_in_Bangladesh/table_016.csv,ok,8,0,6,0,8,
extracted_tables/021_Preventation_and_Management_of_Mental_Health_Conditions_in_Bangladesh/table_017.csv,cleaned_tables/021_Preventation_and_Management_of_Mental_Health_Conditions_in_Bangladesh/table_017.csv,ok,10,0,4,0,10,
extracted_tables/021_Preventation_and_Management_of_Mental_Health_Conditions_in_Bangladesh/table_018.csv,cleaned_tables/021_Preventation_and_Management_of_Mental_Health_Conditions_in_Bangladesh/table_018.csv,ok,5,1,2,1,4,
extracted_tables/021_Preventation_and_Management_of_Mental_Health_Conditions_in_Bangladesh/table_019.csv,cleaned_tables/021_Preventation_and_Management_of_Mental_Health_Conditions_in_Bangladesh/table_019.csv,ok,17,0,4,0,17,
extracted_tables/022_United_Nations_Populations_fund/table_001.csv,cleaned_tables/022_United_Nations_Populations_fund/table_001.csv,ok,7,6,5,5,1,
extracted_tables/022_United_Nations_Populations_fund/table_002.csv,cleaned_tables/022_United_Nations_Populations_fund/table_002.csv,ok,29,28,8,7,1,
extracted_tables/022_United_Nations_Populations_fund/table_003.csv,cleaned_tables/022_United_Nations_Populations_fund/table_003.csv,ok,12,10,8,7,2,
extracted_tables/022_United_Nations_Populations_fund/table_004.csv,cleaned_tables/022_United_Nations_Populations_fund/table_004.csv,ok,12,11,8,7,1,
extracted_tables/023_nan/table_001.csv,cleaned_tables/023_nan/table_001.csv,ok,7,6,5,5,1,
extracted_tables/023_nan/table_002.csv,cleaned_tables/023_nan/table_002.csv,ok,10,10,10,8,0,
extracted_tables/023_nan/table_003.csv,cleaned_tables/023_nan/table_003.csv,ok,8,8,7,6,0,
extracted_tables/025_nan/table_001.csv,cleaned_tables/025_nan/table_001.csv,ok,6,5,4,4,1,
extracted_tables/025_nan/table_002.csv,cleaned_tables/025_nan/table_002.csv,ok,5,5,7,6,0,
extracted_tables/025_nan/table_003.csv,cleaned_tables/025_nan/table_003.csv,ok,9,9,7,6,0,
extracted_tables/027_Health_Bulletin_2023/table_0001.csv,cleaned_tables/027_Health_Bulletin_2023/table_0001.csv,ok,2,1,3,1,1,
extracted_tables/027_Health_Bulletin_2023/table_0002.csv,cleaned_tables/027_Health_Bulletin_2023/table_0002.csv,ok,16,16,4,4,0,
extracted_tables/027_Health_Bulletin_2023/table_0003.csv,cleaned_tables/027_Health_Bulletin_2023/table_0003.csv,ok,16,16,5,4,0,
extracted_tables/027_Health_Bulletin_2023/table_0004.csv,cleaned_tables/027_Health_Bulletin_2023/table_0004.csv,ok,17,17,13,13,0,
extracted_tables/027_Health_Bulletin_2023/table_0005.csv,cleaned_tables/027_Health_Bulletin_2023/table_0005.csv,ok,17,17,5,4,0,
extracted_tables/027_Health_Bulletin_2023/table_0006.csv,cleaned_tables/027_Health_Bulletin_2023/table_0006.csv,ok,27,26,5,4,1,
extracted_tables/027_Health_Bulletin_2023/table_0007.csv,cleaned_tables/027_Health_Bulletin_2023/table_0007.csv,ok,17,17,5,4,0,
extracted_tables/027_Health_Bulletin_2023/table_0008.csv,cleaned_tables/027_Health_Bulletin_2023/table_0008.csv,ok,10,0,2,0,10,
extracted_tables/027_Health_Bulletin_2023/table_0009.csv,cleaned_tables/027_Health_Bulletin_2023/table_0009.csv,ok,9,9,5,4,0,
extracted_tables/027_Health_Bulletin_2023/table_0010.csv,cleaned_tables/027_Health_Bulletin_2023/table_0010.csv,ok,6,6,2,2,0,
extracted_tables/027_Health_Bulletin_2023/table_0011.csv,cleaned_tables/027_Health_Bulletin_2023/table_0011.csv,ok,29,29,5,4,0,
extracted_tables/027_Health_Bulletin_2023/table_0012.csv,cleaned_tables/027_Health_Bulletin_2023/table_0012.csv,ok,10,10,5,4,0,
extracted_tables/027_Health_Bulletin_2023/table_0013.csv,cleaned_tables/027_Health_Bulletin_2023/table_0013.csv,ok,10,10,5,4,0,
extracted_tables/027_Health_Bulletin_2023/table_0014.csv,cleaned_tables/027_Health_Bulletin_2023/table_0014.csv,ok,12,11,5,4,1,
extracted_tables/027_Health_Bulletin_2023/table_0015.csv,cleaned_tables/027_Health_Bulletin_2023/table_0015.csv,ok,8,8,5,4,0,
extracted_tables/027_Health_Bulletin_2023/table_0016.csv,cleaned_tables/027_Health_Bulletin_2023/table_0016.csv,ok,5,5,5,4,0,
extracted_tables/027_Health_Bulletin_2023/table_0017.csv,cleaned_tables/027_Health_Bulletin_2023/table_0017.csv,ok,12,11,3,3,1,
extracted_tables/027_Health_Bulletin_2023/table_0018.csv,cleaned_tables/027_Health_Bulletin_2023/table_0018.csv,ok,2,2,2,2,0,
extracted_tables/027_Health_Bulletin_2023/table_0019.csv,cleaned_tables/027_Health_Bulletin_2023/table_0019.csv,ok,3,0,5,0,3,
extracted_tables/027_Health_Bulletin_2023/table_0020.csv,cleaned_tables/027_Health_Bulletin_2023/table_0020.csv,ok,4,4,2,2,0,
extracted_tables/027_Health_Bulletin_2023/table_0021.csv,cleaned_tables/027_Health_Bulletin_2023/table_0021.csv,ok,8,8,4,4,0,
extracted_tables/027_Health_Bulletin_2023/table_0022.csv,cleaned_tables/027_Health_Bulletin_2023/table_0022.csv,ok,11,11,4,4,0,
extracted_tables/027_Health_Bulletin_2023/table_0023.csv,cleaned_tables/027_Health_Bulletin_2023/table_0023.csv,ok,12,12,2,2,0,
extracted_tables/027_Health_Bulletin_2023/table_0024.csv,cleaned_tables/027_Health_Bulletin_2023/table_0024.csv,ok,2,0,2,0,2,
extracted_tables/027_Health_Bulletin_2023/table_0025.csv,cleaned_tables/027_Health_Bulletin_2023/table_0025.csv,ok,2,0,2,0,2,
extracted_tables/027_Health_Bulletin_2023/table_0026.csv,cleaned_tables/027_Health_Bulletin_2023/table_0026.csv,ok,9,8,17,16,1,
extracted_tables/027_Health_Bulletin_2023/table_0027.csv,cleaned_tables/027_Health_Bulletin_2023/table_0027.csv,ok,3,3,2,2,0,
extracted_tables/027_Health_Bulletin_2023/table_0028.csv,cleaned_tables/027_Health_Bulletin_2023/table_0028.csv,ok,2,0,2,0,2,
extracted_tables/027_Health_Bulletin_2023/table_0029.csv,cleaned_tables/027_Health_Bulletin_2023/table_0029.csv,ok,7,7,2,2,0,
extracted_tables/027_Health_Bulletin_2023/table_0030.csv,cleaned_tables/027_Health_Bulletin_2023/table_0030.csv,ok,22,3,5,3,19,
extracted_tables/027_Health_Bulletin_2023/table_0031.csv,cleaned_tables/027_Health_Bulletin_2023/table_0031.csv,ok,2,0,2,0,2,
extracted_tables/027_Health_Bulletin_2023/table_0032.csv,cleaned_tables/027_Health_Bulletin_2023/table_0032.csv,ok,23,11,5,4,12,
extracted_tables/027_Health_Bulletin_2023/table_0033.csv,cleaned_tables/027_Health_Bulletin_2023/table_0033.csv,ok,2,2,2,2,0,
extracted_tables/027_Health_Bulletin_2023/table_0034.csv,cleaned_tables/027_Health_Bulletin_2023/table_0034.csv,ok,6,0,6,0,6,
extracted_tables/027_Health_Bulletin_2023/table_0035.csv,cleaned_tables/027_Health_Bulletin_2023/table_0035.csv,ok,5,0,6,0,5,
extracted_tables/027_Health_Bulletin_2023/table_0036.csv,cleaned_tables/027_Health_Bulletin_2023/table_0036.csv,ok,3,0,4,0,3,
extracted_tables/027_Health_Bulletin_2023/table_0037.csv,cleaned_tables/027_Health_Bulletin_2023/table_0037.csv,ok,6,0,6,0,6,
extracted_tables/027_Health_Bulletin_2023/table_0038.csv,cleaned_tables/027_Health_Bulletin_2023/table_0038.csv,ok,2,0,2,0,2,
extracted_tables/027_Health_Bulletin_2023/table_0039.csv,cleaned_tables/027_Health_Bulletin_2023/table_0039.csv,ok,2,0,2,0,2,
extracted_tables/027_Health_Bulletin_2023/table_0040.csv,cleaned_tables/027_Health_Bulletin_2023/table_0040.csv,ok,3,0,3,0,3,
extracted_tables/027_Health_Bulletin_2023/table_0041.csv,cleaned_tables/027_Health_Bulletin_2023/table_0041.csv,ok,7,6,8,8,1,
extracted_tables/027_Health_Bulletin_2023/table_0042.csv,cleaned_tables/027_Health_Bulletin_2023/table_0042.csv,ok,11,7,17,12,4,
extracted_tables/027_Health_Bulletin_2023/table_0043.csv,cleaned_tables/027_Health_Bulletin_2023/table_0043.csv,ok,4,3,8,8,1,
extracted_tables/027_Health_Bulletin_2023/table_0044.csv,cleaned_tables/027_Health_Bulletin_2023/table_0044.csv,ok,3,0,3,0,3,
extracted_tables/027_Health_Bulletin_2023/table_0045.csv,cleaned_tables/027_Health_Bulletin_2023/table_0045.csv,ok,3,0,3,0,3,
extracted_tables/027_Health_Bulletin_2023/table_0046.csv,cleaned_tables/027_Health_Bulletin_2023/table_0046.csv,ok,3,0,3,0,3,
extracted_tables/027_Health_Bulletin_2023/table_0047.csv,cleaned_tables/027_Health_Bulletin_2023/table_0047.csv,ok,5,4,8,8,1,
extracted_tables/027_Health_Bulletin_2023/table_0048.csv,cleaned_tables/027_Health_Bulletin_2023/table_0048.csv,ok,5,5,5,5,0,
extracted_tables/027_Health_Bulletin_2023/table_0049.csv,cleaned_tables/027_Health_Bulletin_2023/table_0049.csv,ok,20,20,2,2,0,
extracted_tables/027_Health_Bulletin_2023/table_0050.csv,cleaned_tables/027_Health_Bulletin_2023/table_0050.csv,ok,6,5,2,2,1,
extracted_tables/027_Health_Bulletin_2023/table_0051.csv,cleaned_tables/027_Health_Bulletin_2023/table_0051.csv,ok,8,8,5,5,0,
extracted_tables/027_Health_Bulletin_2023/table_0052.csv,cleaned_tables/027_Health_Bulletin_2023/table_0052.csv,ok,7,7,2,2,0,
extracted_tables/027_Health_Bulletin_2023/table_0053.csv,cleaned_tables/027_Health_Bulletin_2023/table_0053.csv,ok,3,3,5,5,0,
extracted_tables/027_Health_Bulletin_2023/table_0054.csv,cleaned_tables/027_Health_Bulletin_2023/table_0054.csv,ok,8,7,9,9,1,
extracted_tables/027_Health_Bulletin_2023/table_0055.csv,cleaned_tables/027_Health_Bulletin_2023/table_0055.csv,ok,3,1,2,1,2,
extracted_tables/027_Health_Bulletin_2023/table_0056.csv,cleaned_tables/027_Health_Bulletin_2023/table_0056.csv,ok,3,1,4,3,2,
extracted_tables/027_Health_Bulletin_2023/table_0057.csv,cleaned_tables/027_Health_Bulletin_2023/table_0057.csv,ok,15,4,59,25,11,
extracted_tables/027_Health_Bulletin_2023/table_0058.csv,cleaned_tables/027_Health_Bulletin_2023/table_0058.csv,ok,11,11,4,4,0,
extracted_tables/027_Health_Bulletin_2023/table_0059.csv,cleaned_tables/027_Health_Bulletin_2023/table_0059.csv,ok,6,6,7,7,0,
extracted_tables/027_Health_Bulletin_2023/table_0060.csv,cleaned_tables/027_Health_Bulletin_2023/table_0060.csv,ok,14,8,34,17,6,
extracted_tables/027_Health_Bulletin_2023/table_0061.csv,cleaned_tables/027_Health_Bulletin_2023/table_0061.csv,ok,7,7,5,5,0,
extracted_tables/027_Health_Bulletin_2023/table_0062.csv,cleaned_tables/027_Health_Bulletin_2023/table_0062.csv,ok,6,6,5,5,0,
extracted_tables/027_Health_Bulletin_2023/table_0063.csv,cleaned_tables/027_Health_Bulletin_2023/table_0063.csv,ok,7,7,3,3,0,
extracted_tables/027_Health_Bulletin_2023/table_0064.csv,cleaned_tables/027_Health_Bulletin_2023/table_0064.csv,ok,10,10,2,2,0,
extracted_tables/027_Health_Bulletin_2023/table_0065.csv,cleaned_tables/027_Health_Bulletin_2023/table_0065.csv,ok,21,16,49,35,5,
extracted_tables/027_Health_Bulletin_2023/table_0066.csv,cleaned_tables/027_Health_Bulletin_2023/table_0066.csv,ok,14,0,76,0,14,
extracted_tables/027_Health_Bulletin_2023/table_0067.csv,cleaned_tables/027_Health_Bulletin_2023/table_0067.csv,ok,8,7,2,2,1,
extracted_tables/027_Health_Bulletin_2023/table_0068.csv,cleaned_tables/027_Health_Bulletin_2023/table_0068.csv,ok,12,12,3,3,0,
extracted_tables/027_Health_Bulletin_2023/table_0069.csv,cleaned_tables/027_Health_Bulletin_2023/table_0069.csv,ok,6,6,3,3,0,
extracted_tables/027_Health_Bulletin_2023/table_0070.csv,cleaned_tables/027_Health_Bulletin_2023/table_0070.csv,ok,4,4,4,4,0,
extracted_tables/027_Health_Bulletin_2023/table_0071.csv,cleaned_tables/027_Health_Bulletin_2023/table_0071.csv,ok,5,5,2,2,0,
extracted_tables/027_Health_Bulletin_2023/table_0072.csv,cleaned_tables/027_Health_Bulletin_2023/table_0072.csv,ok,9,9,2,2,0,
extracted_tables/027_Health_Bulletin_2023/table_0073.csv,cleaned_tables/027_Health_Bulletin_2023/table_0073.csv,ok,4,4,2,2,0,
extracted_tables/027_Health_Bulletin_2023/table_0074.csv,cleaned_tables/027_Health_Bulletin_2023/table_0074.csv,ok,3,3,2,2,0,
extracted_tables/027_Health_Bulletin_2023/table_0075.csv,cleaned_tables/027_Health_Bulletin_2023/table_0075.csv,ok,12,12,4,4,0,
extracted_tables/027_Health_Bulletin_2023/table_0076.csv,cleaned_tables/027_Health_Bulletin_2023/table_0076.csv,ok,16,16,18,18,0,
extracted_tables/027_Health_Bulletin_2023/table_0077.csv,cleaned_tables/027_Health_Bulletin_2023/table_0077.csv,ok,12,12,9,9,0,
extracted_tables/027_Health_Bulletin_2023/table_0078.csv,cleaned_tables/027_Health_Bulletin_2023/table_0078.csv,ok,15,15,5,5,0,
extracted_tables/027_Health_Bulletin_2023/table_0079.csv,cleaned_tables/027_Health_Bulletin_2023/table_0079.csv,ok,11,0,9,0,11,
extracted_tables/027_Health_Bulletin_2023/table_0080.csv,cleaned_tables/027_Health_Bulletin_2023/table_0080.csv,ok,15,15,3,3,0,
extracted_tables/027_Health_Bulletin_2023/table_0081.csv,cleaned_tables/027_Health_Bulletin_2023/table_0081.csv,ok,10,10,3,3,0,
extracted_tables/027_Health_Bulletin_2023/table_0082.csv,cleaned_tables/027_Health_Bulletin_2023/table_0082.csv,ok,3,3,4,4,0,
extracted_tables/027_Health_Bulletin_2023/table_0083.csv,cleaned_tables/027_Health_Bulletin_2023/table_0083.csv,ok,5,5,5,5,0,
extracted_tables/027_Health_Bulletin_2023/table_0084.csv,cleaned_tables/027_Health_Bulletin_2023/table_0084.csv,ok,14,14,5,5,0,
extracted_tables/027_Health_Bulletin_2023/table_0085.csv,cleaned_tables/027_Health_Bulletin_2023/table_0085.csv,ok,11,11,6,6,0,
extracted_tables/027_Health_Bulletin_2023/table_0086.csv,cleaned_tables/027_Health_Bulletin_2023/table_0086.csv,ok,6,6,6,6,0,
extracted_tables/027_Health_Bulletin_2023/table_0087.csv,cleaned_tables/027_Health_Bulletin_2023/table_0087.csv,ok,13,13,11,11,0,
extracted_tables/027_Health_Bulletin_2023/table_0088.csv,cleaned_tables/027_Health_Bulletin_2023/table_0088.csv,ok,7,7,4,4,0,
extracted_tables/027_Health_Bulletin_2023/table_0089.csv,cleaned_tables/027_Health_Bulletin_2023/table_0089.csv,ok,5,5,4,4,0,
extracted_tables/027_Health_Bulletin_2023/table_0090.csv,cleaned_tables/027_Health_Bulletin_2023/table_0090.csv,ok,10,10,4,4,0,
extracted_tables/027_Health_Bulletin_2023/table_0091.csv,cleaned_tables/027_Health_Bulletin_2023/table_0091.csv,ok,6,6,4,4,0,
extracted_tables/027_Health_Bulletin_2023/table_0092.csv,cleaned_tables/027_Health_Bulletin_2023/table_0092.csv,ok,6,6,4,4,0,
extracted_tables/027_Health_Bulletin_2023/table_0093.csv,cleaned_tables/027_Health_Bulletin_2023/table_0093.csv,ok,5,5,2,2,0,
extracted_tables/027_Health_Bulletin_2023/table_0094.csv,cleaned_tables/027_Health_Bulletin_2023/table_0094.csv,ok,15,15,6,6,0,
extracted_tables/027_Health_Bulletin_2023/table_0095.csv,cleaned_tables/027_Health_Bulletin_2023/table_0095.csv,ok,3,3,3,3,0,
extracted_tables/027_Health_Bulletin_2023/table_0096.csv,cleaned_tables/027_Health_Bulletin_2023/table_0096.csv,ok,4,4,2,2,0,
extracted_tables/027_Health_Bulletin_2023/table_0097.csv,cleaned_tables/027_Health_Bulletin_2023/table_0097.csv,ok,15,15,3,3,0,
extracted_tables/027_Health_Bulletin_2023/table_0098.csv,cleaned_tables/027_Health_Bulletin_2023/table_0098.csv,ok,11,11,4,4,0,
extracted_tables/027_Health_Bulletin_2023/table_0099.csv,cleaned_tables/027_Health_Bulletin_2023/table_0099.csv,ok,11,11,9,9,0,
extracted_tables/027_Health_Bulletin_2023/table_0100.csv,cleaned_tables/027_Health_Bulletin_2023/table_0100.csv,ok,10,10,5,5,0,
extracted_tables/027_Health_Bulletin_2023/table_0101.csv,cleaned_tables/027_Health_Bulletin_2023/table_0101.csv,ok,14,14,2,2,0,
extracted_tables/027_Health_Bulletin_2023/table_0102.csv,cleaned_tables/027_Health_Bulletin_2023/table_0102.csv,ok,6,6,6,6,0,
extracted_tables/027_Health_Bulletin_2023/table_0103.csv,cleaned_tables/027_Health_Bulletin_2023/table_0103.csv,ok,26,26,6,6,0,
extracted_tables/027_Health_Bulletin_2023/table_0104.csv,cleaned_tables/027_Health_Bulletin_2023/table_0104.csv,ok,4,4,4,4,0,
extracted_tables/027_Health_Bulletin_2023/table_0105.csv,cleaned_tables/027_Health_Bulletin_2023/table_0105.csv,ok,14,13,17,15,1,
extracted_tables/027_Health_Bulletin_2023/table_0106.csv,cleaned_tables/027_Health_Bulletin_2023/table_0106.csv,ok,14,13,5,4,1,
extracted_tables/027_Health_Bulletin_2023/table_0107.csv,cleaned_tables/027_Health_Bulletin_2023/table_0107.csv,ok,6,5,16,15,1,
extracted_tables/027_Health_Bulletin_2023/table_0108.csv,cleaned_tables/027_Health_Bulletin_2023/table_0108.csv,ok,5,5,5,5,0,
extracted_tables/027_Health_Bulletin_2023/table_0109.csv,cleaned_tables/027_Health_Bulletin_2023/table_0109.csv,ok,10,10,3,3,0,
extracted_tables/027_Health_Bulletin_2023/table_0110.csv,cleaned_tables/027_Health_Bulletin_2023/table_0110.csv,ok,22,22,4,4,0,
extracted_tables/027_Health_Bulletin_2023/table_0111.csv,cleaned_tables/027_Health_Bulletin_2023/table_0111.csv,ok,7,7,4,4,0,
extracted_tables/027_Health_Bulletin_2023/table_0112.csv,cleaned_tables/027_Health_Bulletin_2023/table_0112.csv,ok,20,20,4,4,0,
extracted_tables/027_Health_Bulletin_2023/table_0113.csv,cleaned_tables/027_Health_Bulletin_2023/table_0113.csv,ok,8,8,11,11,0,
extracted_tables/027_Health_Bulletin_2023/table_0114.csv,cleaned_tables/027_Health_Bulletin_2023/table_0114.csv,ok,13,13,11,11,0,
extracted_tables/027_Health_Bulletin_2023/table_0115.csv,cleaned_tables/027_Health_Bulletin_2023/table_0115.csv,ok,8,8,11,11,0,
extracted_tables/027_Health_Bulletin_2023/table_0116.csv,cleaned_tables/027_Health_Bulletin_2023/table_0116.csv,ok,7,7,11,11,0,
extracted_tables/027_Health_Bulletin_2023/table_0117.csv,cleaned_tables/027_Health_Bulletin_2023/table_0117.csv,ok,14,14,11,11,0,
extracted_tables/027_Health_Bulletin_2023/table_0118.csv,cleaned_tables/027_Health_Bulletin_2023/table_0118.csv,ok,12,12,11,11,0,
extracted_tables/027_Health_Bulletin_2023/table_0119.csv,cleaned_tables/027_Health_Bulletin_2023/table_0119.csv,ok,15,15,11,11,0,
extracted_tables/027_Health_Bulletin_2023/table_0120.csv,cleaned_tables/027_Health_Bulletin_2023/table_0120.csv,ok,15,15,11,11,0,
extracted_tables/027_Health_Bulletin_2023/table_0121.csv,cleaned_tables/027_Health_Bulletin_2023/table_0121.csv,ok,15,15,11,11,0,
extracted_tables/027_Health_Bulletin_2023/table_0122.csv,cleaned_tables/027_Health_Bulletin_2023/table_0122.csv,ok,15,15,11,11,0,
extracted_tables/027_Health_Bulletin_2023/table_0123.csv,cleaned_tables/027_Health_Bulletin_2023/table_0123.csv,ok,16,16,11,11,0,
extracted_tables/027_Health_Bulletin_2023/table_0124.csv,cleaned_tables/027_Health_Bulletin_2023/table_0124.csv,ok,10,10,11,11,0,
extracted_tables/027_Health_Bulletin_2023/table_0125.csv,cleaned_tables/027_Health_Bulletin_2023/table_0125.csv,ok,16,16,3,3,0,
extracted_tables/027_Health_Bulletin_2023/table_0126.csv,cleaned_tables/027_Health_Bulletin_2023/table_0126.csv,ok,5,5,3,3,0,
extracted_tables/027_Health_Bulletin_2023/table_0127.csv,cleaned_tables/027_Health_Bulletin_2023/table_0127.csv,ok,23,23,3,3,0,
extracted_tables/027_Health_Bulletin_2023/table_0128.csv,cleaned_tables/027_Health_Bulletin_2023/table_0128.csv,ok,29,29,3,3,0,
extracted_tables/027_Health_Bulletin_2023/table_0129.csv,cleaned_tables/027_Health_Bulletin_2023/table_0129.csv,ok,29,29,3,3,0,
extracted_tables/027_Health_Bulletin_2023/table_0130.csv,cleaned_tables/027_Health_Bulletin_2023/table_0130.csv,ok,14,14,3,3,0,
extracted_tables/027_Health_Bulletin_2023/table_0131.csv,cleaned_tables/027_Health_Bulletin_2023/table_0131.csv,ok,3,3,3,3,0,
extracted_tables/027_Health_Bulletin_2023/table_0132.csv,cleaned_tables/027_Health_Bulletin_2023/table_0132.csv,ok,12,11,8,7,1,
extracted_tables/027_Health_Bulletin_2023/table_0133.csv,cleaned_tables/027_Health_Bulletin_2023/table_0133.csv,ok,6,6,2,2,0,
extracted_tables/027_Health_Bulletin_2023/table_0134.csv,cleaned_tables/027_Health_Bulletin_2023/table_0134.csv,ok,6,6,3,3,0,
extracted_tables/027_Health_Bulletin_2023/table_0135.csv,cleaned_tables/027_Health_Bulletin_2023/table_0135.csv,ok,5,5,4,4,0,
extracted_tables/027_Health_Bulletin_2023/table_0136.csv,cleaned_tables/027_Health_Bulletin_2023/table_0136.csv,ok,7,7,6,6,0,
extracted_tables/027_Health_Bulletin_2023/table_0137.csv,cleaned_tables/027_Health_Bulletin_2023/table_0137.csv,ok,7,7,6,6,0,
extracted_tables/027_Health_Bulletin_2023/table_0138.csv,cleaned_tables/027_Health_Bulletin_2023/table_0138.csv,ok,7,7,6,6,0,
extracted_tables/027_Health_Bulletin_2023/table_0139.csv,cleaned_tables/027_Health_Bulletin_2023/table_0139.csv,ok,17,0,7,0,17,
extracted_tables/027_Health_Bulletin_2023/table_0140.csv,cleaned_tables/027_Health_Bulletin_2023/table_0140.csv,ok,2,0,5,0,2,
extracted_tables/027_Health_Bulletin_2023/table_0141.csv,cleaned_tables/027_Health_Bulletin_2023/table_0141.csv,ok,14,0,48,0,14,
extracted_tables/027_Health_Bulletin_2023/table_0142.csv,cleaned_tables/027_Health_Bulletin_2023/table_0142.csv,ok,12,12,3,3,0,
extracted_tables/027_Health_Bulletin_2023/table_0143.csv,cleaned_tables/027_Health_Bulletin_2023/table_0143.csv,ok,17,9,20,14,8,
extracted_tables/027_Health_Bulletin_2023/table_0144.csv,cleaned_tables/027_Health_Bulletin_2023/table_0144.csv,ok,31,31,7,7,0,
extracted_tables/027_Health_Bulletin_2023/table_0145.csv,cleaned_tables/027_Health_Bulletin_2023/table_0145.csv,ok,16,16,7,7,0,
extracted_tables/027_Health_Bulletin_2023/table_0146.csv,cleaned_tables/027_Health_Bulletin_2023/table_0146.csv,ok,8,8,4,4,0,
extracted_tables/027_Health_Bulletin_2023/table_0147.csv,cleaned_tables/027_Health_Bulletin_2023/table_0147.csv,ok,9,9,4,4,0,
extracted_tables/027_Health_Bulletin_2023/table_0148.csv,cleaned_tables/027_Health_Bulletin_2023/table_0148.csv,ok,34,34,4,4,0,
extracted_tables/027_Health_Bulletin_2023/table_0149.csv,cleaned_tables/027_Health_Bulletin_2023/table_0149.csv,ok,9,9,4,4,0,
extracted_tables/027_Health_Bulletin_2023/table_0150.csv,cleaned_tables/027_Health_Bulletin_2023/table_0150.csv,ok,7,7,4,4,0,
extracted_tables/027_Health_Bulletin_2023/table_0151.csv,cleaned_tables/027_Health_Bulletin_2023/table_0151.csv,ok,15,15,6,6,0,
extracted_tables/027_Health_Bulletin_2023/table_0152.csv,cleaned_tables/027_Health_Bulletin_2023/table_0152.csv,ok,14,13,7,5,1,
extracted_tables/027_Health_Bulletin_2023/table_0153.csv,cleaned_tables/027_Health_Bulletin_2023/table_0153.csv,ok,14,14,17,17,0,
extracted_tables/027_Health_Bulletin_2023/table_0154.csv,cleaned_tables/027_Health_Bulletin_2023/table_0154.csv,ok,14,14,16,16,0,
extracted_tables/027_Health_Bulletin_2023/table_0155.csv,cleaned_tables/027_Health_Bulletin_2023/table_0155.csv,ok,5,5,4,4,0,
extracted_tables/027_Health_Bulletin_2023/table_0156.csv,cleaned_tables/027_Health_Bulletin_2023/table_0156.csv,ok,18,18,4,4,0,
extracted_tables/027_Health_Bulletin_2023/table_0157.csv,cleaned_tables/027_Health_Bulletin_2023/table_0157.csv,ok,8,8,4,4,0,
extracted_tables/027_Health_Bulletin_2023/table_0158.csv,cleaned_tables/027_Health_Bulletin_2023/table_0158.csv,ok,6,6,5,5,0,
extracted_tables/027_Health_Bulletin_2023/table_0159.csv,cleaned_tables/027_Health_Bulletin_2023/table_0159.csv,ok,14,14,4,4,0,
extracted_tables/027_Health_Bulletin_2023/table_0160.csv,cleaned_tables/027_Health_Bulletin_2023/table_0160.csv,ok,4,0,21,0,4,
extracted_tables/027_Health_Bulletin_2023/table_0161.csv,cleaned_tables/027_Health_Bulletin_2023/table_0161.csv,ok,7,3,27,4,4,
extracted_tables/027_Health_Bulletin_2023/table_0162.csv,cleaned_tables/027_Health_Bulletin_2023/table_0162.csv,ok,15,0,16,0,15,
extracted_tables/027_Health_Bulletin_2023/table_0163.csv,cleaned_tables/027_Health_Bulletin_2023/table_0163.csv,ok,5,4,9,9,1,
extracted_tables/027_Health_Bulletin_2023/table_0164.csv,cleaned_tables/027_Health_Bulletin_2023/table_0164.csv,ok,4,4,5,5,0,
extracted_tables/027_Health_Bulletin_2023/table_0165.csv,cleaned_tables/027_Health_Bulletin_2023/table_0165.csv,ok,9,9,7,7,0,
extracted_tables/027_Health_Bulletin_2023/table_0166.csv,cleaned_tables/027_Health_Bulletin_2023/table_0166.csv,ok,15,15,6,6,0,
extracted_tables/027_Health_Bulletin_2023/table_0167.csv,cleaned_tables/027_Health_Bulletin_2023/table_0167.csv,ok,14,6,54,54,8,
extracted_tables/027_Health_Bulletin_2023/table_0168.csv,cleaned_tables/027_Health_Bulletin_2023/table_0168.csv,ok,12,12,8,8,0,
extracted_tables/027_Health_Bulletin_2023/table_0169.csv,cleaned_tables/027_Health_Bulletin_2023/table_0169.csv,ok,17,17,8,8,0,
extracted_tables/027_Health_Bulletin_2023/table_0170.csv,cleaned_tables/027_Health_Bulletin_2023/table_0170.csv,ok,21,21,6,6,0,
extracted_tables/027_Health_Bulletin_2023/table_0171.csv,cleaned_tables/027_Health_Bulletin_2023/table_0171.csv,ok,7,7,6,6,0,
extracted_tables/027_Health_Bulletin_2023/table_0172.csv,cleaned_tables/027_Health_Bulletin_2023/table_0172.csv,ok,9,9,4,4,0,
extracted_tables/027_Health_Bulletin_2023/table_0173.csv,cleaned_tables/027_Health_Bulletin_2023/table_0173.csv,ok,12,12,7,7,0,
extracted_tables/027_Health_Bulletin_2023/table_0174.csv,cleaned_tables/027_Health_Bulletin_2023/table_0174.csv,ok,7,7,3,3,0,
extracted_tables/027_Health_Bulletin_2023/table_0175.csv,cleaned_tables/027_Health_Bulletin_2023/table_0175.csv,ok,8,8,4,4,0,
extracted_tables/027_Health_Bulletin_2023/table_0176.csv,cleaned_tables/027_Health_Bulletin_2023/table_0176.csv,ok,10,10,6,6,0,
extracted_tables/027_Health_Bulletin_2023/table_0177.csv,cleaned_tables/027_Health_Bulletin_2023/table_0177.csv,ok,9,1,13,1,8,
extracted_tables/027_Health_Bulletin_2023/table_0178.csv,cleaned_tables/027_Health_Bulletin_2023/table_0178.csv,ok,9,9,2,2,0,
extracted_tables/027_Health_Bulletin_2023/table_0179.csv,cleaned_tables/027_Health_Bulletin_2023/table_0179.csv,ok,13,13,2,2,0,
extracted_tables/027_Health_Bulletin_2023/table_0180.csv,cleaned_tables/027_Health_Bulletin_2023/table_0180.csv,ok,14,14,5,4,0,
extracted_tables/027_Health_Bulletin_2023/table_0181.csv,cleaned_tables/027_Health_Bulletin_2023/table_0181.csv,ok,9,9,5,5,0,
extracted_tables/027_Health_Bulletin_2023/table_0182.csv,cleaned_tables/027_Health_Bulletin_2023/table_0182.csv,ok,14,14,5,5,0,
extracted_tables/027_Health_Bulletin_2023/table_0183.csv,cleaned_tables/027_Health_Bulletin_2023/table_0183.csv,ok,8,8,5,5,0,
extracted_tables/027_Health_Bulletin_2023/table_0184.csv,cleaned_tables/027_Health_Bulletin_2023/table_0184.csv,ok,10,10,5,5,0,
extracted_tables/027_Health_Bulletin_2023/table_0185.csv,cleaned_tables/027_Health_Bulletin_2023/table_0185.csv,ok,13,13,5,5,0,
extracted_tables/027_Health_Bulletin_2023/table_0186.csv,cleaned_tables/027_Health_Bulletin_2023/table_0186.csv,ok,6,6,5,5,0,
extracted_tables/028_Health_Bulletin_2022/table_0001.csv,cleaned_tables/028_Health_Bulletin_2022/table_0001.csv,ok,2,2,3,1,0,
extracted_tables/028_Health_Bulletin_2022/table_0002.csv,cleaned_tables/028_Health_Bulletin_2022/table_0002.csv,ok,2,2,3,1,0,
extracted_tables/028_Health_Bulletin_2022/table_0003.csv,cleaned_tables/028_Health_Bulletin_2022/table_0003.csv,ok,12,11,6,3,1,
extracted_tables/028_Health_Bulletin_2022/table_0004.csv,cleaned_tables/028_Health_Bulletin_2022/table_0004.csv,ok,2,1,2,2,1,
extracted_tables/028_Health_Bulletin_2022/table_0005.csv,cleaned_tables/028_Health_Bulletin_2022/table_0005.csv,ok,2,2,2,2,0,
extracted_tables/028_Health_Bulletin_2022/table_0006.csv,cleaned_tables/028_Health_Bulletin_2022/table_0006.csv,ok,6,6,5,3,0,
extracted_tables/028_Health_Bulletin_2022/table_0007.csv,cleaned_tables/028_Health_Bulletin_2022/table_0007.csv,ok,18,18,15,15,0,
extracted_tables/028_Health_Bulletin_2022/table_0008.csv,cleaned_tables/028_Health_Bulletin_2022/table_0008.csv,ok,29,27,4,3,2,
extracted_tables/028_Health_Bulletin_2022/table_0009.csv,cleaned_tables/028_Health_Bulletin_2022/table_0009.csv,ok,22,21,5,4,1,
extracted_tables/028_Health_Bulletin_2022/table_0010.csv,cleaned_tables/028_Health_Bulletin_2022/table_0010.csv,ok,29,27,4,3,2,
extracted_tables/028_Health_Bulletin_2022/table_0011.csv,cleaned_tables/028_Health_Bulletin_2022/table_0011.csv,ok,17,14,4,3,3,
extracted_tables/028_Health_Bulletin_2022/table_0012.csv,cleaned_tables/028_Health_Bulletin_2022/table_0012.csv,ok,4,4,4,3,0,
extracted_tables/028_Health_Bulletin_2022/table_0013.csv,cleaned_tables/028_Health_Bulletin_2022/table_0013.csv,ok,6,5,4,3,1,
extracted_tables/028_Health_Bulletin_2022/table_0014.csv,cleaned_tables/028_Health_Bulletin_2022/table_0014.csv,ok,3,2,4,3,1,
extracted_tables/028_Health_Bulletin_2022/table_0015.csv,cleaned_tables/028_Health_Bulletin_2022/table_0015.csv,ok,4,4,4,3,0,
extracted_tables/028_Health_Bulletin_2022/table_0016.csv,cleaned_tables/028_Health_Bulletin_2022/table_0016.csv,ok,2,2,4,3,0,
extracted_tables/028_Health_Bulletin_2022/table_0017.csv,cleaned_tables/028_Health_Bulletin_2022/table_0017.csv,ok,28,24,4,3,4,
extracted_tables/028_Health_Bulletin_2022/table_0018.csv,cleaned_tables/028_Health_Bulletin_2022/table_0018.csv,ok,21,21,4,3,0,
extracted_tables/028_Health_Bulletin_2022/table_0019.csv,cleaned_tables/028_Health_Bulletin_2022/table_0019.csv,ok,12,11,3,3,1,
extracted_tables/028_Health_Bulletin_2022/table_0020.csv,cleaned_tables/028_Health_Bulletin_2022/table_0020.csv,ok,3,2,2,2,1,
extracted_tables/028_Health_Bulletin_2022/table_0021.csv,cleaned_tables/028_Health_Bulletin_2022/table_0021.csv,ok,16,16,14,8,0,
extracted_tables/028_Health_Bulletin_2022/table_0022.csv,cleaned_tables/028_Health_Bulletin_2022/table_0022.csv,ok,2,2,12,4,0,
extracted_tables/028_Health_Bulletin_2022/table_0023.csv,cleaned_tables/028_Health_Bulletin_2022/table_0023.csv,ok,9,8,3,3,1,
extracted_tables/028_Health_Bulletin_2022/table_0024.csv,cleaned_tables/028_Health_Bulletin_2022/table_0024.csv,ok,2,0,2,0,2,
extracted_tables/028_Health_Bulletin_2022/table_0025.csv,cleaned_tables/028_Health_Bulletin_2022/table_0025.csv,ok,2,0,2,0,2,
extracted_tables/028_Health_Bulletin_2022/table_0026.csv,cleaned_tables/028_Health_Bulletin_2022/table_0026.csv,ok,12,11,39,27,1,
extracted_tables/028_Health_Bulletin_2022/table_0027.csv,cleaned_tables/028_Health_Bulletin_2022/table_0027.csv,ok,3,2,6,4,1,
extracted_tables/028_Health_Bulletin_2022/table_0028.csv,cleaned_tables/028_Health_Bulletin_2022/table_0028.csv,ok,7,6,5,3,1,
extracted_tables/028_Health_Bulletin_2022/table_0029.csv,cleaned_tables/028_Health_Bulletin_2022/table_0029.csv,ok,5,5,15,10,0,
extracted_tables/028_Health_Bulletin_2022/table_0030.csv,cleaned_tables/028_Health_Bulletin_2022/table_0030.csv,ok,8,8,15,10,0,
extracted_tables/028_Health_Bulletin_2022/table_0031.csv,cleaned_tables/028_Health_Bulletin_2022/table_0031.csv,ok,6,6,6,4,0,
extracted_tables/028_Health_Bulletin_2022/table_0032.csv,cleaned_tables/028_Health_Bulletin_2022/table_0032.csv,ok,6,0,9,0,6,
extracted_tables/028_Health_Bulletin_2022/table_0033.csv,cleaned_tables/028_Health_Bulletin_2022/table_0033.csv,ok,3,3,15,10,0,
extracted_tables/028_Health_Bulletin_2022/table_0034.csv,cleaned_tables/028_Health_Bulletin_2022/table_0034.csv,ok,7,3,5,1,4,
extracted_tables/028_Health_Bulletin_2022/table_0035.csv,cleaned_tables/028_Health_Bulletin_2022/table_0035.csv,ok,9,1,3,1,8,
extracted_tables/028_Health_Bulletin_2022/table_0036.csv,cleaned_tables/028_Health_Bulletin_2022/table_0036.csv,ok,6,6,12,8,0,
extracted_tables/028_Health_Bulletin_2022/table_0037.csv,cleaned_tables/028_Health_Bulletin_2022/table_0037.csv,ok,4,4,12,8,0,
extracted_tables/028_Health_Bulletin_2022/table_0038.csv,cleaned_tables/028_Health_Bulletin_2022/table_0038.csv,ok,2,0,2,0,2,
extracted_tables/028_Health_Bulletin_2022/table_0039.csv,cleaned_tables/028_Health_Bulletin_2022/table_0039.csv,ok,2,0,2,0,2,
extracted_tables/028_Health_Bulletin_2022/table_0040.csv,cleaned_tables/028_Health_Bulletin_2022/table_0040.csv,ok,2,0,2,0,2,
extracted_tables/028_Health_Bulletin_2022/table_0041.csv,cleaned_tables/028_Health_Bulletin_2022/table_0041.csv,ok,2,0,2,0,2,
extracted_tables/028_Health_Bulletin_2022/table_0042.csv,cleaned_tables/028_Health_Bulletin_2022/table_0042.csv,ok,2,0,2,0,2,
extracted_tables/028_Health_Bulletin_2022/table_0043.csv,cleaned_tables/028_Health_Bulletin_2022/table_0043.csv,ok,2,0,2,0,2,
extracted_tables/028_Health_Bulletin_2022/table_0044.csv,cleaned_tables/028_Health_Bulletin_2022/table_0044.csv,ok,2,0,2,0,2,
extracted_tables/028_Health_Bulletin_2022/table_0045.csv,cleaned_tables/028_Health_Bulletin_2022/table_0045.csv,ok,2,0,2,0,2,
extracted_tables/028_Health_Bulletin_2022/table_0046.csv,cleaned_tables/028_Health_Bulletin_2022/table_0046.csv,ok,2,0,2,0,2,
extracted_tables/028_Health_Bulletin_2022/table_0047.csv,cleaned_tables/028_Health_Bulletin_2022/table_0047.csv,ok,2,0,2,0,2,
extracted_tables/028_Health_Bulletin_2022/table_0048.csv,cleaned_tables/028_Health_Bulletin_2022/table_0048.csv,ok,2,0,2,0,2,
extracted_tables/028_Health_Bulletin_2022/table_0049.csv,cleaned_tables/028_Health_Bulletin_2022/table_0049.csv,ok,2,0,2,0,2,
extracted_tables/028_Health_Bulletin_2022/table_0050.csv,cleaned_tables/028_Health_Bulletin_2022/table_0050.csv,ok,2,1,3,3,1,
extracted_tables/028_Health_Bulletin_2022/table_0051.csv,cleaned_tables/028_Health_Bulletin_2022/table_0051.csv,ok,9,7,3,3,2,
extracted_tables/028_Health_Bulletin_2022/table_0052.csv,cleaned_tables/028_Health_Bulletin_2022/table_0052.csv,ok,3,2,23,23,1,
extracted_tables/028_Health_Bulletin_2022/table_0053.csv,cleaned_tables/028_Health_Bulletin_2022/table_0053.csv,ok,12,3,25,12,9,
extracted_tables/028_Health_Bulletin_2022/table_0054.csv,cleaned_tables/028_Health_Bulletin_2022/table_0054.csv,ok,10,10,12,8,0,
extracted_tables/028_Health_Bulletin_2022/table_0055.csv,cleaned_tables/028_Health_Bulletin_2022/table_0055.csv,ok,17,17,17,11,0,
extracted_tables/028_Health_Bulletin_2022/table_0056.csv,cleaned_tables/028_Health_Bulletin_2022/table_0056.csv,ok,7,6,3,1,1,
extracted_tables/028_Health_Bulletin_2022/table_0057.csv,cleaned_tables/028_Health_Bulletin_2022/table_0057.csv,ok,5,4,3,3,1,
extracted_tables/028_Health_Bulletin_2022/table_0058.csv,cleaned_tables/028_Health_Bulletin_2022/table_0058.csv,ok,3,2,3,1,1,
extracted_tables/028_Health_Bulletin_2022/table_0059.csv,cleaned_tables/028_Health_Bulletin_2022/table_0059.csv,ok,4,3,3,1,1,
extracted_tables/028_Health_Bulletin_2022/table_0060.csv,cleaned_tables/028_Health_Bulletin_2022/table_0060.csv,ok,5,5,3,3,0,
extracted_tables/028_Health_Bulletin_2022/table_0061.csv,cleaned_tables/028_Health_Bulletin_2022/table_0061.csv,ok,3,2,3,1,1,
extracted_tables/028_Health_Bulletin_2022/table_0062.csv,cleaned_tables/028_Health_Bulletin_2022/table_0062.csv,ok,4,3,3,1,1,
extracted_tables/028_Health_Bulletin_2022/table_0063.csv,cleaned_tables/028_Health_Bulletin_2022/table_0063.csv,ok,5,5,15,10,0,
extracted_tables/028_Health_Bulletin_2022/table_0064.csv,cleaned_tables/028_Health_Bulletin_2022/table_0064.csv,ok,7,7,9,3,0,
extracted_tables/028_Health_Bulletin_2022/table_0065.csv,cleaned_tables/028_Health_Bulletin_2022/table_0065.csv,ok,11,10,6,4,1,
extracted_tables/028_Health_Bulletin_2022/table_0066.csv,cleaned_tables/028_Health_Bulletin_2022/table_0066.csv,ok,4,3,3,1,1,
extracted_tables/028_Health_Bulletin_2022/table_0067.csv,cleaned_tables/028_Health_Bulletin_2022/table_0067.csv,ok,5,4,3,1,1,
extracted_tables/028_Health_Bulletin_2022/table_0068.csv,cleaned_tables/028_Health_Bulletin_2022/table_0068.csv,ok,3,2,3,1,1,
extracted_tables/028_Health_Bulletin_2022/table_0069.csv,cleaned_tables/028_Health_Bulletin_2022/table_0069.csv,ok,6,6,4,3,0,
extracted_tables/028_Health_Bulletin_2022/table_0070.csv,cleaned_tables/028_Health_Bulletin_2022/table_0070.csv,ok,22,22,6,2,0,
extracted_tables/028_Health_Bulletin_2022/table_0071.csv,cleaned_tables/028_Health_Bulletin_2022/table_0071.csv,ok,8,7,18,12,1,
extracted_tables/028_Health_Bulletin_2022/table_0072.csv,cleaned_tables/028_Health_Bulletin_2022/table_0072.csv,ok,5,5,21,14,0,
extracted_tables/028_Health_Bulletin_2022/table_0073.csv,cleaned_tables/028_Health_Bulletin_2022/table_0073.csv,ok,10,10,9,6,0,
extracted_tables/028_Health_Bulletin_2022/table_0074.csv,cleaned_tables/028_Health_Bulletin_2022/table_0074.csv,ok,5,5,9,6,0,
extracted_tables/028_Health_Bulletin_2022/table_0075.csv,cleaned_tables/028_Health_Bulletin_2022/table_0075.csv,ok,7,6,9,6,1,
extracted_tables/028_Health_Bulletin_2022/table_0076.csv,cleaned_tables/028_Health_Bulletin_2022/table_0076.csv,ok,7,6,9,6,1,
extracted_tables/028_Health_Bulletin_2022/table_0077.csv,cleaned_tables/028_Health_Bulletin_2022/table_0077.csv,ok,2,1,2,2,1,
extracted_tables/028_Health_Bulletin_2022/table_0078.csv,cleaned_tables/028_Health_Bulletin_2022/table_0078.csv,ok,3,2,2,2,1,
extracted_tables/028_Health_Bulletin_2022/table_0079.csv,cleaned_tables/028_Health_Bulletin_2022/table_0079.csv,ok,8,8,6,4,0,
extracted_tables/028_Health_Bulletin_2022/table_0080.csv,cleaned_tables/028_Health_Bulletin_2022/table_0080.csv,ok,2,0,2,0,2,
extracted_tables/028_Health_Bulletin_2022/table_0081.csv,cleaned_tables/028_Health_Bulletin_2022/table_0081.csv,ok,2,0,2,0,2,
extracted_tables/028_Health_Bulletin_2022/table_0082.csv,cleaned_tables/028_Health_Bulletin_2022/table_0082.csv,ok,2,0,2,0,2,
extracted_tables/028_Health_Bulletin_2022/table_0083.csv,cleaned_tables/028_Health_Bulletin_2022/table_0083.csv,ok,2,0,2,0,2,
extracted_tables/028_Health_Bulletin_2022/table_0084.csv,cleaned_tables/028_Health_Bulletin_2022/table_0084.csv,ok,4,3,4,4,1,
extracted_tables/028_Health_Bulletin_2022/table_0085.csv,cleaned_tables/028_Health_Bulletin_2022/table_0085.csv,ok,2,0,2,0,2,
extracted_tables/028_Health_Bulletin_2022/table_0086.csv,cleaned_tables/028_Health_Bulletin_2022/table_0086.csv,ok,2,0,2,0,2,
extracted_tables/028_Health_Bulletin_2022/table_0087.csv,cleaned_tables/028_Health_Bulletin_2022/table_0087.csv,ok,2,0,2,0,2,
extracted_tables/028_Health_Bulletin_2022/table_0088.csv,cleaned_tables/028_Health_Bulletin_2022/table_0088.csv,ok,2,0,2,0,2,
extracted_tables/028_Health_Bulletin_2022/table_0089.csv,cleaned_tables/028_Health_Bulletin_2022/table_0089.csv,ok,2,0,2,0,2,
extracted_tables/028_Health_Bulletin_2022/table_0090.csv,cleaned_tables/028_Health_Bulletin_2022/table_0090.csv,ok,2,0,2,0,2,
extracted_tables/028_Health_Bulletin_2022/table_0091.csv,cleaned_tables/028_Health_Bulletin_2022/table_0091.csv,ok,2,0,2,0,2,
extracted_tables/028_Health_Bulletin_2022/table_0092.csv,cleaned_tables/028_Health_Bulletin_2022/table_0092.csv,ok,2,0,2,0,2,
extracted_tables/028_Health_Bulletin_2022/table_0093.csv,cleaned_tables/028_Health_Bulletin_2022/table_0093.csv,ok,2,0,2,0,2,
extracted_tables/028_Health_Bulletin_2022/table_0094.csv,cleaned_tables/028_Health_Bulletin_2022/table_0094.csv,ok,2,0,2,0,2,
extracted_tables/028_Health_Bulletin_2022/table_0095.csv,cleaned_tables/028_Health_Bulletin_2022/table_0095.csv,ok,2,0,2,0,2,
extracted_tables/028_Health_Bulletin_2022/table_0096.csv,cleaned_tables/028_Health_Bulletin_2022/table_0096.csv,ok,2,0,2,0,2,
extracted_tables/028_Health_Bulletin_2022/table_0097.csv,cleaned_tables/028_Health_Bulletin_2022/table_0097.csv,ok,2,0,2,0,2,
extracted_tables/028_Health_Bulletin_2022/table_0098.csv,cleaned_tables/028_Health_Bulletin_2022/table_0098.csv,ok,11,11,6,4,0,
extracted_tables/028_Health_Bulletin_2022/table_0099.csv,cleaned_tables/028_Health_Bulletin_2022/table_0099.csv,ok,13,13,6,4,0,
extracted_tables/028_Health_Bulletin_2022/table_0100.csv,cleaned_tables/028_Health_Bulletin_2022/table_0100.csv,ok,9,9,3,3,0,
extracted_tables/028_Health_Bulletin_2022/table_0101.csv,cleaned_tables/028_Health_Bulletin_2022/table_0101.csv,ok,3,3,6,4,0,
extracted_tables/028_Health_Bulletin_2022/table_0102.csv,cleaned_tables/028_Health_Bulletin_2022/table_0102.csv,ok,12,12,21,14,0,
extracted_tables/028_Health_Bulletin_2022/table_0103.csv,cleaned_tables/028_Health_Bulletin_2022/table_0103.csv,ok,13,0,16,0,13,
extracted_tables/028_Health_Bulletin_2022/table_0104.csv,cleaned_tables/028_Health_Bulletin_2022/table_0104.csv,ok,30,29,2,2,1,
extracted_tables/028_Health_Bulletin_2022/table_0105.csv,cleaned_tables/028_Health_Bulletin_2022/table_0105.csv,ok,9,8,2,2,1,
extracted_tables/028_Health_Bulletin_2022/table_0106.csv,cleaned_tables/028_Health_Bulletin_2022/table_0106.csv,ok,5,4,12,8,1,
extracted_tables/028_Health_Bulletin_2022/table_0107.csv,cleaned_tables/028_Health_Bulletin_2022/table_0107.csv,ok,6,5,9,6,1,
extracted_tables/028_Health_Bulletin_2022/table_0108.csv,cleaned_tables/028_Health_Bulletin_2022/table_0108.csv,ok,16,14,15,10,2,
extracted_tables/028_Health_Bulletin_2022/table_0109.csv,cleaned_tables/028_Health_Bulletin_2022/table_0109.csv,ok,18,16,15,10,2,
extracted_tables/028_Health_Bulletin_2022/table_0110.csv,cleaned_tables/028_Health_Bulletin_2022/table_0110.csv,ok,18,17,18,12,1,
extracted_tables/028_Health_Bulletin_2022/table_0111.csv,cleaned_tables/028_Health_Bulletin_2022/table_0111.csv,ok,15,14,33,22,1,
extracted_tables/028_Health_Bulletin_2022/table_0112.csv,cleaned_tables/028_Health_Bulletin_2022/table_0112.csv,ok,15,12,33,22,3,
extracted_tables/028_Health_Bulletin_2022/table_0113.csv,cleaned_tables/028_Health_Bulletin_2022/table_0113.csv,ok,21,19,21,14,2,
extracted_tables/028_Health_Bulletin_2022/table_0114.csv,cleaned_tables/028_Health_Bulletin_2022/table_0114.csv,ok,20,18,21,14,2,
extracted_tables/028_Health_Bulletin_2022/table_0115.csv,cleaned_tables/028_Health_Bulletin_2022/table_0115.csv,ok,9,8,36,23,1,
extracted_tables/028_Health_Bulletin_2022/table_0116.csv,cleaned_tables/028_Health_Bulletin_2022/table_0116.csv,ok,11,3,7,3,8,
extracted_tables/028_Health_Bulletin_2022/table_0117.csv,cleaned_tables/028_Health_Bulletin_2022/table_0117.csv,ok,14,2,9,2,12,
extracted_tables/028_Health_Bulletin_2022/table_0118.csv,cleaned_tables/028_Health_Bulletin_2022/table_0118.csv,ok,8,1,10,3,7,
extracted_tables/028_Health_Bulletin_2022/table_0119.csv,cleaned_tables/028_Health_Bulletin_2022/table_0119.csv,ok,7,6,12,8,1,
extracted_tables/028_Health_Bulletin_2022/table_0120.csv,cleaned_tables/028_Health_Bulletin_2022/table_0120.csv,ok,8,8,6,5,0,
extracted_tables/028_Health_Bulletin_2022/table_0121.csv,cleaned_tables/028_Health_Bulletin_2022/table_0121.csv,ok,9,9,18,12,0,
extracted_tables/028_Health_Bulletin_2022/table_0122.csv,cleaned_tables/028_Health_Bulletin_2022/table_0122.csv,ok,4,3,5,2,1,
extracted_tables/028_Health_Bulletin_2022/table_0123.csv,cleaned_tables/028_Health_Bulletin_2022/table_0123.csv,ok,20,4,22,7,16,
extracted_tables/028_Health_Bulletin_2022/table_0124.csv,cleaned_tables/028_Health_Bulletin_2022/table_0124.csv,ok,4,4,9,6,0,
extracted_tables/028_Health_Bulletin_2022/table_0125.csv,cleaned_tables/028_Health_Bulletin_2022/table_0125.csv,ok,9,9,2,2,0,
extracted_tables/028_Health_Bulletin_2022/table_0126.csv,cleaned_tables/028_Health_Bulletin_2022/table_0126.csv,ok,8,8,2,2,0,
extracted_tables/028_Health_Bulletin_2022/table_0127.csv,cleaned_tables/028_Health_Bulletin_2022/table_0127.csv,ok,9,0,14,0,9,
extracted_tables/028_Health_Bulletin_2022/table_0128.csv,cleaned_tables/028_Health_Bulletin_2022/table_0128.csv,ok,3,2,9,9,1,
extracted_tables/028_Health_Bulletin_2022/table_0129.csv,cleaned_tables/028_Health_Bulletin_2022/table_0129.csv,ok,3,3,8,5,0,
extracted_tables/028_Health_Bulletin_2022/table_0130.csv,cleaned_tables/028_Health_Bulletin_2022/table_0130.csv,ok,8,0,7,0,8,
extracted_tables/028_Health_Bulletin_2022/table_0131.csv,cleaned_tables/028_Health_Bulletin_2022/table_0131.csv,ok,4,3,4,4,1,
extracted_tables/028_Health_Bulletin_2022/table_0132.csv,cleaned_tables/028_Health_Bulletin_2022/table_0132.csv,ok,9,0,12,0,9,
extracted_tables/028_Health_Bulletin_2022/table_0133.csv,cleaned_tables/028_Health_Bulletin_2022/table_0133.csv,ok,5,4,13,13,1,
extracted_tables/028_Health_Bulletin_2022/table_0134.csv,cleaned_tables/028_Health_Bulletin_2022/table_0134.csv,ok,14,14,27,18,0,
extracted_tables/028_Health_Bulletin_2022/table_0135.csv,cleaned_tables/028_Health_Bulletin_2022/table_0135.csv,ok,9,9,15,10,0,
extracted_tables/028_Health_Bulletin_2022/table_0136.csv,cleaned_tables/028_Health_Bulletin_2022/table_0136.csv,ok,51,50,6,4,1,
extracted_tables/028_Health_Bulletin_2022/table_0137.csv,cleaned_tables/028_Health_Bulletin_2022/table_0137.csv,ok,28,28,17,11,0,
extracted_tables/028_Health_Bulletin_2022/table_0138.csv,cleaned_tables/028_Health_Bulletin_2022/table_0138.csv,ok,4,4,12,8,0,
extracted_tables/028_Health_Bulletin_2022/table_0139.csv,cleaned_tables/028_Health_Bulletin_2022/table_0139.csv,ok,25,24,42,28,1,
extracted_tables/028_Health_Bulletin_2022/table_0140.csv,cleaned_tables/028_Health_Bulletin_2022/table_0140.csv,ok,43,42,2,1,1,
extracted_tables/028_Health_Bulletin_2022/table_0141.csv,cleaned_tables/028_Health_Bulletin_2022/table_0141.csv,ok,5,5,12,8,0,
extracted_tables/028_Health_Bulletin_2022/table_0142.csv,cleaned_tables/028_Health_Bulletin_2022/table_0142.csv,ok,9,9,7,5,0,
extracted_tables/028_Health_Bulletin_2022/table_0143.csv,cleaned_tables/028_Health_Bulletin_2022/table_0143.csv,ok,24,23,12,8,1,
extracted_tables/028_Health_Bulletin_2022/table_0144.csv,cleaned_tables/028_Health_Bulletin_2022/table_0144.csv,ok,20,19,12,8,1,
extracted_tables/028_Health_Bulletin_2022/table_0145.csv,cleaned_tables/028_Health_Bulletin_2022/table_0145.csv,ok,35,31,13,9,4,
extracted_tables/028_Health_Bulletin_2022/table_0146.csv,cleaned_tables/028_Health_Bulletin_2022/table_0146.csv,ok,12,2,15,2,10,
extracted_tables/028_Health_Bulletin_2022/table_0147.csv,cleaned_tables/028_Health_Bulletin_2022/table_0147.csv,ok,13,1,15,1,12,
extracted_tables/028_Health_Bulletin_2022/table_0148.csv,cleaned_tables/028_Health_Bulletin_2022/table_0148.csv,ok,9,1,11,1,8,
extracted_tables/028_Health_Bulletin_2022/table_0149.csv,cleaned_tables/028_Health_Bulletin_2022/table_0149.csv,ok,4,3,7,7,1,
extracted_tables/028_Health_Bulletin_2022/table_0150.csv,cleaned_tables/028_Health_Bulletin_2022/table_0150.csv,ok,5,5,8,8,0,
extracted_tables/028_Health_Bulletin_2022/table_0151.csv,cleaned_tables/028_Health_Bulletin_2022/table_0151.csv,ok,4,3,7,7,1,
extracted_tables/028_Health_Bulletin_2022/table_0152.csv,cleaned_tables/028_Health_Bulletin_2022/table_0152.csv,ok,4,3,7,7,1,
extracted_tables/028_Health_Bulletin_2022/table_0153.csv,cleaned_tables/028_Health_Bulletin_2022/table_0153.csv,ok,33,20,15,15,13,
extracted_tables/028_Health_Bulletin_2022/table_0154.csv,cleaned_tables/028_Health_Bulletin_2022/table_0154.csv,ok,11,11,6,6,0,
extracted_tables/028_Health_Bulletin_2022/table_0155.csv,cleaned_tables/028_Health_Bulletin_2022/table_0155.csv,ok,33,19,21,18,14,
extracted_tables/028_Health_Bulletin_2022/table_0156.csv,cleaned_tables/028_Health_Bulletin_2022/table_0156.csv,ok,33,22,19,14,11,
extracted_tables/028_Health_Bulletin_2022/table_0157.csv,cleaned_tables/028_Health_Bulletin_2022/table_0157.csv,ok,33,19,26,23,14,
extracted_tables/028_Health_Bulletin_2022/table_0158.csv,cleaned_tables/028_Health_Bulletin_2022/table_0158.csv,ok,33,19,27,24,14,
extracted_tables/028_Health_Bulletin_2022/table_0159.csv,cleaned_tables/028_Health_Bulletin_2022/table_0159.csv,ok,33,20,26,23,13,
extracted_tables/028_Health_Bulletin_2022/table_0160.csv,cleaned_tables/028_Health_Bulletin_2022/table_0160.csv,ok,33,22,18,13,11,
extracted_tables/028_Health_Bulletin_2022/table_0161.csv,cleaned_tables/028_Health_Bulletin_2022/table_0161.csv,ok,36,24,15,9,12,
extracted_tables/028_Health_Bulletin_2022/table_0162.csv,cleaned_tables/028_Health_Bulletin_2022/table_0162.csv,ok,8,2,12,2,6,
extracted_tables/028_Health_Bulletin_2022/table_0163.csv,cleaned_tables/028_Health_Bulletin_2022/table_0163.csv,ok,16,16,8,5,0,
extracted_tables/028_Health_Bulletin_2022/table_0164.csv,cleaned_tables/028_Health_Bulletin_2022/table_0164.csv,ok,23,23,9,6,0,
extracted_tables/028_Health_Bulletin_2022/table_0165.csv,cleaned_tables/028_Health_Bulletin_2022/table_0165.csv,ok,37,37,9,6,0,
extracted_tables/028_Health_Bulletin_2022/table_0166.csv,cleaned_tables/028_Health_Bulletin_2022/table_0166.csv,ok,30,30,9,6,0,
extracted_tables/028_Health_Bulletin_2022/table_0167.csv,cleaned_tables/028_Health_Bulletin_2022/table_0167.csv,ok,7,4,9,6,3,
extracted_tables/028_Health_Bulletin_2022/table_0168.csv,cleaned_tables/028_Health_Bulletin_2022/table_0168.csv,ok,9,5,8,6,4,
extracted_tables/028_Health_Bulletin_2022/table_0169.csv,cleaned_tables/028_Health_Bulletin_2022/table_0169.csv,ok,6,3,11,8,3,
extracted_tables/028_Health_Bulletin_2022/table_0170.csv,cleaned_tables/028_Health_Bulletin_2022/table_0170.csv,ok,8,6,5,4,2,
extracted_tables/028_Health_Bulletin_2022/table_0171.csv,cleaned_tables/028_Health_Bulletin_2022/table_0171.csv,ok,8,6,15,10,2,
extracted_tables/028_Health_Bulletin_2022/table_0172.csv,cleaned_tables/028_Health_Bulletin_2022/table_0172.csv,ok,8,6,15,10,2,
extracted_tables/028_Health_Bulletin_2022/table_0173.csv,cleaned_tables/028_Health_Bulletin_2022/table_0173.csv,ok,8,6,15,11,2,
extracted_tables/028_Health_Bulletin_2022/table_0174.csv,cleaned_tables/028_Health_Bulletin_2022/table_0174.csv,ok,10,0,6,0,10,
extracted_tables/028_Health_Bulletin_2022/table_0175.csv,cleaned_tables/028_Health_Bulletin_2022/table_0175.csv,ok,9,0,6,0,9,
extracted_tables/028_Health_Bulletin_2022/table_0176.csv,cleaned_tables/028_Health_Bulletin_2022/table_0176.csv,ok,3,0,4,0,3,
extracted_tables/028_Health_Bulletin_2022/table_0177.csv,cleaned_tables/028_Health_Bulletin_2022/table_0177.csv,ok,10,0,7,0,10,
extracted_tables/028_Health_Bulletin_2022/table_0178.csv,cleaned_tables/028_Health_Bulletin_2022/table_0178.csv,ok,17,0,5,0,17,
extracted_tables/028_Health_Bulletin_2022/table_0179.csv,cleaned_tables/028_Health_Bulletin_2022/table_0179.csv,ok,11,0,6,0,11,
extracted_tables/028_Health_Bulletin_2022/table_0180.csv,cleaned_tables/028_Health_Bulletin_2022/table_0180.csv,ok,8,4,5,5,4,
extracted_tables/028_Health_Bulletin_2022/table_0181.csv,cleaned_tables/028_Health_Bulletin_2022/table_0181.csv,ok,13,0,6,0,13,
extracted_tables/028_Health_Bulletin_2022/table_0182.csv,cleaned_tables/028_Health_Bulletin_2022/table_0182.csv,ok,15,0,6,0,15,
extracted_tables/028_Health_Bulletin_2022/table_0183.csv,cleaned_tables/028_Health_Bulletin_2022/table_0183.csv,ok,35,0,23,0,35,
extracted_tables/028_Health_Bulletin_2022/table_0184.csv,cleaned_tables/028_Health_Bulletin_2022/table_0184.csv,ok,2,1,13,13,1,
extracted_tables/028_Health_Bulletin_2022/table_0185.csv,cleaned_tables/028_Health_Bulletin_2022/table_0185.csv,ok,15,0,7,0,15,
extracted_tables/028_Health_Bulletin_2022/table_0186.csv,cleaned_tables/028_Health_Bulletin_2022/table_0186.csv,ok,16,0,7,0,16,
extracted_tables/028_Health_Bulletin_2022/table_0187.csv,cleaned_tables/028_Health_Bulletin_2022/table_0187.csv,ok,6,6,2,2,0,
extracted_tables/028_Health_Bulletin_2022/table_0188.csv,cleaned_tables/028_Health_Bulletin_2022/table_0188.csv,ok,19,0,7,0,19,
extracted_tables/028_Health_Bulletin_2022/table_0189.csv,cleaned_tables/028_Health_Bulletin_2022/table_0189.csv,ok,4,0,4,0,4,
extracted_tables/028_Health_Bulletin_2022/table_0190.csv,cleaned_tables/028_Health_Bulletin_2022/table_0190.csv,ok,6,6,2,2,0,
extracted_tables/028_Health_Bulletin_2022/table_0191.csv,cleaned_tables/028_Health_Bulletin_2022/table_0191.csv,ok,6,6,2,2,0,
extracted_tables/028_Health_Bulletin_2022/table_0192.csv,cleaned_tables/028_Health_Bulletin_2022/table_0192.csv,ok,2,0,7,0,2,
extracted_tables/028_Health_Bulletin_2022/table_0193.csv,cleaned_tables/028_Health_Bulletin_2022/table_0193.csv,ok,3,3,3,1,0,
extracted_tables/028_Health_Bulletin_2022/table_0194.csv,cleaned_tables/028_Health_Bulletin_2022/table_0194.csv,ok,2,2,3,1,0,
extracted_tables/028_Health_Bulletin_2022/table_0195.csv,cleaned_tables/028_Health_Bulletin_2022/table_0195.csv,ok,12,0,9,0,12,
extracted_tables/028_Health_Bulletin_2022/table_0196.csv,cleaned_tables/028_Health_Bulletin_2022/table_0196.csv,ok,9,0,11,0,9,
extracted_tables/028_Health_Bulletin_2022/table_0197.csv,cleaned_tables/028_Health_Bulletin_2022/table_0197.csv,ok,10,0,6,0,10,
extracted_tables/028_Health_Bulletin_2022/table_0198.csv,cleaned_tables/028_Health_Bulletin_2022/table_0198.csv,ok,11,0,7,0,11,
extracted_tables/028_Health_Bulletin_2022/table_0199.csv,cleaned_tables/028_Health_Bulletin_2022/table_0199.csv,ok,12,11,23,14,1,
extracted_tables/028_Health_Bulletin_2022/table_0200.csv,cleaned_tables/028_Health_Bulletin_2022/table_0200.csv,ok,20,19,21,14,1,
extracted_tables/028_Health_Bulletin_2022/table_0201.csv,cleaned_tables/028_Health_Bulletin_2022/table_0201.csv,ok,9,8,21,14,1,
extracted_tables/028_Health_Bulletin_2022/table_0202.csv,cleaned_tables/028_Health_Bulletin_2022/table_0202.csv,ok,14,13,18,12,1,
extracted_tables/028_Health_Bulletin_2022/table_0203.csv,cleaned_tables/028_Health_Bulletin_2022/table_0203.csv,ok,10,9,12,8,1,
extracted_tables/028_Health_Bulletin_2022/table_0204.csv,cleaned_tables/028_Health_Bulletin_2022/table_0204.csv,ok,39,39,12,8,0,
extracted_tables/028_Health_Bulletin_2022/table_0205.csv,cleaned_tables/028_Health_Bulletin_2022/table_0205.csv,ok,9,8,11,8,1,
extracted_tables/028_Health_Bulletin_2022/table_0206.csv,cleaned_tables/028_Health_Bulletin_2022/table_0206.csv,ok,9,8,12,8,1,
extracted_tables/028_Health_Bulletin_2022/table_0207.csv,cleaned_tables/028_Health_Bulletin_2022/table_0207.csv,ok,16,16,16,11,0,
extracted_tables/028_Health_Bulletin_2022/table_0208.csv,cleaned_tables/028_Health_Bulletin_2022/table_0208.csv,ok,13,10,46,31,3,
extracted_tables/028_Health_Bulletin_2022/table_0209.csv,cleaned_tables/028_Health_Bulletin_2022/table_0209.csv,ok,14,14,28,28,0,
extracted_tables/028_Health_Bulletin_2022/table_0210.csv,cleaned_tables/028_Health_Bulletin_2022/table_0210.csv,ok,6,5,12,8,1,
extracted_tables/028_Health_Bulletin_2022/table_0211.csv,cleaned_tables/028_Health_Bulletin_2022/table_0211.csv,ok,20,19,12,8,1,
extracted_tables/028_Health_Bulletin_2022/table_0212.csv,cleaned_tables/028_Health_Bulletin_2022/table_0212.csv,ok,6,6,15,10,0,
extracted_tables/028_Health_Bulletin_2022/table_0213.csv,cleaned_tables/028_Health_Bulletin_2022/table_0213.csv,ok,13,13,12,8,0,
extracted_tables/028_Health_Bulletin_2022/table_0214.csv,cleaned_tables/028_Health_Bulletin_2022/table_0214.csv,ok,8,3,9,2,5,
extracted_tables/028_Health_Bulletin_2022/table_0215.csv,cleaned_tables/028_Health_Bulletin_2022/table_0215.csv,ok,15,13,10,6,2,
extracted_tables/028_Health_Bulletin_2022/table_0216.csv,cleaned_tables/028_Health_Bulletin_2022/table_0216.csv,ok,2,2,2,2,0,
extracted_tables/028_Health_Bulletin_2022/table_0217.csv,cleaned_tables/028_Health_Bulletin_2022/table_0217.csv,ok,38,38,5,5,0,
extracted_tables/028_Health_Bulletin_2022/table_0218.csv,cleaned_tables/028_Health_Bulletin_2022/table_0218.csv,ok,41,40,3,3,1,
extracted_tables/028_Health_Bulletin_2022/table_0219.csv,cleaned_tables/028_Health_Bulletin_2022/table_0219.csv,ok,20,20,2,2,0,
extracted_tables/028_Health_Bulletin_2022/table_0220.csv,cleaned_tables/028_Health_Bulletin_2022/table_0220.csv,ok,4,0,2,0,4,
extracted_tables/028_Health_Bulletin_2022/table_0221.csv,cleaned_tables/028_Health_Bulletin_2022/table_0221.csv,ok,39,7,10,5,32,
extracted_tables/028_Health_Bulletin_2022/table_0222.csv,cleaned_tables/028_Health_Bulletin_2022/table_0222.csv,ok,9,1,2,1,8,
extracted_tables/028_Health_Bulletin_2022/table_0223.csv,cleaned_tables/028_Health_Bulletin_2022/table_0223.csv,ok,4,4,6,4,0,
extracted_tables/028_Health_Bulletin_2022/table_0224.csv,cleaned_tables/028_Health_Bulletin_2022/table_0224.csv,ok,17,15,27,18,2,
extracted_tables/028_Health_Bulletin_2022/table_0225.csv,cleaned_tables/028_Health_Bulletin_2022/table_0225.csv,ok,8,6,9,6,2,
extracted_tables/028_Health_Bulletin_2022/table_0226.csv,cleaned_tables/028_Health_Bulletin_2022/table_0226.csv,ok,16,0,35,0,16,
extracted_tables/028_Health_Bulletin_2022/table_0227.csv,cleaned_tables/028_Health_Bulletin_2022/table_0227.csv,ok,6,1,7,1,5,
extracted_tables/028_Health_Bulletin_2022/table_0228.csv,cleaned_tables/028_Health_Bulletin_2022/table_0228.csv,ok,10,3,13,5,7,
extracted_tables/028_Health_Bulletin_2022/table_0229.csv,cleaned_tables/028_Health_Bulletin_2022/table_0229.csv,ok,8,2,3,3,6,
extracted_tables/028_Health_Bulletin_2022/table_0230.csv,cleaned_tables/028_Health_Bulletin_2022/table_0230.csv,ok,5,4,15,10,1,
extracted_tables/028_Health_Bulletin_2022/table_0231.csv,cleaned_tables/028_Health_Bulletin_2022/table_0231.csv,ok,7,7,18,12,0,
extracted_tables/028_Health_Bulletin_2022/table_0232.csv,cleaned_tables/028_Health_Bulletin_2022/table_0232.csv,ok,22,4,21,21,18,
extracted_tables/028_Health_Bulletin_2022/table_0233.csv,cleaned_tables/028_Health_Bulletin_2022/table_0233.csv,ok,11,2,24,24,9,
extracted_tables/028_Health_Bulletin_2022/table_0234.csv,cleaned_tables/028_Health_Bulletin_2022/table_0234.csv,ok,9,9,12,8,0,
extracted_tables/028_Health_Bulletin_2022/table_0235.csv,cleaned_tables/028_Health_Bulletin_2022/table_0235.csv,ok,13,12,18,12,1,
extracted_tables/028_Health_Bulletin_2022/table_0236.csv,cleaned_tables/028_Health_Bulletin_2022/table_0236.csv,ok,13,12,12,8,1,
extracted_tables/028_Health_Bulletin_2022/table_0237.csv,cleaned_tables/028_Health_Bulletin_2022/table_0237.csv,ok,12,11,7,5,1,
extracted_tables/028_Health_Bulletin_2022/table_0238.csv,cleaned_tables/028_Health_Bulletin_2022/table_0238.csv,ok,14,13,6,4,1,
extracted_tables/028_Health_Bulletin_2022/table_0239.csv,cleaned_tables/028_Health_Bulletin_2022/table_0239.csv,ok,14,14,6,4,0,
extracted_tables/028_Health_Bulletin_2022/table_0240.csv,cleaned_tables/028_Health_Bulletin_2022/table_0240.csv,ok,5,4,2,2,1,
extracted_tables/028_Health_Bulletin_2022/table_0241.csv,cleaned_tables/028_Health_Bulletin_2022/table_0241.csv,ok,13,5,9,5,8,
extracted_tables/028_Health_Bulletin_2022/table_0242.csv,cleaned_tables/028_Health_Bulletin_2022/table_0242.csv,ok,2,1,2,2,1,
extracted_tables/028_Health_Bulletin_2022/table_0243.csv,cleaned_tables/028_Health_Bulletin_2022/table_0243.csv,ok,9,0,3,0,9,
extracted_tables/029_Health_Bulletin_2021/table_0001.csv,cleaned_tables/029_Health_Bulletin_2021/table_0001.csv,ok,4,4,2,2,0,
extracted_tables/029_Health_Bulletin_2021/table_0002.csv,cleaned_tables/029_Health_Bulletin_2021/table_0002.csv,ok,12,11,3,3,1,
extracted_tables/029_Health_Bulletin_2021/table_0003.csv,cleaned_tables/029_Health_Bulletin_2021/table_0003.csv,ok,3,2,2,2,1,
extracted_tables/029_Health_Bulletin_2021/table_0004.csv,cleaned_tables/029_Health_Bulletin_2021/table_0004.csv,ok,9,9,10,7,0,
extracted_tables/029_Health_Bulletin_2021/table_0005.csv,cleaned_tables/029_Health_Bulletin_2021/table_0005.csv,ok,7,6,6,5,1,
extracted_tables/029_Health_Bulletin_2021/table_0006.csv,cleaned_tables/029_Health_Bulletin_2021/table_0006.csv,ok,9,9,9,6,0,
extracted_tables/029_Health_Bulletin_2021/table_0007.csv,cleaned_tables/029_Health_Bulletin_2021/table_0007.csv,ok,3,2,2,2,1,
extracted_tables/029_Health_Bulletin_2021/table_0008.csv,cleaned_tables/029_Health_Bulletin_2021/table_0008.csv,ok,12,5,7,4,7,
extracted_tables/029_Health_Bulletin_2021/table_0009.csv,cleaned_tables/029_Health_Bulletin_2021/table_0009.csv,ok,15,15,33,22,0,
extracted_tables/029_Health_Bulletin_2021/table_0010.csv,cleaned_tables/029_Health_Bulletin_2021/table_0010.csv,ok,2,1,2,2,1,
extracted_tables/029_Health_Bulletin_2021/table_0011.csv,cleaned_tables/029_Health_Bulletin_2021/table_0011.csv,ok,2,0,2,0,2,
extracted_tables/029_Health_Bulletin_2021/table_0012.csv,cleaned_tables/029_Health_Bulletin_2021/table_0012.csv,ok,7,7,6,4,0,
extracted_tables/029_Health_Bulletin_2021/table_0013.csv,cleaned_tables/029_Health_Bulletin_2021/table_0013.csv,ok,2,1,2,1,1,
extracted_tables/029_Health_Bulletin_2021/table_0014.csv,cleaned_tables/029_Health_Bulletin_2021/table_0014.csv,ok,5,4,9,7,1,
extracted_tables/029_Health_Bulletin_2021/table_0015.csv,cleaned_tables/029_Health_Bulletin_2021/table_0015.csv,ok,7,7,13,9,0,
extracted_tables/029_Health_Bulletin_2021/table_0016.csv,cleaned_tables/029_Health_Bulletin_2021/table_0016.csv,ok,6,5,4,3,1,
extracted_tables/029_Health_Bulletin_2021/table_0017.csv,cleaned_tables/029_Health_Bulletin_2021/table_0017.csv,ok,3,2,7,6,1,
extracted_tables/029_Health_Bulletin_2021/table_0018.csv,cleaned_tables/029_Health_Bulletin_2021/table_0018.csv,ok,16,13,10,10,3,
extracted_tables/029_Health_Bulletin_2021/table_0019.csv,cleaned_tables/029_Health_Bulletin_2021/table_0019.csv,ok,4,3,2,2,1,
extracted_tables/029_Health_Bulletin_2021/table_0020.csv,cleaned_tables/029_Health_Bulletin_2021/table_0020.csv,ok,17,2,26,3,15,
extracted_tables/029_Health_Bulletin_2021/table_0021.csv,cleaned_tables/029_Health_Bulletin_2021/table_0021.csv,ok,2,2,2,1,0,
extracted_tables/029_Health_Bulletin_2021/table_0022.csv,cleaned_tables/029_Health_Bulletin_2021/table_0022.csv,ok,18,0,46,0,18,
extracted_tables/029_Health_Bulletin_2021/table_0023.csv,cleaned_tables/029_Health_Bulletin_2021/table_0023.csv,ok,2,1,4,2,1,
extracted_tables/029_Health_Bulletin_2021/table_0024.csv,cleaned_tables/029_Health_Bulletin_2021/table_0024.csv,ok,2,1,3,2,1,
extracted_tables/029_Health_Bulletin_2021/table_0025.csv,cleaned_tables/029_Health_Bulletin_2021/table_0025.csv,ok,12,12,18,8,0,
extracted_tables/029_Health_Bulletin_2021/table_0026.csv,cleaned_tables/029_Health_Bulletin_2021/table_0026.csv,ok,9,9,2,2,0,
extracted_tables/029_Health_Bulletin_2021/table_0027.csv,cleaned_tables/029_Health_Bulletin_2021/table_0027.csv,ok,8,8,15,10,0,
extracted_tables/029_Health_Bulletin_2021/table_0028.csv,cleaned_tables/029_Health_Bulletin_2021/table_0028.csv,ok,6,6,9,6,0,
extracted_tables/029_Health_Bulletin_2021/table_0029.csv,cleaned_tables/029_Health_Bulletin_2021/table_0029.csv,ok,11,10,2,2,1,
extracted_tables/029_Health_Bulletin_2021/table_0030.csv,cleaned_tables/029_Health_Bulletin_2021/table_0030.csv,ok,12,3,45,15,9,
extracted_tables/029_Health_Bulletin_2021/table_0031.csv,cleaned_tables/029_Health_Bulletin_2021/table_0031.csv,ok,11,0,31,0,11,
extracted_tables/029_Health_Bulletin_2021/table_0032.csv,cleaned_tables/029_Health_Bulletin_2021/table_0032.csv,ok,22,22,2,2,0,
extracted_tables/029_Health_Bulletin_2021/table_0033.csv,cleaned_tables/029_Health_Bulletin_2021/table_0033.csv,ok,8,8,2,2,0,
extracted_tables/029_Health_Bulletin_2021/table_0034.csv,cleaned_tables/029_Health_Bulletin_2021/table_0034.csv,ok,3,3,2,2,0,
extracted_tables/029_Health_Bulletin_2021/table_0035.csv,cleaned_tables/029_Health_Bulletin_2021/table_0035.csv,ok,4,3,4,4,1,
extracted_tables/029_Health_Bulletin_2021/table_0036.csv,cleaned_tables/029_Health_Bulletin_2021/table_0036.csv,ok,7,6,9,8,1,
extracted_tables/029_Health_Bulletin_2021/table_0037.csv,cleaned_tables/029_Health_Bulletin_2021/table_0037.csv,ok,5,4,2,2,1,
extracted_tables/029_Health_Bulletin_2021/table_0038.csv,cleaned_tables/029_Health_Bulletin_2021/table_0038.csv,ok,13,12,11,3,1,
extracted_tables/029_Health_Bulletin_2021/table_0039.csv,cleaned_tables/029_Health_Bulletin_2021/table_0039.csv,ok,6,5,5,4,1,
extracted_tables/029_Health_Bulletin_2021/table_0040.csv,cleaned_tables/029_Health_Bulletin_2021/table_0040.csv,ok,12,5,4,2,7,
extracted_tables/029_Health_Bulletin_2021/table_0041.csv,cleaned_tables/029_Health_Bulletin_2021/table_0041.csv,ok,5,4,7,5,1,
extracted_tables/029_Health_Bulletin_2021/table_0042.csv,cleaned_tables/029_Health_Bulletin_2021/table_0042.csv,ok,5,4,7,5,1,
extracted_tables/029_Health_Bulletin_2021/table_0043.csv,cleaned_tables/029_Health_Bulletin_2021/table_0043.csv,ok,12,6,4,3,6,
extracted_tables/029_Health_Bulletin_2021/table_0044.csv,cleaned_tables/029_Health_Bulletin_2021/table_0044.csv,ok,8,7,2,2,1,
extracted_tables/029_Health_Bulletin_2021/table_0045.csv,cleaned_tables/029_Health_Bulletin_2021/table_0045.csv,ok,37,37,2,2,0,
extracted_tables/029_Health_Bulletin_2021/table_0046.csv,cleaned_tables/029_Health_Bulletin_2021/table_0046.csv,ok,22,4,10,3,18,
extracted_tables/029_Health_Bulletin_2021/table_0047.csv,cleaned_tables/029_Health_Bulletin_2021/table_0047.csv,ok,5,5,6,4,0,
extracted_tables/029_Health_Bulletin_2021/table_0048.csv,cleaned_tables/029_Health_Bulletin_2021/table_0048.csv,ok,8,1,8,2,7,
extracted_tables/029_Health_Bulletin_2021/table_0049.csv,cleaned_tables/029_Health_Bulletin_2021/table_0049.csv,ok,3,2,8,6,1,
extracted_tables/029_Health_Bulletin_2021/table_0050.csv,cleaned_tables/029_Health_Bulletin_2021/table_0050.csv,ok,5,4,10,7,1,
extracted_tables/029_Health_Bulletin_2021/table_0051.csv,cleaned_tables/029_Health_Bulletin_2021/table_0051.csv,ok,19,18,7,7,1,
extracted_tables/029_Health_Bulletin_2021/table_0052.csv,cleaned_tables/029_Health_Bulletin_2021/table_0052.csv,ok,6,6,8,7,0,
extracted_tables/029_Health_Bulletin_2021/table_0053.csv,cleaned_tables/029_Health_Bulletin_2021/table_0053.csv,ok,13,13,12,8,0,
extracted_tables/029_Health_Bulletin_2021/table_0054.csv,cleaned_tables/029_Health_Bulletin_2021/table_0054.csv,ok,16,15,11,11,1,
extracted_tables/029_Health_Bulletin_2021/table_0055.csv,cleaned_tables/029_Health_Bulletin_2021/table_0055.csv,ok,13,12,13,12,1,
extracted_tables/029_Health_Bulletin_2021/table_0056.csv,cleaned_tables/029_Health_Bulletin_2021/table_0056.csv,ok,11,11,10,9,0,
extracted_tables/029_Health_Bulletin_2021/table_0057.csv,cleaned_tables/029_Health_Bulletin_2021/table_0057.csv,ok,12,11,8,8,1,
extracted_tables/029_Health_Bulletin_2021/table_0058.csv,cleaned_tables/029_Health_Bulletin_2021/table_0058.csv,ok,9,9,13,12,0,
extracted_tables/029_Health_Bulletin_2021/table_0059.csv,cleaned_tables/029_Health_Bulletin_2021/table_0059.csv,ok,4,4,12,9,0,
extracted_tables/029_Health_Bulletin_2021/table_0060.csv,cleaned_tables/029_Health_Bulletin_2021/table_0060.csv,ok,5,5,9,6,0,
extracted_tables/029_Health_Bulletin_2021/table_0061.csv,cleaned_tables/029_Health_Bulletin_2021/table_0061.csv,ok,7,6,3,2,1,
extracted_tables/029_Health_Bulletin_2021/table_0062.csv,cleaned_tables/029_Health_Bulletin_2021/table_0062.csv,ok,10,0,10,0,10,
extracted_tables/029_Health_Bulletin_2021/table_0063.csv,cleaned_tables/029_Health_Bulletin_2021/table_0063.csv,ok,26,3,9,2,23,
extracted_tables/029_Health_Bulletin_2021/table_0064.csv,cleaned_tables/029_Health_Bulletin_2021/table_0064.csv,ok,8,1,10,3,7,
extracted_tables/029_Health_Bulletin_2021/table_0065.csv,cleaned_tables/029_Health_Bulletin_2021/table_0065.csv,ok,3,2,4,4,1,
extracted_tables/029_Health_Bulletin_2021/table_0066.csv,cleaned_tables/029_Health_Bulletin_2021/table_0066.csv,ok,6,5,4,4,1,
extracted_tables/029_Health_Bulletin_2021/table_0067.csv,cleaned_tables/029_Health_Bulletin_2021/table_0067.csv,ok,4,3,5,5,1,
extracted_tables/029_Health_Bulletin_2021/table_0068.csv,cleaned_tables/029_Health_Bulletin_2021/table_0068.csv,ok,2,1,4,4,1,
extracted_tables/029_Health_Bulletin_2021/table_0069.csv,cleaned_tables/029_Health_Bulletin_2021/table_0069.csv,ok,2,1,2,2,1,
extracted_tables/029_Health_Bulletin_2021/table_0070.csv,cleaned_tables/029_Health_Bulletin_2021/table_0070.csv,ok,4,3,3,3,1,
extracted_tables/029_Health_Bulletin_2021/table_0071.csv,cleaned_tables/029_Health_Bulletin_2021/table_0071.csv,ok,2,1,2,2,1,
extracted_tables/029_Health_Bulletin_2021/table_0072.csv,cleaned_tables/029_Health_Bulletin_2021/table_0072.csv,ok,9,0,13,0,9,
extracted_tables/029_Health_Bulletin_2021/table_0073.csv,cleaned_tables/029_Health_Bulletin_2021/table_0073.csv,ok,3,2,9,9,1,
extracted_tables/029_Health_Bulletin_2021/table_0074.csv,cleaned_tables/029_Health_Bulletin_2021/table_0074.csv,ok,15,4,6,5,11,
extracted_tables/029_Health_Bulletin_2021/table_0075.csv,cleaned_tables/029_Health_Bulletin_2021/table_0075.csv,ok,8,0,7,0,8,
extracted_tables/029_Health_Bulletin_2021/table_0076.csv,cleaned_tables/029_Health_Bulletin_2021/table_0076.csv,ok,7,0,5,0,7,
extracted_tables/029_Health_Bulletin_2021/table_0077.csv,cleaned_tables/029_Health_Bulletin_2021/table_0077.csv,ok,4,3,4,4,1,
extracted_tables/029_Health_Bulletin_2021/table_0078.csv,cleaned_tables/029_Health_Bulletin_2021/table_0078.csv,ok,3,3,2,2,0,
extracted_tables/029_Health_Bulletin_2021/table_0079.csv,cleaned_tables/029_Health_Bulletin_2021/table_0079.csv,ok,14,4,25,11,10,
extracted_tables/029_Health_Bulletin_2021/table_0080.csv,cleaned_tables/029_Health_Bulletin_2021/table_0080.csv,ok,13,12,11,11,1,
extracted_tables/029_Health_Bulletin_2021/table_0081.csv,cleaned_tables/029_Health_Bulletin_2021/table_0081.csv,ok,2,2,26,18,0,
extracted_tables/029_Health_Bulletin_2021/table_0082.csv,cleaned_tables/029_Health_Bulletin_2021/table_0082.csv,ok,13,12,10,10,1,
extracted_tables/029_Health_Bulletin_2021/table_0083.csv,cleaned_tables/029_Health_Bulletin_2021/table_0083.csv,ok,8,8,6,4,0,
extracted_tables/029_Health_Bulletin_2021/table_0084.csv,cleaned_tables/029_Health_Bulletin_2021/table_0084.csv,ok,12,12,6,4,0,
extracted_tables/029_Health_Bulletin_2021/table_0085.csv,cleaned_tables/029_Health_Bulletin_2021/table_0085.csv,ok,13,13,18,12,0,
extracted_tables/029_Health_Bulletin_2021/table_0086.csv,cleaned_tables/029_Health_Bulletin_2021/table_0086.csv,ok,9,8,6,6,1,
extracted_tables/029_Health_Bulletin_2021/table_0087.csv,cleaned_tables/029_Health_Bulletin_2021/table_0087.csv,ok,4,3,6,6,1,
extracted_tables/029_Health_Bulletin_2021/table_0088.csv,cleaned_tables/029_Health_Bulletin_2021/table_0088.csv,ok,4,3,6,5,1,
extracted_tables/029_Health_Bulletin_2021/table_0089.csv,cleaned_tables/029_Health_Bulletin_2021/table_0089.csv,ok,4,3,7,5,1,
extracted_tables/029_Health_Bulletin_2021/table_0090.csv,cleaned_tables/029_Health_Bulletin_2021/table_0090.csv,ok,14,13,16,15,1,
extracted_tables/029_Health_Bulletin_2021/table_0091.csv,cleaned_tables/029_Health_Bulletin_2021/table_0091.csv,ok,13,12,16,15,1,
extracted_tables/029_Health_Bulletin_2021/table_0092.csv,cleaned_tables/029_Health_Bulletin_2021/table_0092.csv,ok,10,10,8,6,0,
extracted_tables/029_Health_Bulletin_2021/table_0093.csv,cleaned_tables/029_Health_Bulletin_2021/table_0093.csv,ok,22,22,10,7,0,
extracted_tables/029_Health_Bulletin_2021/table_0094.csv,cleaned_tables/029_Health_Bulletin_2021/table_0094.csv,ok,13,12,7,6,1,
extracted_tables/029_Health_Bulletin_2021/table_0095.csv,cleaned_tables/029_Health_Bulletin_2021/table_0095.csv,ok,23,23,15,9,0,
extracted_tables/029_Health_Bulletin_2021/table_0096.csv,cleaned_tables/029_Health_Bulletin_2021/table_0096.csv,ok,21,21,33,21,0,
extracted_tables/029_Health_Bulletin_2021/table_0097.csv,cleaned_tables/029_Health_Bulletin_2021/table_0097.csv,ok,21,21,33,21,0,
extracted_tables/029_Health_Bulletin_2021/table_0098.csv,cleaned_tables/029_Health_Bulletin_2021/table_0098.csv,ok,34,34,25,18,0,
extracted_tables/029_Health_Bulletin_2021/table_0099.csv,cleaned_tables/029_Health_Bulletin_2021/table_0099.csv,ok,30,30,33,21,0,
extracted_tables/029_Health_Bulletin_2021/table_0100.csv,cleaned_tables/029_Health_Bulletin_2021/table_0100.csv,ok,8,8,19,16,0,
extracted_tables/029_Health_Bulletin_2021/table_0101.csv,cleaned_tables/029_Health_Bulletin_2021/table_0101.csv,ok,16,15,6,3,1,
extracted_tables/029_Health_Bulletin_2021/table_0102.csv,cleaned_tables/029_Health_Bulletin_2021/table_0102.csv,ok,19,18,5,3,1,
extracted_tables/029_Health_Bulletin_2021/table_0103.csv,cleaned_tables/029_Health_Bulletin_2021/table_0103.csv,ok,53,53,9,6,0,
extracted_tables/029_Health_Bulletin_2021/table_0104.csv,cleaned_tables/029_Health_Bulletin_2021/table_0104.csv,ok,10,9,3,3,1,
extracted_tables/029_Health_Bulletin_2021/table_0105.csv,cleaned_tables/029_Health_Bulletin_2021/table_0105.csv,ok,2,2,8,6,0,
extracted_tables/029_Health_Bulletin_2021/table_0106.csv,cleaned_tables/029_Health_Bulletin_2021/table_0106.csv,ok,5,4,3,3,1,
extracted_tables/029_Health_Bulletin_2021/table_0107.csv,cleaned_tables/029_Health_Bulletin_2021/table_0107.csv,ok,5,4,6,5,1,
extracted_tables/029_Health_Bulletin_2021/table_0108.csv,cleaned_tables/029_Health_Bulletin_2021/table_0108.csv,ok,5,5,2,2,0,
extracted_tables/029_Health_Bulletin_2021/table_0109.csv,cleaned_tables/029_Health_Bulletin_2021/table_0109.csv,ok,7,7,17,11,0,
extracted_tables/029_Health_Bulletin_2021/table_0110.csv,cleaned_tables/029_Health_Bulletin_2021/table_0110.csv,ok,6,5,13,8,1,
extracted_tables/029_Health_Bulletin_2021/table_0111.csv,cleaned_tables/029_Health_Bulletin_2021/table_0111.csv,ok,7,6,13,12,1,
extracted_tables/029_Health_Bulletin_2021/table_0112.csv,cleaned_tables/029_Health_Bulletin_2021/table_0112.csv,ok,9,0,15,0,9,
extracted_tables/029_Health_Bulletin_2021/table_0113.csv,cleaned_tables/029_Health_Bulletin_2021/table_0113.csv,ok,2,1,3,3,1,
extracted_tables/029_Health_Bulletin_2021/table_0114.csv,cleaned_tables/029_Health_Bulletin_2021/table_0114.csv,ok,17,8,19,8,9,
extracted_tables/029_Health_Bulletin_2021/table_0115.csv,cleaned_tables/029_Health_Bulletin_2021/table_0115.csv,ok,6,0,9,0,6,
extracted_tables/029_Health_Bulletin_2021/table_0116.csv,cleaned_tables/029_Health_Bulletin_2021/table_0116.csv,ok,10,0,19,0,10,
extracted_tables/029_Health_Bulletin_2021/table_0117.csv,cleaned_tables/029_Health_Bulletin_2021/table_0117.csv,ok,2,2,2,2,0,
extracted_tables/029_Health_Bulletin_2021/table_0118.csv,cleaned_tables/029_Health_Bulletin_2021/table_0118.csv,ok,10,0,19,0,10,
extracted_tables/029_Health_Bulletin_2021/table_0119.csv,cleaned_tables/029_Health_Bulletin_2021/table_0119.csv,ok,3,3,2,2,0,
extracted_tables/029_Health_Bulletin_2021/table_0120.csv,cleaned_tables/029_Health_Bulletin_2021/table_0120.csv,ok,10,0,19,0,10,
extracted_tables/029_Health_Bulletin_2021/table_0121.csv,cleaned_tables/029_Health_Bulletin_2021/table_0121.csv,ok,2,1,3,1,1,
extracted_tables/029_Health_Bulletin_2021/table_0122.csv,cleaned_tables/029_Health_Bulletin_2021/table_0122.csv,ok,15,0,8,0,15,
extracted_tables/029_Health_Bulletin_2021/table_0123.csv,cleaned_tables/029_Health_Bulletin_2021/table_0123.csv,ok,9,0,5,0,9,
extracted_tables/029_Health_Bulletin_2021/table_0124.csv,cleaned_tables/029_Health_Bulletin_2021/table_0124.csv,ok,13,0,8,0,13,
extracted_tables/029_Health_Bulletin_2021/table_0125.csv,cleaned_tables/029_Health_Bulletin_2021/table_0125.csv,ok,17,0,9,0,17,
extracted_tables/029_Health_Bulletin_2021/table_0126.csv,cleaned_tables/029_Health_Bulletin_2021/table_0126.csv,ok,19,0,8,0,19,
extracted_tables/029_Health_Bulletin_2021/table_0127.csv,cleaned_tables/029_Health_Bulletin_2021/table_0127.csv,ok,10,0,5,0,10,
extracted_tables/029_Health_Bulletin_2021/table_0128.csv,cleaned_tables/029_Health_Bulletin_2021/table_0128.csv,ok,19,0,8,0,19,
extracted_tables/029_Health_Bulletin_2021/table_0129.csv,cleaned_tables/029_Health_Bulletin_2021/table_0129.csv,ok,19,0,5,0,19,
extracted_tables/029_Health_Bulletin_2021/table_0130.csv,cleaned_tables/029_Health_Bulletin_2021/table_0130.csv,ok,19,0,7,0,19,
extracted_tables/029_Health_Bulletin_2021/table_0131.csv,cleaned_tables/029_Health_Bulletin_2021/table_0131.csv,ok,15,0,7,0,15,
extracted_tables/029_Health_Bulletin_2021/table_0132.csv,cleaned_tables/029_Health_Bulletin_2021/table_0132.csv,ok,4,0,8,0,4,
extracted_tables/029_Health_Bulletin_2021/table_0133.csv,cleaned_tables/029_Health_Bulletin_2021/table_0133.csv,ok,13,12,2,2,1,
extracted_tables/029_Health_Bulletin_2021/table_0134.csv,cleaned_tables/029_Health_Bulletin_2021/table_0134.csv,ok,2,1,2,1,1,
extracted_tables/029_Health_Bulletin_2021/table_0135.csv,cleaned_tables/029_Health_Bulletin_2021/table_0135.csv,ok,11,10,5,5,1,
extracted_tables/029_Health_Bulletin_2021/table_0136.csv,cleaned_tables/029_Health_Bulletin_2021/table_0136.csv,ok,9,9,24,16,0,
extracted_tables/029_Health_Bulletin_2021/table_0137.csv,cleaned_tables/029_Health_Bulletin_2021/table_0137.csv,ok,13,13,10,9,0,
extracted_tables/029_Health_Bulletin_2021/table_0138.csv,cleaned_tables/029_Health_Bulletin_2021/table_0138.csv,ok,5,5,7,7,0,
extracted_tables/029_Health_Bulletin_2021/table_0139.csv,cleaned_tables/029_Health_Bulletin_2021/table_0139.csv,ok,7,7,17,12,0,
extracted_tables/029_Health_Bulletin_2021/table_0140.csv,cleaned_tables/029_Health_Bulletin_2021/table_0140.csv,ok,12,12,18,12,0,
extracted_tables/029_Health_Bulletin_2021/table_0141.csv,cleaned_tables/029_Health_Bulletin_2021/table_0141.csv,ok,7,7,12,8,0,
extracted_tables/029_Health_Bulletin_2021/table_0142.csv,cleaned_tables/029_Health_Bulletin_2021/table_0142.csv,ok,11,10,4,4,1,
extracted_tables/029_Health_Bulletin_2021/table_0143.csv,cleaned_tables/029_Health_Bulletin_2021/table_0143.csv,ok,28,27,4,4,1,
extracted_tables/029_Health_Bulletin_2021/table_0144.csv,cleaned_tables/029_Health_Bulletin_2021/table_0144.csv,ok,8,8,12,8,0,
extracted_tables/029_Health_Bulletin_2021/table_0145.csv,cleaned_tables/029_Health_Bulletin_2021/table_0145.csv,ok,6,5,4,4,1,
extracted_tables/029_Health_Bulletin_2021/table_0146.csv,cleaned_tables/029_Health_Bulletin_2021/table_0146.csv,ok,16,16,17,12,0,
extracted_tables/029_Health_Bulletin_2021/table_0147.csv,cleaned_tables/029_Health_Bulletin_2021/table_0147.csv,ok,10,10,36,26,0,
extracted_tables/029_Health_Bulletin_2021/table_0148.csv,cleaned_tables/029_Health_Bulletin_2021/table_0148.csv,ok,17,17,31,21,0,
extracted_tables/029_Health_Bulletin_2021/table_0149.csv,cleaned_tables/029_Health_Bulletin_2021/table_0149.csv,ok,22,22,42,28,0,
extracted_tables/029_Health_Bulletin_2021/table_0150.csv,cleaned_tables/029_Health_Bulletin_2021/table_0150.csv,ok,4,3,3,3,1,
extracted_tables/029_Health_Bulletin_2021/table_0151.csv,cleaned_tables/029_Health_Bulletin_2021/table_0151.csv,ok,18,17,4,4,1,
extracted_tables/029_Health_Bulletin_2021/table_0152.csv,cleaned_tables/029_Health_Bulletin_2021/table_0152.csv,ok,5,4,11,8,1,
extracted_tables/029_Health_Bulletin_2021/table_0153.csv,cleaned_tables/029_Health_Bulletin_2021/table_0153.csv,ok,13,12,4,4,1,
extracted_tables/029_Health_Bulletin_2021/table_0154.csv,cleaned_tables/029_Health_Bulletin_2021/table_0154.csv,ok,7,2,9,2,5,
extracted_tables/029_Health_Bulletin_2021/table_0155.csv,cleaned_tables/029_Health_Bulletin_2021/table_0155.csv,ok,4,4,14,9,0,
extracted_tables/029_Health_Bulletin_2021/table_0156.csv,cleaned_tables/029_Health_Bulletin_2021/table_0156.csv,ok,8,8,9,6,0,
extracted_tables/029_Health_Bulletin_2021/table_0157.csv,cleaned_tables/029_Health_Bulletin_2021/table_0157.csv,ok,5,5,2,2,0,
extracted_tables/029_Health_Bulletin_2021/table_0158.csv,cleaned_tables/029_Health_Bulletin_2021/table_0158.csv,ok,3,2,2,2,1,
extracted_tables/029_Health_Bulletin_2021/table_0159.csv,cleaned_tables/029_Health_Bulletin_2021/table_0159.csv,ok,11,10,4,4,1,
extracted_tables/029_Health_Bulletin_2021/table_0160.csv,cleaned_tables/029_Health_Bulletin_2021/table_0160.csv,ok,11,7,3,2,4,
extracted_tables/029_Health_Bulletin_2021/table_0161.csv,cleaned_tables/029_Health_Bulletin_2021/table_0161.csv,ok,8,7,2,2,1,
extracted_tables/029_Health_Bulletin_2021/table_0162.csv,cleaned_tables/029_Health_Bulletin_2021/table_0162.csv,ok,2,1,2,1,1,
extracted_tables/029_Health_Bulletin_2021/table_0163.csv,cleaned_tables/029_Health_Bulletin_2021/table_0163.csv,ok,2,1,2,1,1,
extracted_tables/029_Health_Bulletin_2021/table_0164.csv,cleaned_tables/029_Health_Bulletin_2021/table_0164.csv,ok,2,1,2,1,1,
extracted_tables/029_Health_Bulletin_2021/table_0165.csv,cleaned_tables/029_Health_Bulletin_2021/table_0165.csv,ok,5,2,5,3,3,
extracted_tables/029_Health_Bulletin_2021/table_0166.csv,cleaned_tables/029_Health_Bulletin_2021/table_0166.csv,ok,4,3,2,2,1,
extracted_tables/029_Health_Bulletin_2021/table_0167.csv,cleaned_tables/029_Health_Bulletin_2021/table_0167.csv,ok,4,3,2,2,1,
extracted_tables/029_Health_Bulletin_2021/table_0168.csv,cleaned_tables/029_Health_Bulletin_2021/table_0168.csv,ok,11,11,24,16,0,
extracted_tables/029_Health_Bulletin_2021/table_0169.csv,cleaned_tables/029_Health_Bulletin_2021/table_0169.csv,ok,13,12,7,5,1,
extracted_tables/029_Health_Bulletin_2021/table_0170.csv,cleaned_tables/029_Health_Bulletin_2021/table_0170.csv,ok,10,0,32,0,10,
extracted_tables/029_Health_Bulletin_2021/table_0171.csv,cleaned_tables/029_Health_Bulletin_2021/table_0171.csv,ok,2,0,3,0,2,
extracted_tables/029_Health_Bulletin_2021/table_0172.csv,cleaned_tables/029_Health_Bulletin_2021/table_0172.csv,ok,3,2,3,2,1,
extracted_tables/029_Health_Bulletin_2021/table_0173.csv,cleaned_tables/029_Health_Bulletin_2021/table_0173.csv,ok,2,1,3,1,1,
extracted_tables/029_Health_Bulletin_2021/table_0174.csv,cleaned_tables/029_Health_Bulletin_2021/table_0174.csv,ok,10,6,13,13,4,
extracted_tables/029_Health_Bulletin_2021/table_0175.csv,cleaned_tables/029_Health_Bulletin_2021/table_0175.csv,ok,9,3,7,2,6,
extracted_tables/029_Health_Bulletin_2021/table_0176.csv,cleaned_tables/029_Health_Bulletin_2021/table_0176.csv,ok,4,3,11,8,1,
extracted_tables/029_Health_Bulletin_2021/table_0177.csv,cleaned_tables/029_Health_Bulletin_2021/table_0177.csv,ok,6,6,15,10,0,
extracted_tables/029_Health_Bulletin_2021/table_0178.csv,cleaned_tables/029_Health_Bulletin_2021/table_0178.csv,ok,6,3,2,2,3,
extracted_tables/029_Health_Bulletin_2021/table_0179.csv,cleaned_tables/029_Health_Bulletin_2021/table_0179.csv,ok,2,1,2,1,1,
extracted_tables/029_Health_Bulletin_2021/table_0180.csv,cleaned_tables/029_Health_Bulletin_2021/table_0180.csv,ok,3,2,4,2,1,
extracted_tables/029_Health_Bulletin_2021/table_0181.csv,cleaned_tables/029_Health_Bulletin_2021/table_0181.csv,ok,25,1,6,4,24,
extracted_tables/029_Health_Bulletin_2021/table_0182.csv,cleaned_tables/029_Health_Bulletin_2021/table_0182.csv,ok,2,2,9,3,0,
extracted_tables/029_Health_Bulletin_2021/table_0183.csv,cleaned_tables/029_Health_Bulletin_2021/table_0183.csv,ok,11,11,12,8,0,
extracted_tables/029_Health_Bulletin_2021/table_0184.csv,cleaned_tables/029_Health_Bulletin_2021/table_0184.csv,ok,8,6,3,1,2,
extracted_tables/029_Health_Bulletin_2021/table_0185.csv,cleaned_tables/029_Health_Bulletin_2021/table_0185.csv,ok,10,9,2,2,1,
extracted_tables/029_Health_Bulletin_2021/table_0186.csv,cleaned_tables/029_Health_Bulletin_2021/table_0186.csv,ok,13,12,4,2,1,
extracted_tables/029_Health_Bulletin_2021/table_0187.csv,cleaned_tables/029_Health_Bulletin_2021/table_0187.csv,ok,14,14,6,4,0,
extracted_tables/029_Health_Bulletin_2021/table_0188.csv,cleaned_tables/029_Health_Bulletin_2021/table_0188.csv,ok,5,4,2,2,1,
extracted_tables/029_Health_Bulletin_2021/table_0189.csv,cleaned_tables/029_Health_Bulletin_2021/table_0189.csv,ok,7,6,4,4,1,
extracted_tables/029_Health_Bulletin_2021/table_0190.csv,cleaned_tables/029_Health_Bulletin_2021/table_0190.csv,ok,10,5,9,5,5,
extracted_tables/029_Health_Bulletin_2021/table_0191.csv,cleaned_tables/029_Health_Bulletin_2021/table_0191.csv,ok,14,7,11,6,7,
extracted_tables/030_Health_Bulletin_2020/table_0001.csv,cleaned_tables/030_Health_Bulletin_2020/table_0001.csv,ok,5,4,4,4,1,
extracted_tables/030_Health_Bulletin_2020/table_0002.csv,cleaned_tables/030_Health_Bulletin_2020/table_0002.csv,ok,8,7,2,2,1,
extracted_tables/030_Health_Bulletin_2020/table_0003.csv,cleaned_tables/030_Health_Bulletin_2020/table_0003.csv,ok,4,3,3,3,1,
extracted_tables/030_Health_Bulletin_2020/table_0004.csv,cleaned_tables/030_Health_Bulletin_2020/table_0004.csv,ok,5,4,2,2,1,
extracted_tables/030_Health_Bulletin_2020/table_0005.csv,cleaned_tables/030_Health_Bulletin_2020/table_0005.csv,ok,7,6,11,11,1,
extracted_tables/030_Health_Bulletin_2020/table_0006.csv,cleaned_tables/030_Health_Bulletin_2020/table_0006.csv,ok,16,15,5,5,1,
extracted_tables/030_Health_Bulletin_2020/table_0007.csv,cleaned_tables/030_Health_Bulletin_2020/table_0007.csv,ok,5,4,3,3,1,
extracted_tables/030_Health_Bulletin_2020/table_0008.csv,cleaned_tables/030_Health_Bulletin_2020/table_0008.csv,ok,11,10,2,2,1,
extracted_tables/030_Health_Bulletin_2020/table_0009.csv,cleaned_tables/030_Health_Bulletin_2020/table_0009.csv,ok,6,5,2,2,1,
extracted_tables/030_Health_Bulletin_2020/table_0010.csv,cleaned_tables/030_Health_Bulletin_2020/table_0010.csv,ok,3,2,2,2,1,
extracted_tables/030_Health_Bulletin_2020/table_0011.csv,cleaned_tables/030_Health_Bulletin_2020/table_0011.csv,ok,12,11,3,3,1,
extracted_tables/030_Health_Bulletin_2020/table_0012.csv,cleaned_tables/030_Health_Bulletin_2020/table_0012.csv,ok,2,2,2,2,0,
extracted_tables/030_Health_Bulletin_2020/table_0013.csv,cleaned_tables/030_Health_Bulletin_2020/table_0013.csv,ok,3,2,2,2,1,
extracted_tables/030_Health_Bulletin_2020/table_0014.csv,cleaned_tables/030_Health_Bulletin_2020/table_0014.csv,ok,15,14,4,4,1,
extracted_tables/030_Health_Bulletin_2020/table_0015.csv,cleaned_tables/030_Health_Bulletin_2020/table_0015.csv,ok,12,11,5,5,1,
extracted_tables/030_Health_Bulletin_2020/table_0016.csv,cleaned_tables/030_Health_Bulletin_2020/table_0016.csv,ok,12,11,5,5,1,
extracted_tables/030_Health_Bulletin_2020/table_0017.csv,cleaned_tables/030_Health_Bulletin_2020/table_0017.csv,ok,12,12,9,9,0,
extracted_tables/030_Health_Bulletin_2020/table_0018.csv,cleaned_tables/030_Health_Bulletin_2020/table_0018.csv,ok,12,11,7,7,1,
extracted_tables/030_Health_Bulletin_2020/table_0019.csv,cleaned_tables/030_Health_Bulletin_2020/table_0019.csv,ok,12,11,6,6,1,
extracted_tables/030_Health_Bulletin_2020/table_0020.csv,cleaned_tables/030_Health_Bulletin_2020/table_0020.csv,ok,12,11,6,6,1,
extracted_tables/030_Health_Bulletin_2020/table_0021.csv,cleaned_tables/030_Health_Bulletin_2020/table_0021.csv,ok,12,11,5,5,1,
extracted_tables/030_Health_Bulletin_2020/table_0022.csv,cleaned_tables/030_Health_Bulletin_2020/table_0022.csv,ok,12,11,5,5,1,
extracted_tables/030_Health_Bulletin_2020/table_0023.csv,cleaned_tables/030_Health_Bulletin_2020/table_0023.csv,ok,12,11,6,6,1,
extracted_tables/030_Health_Bulletin_2020/table_0024.csv,cleaned_tables/030_Health_Bulletin_2020/table_0024.csv,ok,12,11,6,6,1,
extracted_tables/030_Health_Bulletin_2020/table_0025.csv,cleaned_tables/030_Health_Bulletin_2020/table_0025.csv,ok,12,12,6,6,0,
extracted_tables/030_Health_Bulletin_2020/table_0026.csv,cleaned_tables/030_Health_Bulletin_2020/table_0026.csv,ok,12,11,5,5,1,
extracted_tables/030_Health_Bulletin_2020/table_0027.csv,cleaned_tables/030_Health_Bulletin_2020/table_0027.csv,ok,10,9,3,3,1,
extracted_tables/030_Health_Bulletin_2020/table_0028.csv,cleaned_tables/030_Health_Bulletin_2020/table_0028.csv,ok,13,5,11,3,8,
extracted_tables/030_Health_Bulletin_2020/table_0029.csv,cleaned_tables/030_Health_Bulletin_2020/table_0029.csv,ok,10,2,8,1,8,
extracted_tables/030_Health_Bulletin_2020/table_0030.csv,cleaned_tables/030_Health_Bulletin_2020/table_0030.csv,ok,12,11,11,11,1,
extracted_tables/030_Health_Bulletin_2020/table_0031.csv,cleaned_tables/030_Health_Bulletin_2020/table_0031.csv,ok,21,4,43,12,17,
extracted_tables/030_Health_Bulletin_2020/table_0032.csv,cleaned_tables/030_Health_Bulletin_2020/table_0032.csv,ok,2,1,2,2,1,
extracted_tables/030_Health_Bulletin_2020/table_0033.csv,cleaned_tables/030_Health_Bulletin_2020/table_0033.csv,ok,15,3,25,12,12,
extracted_tables/030_Health_Bulletin_2020/table_0034.csv,cleaned_tables/030_Health_Bulletin_2020/table_0034.csv,ok,18,18,8,8,0,
extracted_tables/030_Health_Bulletin_2020/table_0035.csv,cleaned_tables/030_Health_Bulletin_2020/table_0035.csv,ok,9,8,2,2,1,
extracted_tables/030_Health_Bulletin_2020/table_0036.csv,cleaned_tables/030_Health_Bulletin_2020/table_0036.csv,ok,4,3,5,5,1,
extracted_tables/030_Health_Bulletin_2020/table_0037.csv,cleaned_tables/030_Health_Bulletin_2020/table_0037.csv,ok,7,6,5,5,1,
extracted_tables/030_Health_Bulletin_2020/table_0038.csv,cleaned_tables/030_Health_Bulletin_2020/table_0038.csv,ok,2,0,3,0,2,
extracted_tables/030_Health_Bulletin_2020/table_0039.csv,cleaned_tables/030_Health_Bulletin_2020/table_0039.csv,ok,2,0,3,0,2,
extracted_tables/030_Health_Bulletin_2020/table_0040.csv,cleaned_tables/030_Health_Bulletin_2020/table_0040.csv,ok,2,0,3,0,2,
extracted_tables/030_Health_Bulletin_2020/table_0041.csv,cleaned_tables/030_Health_Bulletin_2020/table_0041.csv,ok,2,0,3,0,2,
extracted_tables/030_Health_Bulletin_2020/table_0042.csv,cleaned_tables/030_Health_Bulletin_2020/table_0042.csv,ok,2,0,3,0,2,
extracted_tables/030_Health_Bulletin_2020/table_0043.csv,cleaned_tables/030_Health_Bulletin_2020/table_0043.csv,ok,12,5,48,36,7,
extracted_tables/030_Health_Bulletin_2020/table_0044.csv,cleaned_tables/030_Health_Bulletin_2020/table_0044.csv,ok,5,5,4,4,0,
extracted_tables/030_Health_Bulletin_2020/table_0045.csv,cleaned_tables/030_Health_Bulletin_2020/table_0045.csv,ok,15,14,9,9,1,
extracted_tables/030_Health_Bulletin_2020/table_0046.csv,cleaned_tables/030_Health_Bulletin_2020/table_0046.csv,ok,16,1,14,1,15,
extracted_tables/030_Health_Bulletin_2020/table_0047.csv,cleaned_tables/030_Health_Bulletin_2020/table_0047.csv,ok,9,8,4,4,1,
extracted_tables/030_Health_Bulletin_2020/table_0048.csv,cleaned_tables/030_Health_Bulletin_2020/table_0048.csv,ok,34,34,8,8,0,
extracted_tables/030_Health_Bulletin_2020/table_0049.csv,cleaned_tables/030_Health_Bulletin_2020/table_0049.csv,ok,22,21,8,8,1,
extracted_tables/030_Health_Bulletin_2020/table_0050.csv,cleaned_tables/030_Health_Bulletin_2020/table_0050.csv,ok,15,7,32,13,8,
extracted_tables/030_Health_Bulletin_2020/table_0051.csv,cleaned_tables/030_Health_Bulletin_2020/table_0051.csv,ok,5,4,7,7,1,
extracted_tables/030_Health_Bulletin_2020/table_0052.csv,cleaned_tables/030_Health_Bulletin_2020/table_0052.csv,ok,16,4,49,22,12,
extracted_tables/030_Health_Bulletin_2020/table_0053.csv,cleaned_tables/030_Health_Bulletin_2020/table_0053.csv,ok,16,4,20,10,12,
extracted_tables/030_Health_Bulletin_2020/table_0054.csv,cleaned_tables/030_Health_Bulletin_2020/table_0054.csv,ok,27,26,6,6,1,
extracted_tables/030_Health_Bulletin_2020/table_0055.csv,cleaned_tables/030_Health_Bulletin_2020/table_0055.csv,ok,6,5,5,5,1,
extracted_tables/030_Health_Bulletin_2020/table_0056.csv,cleaned_tables/030_Health_Bulletin_2020/table_0056.csv,ok,6,5,3,3,1,
extracted_tables/030_Health_Bulletin_2020/table_0057.csv,cleaned_tables/030_Health_Bulletin_2020/table_0057.csv,ok,11,10,2,2,1,
extracted_tables/030_Health_Bulletin_2020/table_0058.csv,cleaned_tables/030_Health_Bulletin_2020/table_0058.csv,ok,13,3,43,13,10,
extracted_tables/030_Health_Bulletin_2020/table_0059.csv,cleaned_tables/030_Health_Bulletin_2020/table_0059.csv,ok,11,0,28,0,11,
extracted_tables/030_Health_Bulletin_2020/table_0060.csv,cleaned_tables/030_Health_Bulletin_2020/table_0060.csv,ok,11,10,5,5,1,
extracted_tables/030_Health_Bulletin_2020/table_0061.csv,cleaned_tables/030_Health_Bulletin_2020/table_0061.csv,ok,11,10,5,5,1,
extracted_tables/030_Health_Bulletin_2020/table_0062.csv,cleaned_tables/030_Health_Bulletin_2020/table_0062.csv,ok,3,2,4,4,1,
extracted_tables/030_Health_Bulletin_2020/table_0063.csv,cleaned_tables/030_Health_Bulletin_2020/table_0063.csv,ok,4,3,4,4,1,
extracted_tables/030_Health_Bulletin_2020/table_0064.csv,cleaned_tables/030_Health_Bulletin_2020/table_0064.csv,ok,2,1,4,4,1,
extracted_tables/030_Health_Bulletin_2020/table_0065.csv,cleaned_tables/030_Health_Bulletin_2020/table_0065.csv,ok,19,18,3,3,1,
extracted_tables/030_Health_Bulletin_2020/table_0066.csv,cleaned_tables/030_Health_Bulletin_2020/table_0066.csv,ok,15,14,3,3,1,
extracted_tables/030_Health_Bulletin_2020/table_0067.csv,cleaned_tables/030_Health_Bulletin_2020/table_0067.csv,ok,3,2,2,2,1,
extracted_tables/030_Health_Bulletin_2020/table_0068.csv,cleaned_tables/030_Health_Bulletin_2020/table_0068.csv,ok,2,0,2,0,2,
extracted_tables/030_Health_Bulletin_2020/table_0069.csv,cleaned_tables/030_Health_Bulletin_2020/table_0069.csv,ok,2,0,2,0,2,
extracted_tables/030_Health_Bulletin_2020/table_0070.csv,cleaned_tables/030_Health_Bulletin_2020/table_0070.csv,ok,11,10,5,5,1,
extracted_tables/030_Health_Bulletin_2020/table_0071.csv,cleaned_tables/030_Health_Bulletin_2020/table_0071.csv,ok,13,13,11,11,0,
extracted_tables/030_Health_Bulletin_2020/table_0072.csv,cleaned_tables/030_Health_Bulletin_2020/table_0072.csv,ok,7,7,10,10,0,
extracted_tables/030_Health_Bulletin_2020/table_0073.csv,cleaned_tables/030_Health_Bulletin_2020/table_0073.csv,ok,13,13,12,12,0,
extracted_tables/030_Health_Bulletin_2020/table_0074.csv,cleaned_tables/030_Health_Bulletin_2020/table_0074.csv,ok,6,6,12,12,0,
extracted_tables/030_Health_Bulletin_2020/table_0075.csv,cleaned_tables/030_Health_Bulletin_2020/table_0075.csv,ok,10,10,12,12,0,
extracted_tables/030_Health_Bulletin_2020/table_0076.csv,cleaned_tables/030_Health_Bulletin_2020/table_0076.csv,ok,11,11,12,12,0,
extracted_tables/030_Health_Bulletin_2020/table_0077.csv,cleaned_tables/030_Health_Bulletin_2020/table_0077.csv,ok,10,9,6,6,1,
extracted_tables/030_Health_Bulletin_2020/table_0078.csv,cleaned_tables/030_Health_Bulletin_2020/table_0078.csv,ok,15,14,2,2,1,
extracted_tables/030_Health_Bulletin_2020/table_0079.csv,cleaned_tables/030_Health_Bulletin_2020/table_0079.csv,ok,11,10,6,6,1,
extracted_tables/030_Health_Bulletin_2020/table_0080.csv,cleaned_tables/030_Health_Bulletin_2020/table_0080.csv,ok,25,24,6,6,1,
extracted_tables/030_Health_Bulletin_2020/table_0081.csv,cleaned_tables/030_Health_Bulletin_2020/table_0081.csv,ok,7,6,6,3,1,
extracted_tables/030_Health_Bulletin_2020/table_0082.csv,cleaned_tables/030_Health_Bulletin_2020/table_0082.csv,ok,3,2,5,4,1,
extracted_tables/030_Health_Bulletin_2020/table_0083.csv,cleaned_tables/030_Health_Bulletin_2020/table_0083.csv,ok,13,13,21,21,0,
extracted_tables/030_Health_Bulletin_2020/table_0084.csv,cleaned_tables/030_Health_Bulletin_2020/table_0084.csv,ok,4,3,4,4,1,
extracted_tables/030_Health_Bulletin_2020/table_0085.csv,cleaned_tables/030_Health_Bulletin_2020/table_0085.csv,ok,15,14,3,3,1,
extracted_tables/030_Health_Bulletin_2020/table_0086.csv,cleaned_tables/030_Health_Bulletin_2020/table_0086.csv,ok,8,7,3,3,1,
extracted_tables/030_Health_Bulletin_2020/table_0087.csv,cleaned_tables/030_Health_Bulletin_2020/table_0087.csv,ok,8,8,11,11,0,
extracted_tables/030_Health_Bulletin_2020/table_0088.csv,cleaned_tables/030_Health_Bulletin_2020/table_0088.csv,ok,11,11,11,11,0,
extracted_tables/030_Health_Bulletin_2020/table_0089.csv,cleaned_tables/030_Health_Bulletin_2020/table_0089.csv,ok,7,7,11,11,0,
extracted_tables/030_Health_Bulletin_2020/table_0090.csv,cleaned_tables/030_Health_Bulletin_2020/table_0090.csv,ok,28,28,10,10,0,
extracted_tables/030_Health_Bulletin_2020/table_0091.csv,cleaned_tables/030_Health_Bulletin_2020/table_0091.csv,ok,9,8,3,3,1,
extracted_tables/030_Health_Bulletin_2020/table_0092.csv,cleaned_tables/030_Health_Bulletin_2020/table_0092.csv,ok,11,10,8,6,1,
extracted_tables/030_Health_Bulletin_2020/table_0093.csv,cleaned_tables/030_Health_Bulletin_2020/table_0093.csv,ok,7,6,6,6,1,
extracted_tables/030_Health_Bulletin_2020/table_0094.csv,cleaned_tables/030_Health_Bulletin_2020/table_0094.csv,ok,6,5,6,6,1,
extracted_tables/030_Health_Bulletin_2020/table_0095.csv,cleaned_tables/030_Health_Bulletin_2020/table_0095.csv,ok,9,9,10,10,0,
extracted_tables/030_Health_Bulletin_2020/table_0096.csv,cleaned_tables/030_Health_Bulletin_2020/table_0096.csv,ok,6,6,10,10,0,
extracted_tables/030_Health_Bulletin_2020/table_0097.csv,cleaned_tables/030_Health_Bulletin_2020/table_0097.csv,ok,21,0,2,0,21,
extracted_tables/030_Health_Bulletin_2020/table_0098.csv,cleaned_tables/030_Health_Bulletin_2020/table_0098.csv,ok,8,7,2,2,1,
extracted_tables/030_Health_Bulletin_2020/table_0099.csv,cleaned_tables/030_Health_Bulletin_2020/table_0099.csv,ok,18,0,6,0,18,
extracted_tables/030_Health_Bulletin_2020/table_0100.csv,cleaned_tables/030_Health_Bulletin_2020/table_0100.csv,ok,21,20,4,4,1,
extracted_tables/030_Health_Bulletin_2020/table_0101.csv,cleaned_tables/030_Health_Bulletin_2020/table_0101.csv,ok,30,29,5,5,1,
extracted_tables/030_Health_Bulletin_2020/table_0102.csv,cleaned_tables/030_Health_Bulletin_2020/table_0102.csv,ok,7,2,10,2,5,
extracted_tables/030_Health_Bulletin_2020/table_0103.csv,cleaned_tables/030_Health_Bulletin_2020/table_0103.csv,ok,12,2,16,2,10,
extracted_tables/030_Health_Bulletin_2020/table_0104.csv,cleaned_tables/030_Health_Bulletin_2020/table_0104.csv,ok,20,19,8,8,1,
extracted_tables/030_Health_Bulletin_2020/table_0105.csv,cleaned_tables/030_Health_Bulletin_2020/table_0105.csv,ok,20,19,8,8,1,
extracted_tables/030_Health_Bulletin_2020/table_0106.csv,cleaned_tables/030_Health_Bulletin_2020/table_0106.csv,ok,19,18,8,8,1,
extracted_tables/030_Health_Bulletin_2020/table_0107.csv,cleaned_tables/030_Health_Bulletin_2020/table_0107.csv,ok,19,18,8,8,1,
extracted_tables/030_Health_Bulletin_2020/table_0108.csv,cleaned_tables/030_Health_Bulletin_2020/table_0108.csv,ok,23,22,8,8,1,
extracted_tables/030_Health_Bulletin_2020/table_0109.csv,cleaned_tables/030_Health_Bulletin_2020/table_0109.csv,ok,23,22,8,8,1,
extracted_tables/030_Health_Bulletin_2020/table_0110.csv,cleaned_tables/030_Health_Bulletin_2020/table_0110.csv,ok,23,22,8,8,1,
extracted_tables/030_Health_Bulletin_2020/table_0111.csv,cleaned_tables/030_Health_Bulletin_2020/table_0111.csv,ok,23,22,8,8,1,
extracted_tables/030_Health_Bulletin_2020/table_0112.csv,cleaned_tables/030_Health_Bulletin_2020/table_0112.csv,ok,22,21,8,8,1,
extracted_tables/030_Health_Bulletin_2020/table_0113.csv,cleaned_tables/030_Health_Bulletin_2020/table_0113.csv,ok,24,23,8,8,1,
extracted_tables/030_Health_Bulletin_2020/table_0114.csv,cleaned_tables/030_Health_Bulletin_2020/table_0114.csv,ok,8,0,8,0,8,
extracted_tables/030_Health_Bulletin_2020/table_0115.csv,cleaned_tables/030_Health_Bulletin_2020/table_0115.csv,ok,6,0,4,0,6,
extracted_tables/030_Health_Bulletin_2020/table_0116.csv,cleaned_tables/030_Health_Bulletin_2020/table_0116.csv,ok,15,14,8,8,1,
extracted_tables/030_Health_Bulletin_2020/table_0117.csv,cleaned_tables/030_Health_Bulletin_2020/table_0117.csv,ok,15,14,8,8,1,
extracted_tables/030_Health_Bulletin_2020/table_0118.csv,cleaned_tables/030_Health_Bulletin_2020/table_0118.csv,ok,2,0,3,0,2,
extracted_tables/030_Health_Bulletin_2020/table_0119.csv,cleaned_tables/030_Health_Bulletin_2020/table_0119.csv,ok,2,1,3,2,1,
extracted_tables/030_Health_Bulletin_2020/table_0120.csv,cleaned_tables/030_Health_Bulletin_2020/table_0120.csv,ok,20,3,10,4,17,
extracted_tables/030_Health_Bulletin_2020/table_0121.csv,cleaned_tables/030_Health_Bulletin_2020/table_0121.csv,ok,20,3,9,4,17,
extracted_tables/030_Health_Bulletin_2020/table_0122.csv,cleaned_tables/030_Health_Bulletin_2020/table_0122.csv,ok,18,17,2,2,1,
extracted_tables/030_Health_Bulletin_2020/table_0123.csv,cleaned_tables/030_Health_Bulletin_2020/table_0123.csv,ok,18,17,2,2,1,
extracted_tables/030_Health_Bulletin_2020/table_0124.csv,cleaned_tables/030_Health_Bulletin_2020/table_0124.csv,ok,17,16,2,2,1,
extracted_tables/030_Health_Bulletin_2020/table_0125.csv,cleaned_tables/030_Health_Bulletin_2020/table_0125.csv,ok,16,15,2,2,1,
extracted_tables/030_Health_Bulletin_2020/table_0126.csv,cleaned_tables/030_Health_Bulletin_2020/table_0126.csv,ok,20,19,2,2,1,
extracted_tables/030_Health_Bulletin_2020/table_0127.csv,cleaned_tables/030_Health_Bulletin_2020/table_0127.csv,ok,38,37,2,2,1,
extracted_tables/030_Health_Bulletin_2020/table_0128.csv,cleaned_tables/030_Health_Bulletin_2020/table_0128.csv,ok,7,6,2,2,1,
extracted_tables/030_Health_Bulletin_2020/table_0129.csv,cleaned_tables/030_Health_Bulletin_2020/table_0129.csv,ok,28,27,2,2,1,
extracted_tables/030_Health_Bulletin_2020/table_0130.csv,cleaned_tables/030_Health_Bulletin_2020/table_0130.csv,ok,36,35,2,2,1,
extracted_tables/030_Health_Bulletin_2020/table_0131.csv,cleaned_tables/030_Health_Bulletin_2020/table_0131.csv,ok,40,2,5,2,38,
extracted_tables/030_Health_Bulletin_2020/table_0132.csv,cleaned_tables/030_Health_Bulletin_2020/table_0132.csv,ok,18,2,6,2,16,
extracted_tables/030_Health_Bulletin_2020/table_0133.csv,cleaned_tables/030_Health_Bulletin_2020/table_0133.csv,ok,40,2,8,2,38,
extracted_tables/030_Health_Bulletin_2020/table_0134.csv,cleaned_tables/030_Health_Bulletin_2020/table_0134.csv,ok,24,3,6,3,21,
extracted_tables/030_Health_Bulletin_2020/table_0135.csv,cleaned_tables/030_Health_Bulletin_2020/table_0135.csv,ok,8,7,3,3,1,
extracted_tables/030_Health_Bulletin_2020/table_0136.csv,cleaned_tables/030_Health_Bulletin_2020/table_0136.csv,ok,11,10,3,3,1,
extracted_tables/030_Health_Bulletin_2020/table_0137.csv,cleaned_tables/030_Health_Bulletin_2020/table_0137.csv,ok,15,14,3,3,1,
extracted_tables/030_Health_Bulletin_2020/table_0138.csv,cleaned_tables/030_Health_Bulletin_2020/table_0138.csv,ok,4,3,3,3,1,
extracted_tables/030_Health_Bulletin_2020/table_0139.csv,cleaned_tables/030_Health_Bulletin_2020/table_0139.csv,ok,17,16,3,3,1,
extracted_tables/030_Health_Bulletin_2020/table_0140.csv,cleaned_tables/030_Health_Bulletin_2020/table_0140.csv,ok,17,16,3,3,1,
extracted_tables/030_Health_Bulletin_2020/table_0141.csv,cleaned_tables/030_Health_Bulletin_2020/table_0141.csv,ok,9,8,3,3,1,
extracted_tables/030_Health_Bulletin_2020/table_0142.csv,cleaned_tables/030_Health_Bulletin_2020/table_0142.csv,ok,29,28,3,3,1,
extracted_tables/030_Health_Bulletin_2020/table_0143.csv,cleaned_tables/030_Health_Bulletin_2020/table_0143.csv,ok,27,26,3,3,1,
extracted_tables/030_Health_Bulletin_2020/table_0144.csv,cleaned_tables/030_Health_Bulletin_2020/table_0144.csv,ok,33,32,3,3,1,
extracted_tables/030_Health_Bulletin_2020/table_0145.csv,cleaned_tables/030_Health_Bulletin_2020/table_0145.csv,ok,31,30,3,3,1,
extracted_tables/030_Health_Bulletin_2020/table_0146.csv,cleaned_tables/030_Health_Bulletin_2020/table_0146.csv,ok,40,2,5,2,38,
extracted_tables/030_Health_Bulletin_2020/table_0147.csv,cleaned_tables/030_Health_Bulletin_2020/table_0147.csv,ok,16,3,5,4,13,
extracted_tables/030_Health_Bulletin_2020/table_0148.csv,cleaned_tables/030_Health_Bulletin_2020/table_0148.csv,ok,40,3,9,3,37,
extracted_tables/030_Health_Bulletin_2020/table_0149.csv,cleaned_tables/030_Health_Bulletin_2020/table_0149.csv,ok,24,5,6,5,19,
extracted_tables/030_Health_Bulletin_2020/table_0150.csv,cleaned_tables/030_Health_Bulletin_2020/table_0150.csv,ok,18,17,3,3,1,
extracted_tables/030_Health_Bulletin_2020/table_0151.csv,cleaned_tables/030_Health_Bulletin_2020/table_0151.csv,ok,9,8,3,3,1,
extracted_tables/030_Health_Bulletin_2020/table_0152.csv,cleaned_tables/030_Health_Bulletin_2020/table_0152.csv,ok,10,9,3,3,1,
extracted_tables/030_Health_Bulletin_2020/table_0153.csv,cleaned_tables/030_Health_Bulletin_2020/table_0153.csv,ok,17,16,3,3,1,
extracted_tables/030_Health_Bulletin_2020/table_0154.csv,cleaned_tables/030_Health_Bulletin_2020/table_0154.csv,ok,19,18,3,3,1,
extracted_tables/030_Health_Bulletin_2020/table_0155.csv,cleaned_tables/030_Health_Bulletin_2020/table_0155.csv,ok,11,10,3,3,1,
extracted_tables/030_Health_Bulletin_2020/table_0156.csv,cleaned_tables/030_Health_Bulletin_2020/table_0156.csv,ok,35,34,3,3,1,
extracted_tables/030_Health_Bulletin_2020/table_0157.csv,cleaned_tables/030_Health_Bulletin_2020/table_0157.csv,ok,21,20,3,3,1,
extracted_tables/030_Health_Bulletin_2020/table_0158.csv,cleaned_tables/030_Health_Bulletin_2020/table_0158.csv,ok,11,10,3,3,1,
extracted_tables/030_Health_Bulletin_2020/table_0159.csv,cleaned_tables/030_Health_Bulletin_2020/table_0159.csv,ok,32,31,3,3,1,
extracted_tables/030_Health_Bulletin_2020/table_0160.csv,cleaned_tables/030_Health_Bulletin_2020/table_0160.csv,ok,24,23,3,3,1,
extracted_tables/030_Health_Bulletin_2020/table_0161.csv,cleaned_tables/030_Health_Bulletin_2020/table_0161.csv,ok,6,5,6,6,1,
extracted_tables/030_Health_Bulletin_2020/table_0162.csv,cleaned_tables/030_Health_Bulletin_2020/table_0162.csv,ok,6,5,6,6,1,
extracted_tables/030_Health_Bulletin_2020/table_0163.csv,cleaned_tables/030_Health_Bulletin_2020/table_0163.csv,ok,7,6,6,6,1,
extracted_tables/030_Health_Bulletin_2020/table_0164.csv,cleaned_tables/030_Health_Bulletin_2020/table_0164.csv,ok,7,6,6,6,1,
extracted_tables/030_Health_Bulletin_2020/table_0165.csv,cleaned_tables/030_Health_Bulletin_2020/table_0165.csv,ok,7,6,6,6,1,
extracted_tables/030_Health_Bulletin_2020/table_0166.csv,cleaned_tables/030_Health_Bulletin_2020/table_0166.csv,ok,7,6,6,6,1,
extracted_tables/030_Health_Bulletin_2020/table_0167.csv,cleaned_tables/030_Health_Bulletin_2020/table_0167.csv,ok,8,7,6,6,1,
extracted_tables/030_Health_Bulletin_2020/table_0168.csv,cleaned_tables/030_Health_Bulletin_2020/table_0168.csv,ok,17,16,4,4,1,
extracted_tables/030_Health_Bulletin_2020/table_0169.csv,cleaned_tables/030_Health_Bulletin_2020/table_0169.csv,ok,10,9,5,5,1,
extracted_tables/030_Health_Bulletin_2020/table_0170.csv,cleaned_tables/030_Health_Bulletin_2020/table_0170.csv,ok,7,6,5,5,1,
extracted_tables/030_Health_Bulletin_2020/table_0171.csv,cleaned_tables/030_Health_Bulletin_2020/table_0171.csv,ok,13,12,7,7,1,
extracted_tables/030_Health_Bulletin_2020/table_0172.csv,cleaned_tables/030_Health_Bulletin_2020/table_0172.csv,ok,26,23,7,7,3,
extracted_tables/030_Health_Bulletin_2020/table_0173.csv,cleaned_tables/030_Health_Bulletin_2020/table_0173.csv,ok,8,7,8,8,1,
extracted_tables/030_Health_Bulletin_2020/table_0174.csv,cleaned_tables/030_Health_Bulletin_2020/table_0174.csv,ok,7,6,5,4,1,
extracted_tables/030_Health_Bulletin_2020/table_0175.csv,cleaned_tables/030_Health_Bulletin_2020/table_0175.csv,ok,21,20,5,5,1,
extracted_tables/030_Health_Bulletin_2020/table_0176.csv,cleaned_tables/030_Health_Bulletin_2020/table_0176.csv,ok,19,18,5,5,1,
extracted_tables/030_Health_Bulletin_2020/table_0177.csv,cleaned_tables/030_Health_Bulletin_2020/table_0177.csv,ok,8,7,4,4,1,
extracted_tables/030_Health_Bulletin_2020/table_0178.csv,cleaned_tables/030_Health_Bulletin_2020/table_0178.csv,ok,6,6,14,14,0,
extracted_tables/030_Health_Bulletin_2020/table_0179.csv,cleaned_tables/030_Health_Bulletin_2020/table_0179.csv,ok,14,14,10,10,0,
extracted_tables/030_Health_Bulletin_2020/table_0180.csv,cleaned_tables/030_Health_Bulletin_2020/table_0180.csv,ok,14,14,11,11,0,
extracted_tables/030_Health_Bulletin_2020/table_0181.csv,cleaned_tables/030_Health_Bulletin_2020/table_0181.csv,ok,17,16,4,4,1,
extracted_tables/030_Health_Bulletin_2020/table_0182.csv,cleaned_tables/030_Health_Bulletin_2020/table_0182.csv,ok,4,3,4,4,1,
extracted_tables/030_Health_Bulletin_2020/table_0183.csv,cleaned_tables/030_Health_Bulletin_2020/table_0183.csv,ok,13,12,4,4,1,
extracted_tables/030_Health_Bulletin_2020/table_0184.csv,cleaned_tables/030_Health_Bulletin_2020/table_0184.csv,ok,5,4,5,5,1,
extracted_tables/030_Health_Bulletin_2020/table_0185.csv,cleaned_tables/030_Health_Bulletin_2020/table_0185.csv,ok,13,12,5,5,1,
extracted_tables/030_Health_Bulletin_2020/table_0186.csv,cleaned_tables/030_Health_Bulletin_2020/table_0186.csv,ok,6,5,4,4,1,
extracted_tables/030_Health_Bulletin_2020/table_0187.csv,cleaned_tables/030_Health_Bulletin_2020/table_0187.csv,ok,4,3,5,5,1,
extracted_tables/030_Health_Bulletin_2020/table_0188.csv,cleaned_tables/030_Health_Bulletin_2020/table_0188.csv,ok,8,0,9,0,8,
extracted_tables/030_Health_Bulletin_2020/table_0189.csv,cleaned_tables/030_Health_Bulletin_2020/table_0189.csv,ok,2,0,2,0,2,
extracted_tables/030_Health_Bulletin_2020/table_0190.csv,cleaned_tables/030_Health_Bulletin_2020/table_0190.csv,ok,2,0,2,0,2,
extracted_tables/030_Health_Bulletin_2020/table_0191.csv,cleaned_tables/030_Health_Bulletin_2020/table_0191.csv,ok,2,0,2,0,2,
extracted_tables/030_Health_Bulletin_2020/table_0192.csv,cleaned_tables/030_Health_Bulletin_2020/table_0192.csv,ok,9,3,12,5,6,
extracted_tables/030_Health_Bulletin_2020/table_0193.csv,cleaned_tables/030_Health_Bulletin_2020/table_0193.csv,ok,9,9,8,8,0,
extracted_tables/030_Health_Bulletin_2020/table_0194.csv,cleaned_tables/030_Health_Bulletin_2020/table_0194.csv,ok,12,11,5,5,1,
extracted_tables/030_Health_Bulletin_2020/table_0195.csv,cleaned_tables/030_Health_Bulletin_2020/table_0195.csv,ok,14,14,10,10,0,
extracted_tables/030_Health_Bulletin_2020/table_0196.csv,cleaned_tables/030_Health_Bulletin_2020/table_0196.csv,ok,3,2,5,5,1,
extracted_tables/030_Health_Bulletin_2020/table_0197.csv,cleaned_tables/030_Health_Bulletin_2020/table_0197.csv,ok,7,6,3,3,1,
extracted_tables/030_Health_Bulletin_2020/table_0198.csv,cleaned_tables/030_Health_Bulletin_2020/table_0198.csv,ok,14,13,4,4,1,
extracted_tables/030_Health_Bulletin_2020/table_0199.csv,cleaned_tables/030_Health_Bulletin_2020/table_0199.csv,ok,4,3,2,2,1,
extracted_tables/030_Health_Bulletin_2020/table_0200.csv,cleaned_tables/030_Health_Bulletin_2020/table_0200.csv,ok,13,5,12,3,8,
extracted_tables/030_Health_Bulletin_2020/table_0201.csv,cleaned_tables/030_Health_Bulletin_2020/table_0201.csv,ok,17,16,11,11,1,
extracted_tables/030_Health_Bulletin_2020/table_0202.csv,cleaned_tables/030_Health_Bulletin_2020/table_0202.csv,ok,11,8,8,7,3,
extracted_tables/030_Health_Bulletin_2020/table_0203.csv,cleaned_tables/030_Health_Bulletin_2020/table_0203.csv,ok,2,0,2,0,2,
extracted_tables/030_Health_Bulletin_2020/table_0204.csv,cleaned_tables/030_Health_Bulletin_2020/table_0204.csv,ok,10,1,6,1,9,
extracted_tables/030_Health_Bulletin_2020/table_0205.csv,cleaned_tables/030_Health_Bulletin_2020/table_0205.csv,ok,19,18,7,7,1,
extracted_tables/030_Health_Bulletin_2020/table_0206.csv,cleaned_tables/030_Health_Bulletin_2020/table_0206.csv,ok,7,6,7,7,1,
extracted_tables/030_Health_Bulletin_2020/table_0207.csv,cleaned_tables/030_Health_Bulletin_2020/table_0207.csv,ok,12,11,4,4,1,
extracted_tables/030_Health_Bulletin_2020/table_0208.csv,cleaned_tables/030_Health_Bulletin_2020/table_0208.csv,ok,9,8,4,4,1,
extracted_tables/030_Health_Bulletin_2020/table_0209.csv,cleaned_tables/030_Health_Bulletin_2020/table_0209.csv,ok,7,6,4,4,1,
extracted_tables/030_Health_Bulletin_2020/table_0210.csv,cleaned_tables/030_Health_Bulletin_2020/table_0210.csv,ok,10,9,3,3,1,
extracted_tables/030_Health_Bulletin_2020/table_0211.csv,cleaned_tables/030_Health_Bulletin_2020/table_0211.csv,ok,13,12,3,3,1,
extracted_tables/030_Health_Bulletin_2020/table_0212.csv,cleaned_tables/030_Health_Bulletin_2020/table_0212.csv,ok,4,3,2,2,1,
extracted_tables/030_Health_Bulletin_2020/table_0213.csv,cleaned_tables/030_Health_Bulletin_2020/table_0213.csv,ok,7,6,3,3,1,
extracted_tables/030_Health_Bulletin_2020/table_0214.csv,cleaned_tables/030_Health_Bulletin_2020/table_0214.csv,ok,5,4,2,2,1,
extracted_tables/030_Health_Bulletin_2020/table_0215.csv,cleaned_tables/030_Health_Bulletin_2020/table_0215.csv,ok,6,5,2,2,1,
extracted_tables/031_Health_Bulletin_2019/table_0001.csv,cleaned_tables/031_Health_Bulletin_2019/table_0001.csv,ok,2,2,2,2,0,
extracted_tables/031_Health_Bulletin_2019/table_0002.csv,cleaned_tables/031_Health_Bulletin_2019/table_0002.csv,ok,2,1,4,1,1,
extracted_tables/031_Health_Bulletin_2019/table_0003.csv,cleaned_tables/031_Health_Bulletin_2019/table_0003.csv,ok,2,2,2,2,0,
extracted_tables/031_Health_Bulletin_2019/table_0004.csv,cleaned_tables/031_Health_Bulletin_2019/table_0004.csv,ok,2,2,2,2,0,
extracted_tables/031_Health_Bulletin_2019/table_0005.csv,cleaned_tables/031_Health_Bulletin_2019/table_0005.csv,ok,10,9,4,4,1,
extracted_tables/031_Health_Bulletin_2019/table_0006.csv,cleaned_tables/031_Health_Bulletin_2019/table_0006.csv,ok,10,9,4,4,1,
extracted_tables/031_Health_Bulletin_2019/table_0007.csv,cleaned_tables/031_Health_Bulletin_2019/table_0007.csv,ok,10,9,4,4,1,
extracted_tables/031_Health_Bulletin_2019/table_0008.csv,cleaned_tables/031_Health_Bulletin_2019/table_0008.csv,ok,10,9,4,4,1,
extracted_tables/031_Health_Bulletin_2019/table_0009.csv,cleaned_tables/031_Health_Bulletin_2019/table_0009.csv,ok,10,9,4,4,1,
extracted_tables/031_Health_Bulletin_2019/table_0010.csv,cleaned_tables/031_Health_Bulletin_2019/table_0010.csv,ok,2,0,2,0,2,
extracted_tables/031_Health_Bulletin_2019/table_0011.csv,cleaned_tables/031_Health_Bulletin_2019/table_0011.csv,ok,2,0,2,0,2,
extracted_tables/031_Health_Bulletin_2019/table_0012.csv,cleaned_tables/031_Health_Bulletin_2019/table_0012.csv,ok,10,9,2,2,1,
extracted_tables/031_Health_Bulletin_2019/table_0013.csv,cleaned_tables/031_Health_Bulletin_2019/table_0013.csv,ok,5,4,11,11,1,
extracted_tables/031_Health_Bulletin_2019/table_0014.csv,cleaned_tables/031_Health_Bulletin_2019/table_0014.csv,ok,2,0,2,0,2,
extracted_tables/031_Health_Bulletin_2019/table_0015.csv,cleaned_tables/031_Health_Bulletin_2019/table_0015.csv,ok,2,0,2,0,2,
extracted_tables/031_Health_Bulletin_2019/table_0016.csv,cleaned_tables/031_Health_Bulletin_2019/table_0016.csv,ok,3,0,3,0,3,
extracted_tables/031_Health_Bulletin_2019/table_0017.csv,cleaned_tables/031_Health_Bulletin_2019/table_0017.csv,ok,2,0,2,0,2,
extracted_tables/031_Health_Bulletin_2019/table_0018.csv,cleaned_tables/031_Health_Bulletin_2019/table_0018.csv,ok,2,0,2,0,2,
extracted_tables/031_Health_Bulletin_2019/table_0019.csv,cleaned_tables/031_Health_Bulletin_2019/table_0019.csv,ok,2,0,2,0,2,
extracted_tables/031_Health_Bulletin_2019/table_0020.csv,cleaned_tables/031_Health_Bulletin_2019/table_0020.csv,ok,2,0,2,0,2,
extracted_tables/031_Health_Bulletin_2019/table_0021.csv,cleaned_tables/031_Health_Bulletin_2019/table_0021.csv,ok,2,0,2,0,2,
extracted_tables/031_Health_Bulletin_2019/table_0022.csv,cleaned_tables/031_Health_Bulletin_2019/table_0022.csv,ok,5,4,15,1,1,
extracted_tables/031_Health_Bulletin_2019/table_0023.csv,cleaned_tables/031_Health_Bulletin_2019/table_0023.csv,ok,2,1,7,7,1,
extracted_tables/031_Health_Bulletin_2019/table_0024.csv,cleaned_tables/031_Health_Bulletin_2019/table_0024.csv,ok,12,1,12,1,11,
extracted_tables/031_Health_Bulletin_2019/table_0025.csv,cleaned_tables/031_Health_Bulletin_2019/table_0025.csv,ok,2,2,6,6,0,
extracted_tables/031_Health_Bulletin_2019/table_0026.csv,cleaned_tables/031_Health_Bulletin_2019/table_0026.csv,ok,2,1,6,3,1,
extracted_tables/031_Health_Bulletin_2019/table_0027.csv,cleaned_tables/031_Health_Bulletin_2019/table_0027.csv,ok,5,2,2,1,3,
extracted_tables/031_Health_Bulletin_2019/table_0028.csv,cleaned_tables/031_Health_Bulletin_2019/table_0028.csv,ok,5,4,3,3,1,
extracted_tables/031_Health_Bulletin_2019/table_0029.csv,cleaned_tables/031_Health_Bulletin_2019/table_0029.csv,ok,4,0,18,0,4,
extracted_tables/031_Health_Bulletin_2019/table_0030.csv,cleaned_tables/031_Health_Bulletin_2019/table_0030.csv,ok,12,0,9,0,12,
extracted_tables/031_Health_Bulletin_2019/table_0031.csv,cleaned_tables/031_Health_Bulletin_2019/table_0031.csv,ok,10,3,39,12,7,
extracted_tables/031_Health_Bulletin_2019/table_0032.csv,cleaned_tables/031_Health_Bulletin_2019/table_0032.csv,ok,8,0,26,0,8,
extracted_tables/031_Health_Bulletin_2019/table_0033.csv,cleaned_tables/031_Health_Bulletin_2019/table_0033.csv,ok,2,0,2,0,2,
extracted_tables/031_Health_Bulletin_2019/table_0034.csv,cleaned_tables/031_Health_Bulletin_2019/table_0034.csv,ok,2,0,2,0,2,
extracted_tables/031_Health_Bulletin_2019/table_0035.csv,cleaned_tables/031_Health_Bulletin_2019/table_0035.csv,ok,17,14,2,2,3,
extracted_tables/031_Health_Bulletin_2019/table_0036.csv,cleaned_tables/031_Health_Bulletin_2019/table_0036.csv,ok,7,2,14,3,5,
extracted_tables/031_Health_Bulletin_2019/table_0037.csv,cleaned_tables/031_Health_Bulletin_2019/table_0037.csv,ok,2,0,2,0,2,
extracted_tables/031_Health_Bulletin_2019/table_0038.csv,cleaned_tables/031_Health_Bulletin_2019/table_0038.csv,ok,2,0,2,0,2,
extracted_tables/031_Health_Bulletin_2019/table_0039.csv,cleaned_tables/031_Health_Bulletin_2019/table_0039.csv,ok,2,0,2,0,2,
extracted_tables/031_Health_Bulletin_2019/table_0040.csv,cleaned_tables/031_Health_Bulletin_2019/table_0040.csv,ok,2,0,2,0,2,
extracted_tables/031_Health_Bulletin_2019/table_0041.csv,cleaned_tables/031_Health_Bulletin_2019/table_0041.csv,ok,2,0,2,0,2,
extracted_tables/031_Health_Bulletin_2019/table_0042.csv,cleaned_tables/031_Health_Bulletin_2019/table_0042.csv,ok,2,0,2,0,2,
extracted_tables/031_Health_Bulletin_2019/table_0043.csv,cleaned_tables/031_Health_Bulletin_2019/table_0043.csv,ok,2,0,2,0,2,
extracted_tables/031_Health_Bulletin_2019/table_0044.csv,cleaned_tables/031_Health_Bulletin_2019/table_0044.csv,ok,2,0,2,0,2,
extracted_tables/031_Health_Bulletin_2019/table_0045.csv,cleaned_tables/031_Health_Bulletin_2019/table_0045.csv,ok,2,0,2,0,2,
extracted_tables/031_Health_Bulletin_2019/table_0046.csv,cleaned_tables/031_Health_Bulletin_2019/table_0046.csv,ok,2,0,2,0,2,
extracted_tables/031_Health_Bulletin_2019/table_0047.csv,cleaned_tables/031_Health_Bulletin_2019/table_0047.csv,ok,2,0,2,0,2,
extracted_tables/031_Health_Bulletin_2019/table_0048.csv,cleaned_tables/031_Health_Bulletin_2019/table_0048.csv,ok,2,0,2,0,2,
extracted_tables/031_Health_Bulletin_2019/table_0049.csv,cleaned_tables/031_Health_Bulletin_2019/table_0049.csv,ok,2,1,4,3,1,
extracted_tables/031_Health_Bulletin_2019/table_0050.csv,cleaned_tables/031_Health_Bulletin_2019/table_0050.csv,ok,2,1,4,3,1,
extracted_tables/031_Health_Bulletin_2019/table_0051.csv,cleaned_tables/031_Health_Bulletin_2019/table_0051.csv,ok,2,1,6,5,1,
extracted_tables/031_Health_Bulletin_2019/table_0052.csv,cleaned_tables/031_Health_Bulletin_2019/table_0052.csv,ok,2,1,6,5,1,
extracted_tables/031_Health_Bulletin_2019/table_0053.csv,cleaned_tables/031_Health_Bulletin_2019/table_0053.csv,ok,2,1,6,5,1,
extracted_tables/031_Health_Bulletin_2019/table_0054.csv,cleaned_tables/031_Health_Bulletin_2019/table_0054.csv,ok,2,1,6,5,1,
extracted_tables/031_Health_Bulletin_2019/table_0055.csv,cleaned_tables/031_Health_Bulletin_2019/table_0055.csv,ok,2,1,6,5,1,
extracted_tables/031_Health_Bulletin_2019/table_0056.csv,cleaned_tables/031_Health_Bulletin_2019/table_0056.csv,ok,2,1,6,5,1,
extracted_tables/031_Health_Bulletin_2019/table_0057.csv,cleaned_tables/031_Health_Bulletin_2019/table_0057.csv,ok,2,1,2,1,1,
extracted_tables/031_Health_Bulletin_2019/table_0058.csv,cleaned_tables/031_Health_Bulletin_2019/table_0058.csv,ok,2,1,6,3,1,
extracted_tables/031_Health_Bulletin_2019/table_0059.csv,cleaned_tables/031_Health_Bulletin_2019/table_0059.csv,ok,3,0,3,0,3,
extracted_tables/031_Health_Bulletin_2019/table_0060.csv,cleaned_tables/031_Health_Bulletin_2019/table_0060.csv,ok,2,1,5,5,1,
extracted_tables/031_Health_Bulletin_2019/table_0061.csv,cleaned_tables/031_Health_Bulletin_2019/table_0061.csv,ok,3,0,3,0,3,
extracted_tables/031_Health_Bulletin_2019/table_0062.csv,cleaned_tables/031_Health_Bulletin_2019/table_0062.csv,ok,2,0,2,0,2,
extracted_tables/031_Health_Bulletin_2019/table_0063.csv,cleaned_tables/031_Health_Bulletin_2019/table_0063.csv,ok,2,0,3,0,2,
extracted_tables/031_Health_Bulletin_2019/table_0064.csv,cleaned_tables/031_Health_Bulletin_2019/table_0064.csv,ok,2,0,3,0,2,
extracted_tables/031_Health_Bulletin_2019/table_0065.csv,cleaned_tables/031_Health_Bulletin_2019/table_0065.csv,ok,2,2,7,7,0,
extracted_tables/031_Health_Bulletin_2019/table_0066.csv,cleaned_tables/031_Health_Bulletin_2019/table_0066.csv,ok,10,4,12,2,6,
extracted_tables/031_Health_Bulletin_2019/table_0067.csv,cleaned_tables/031_Health_Bulletin_2019/table_0067.csv,ok,9,5,2,2,4,
extracted_tables/031_Health_Bulletin_2019/table_0068.csv,cleaned_tables/031_Health_Bulletin_2019/table_0068.csv,ok,9,5,2,2,4,
extracted_tables/031_Health_Bulletin_2019/table_0069.csv,cleaned_tables/031_Health_Bulletin_2019/table_0069.csv,ok,11,10,41,24,1,
extracted_tables/031_Health_Bulletin_2019/table_0070.csv,cleaned_tables/031_Health_Bulletin_2019/table_0070.csv,ok,10,0,6,0,10,
extracted_tables/031_Health_Bulletin_2019/table_0071.csv,cleaned_tables/031_Health_Bulletin_2019/table_0071.csv,ok,10,8,8,7,2,
extracted_tables/031_Health_Bulletin_2019/table_0072.csv,cleaned_tables/031_Health_Bulletin_2019/table_0072.csv,ok,7,5,2,2,2,
extracted_tables/032_Health_Bulletin_2018/table_0001.csv,cleaned_tables/032_Health_Bulletin_2018/table_0001.csv,ok,3,0,5,0,3,
extracted_tables/032_Health_Bulletin_2018/table_0002.csv,cleaned_tables/032_Health_Bulletin_2018/table_0002.csv,ok,13,12,3,1,1,
extracted_tables/032_Health_Bulletin_2018/table_0003.csv,cleaned_tables/032_Health_Bulletin_2018/table_0003.csv,ok,13,1,2,1,12,
extracted_tables/032_Health_Bulletin_2018/table_0004.csv,cleaned_tables/032_Health_Bulletin_2018/table_0004.csv,ok,5,4,3,3,1,
extracted_tables/032_Health_Bulletin_2018/table_0005.csv,cleaned_tables/032_Health_Bulletin_2018/table_0005.csv,ok,13,1,2,1,12,
extracted_tables/032_Health_Bulletin_2018/table_0006.csv,cleaned_tables/032_Health_Bulletin_2018/table_0006.csv,ok,13,1,2,1,12,
extracted_tables/032_Health_Bulletin_2018/table_0007.csv,cleaned_tables/032_Health_Bulletin_2018/table_0007.csv,ok,15,14,3,3,1,
extracted_tables/032_Health_Bulletin_2018/table_0008.csv,cleaned_tables/032_Health_Bulletin_2018/table_0008.csv,ok,13,1,2,1,12,
extracted_tables/032_Health_Bulletin_2018/table_0009.csv,cleaned_tables/032_Health_Bulletin_2018/table_0009.csv,ok,11,10,3,3,1,
extracted_tables/032_Health_Bulletin_2018/table_0010.csv,cleaned_tables/032_Health_Bulletin_2018/table_0010.csv,ok,13,1,2,1,12,
extracted_tables/032_Health_Bulletin_2018/table_0011.csv,cleaned_tables/032_Health_Bulletin_2018/table_0011.csv,ok,13,12,3,1,1,
extracted_tables/032_Health_Bulletin_2018/table_0012.csv,cleaned_tables/032_Health_Bulletin_2018/table_0012.csv,ok,13,1,2,1,12,
extracted_tables/032_Health_Bulletin_2018/table_0013.csv,cleaned_tables/032_Health_Bulletin_2018/table_0013.csv,ok,2,1,2,1,1,
extracted_tables/032_Health_Bulletin_2018/table_0014.csv,cleaned_tables/032_Health_Bulletin_2018/table_0014.csv,ok,2,1,2,1,1,
extracted_tables/032_Health_Bulletin_2018/table_0015.csv,cleaned_tables/032_Health_Bulletin_2018/table_0015.csv,ok,13,1,2,1,12,
extracted_tables/032_Health_Bulletin_2018/table_0016.csv,cleaned_tables/032_Health_Bulletin_2018/table_0016.csv,ok,2,1,2,1,1,
extracted_tables/032_Health_Bulletin_2018/table_0017.csv,cleaned_tables/032_Health_Bulletin_2018/table_0017.csv,ok,2,1,2,1,1,
extracted_tables/032_Health_Bulletin_2018/table_0018.csv,cleaned_tables/032_Health_Bulletin_2018/table_0018.csv,ok,13,1,2,1,12,
extracted_tables/032_Health_Bulletin_2018/table_0019.csv,cleaned_tables/032_Health_Bulletin_2018/table_0019.csv,ok,2,1,2,1,1,
extracted_tables/032_Health_Bulletin_2018/table_0020.csv,cleaned_tables/032_Health_Bulletin_2018/table_0020.csv,ok,2,1,2,1,1,
extracted_tables/032_Health_Bulletin_2018/table_0021.csv,cleaned_tables/032_Health_Bulletin_2018/table_0021.csv,ok,13,1,2,1,12,
extracted_tables/032_Health_Bulletin_2018/table_0022.csv,cleaned_tables/032_Health_Bulletin_2018/table_0022.csv,ok,2,1,2,1,1,
extracted_tables/032_Health_Bulletin_2018/table_0023.csv,cleaned_tables/032_Health_Bulletin_2018/table_0023.csv,ok,2,1,2,1,1,
extracted_tables/032_Health_Bulletin_2018/table_0024.csv,cleaned_tables/032_Health_Bulletin_2018/table_0024.csv,ok,13,1,2,1,12,
extracted_tables/032_Health_Bulletin_2018/table_0025.csv,cleaned_tables/032_Health_Bulletin_2018/table_0025.csv,ok,2,1,4,1,1,
extracted_tables/032_Health_Bulletin_2018/table_0026.csv,cleaned_tables/032_Health_Bulletin_2018/table_0026.csv,ok,2,2,13,13,0,
extracted_tables/032_Health_Bulletin_2018/table_0027.csv,cleaned_tables/032_Health_Bulletin_2018/table_0027.csv,ok,2,2,13,13,0,
extracted_tables/032_Health_Bulletin_2018/table_0028.csv,cleaned_tables/032_Health_Bulletin_2018/table_0028.csv,ok,13,1,2,1,12,
extracted_tables/032_Health_Bulletin_2018/table_0029.csv,cleaned_tables/032_Health_Bulletin_2018/table_0029.csv,ok,13,1,2,1,12,
extracted_tables/032_Health_Bulletin_2018/table_0030.csv,cleaned_tables/032_Health_Bulletin_2018/table_0030.csv,ok,13,1,2,1,12,
extracted_tables/032_Health_Bulletin_2018/table_0031.csv,cleaned_tables/032_Health_Bulletin_2018/table_0031.csv,ok,13,1,2,1,12,
extracted_tables/032_Health_Bulletin_2018/table_0032.csv,cleaned_tables/032_Health_Bulletin_2018/table_0032.csv,ok,13,1,2,1,12,
extracted_tables/032_Health_Bulletin_2018/table_0033.csv,cleaned_tables/032_Health_Bulletin_2018/table_0033.csv,ok,13,1,2,1,12,
extracted_tables/032_Health_Bulletin_2018/table_0034.csv,cleaned_tables/032_Health_Bulletin_2018/table_0034.csv,ok,13,12,3,1,1,
extracted_tables/032_Health_Bulletin_2018/table_0035.csv,cleaned_tables/032_Health_Bulletin_2018/table_0035.csv,ok,13,1,2,1,12,
extracted_tables/032_Health_Bulletin_2018/table_0036.csv,cleaned_tables/032_Health_Bulletin_2018/table_0036.csv,ok,13,1,2,1,12,
extracted_tables/032_Health_Bulletin_2018/table_0037.csv,cleaned_tables/032_Health_Bulletin_2018/table_0037.csv,ok,13,1,2,1,12,
extracted_tables/032_Health_Bulletin_2018/table_0038.csv,cleaned_tables/032_Health_Bulletin_2018/table_0038.csv,ok,9,8,4,3,1,
extracted_tables/032_Health_Bulletin_2018/table_0039.csv,cleaned_tables/032_Health_Bulletin_2018/table_0039.csv,ok,13,1,2,1,12,
extracted_tables/032_Health_Bulletin_2018/table_0040.csv,cleaned_tables/032_Health_Bulletin_2018/table_0040.csv,ok,7,6,4,3,1,
extracted_tables/032_Health_Bulletin_2018/table_0041.csv,cleaned_tables/032_Health_Bulletin_2018/table_0041.csv,ok,13,1,2,1,12,
extracted_tables/032_Health_Bulletin_2018/table_0042.csv,cleaned_tables/032_Health_Bulletin_2018/table_0042.csv,ok,13,1,2,1,12,
extracted_tables/032_Health_Bulletin_2018/table_0043.csv,cleaned_tables/032_Health_Bulletin_2018/table_0043.csv,ok,13,1,2,1,12,
extracted_tables/032_Health_Bulletin_2018/table_0044.csv,cleaned_tables/032_Health_Bulletin_2018/table_0044.csv,ok,11,0,13,0,11,
extracted_tables/032_Health_Bulletin_2018/table_0045.csv,cleaned_tables/032_Health_Bulletin_2018/table_0045.csv,ok,2,1,5,5,1,
extracted_tables/032_Health_Bulletin_2018/table_0046.csv,cleaned_tables/032_Health_Bulletin_2018/table_0046.csv,ok,13,1,2,1,12,
extracted_tables/032_Health_Bulletin_2018/table_0047.csv,cleaned_tables/032_Health_Bulletin_2018/table_0047.csv,ok,16,15,5,5,1,
extracted_tables/032_Health_Bulletin_2018/table_0048.csv,cleaned_tables/032_Health_Bulletin_2018/table_0048.csv,ok,13,1,2,1,12,
extracted_tables/032_Health_Bulletin_2018/table_0049.csv,cleaned_tables/032_Health_Bulletin_2018/table_0049.csv,ok,10,9,5,5,1,
extracted_tables/032_Health_Bulletin_2018/table_0050.csv,cleaned_tables/032_Health_Bulletin_2018/table_0050.csv,ok,13,1,2,1,12,
extracted_tables/032_Health_Bulletin_2018/table_0051.csv,cleaned_tables/032_Health_Bulletin_2018/table_0051.csv,ok,10,9,6,6,1,
extracted_tables/032_Health_Bulletin_2018/table_0052.csv,cleaned_tables/032_Health_Bulletin_2018/table_0052.csv,ok,13,1,2,1,12,
extracted_tables/032_Health_Bulletin_2018/table_0053.csv,cleaned_tables/032_Health_Bulletin_2018/table_0053.csv,ok,13,1,2,1,12,
extracted_tables/032_Health_Bulletin_2018/table_0054.csv,cleaned_tables/032_Health_Bulletin_2018/table_0054.csv,ok,3,3,3,3,0,
extracted_tables/032_Health_Bulletin_2018/table_0055.csv,cleaned_tables/032_Health_Bulletin_2018/table_0055.csv,ok,13,1,2,1,12,
extracted_tables/032_Health_Bulletin_2018/table_0056.csv,cleaned_tables/032_Health_Bulletin_2018/table_0056.csv,ok,13,12,3,1,1,
extracted_tables/032_Health_Bulletin_2018/table_0057.csv,cleaned_tables/032_Health_Bulletin_2018/table_0057.csv,ok,13,1,2,1,12,
extracted_tables/032_Health_Bulletin_2018/table_0058.csv,cleaned_tables/032_Health_Bulletin_2018/table_0058.csv,ok,9,9,8,8,0,
extracted_tables/032_Health_Bulletin_2018/table_0059.csv,cleaned_tables/032_Health_Bulletin_2018/table_0059.csv,ok,4,3,3,3,1,
extracted_tables/032_Health_Bulletin_2018/table_0060.csv,cleaned_tables/032_Health_Bulletin_2018/table_0060.csv,ok,2,1,12,12,1,
extracted_tables/032_Health_Bulletin_2018/table_0061.csv,cleaned_tables/032_Health_Bulletin_2018/table_0061.csv,ok,3,2,9,9,1,
extracted_tables/032_Health_Bulletin_2018/table_0062.csv,cleaned_tables/032_Health_Bulletin_2018/table_0062.csv,ok,4,4,11,11,0,
extracted_tables/032_Health_Bulletin_2018/table_0063.csv,cleaned_tables/032_Health_Bulletin_2018/table_0063.csv,ok,14,13,5,5,1,
extracted_tables/032_Health_Bulletin_2018/table_0064.csv,cleaned_tables/032_Health_Bulletin_2018/table_0064.csv,ok,5,4,5,5,1,
extracted_tables/032_Health_Bulletin_2018/table_0065.csv,cleaned_tables/032_Health_Bulletin_2018/table_0065.csv,ok,21,20,4,4,1,
extracted_tables/032_Health_Bulletin_2018/table_0066.csv,cleaned_tables/032_Health_Bulletin_2018/table_0066.csv,ok,23,22,5,5,1,
extracted_tables/032_Health_Bulletin_2018/table_0067.csv,cleaned_tables/032_Health_Bulletin_2018/table_0067.csv,ok,10,10,2,2,0,
extracted_tables/032_Health_Bulletin_2018/table_0068.csv,cleaned_tables/032_Health_Bulletin_2018/table_0068.csv,ok,11,10,2,2,1,
extracted_tables/032_Health_Bulletin_2018/table_0069.csv,cleaned_tables/032_Health_Bulletin_2018/table_0069.csv,ok,2,2,5,5,0,
extracted_tables/032_Health_Bulletin_2018/table_0070.csv,cleaned_tables/032_Health_Bulletin_2018/table_0070.csv,ok,3,3,5,5,0,
extracted_tables/032_Health_Bulletin_2018/table_0071.csv,cleaned_tables/032_Health_Bulletin_2018/table_0071.csv,ok,4,4,5,5,0,
extracted_tables/032_Health_Bulletin_2018/table_0072.csv,cleaned_tables/032_Health_Bulletin_2018/table_0072.csv,ok,4,3,8,4,1,
extracted_tables/032_Health_Bulletin_2018/table_0073.csv,cleaned_tables/032_Health_Bulletin_2018/table_0073.csv,ok,4,3,4,4,1,
extracted_tables/032_Health_Bulletin_2018/table_0074.csv,cleaned_tables/032_Health_Bulletin_2018/table_0074.csv,ok,2,1,4,4,1,
extracted_tables/032_Health_Bulletin_2018/table_0075.csv,cleaned_tables/032_Health_Bulletin_2018/table_0075.csv,ok,2,0,2,0,2,
extracted_tables/032_Health_Bulletin_2018/table_0076.csv,cleaned_tables/032_Health_Bulletin_2018/table_0076.csv,ok,5,4,3,3,1,
extracted_tables/032_Health_Bulletin_2018/table_0077.csv,cleaned_tables/032_Health_Bulletin_2018/table_0077.csv,ok,7,6,3,3,1,
extracted_tables/032_Health_Bulletin_2018/table_0078.csv,cleaned_tables/032_Health_Bulletin_2018/table_0078.csv,ok,5,4,3,3,1,
extracted_tables/032_Health_Bulletin_2018/table_0079.csv,cleaned_tables/032_Health_Bulletin_2018/table_0079.csv,ok,2,0,3,0,2,
extracted_tables/032_Health_Bulletin_2018/table_0080.csv,cleaned_tables/032_Health_Bulletin_2018/table_0080.csv,ok,6,5,2,2,1,
extracted_tables/032_Health_Bulletin_2018/table_0081.csv,cleaned_tables/032_Health_Bulletin_2018/table_0081.csv,ok,4,3,3,3,1,
extracted_tables/032_Health_Bulletin_2018/table_0082.csv,cleaned_tables/032_Health_Bulletin_2018/table_0082.csv,ok,3,0,5,0,3,
extracted_tables/032_Health_Bulletin_2018/table_0083.csv,cleaned_tables/032_Health_Bulletin_2018/table_0083.csv,ok,2,2,4,2,0,
extracted_tables/032_Health_Bulletin_2018/table_0084.csv,cleaned_tables/032_Health_Bulletin_2018/table_0084.csv,ok,4,2,2,1,2,
extracted_tables/032_Health_Bulletin_2018/table_0085.csv,cleaned_tables/032_Health_Bulletin_2018/table_0085.csv,ok,2,0,2,0,2,
extracted_tables/032_Health_Bulletin_2018/table_0086.csv,cleaned_tables/032_Health_Bulletin_2018/table_0086.csv,ok,14,13,4,4,1,
extracted_tables/032_Health_Bulletin_2018/table_0087.csv,cleaned_tables/032_Health_Bulletin_2018/table_0087.csv,ok,7,6,4,4,1,
extracted_tables/032_Health_Bulletin_2018/table_0088.csv,cleaned_tables/032_Health_Bulletin_2018/table_0088.csv,ok,17,16,5,5,1,
extracted_tables/032_Health_Bulletin_2018/table_0089.csv,cleaned_tables/032_Health_Bulletin_2018/table_0089.csv,ok,7,6,5,5,1,
extracted_tables/032_Health_Bulletin_2018/table_0090.csv,cleaned_tables/032_Health_Bulletin_2018/table_0090.csv,ok,5,3,5,5,2,
extracted_tables/032_Health_Bulletin_2018/table_0091.csv,cleaned_tables/032_Health_Bulletin_2018/table_0091.csv,ok,3,2,5,5,1,
extracted_tables/032_Health_Bulletin_2018/table_0092.csv,cleaned_tables/032_Health_Bulletin_2018/table_0092.csv,ok,2,1,5,4,1,
extracted_tables/032_Health_Bulletin_2018/table_0093.csv,cleaned_tables/032_Health_Bulletin_2018/table_0093.csv,ok,3,3,5,5,0,
extracted_tables/032_Health_Bulletin_2018/table_0094.csv,cleaned_tables/032_Health_Bulletin_2018/table_0094.csv,ok,5,4,3,3,1,
extracted_tables/032_Health_Bulletin_2018/table_0095.csv,cleaned_tables/032_Health_Bulletin_2018/table_0095.csv,ok,4,3,3,3,1,
extracted_tables/032_Health_Bulletin_2018/table_0096.csv,cleaned_tables/032_Health_Bulletin_2018/table_0096.csv,ok,7,6,2,2,1,
extracted_tables/032_Health_Bulletin_2018/table_0097.csv,cleaned_tables/032_Health_Bulletin_2018/table_0097.csv,ok,9,8,5,5,1,
extracted_tables/032_Health_Bulletin_2018/table_0098.csv,cleaned_tables/032_Health_Bulletin_2018/table_0098.csv,ok,9,8,5,5,1,
extracted_tables/032_Health_Bulletin_2018/table_0099.csv,cleaned_tables/032_Health_Bulletin_2018/table_0099.csv,ok,13,12,3,1,1,
extracted_tables/032_Health_Bulletin_2018/table_0100.csv,cleaned_tables/032_Health_Bulletin_2018/table_0100.csv,ok,13,1,2,1,12,
extracted_tables/032_Health_Bulletin_2018/table_0101.csv,cleaned_tables/032_Health_Bulletin_2018/table_0101.csv,ok,19,18,2,2,1,
extracted_tables/032_Health_Bulletin_2018/table_0102.csv,cleaned_tables/032_Health_Bulletin_2018/table_0102.csv,ok,13,1,2,1,12,
extracted_tables/032_Health_Bulletin_2018/table_0103.csv,cleaned_tables/032_Health_Bulletin_2018/table_0103.csv,ok,13,1,2,1,12,
extracted_tables/032_Health_Bulletin_2018/table_0104.csv,cleaned_tables/032_Health_Bulletin_2018/table_0104.csv,ok,13,1,2,1,12,
extracted_tables/032_Health_Bulletin_2018/table_0105.csv,cleaned_tables/032_Health_Bulletin_2018/table_0105.csv,ok,13,12,4,4,1,
extracted_tables/032_Health_Bulletin_2018/table_0106.csv,cleaned_tables/032_Health_Bulletin_2018/table_0106.csv,ok,13,1,2,1,12,
extracted_tables/032_Health_Bulletin_2018/table_0107.csv,cleaned_tables/032_Health_Bulletin_2018/table_0107.csv,ok,17,16,4,4,1,
extracted_tables/032_Health_Bulletin_2018/table_0108.csv,cleaned_tables/032_Health_Bulletin_2018/table_0108.csv,ok,13,1,2,1,12,
extracted_tables/032_Health_Bulletin_2018/table_0109.csv,cleaned_tables/032_Health_Bulletin_2018/table_0109.csv,ok,12,11,2,2,1,
extracted_tables/032_Health_Bulletin_2018/table_0110.csv,cleaned_tables/032_Health_Bulletin_2018/table_0110.csv,ok,13,1,2,1,12,
extracted_tables/032_Health_Bulletin_2018/table_0111.csv,cleaned_tables/032_Health_Bulletin_2018/table_0111.csv,ok,14,13,2,2,1,
extracted_tables/032_Health_Bulletin_2018/table_0112.csv,cleaned_tables/032_Health_Bulletin_2018/table_0112.csv,ok,16,15,2,2,1,
extracted_tables/032_Health_Bulletin_2018/table_0113.csv,cleaned_tables/032_Health_Bulletin_2018/table_0113.csv,ok,15,14,2,2,1,
extracted_tables/032_Health_Bulletin_2018/table_0114.csv,cleaned_tables/032_Health_Bulletin_2018/table_0114.csv,ok,9,1,2,1,8,
extracted_tables/032_Health_Bulletin_2018/table_0115.csv,cleaned_tables/032_Health_Bulletin_2018/table_0115.csv,ok,13,1,2,1,12,
extracted_tables/032_Health_Bulletin_2018/table_0116.csv,cleaned_tables/032_Health_Bulletin_2018/table_0116.csv,ok,15,14,2,2,1,
extracted_tables/032_Health_Bulletin_2018/table_0117.csv,cleaned_tables/032_Health_Bulletin_2018/table_0117.csv,ok,16,15,2,2,1,
extracted_tables/032_Health_Bulletin_2018/table_0118.csv,cleaned_tables/032_Health_Bulletin_2018/table_0118.csv,ok,13,1,2,1,12,
extracted_tables/032_Health_Bulletin_2018/table_0119.csv,cleaned_tables/032_Health_Bulletin_2018/table_0119.csv,ok,11,0,6,0,11,
extracted_tables/032_Health_Bulletin_2018/table_0120.csv,cleaned_tables/032_Health_Bulletin_2018/table_0120.csv,ok,13,0,4,0,13,
extracted_tables/032_Health_Bulletin_2018/table_0121.csv,cleaned_tables/032_Health_Bulletin_2018/table_0121.csv,ok,12,11,7,7,1,
extracted_tables/032_Health_Bulletin_2018/table_0122.csv,cleaned_tables/032_Health_Bulletin_2018/table_0122.csv,ok,7,0,6,0,7,
extracted_tables/032_Health_Bulletin_2018/table_0123.csv,cleaned_tables/032_Health_Bulletin_2018/table_0123.csv,ok,3,0,5,0,3,
extracted_tables/032_Health_Bulletin_2018/table_0124.csv,cleaned_tables/032_Health_Bulletin_2018/table_0124.csv,ok,16,15,2,2,1,
extracted_tables/032_Health_Bulletin_2018/table_0125.csv,cleaned_tables/032_Health_Bulletin_2018/table_0125.csv,ok,14,13,2,2,1,
extracted_tables/032_Health_Bulletin_2018/table_0126.csv,cleaned_tables/032_Health_Bulletin_2018/table_0126.csv,ok,13,1,2,1,12,
extracted_tables/032_Health_Bulletin_2018/table_0127.csv,cleaned_tables/032_Health_Bulletin_2018/table_0127.csv,ok,13,1,2,1,12,
extracted_tables/032_Health_Bulletin_2018/table_0128.csv,cleaned_tables/032_Health_Bulletin_2018/table_0128.csv,ok,13,1,2,1,12,
extracted_tables/032_Health_Bulletin_2018/table_0129.csv,cleaned_tables/032_Health_Bulletin_2018/table_0129.csv,ok,16,15,3,3,1,
extracted_tables/032_Health_Bulletin_2018/table_0130.csv,cleaned_tables/032_Health_Bulletin_2018/table_0130.csv,ok,14,13,3,3,1,
extracted_tables/032_Health_Bulletin_2018/table_0131.csv,cleaned_tables/032_Health_Bulletin_2018/table_0131.csv,ok,13,1,2,1,12,
extracted_tables/032_Health_Bulletin_2018/table_0132.csv,cleaned_tables/032_Health_Bulletin_2018/table_0132.csv,ok,13,1,2,1,12,
extracted_tables/032_Health_Bulletin_2018/table_0133.csv,cleaned_tables/032_Health_Bulletin_2018/table_0133.csv,ok,8,7,3,3,1,
extracted_tables/032_Health_Bulletin_2018/table_0134.csv,cleaned_tables/032_Health_Bulletin_2018/table_0134.csv,ok,16,15,3,3,1,
extracted_tables/032_Health_Bulletin_2018/table_0135.csv,cleaned_tables/032_Health_Bulletin_2018/table_0135.csv,ok,13,1,2,1,12,
extracted_tables/032_Health_Bulletin_2018/table_0136.csv,cleaned_tables/032_Health_Bulletin_2018/table_0136.csv,ok,32,31,3,3,1,
extracted_tables/032_Health_Bulletin_2018/table_0137.csv,cleaned_tables/032_Health_Bulletin_2018/table_0137.csv,ok,31,30,3,3,1,
extracted_tables/032_Health_Bulletin_2018/table_0138.csv,cleaned_tables/032_Health_Bulletin_2018/table_0138.csv,ok,13,1,2,1,12,
extracted_tables/032_Health_Bulletin_2018/table_0139.csv,cleaned_tables/032_Health_Bulletin_2018/table_0139.csv,ok,6,5,5,5,1,
extracted_tables/032_Health_Bulletin_2018/table_0140.csv,cleaned_tables/032_Health_Bulletin_2018/table_0140.csv,ok,3,2,5,5,1,
extracted_tables/032_Health_Bulletin_2018/table_0141.csv,cleaned_tables/032_Health_Bulletin_2018/table_0141.csv,ok,3,2,5,5,1,
extracted_tables/032_Health_Bulletin_2018/table_0142.csv,cleaned_tables/032_Health_Bulletin_2018/table_0142.csv,ok,6,5,5,5,1,
extracted_tables/032_Health_Bulletin_2018/table_0143.csv,cleaned_tables/032_Health_Bulletin_2018/table_0143.csv,ok,13,1,2,1,12,
extracted_tables/032_Health_Bulletin_2018/table_0144.csv,cleaned_tables/032_Health_Bulletin_2018/table_0144.csv,ok,3,2,5,5,1,
extracted_tables/032_Health_Bulletin_2018/table_0145.csv,cleaned_tables/032_Health_Bulletin_2018/table_0145.csv,ok,3,2,5,5,1,
extracted_tables/032_Health_Bulletin_2018/table_0146.csv,cleaned_tables/032_Health_Bulletin_2018/table_0146.csv,ok,12,11,4,4,1,
extracted_tables/032_Health_Bulletin_2018/table_0147.csv,cleaned_tables/032_Health_Bulletin_2018/table_0147.csv,ok,13,1,2,1,12,
extracted_tables/032_Health_Bulletin_2018/table_0148.csv,cleaned_tables/032_Health_Bulletin_2018/table_0148.csv,ok,15,11,4,4,4,
extracted_tables/032_Health_Bulletin_2018/table_0149.csv,cleaned_tables/032_Health_Bulletin_2018/table_0149.csv,ok,12,12,2,2,0,
extracted_tables/032_Health_Bulletin_2018/table_0150.csv,cleaned_tables/032_Health_Bulletin_2018/table_0150.csv,ok,12,12,2,2,0,
extracted_tables/032_Health_Bulletin_2018/table_0151.csv,cleaned_tables/032_Health_Bulletin_2018/table_0151.csv,ok,13,1,2,1,12,
extracted_tables/032_Health_Bulletin_2018/table_0152.csv,cleaned_tables/032_Health_Bulletin_2018/table_0152.csv,ok,13,12,3,1,1,
extracted_tables/032_Health_Bulletin_2018/table_0153.csv,cleaned_tables/032_Health_Bulletin_2018/table_0153.csv,ok,13,1,2,1,12,
extracted_tables/032_Health_Bulletin_2018/table_0154.csv,cleaned_tables/032_Health_Bulletin_2018/table_0154.csv,ok,7,6,6,5,1,
extracted_tables/032_Health_Bulletin_2018/table_0155.csv,cleaned_tables/032_Health_Bulletin_2018/table_0155.csv,ok,16,15,4,3,1,
extracted_tables/032_Health_Bulletin_2018/table_0156.csv,cleaned_tables/032_Health_Bulletin_2018/table_0156.csv,ok,3,0,3,0,3,
extracted_tables/032_Health_Bulletin_2018/table_0157.csv,cleaned_tables/032_Health_Bulletin_2018/table_0157.csv,ok,3,0,3,0,3,
extracted_tables/032_Health_Bulletin_2018/table_0158.csv,cleaned_tables/032_Health_Bulletin_2018/table_0158.csv,ok,3,0,3,0,3,
extracted_tables/032_Health_Bulletin_2018/table_0159.csv,cleaned_tables/032_Health_Bulletin_2018/table_0159.csv,ok,2,1,4,3,1,
extracted_tables/032_Health_Bulletin_2018/table_0160.csv,cleaned_tables/032_Health_Bulletin_2018/table_0160.csv,ok,13,1,2,1,12,
extracted_tables/032_Health_Bulletin_2018/table_0161.csv,cleaned_tables/032_Health_Bulletin_2018/table_0161.csv,ok,10,9,4,3,1,
extracted_tables/032_Health_Bulletin_2018/table_0162.csv,cleaned_tables/032_Health_Bulletin_2018/table_0162.csv,ok,6,5,4,3,1,
extracted_tables/032_Health_Bulletin_2018/table_0163.csv,cleaned_tables/032_Health_Bulletin_2018/table_0163.csv,ok,3,0,3,0,3,
extracted_tables/032_Health_Bulletin_2018/table_0164.csv,cleaned_tables/032_Health_Bulletin_2018/table_0164.csv,ok,3,0,3,0,3,
extracted_tables/032_Health_Bulletin_2018/table_0165.csv,cleaned_tables/032_Health_Bulletin_2018/table_0165.csv,ok,2,0,2,0,2,
extracted_tables/032_Health_Bulletin_2018/table_0166.csv,cleaned_tables/032_Health_Bulletin_2018/table_0166.csv,ok,2,0,2,0,2,
extracted_tables/032_Health_Bulletin_2018/table_0167.csv,cleaned_tables/032_Health_Bulletin_2018/table_0167.csv,ok,13,1,2,1,12,
extracted_tables/032_Health_Bulletin_2018/table_0168.csv,cleaned_tables/032_Health_Bulletin_2018/table_0168.csv,ok,3,0,3,0,3,
extracted_tables/032_Health_Bulletin_2018/table_0169.csv,cleaned_tables/032_Health_Bulletin_2018/table_0169.csv,ok,2,0,2,0,2,
extracted_tables/032_Health_Bulletin_2018/table_0170.csv,cleaned_tables/032_Health_Bulletin_2018/table_0170.csv,ok,14,10,7,6,4,
extracted_tables/032_Health_Bulletin_2018/table_0171.csv,cleaned_tables/032_Health_Bulletin_2018/table_0171.csv,ok,13,1,2,1,12,
extracted_tables/032_Health_Bulletin_2018/table_0172.csv,cleaned_tables/032_Health_Bulletin_2018/table_0172.csv,ok,26,22,7,6,4,
extracted_tables/032_Health_Bulletin_2018/table_0173.csv,cleaned_tables/032_Health_Bulletin_2018/table_0173.csv,ok,13,1,2,1,12,
extracted_tables/032_Health_Bulletin_2018/table_0174.csv,cleaned_tables/032_Health_Bulletin_2018/table_0174.csv,ok,10,8,2,1,2,
extracted_tables/032_Health_Bulletin_2018/table_0175.csv,cleaned_tables/032_Health_Bulletin_2018/table_0175.csv,ok,4,3,5,5,1,
extracted_tables/032_Health_Bulletin_2018/table_0176.csv,cleaned_tables/032_Health_Bulletin_2018/table_0176.csv,ok,13,1,2,1,12,
extracted_tables/032_Health_Bulletin_2018/table_0177.csv,cleaned_tables/032_Health_Bulletin_2018/table_0177.csv,ok,13,1,2,1,12,
extracted_tables/032_Health_Bulletin_2018/table_0178.csv,cleaned_tables/032_Health_Bulletin_2018/table_0178.csv,ok,13,12,3,1,1,
extracted_tables/032_Health_Bulletin_2018/table_0179.csv,cleaned_tables/032_Health_Bulletin_2018/table_0179.csv,ok,13,1,2,1,12,
extracted_tables/032_Health_Bulletin_2018/table_0180.csv,cleaned_tables/032_Health_Bulletin_2018/table_0180.csv,ok,13,1,2,1,12,
extracted_tables/032_Health_Bulletin_2018/table_0181.csv,cleaned_tables/032_Health_Bulletin_2018/table_0181.csv,ok,4,3,3,1,1,
extracted_tables/032_Health_Bulletin_2018/table_0182.csv,cleaned_tables/032_Health_Bulletin_2018/table_0182.csv,ok,5,4,3,1,1,
extracted_tables/032_Health_Bulletin_2018/table_0183.csv,cleaned_tables/032_Health_Bulletin_2018/table_0183.csv,ok,6,5,2,1,1,
extracted_tables/032_Health_Bulletin_2018/table_0184.csv,cleaned_tables/032_Health_Bulletin_2018/table_0184.csv,ok,13,1,2,1,12,
extracted_tables/032_Health_Bulletin_2018/table_0185.csv,cleaned_tables/032_Health_Bulletin_2018/table_0185.csv,ok,14,13,4,3,1,
extracted_tables/032_Health_Bulletin_2018/table_0186.csv,cleaned_tables/032_Health_Bulletin_2018/table_0186.csv,ok,4,3,3,3,1,
extracted_tables/032_Health_Bulletin_2018/table_0187.csv,cleaned_tables/032_Health_Bulletin_2018/table_0187.csv,ok,5,4,9,9,1,
extracted_tables/032_Health_Bulletin_2018/table_0188.csv,cleaned_tables/032_Health_Bulletin_2018/table_0188.csv,ok,3,2,3,3,1,
extracted_tables/032_Health_Bulletin_2018/table_0189.csv,cleaned_tables/032_Health_Bulletin_2018/table_0189.csv,ok,4,3,2,2,1,
extracted_tables/032_Health_Bulletin_2018/table_0190.csv,cleaned_tables/032_Health_Bulletin_2018/table_0190.csv,ok,3,2,3,3,1,
extracted_tables/032_Health_Bulletin_2018/table_0191.csv,cleaned_tables/032_Health_Bulletin_2018/table_0191.csv,ok,5,5,2,2,0,
extracted_tables/032_Health_Bulletin_2018/table_0192.csv,cleaned_tables/032_Health_Bulletin_2018/table_0192.csv,ok,5,4,3,3,1,
extracted_tables/032_Health_Bulletin_2018/table_0193.csv,cleaned_tables/032_Health_Bulletin_2018/table_0193.csv,ok,13,13,5,5,0,
extracted_tables/032_Health_Bulletin_2018/table_0194.csv,cleaned_tables/032_Health_Bulletin_2018/table_0194.csv,ok,13,12,3,1,1,
extracted_tables/032_Health_Bulletin_2018/table_0195.csv,cleaned_tables/032_Health_Bulletin_2018/table_0195.csv,ok,13,1,2,1,12,
extracted_tables/032_Health_Bulletin_2018/table_0196.csv,cleaned_tables/032_Health_Bulletin_2018/table_0196.csv,ok,3,0,3,0,3,
extracted_tables/032_Health_Bulletin_2018/table_0197.csv,cleaned_tables/032_Health_Bulletin_2018/table_0197.csv,ok,13,1,2,1,12,
extracted_tables/032_Health_Bulletin_2018/table_0198.csv,cleaned_tables/032_Health_Bulletin_2018/table_0198.csv,ok,13,1,2,1,12,
extracted_tables/032_Health_Bulletin_2018/table_0199.csv,cleaned_tables/032_Health_Bulletin_2018/table_0199.csv,ok,13,1,2,1,12,
extracted_tables/032_Health_Bulletin_2018/table_0200.csv,cleaned_tables/032_Health_Bulletin_2018/table_0200.csv,ok,13,1,2,1,12,
extracted_tables/032_Health_Bulletin_2018/table_0201.csv,cleaned_tables/032_Health_Bulletin_2018/table_0201.csv,ok,3,0,3,0,3,
extracted_tables/032_Health_Bulletin_2018/table_0202.csv,cleaned_tables/032_Health_Bulletin_2018/table_0202.csv,ok,13,1,2,1,12,
extracted_tables/032_Health_Bulletin_2018/table_0203.csv,cleaned_tables/032_Health_Bulletin_2018/table_0203.csv,ok,2,0,2,0,2,
extracted_tables/032_Health_Bulletin_2018/table_0204.csv,cleaned_tables/032_Health_Bulletin_2018/table_0204.csv,ok,2,0,2,0,2,
extracted_tables/032_Health_Bulletin_2018/table_0205.csv,cleaned_tables/032_Health_Bulletin_2018/table_0205.csv,ok,2,0,2,0,2,
extracted_tables/032_Health_Bulletin_2018/table_0206.csv,cleaned_tables/032_Health_Bulletin_2018/table_0206.csv,ok,2,0,2,0,2,
extracted_tables/032_Health_Bulletin_2018/table_0207.csv,cleaned_tables/032_Health_Bulletin_2018/table_0207.csv,ok,13,1,2,1,12,
extracted_tables/032_Health_Bulletin_2018/table_0208.csv,cleaned_tables/032_Health_Bulletin_2018/table_0208.csv,ok,2,0,2,0,2,
extracted_tables/032_Health_Bulletin_2018/table_0209.csv,cleaned_tables/032_Health_Bulletin_2018/table_0209.csv,ok,2,0,2,0,2,
extracted_tables/032_Health_Bulletin_2018/table_0210.csv,cleaned_tables/032_Health_Bulletin_2018/table_0210.csv,ok,2,0,2,0,2,
extracted_tables/032_Health_Bulletin_2018/table_0211.csv,cleaned_tables/032_Health_Bulletin_2018/table_0211.csv,ok,13,1,2,1,12,
extracted_tables/032_Health_Bulletin_2018/table_0212.csv,cleaned_tables/032_Health_Bulletin_2018/table_0212.csv,ok,3,0,3,0,3,
extracted_tables/032_Health_Bulletin_2018/table_0213.csv,cleaned_tables/032_Health_Bulletin_2018/table_0213.csv,ok,3,0,3,0,3,
extracted_tables/032_Health_Bulletin_2018/table_0214.csv,cleaned_tables/032_Health_Bulletin_2018/table_0214.csv,ok,13,1,2,1,12,
extracted_tables/032_Health_Bulletin_2018/table_0215.csv,cleaned_tables/032_Health_Bulletin_2018/table_0215.csv,ok,5,0,15,0,5,
extracted_tables/032_Health_Bulletin_2018/table_0216.csv,cleaned_tables/032_Health_Bulletin_2018/table_0216.csv,ok,13,1,2,1,12,
extracted_tables/032_Health_Bulletin_2018/table_0217.csv,cleaned_tables/032_Health_Bulletin_2018/table_0217.csv,ok,13,1,2,1,12,
extracted_tables/032_Health_Bulletin_2018/table_0218.csv,cleaned_tables/032_Health_Bulletin_2018/table_0218.csv,ok,11,10,5,4,1,
extracted_tables/032_Health_Bulletin_2018/table_0219.csv,cleaned_tables/032_Health_Bulletin_2018/table_0219.csv,ok,13,1,2,1,12,
extracted_tables/032_Health_Bulletin_2018/table_0220.csv,cleaned_tables/032_Health_Bulletin_2018/table_0220.csv,ok,5,3,3,3,2,
extracted_tables/032_Health_Bulletin_2018/table_0221.csv,cleaned_tables/032_Health_Bulletin_2018/table_0221.csv,ok,13,1,2,1,12,
extracted_tables/032_Health_Bulletin_2018/table_0222.csv,cleaned_tables/032_Health_Bulletin_2018/table_0222.csv,ok,13,1,2,1,12,
extracted_tables/032_Health_Bulletin_2018/table_0223.csv,cleaned_tables/032_Health_Bulletin_2018/table_0223.csv,ok,13,12,3,1,1,
extracted_tables/032_Health_Bulletin_2018/table_0224.csv,cleaned_tables/032_Health_Bulletin_2018/table_0224.csv,ok,13,1,2,1,12,
extracted_tables/032_Health_Bulletin_2018/table_0225.csv,cleaned_tables/032_Health_Bulletin_2018/table_0225.csv,ok,13,1,2,1,12,
extracted_tables/032_Health_Bulletin_2018/table_0226.csv,cleaned_tables/032_Health_Bulletin_2018/table_0226.csv,ok,13,1,2,1,12,
extracted_tables/032_Health_Bulletin_2018/table_0227.csv,cleaned_tables/032_Health_Bulletin_2018/table_0227.csv,ok,13,12,3,1,1,
extracted_tables/032_Health_Bulletin_2018/table_0228.csv,cleaned_tables/032_Health_Bulletin_2018/table_0228.csv,ok,14,1,2,1,13,
extracted_tables/032_Health_Bulletin_2018/table_0229.csv,cleaned_tables/032_Health_Bulletin_2018/table_0229.csv,ok,2,0,3,0,2,
extracted_tables/032_Health_Bulletin_2018/table_0230.csv,cleaned_tables/032_Health_Bulletin_2018/table_0230.csv,ok,2,0,3,0,2,
extracted_tables/032_Health_Bulletin_2018/table_0231.csv,cleaned_tables/032_Health_Bulletin_2018/table_0231.csv,ok,2,0,3,0,2,
extracted_tables/032_Health_Bulletin_2018/table_0232.csv,cleaned_tables/032_Health_Bulletin_2018/table_0232.csv,ok,8,7,5,5,1,
extracted_tables/032_Health_Bulletin_2018/table_0233.csv,cleaned_tables/032_Health_Bulletin_2018/table_0233.csv,ok,13,1,2,1,12,
extracted_tables/032_Health_Bulletin_2018/table_0234.csv,cleaned_tables/032_Health_Bulletin_2018/table_0234.csv,ok,11,10,5,5,1,
extracted_tables/032_Health_Bulletin_2018/table_0235.csv,cleaned_tables/032_Health_Bulletin_2018/table_0235.csv,ok,2,0,2,0,2,
extracted_tables/032_Health_Bulletin_2018/table_0236.csv,cleaned_tables/032_Health_Bulletin_2018/table_0236.csv,ok,3,0,3,0,3,
extracted_tables/032_Health_Bulletin_2018/table_0237.csv,cleaned_tables/032_Health_Bulletin_2018/table_0237.csv,ok,3,0,3,0,3,
extracted_tables/032_Health_Bulletin_2018/table_0238.csv,cleaned_tables/032_Health_Bulletin_2018/table_0238.csv,ok,13,1,2,1,12,
extracted_tables/032_Health_Bulletin_2018/table_0239.csv,cleaned_tables/032_Health_Bulletin_2018/table_0239.csv,ok,2,0,2,0,2,
extracted_tables/032_Health_Bulletin_2018/table_0240.csv,cleaned_tables/032_Health_Bulletin_2018/table_0240.csv,ok,2,0,2,0,2,
extracted_tables/032_Health_Bulletin_2018/table_0241.csv,cleaned_tables/032_Health_Bulletin_2018/table_0241.csv,ok,7,6,5,5,1,
extracted_tables/032_Health_Bulletin_2018/table_0242.csv,cleaned_tables/032_Health_Bulletin_2018/table_0242.csv,ok,13,1,2,1,12,
extracted_tables/032_Health_Bulletin_2018/table_0243.csv,cleaned_tables/032_Health_Bulletin_2018/table_0243.csv,ok,21,20,6,6,1,
extracted_tables/032_Health_Bulletin_2018/table_0244.csv,cleaned_tables/032_Health_Bulletin_2018/table_0244.csv,ok,16,15,4,4,1,
extracted_tables/032_Health_Bulletin_2018/table_0245.csv,cleaned_tables/032_Health_Bulletin_2018/table_0245.csv,ok,13,1,2,1,12,
extracted_tables/032_Health_Bulletin_2018/table_0246.csv,cleaned_tables/032_Health_Bulletin_2018/table_0246.csv,ok,13,12,3,3,1,
extracted_tables/032_Health_Bulletin_2018/table_0247.csv,cleaned_tables/032_Health_Bulletin_2018/table_0247.csv,ok,13,12,3,1,1,
extracted_tables/032_Health_Bulletin_2018/table_0248.csv,cleaned_tables/032_Health_Bulletin_2018/table_0248.csv,ok,8,7,2,2,1,
extracted_tables/032_Health_Bulletin_2018/table_0249.csv,cleaned_tables/032_Health_Bulletin_2018/table_0249.csv,ok,13,1,2,1,12,
extracted_tables/032_Health_Bulletin_2018/table_0250.csv,cleaned_tables/032_Health_Bulletin_2018/table_0250.csv,ok,6,5,2,2,1,
extracted_tables/032_Health_Bulletin_2018/table_0251.csv,cleaned_tables/032_Health_Bulletin_2018/table_0251.csv,ok,5,4,4,4,1,
extracted_tables/032_Health_Bulletin_2018/table_0252.csv,cleaned_tables/032_Health_Bulletin_2018/table_0252.csv,ok,4,3,2,2,1,
extracted_tables/032_Health_Bulletin_2018/table_0253.csv,cleaned_tables/032_Health_Bulletin_2018/table_0253.csv,ok,5,4,2,2,1,
extracted_tables/032_Health_Bulletin_2018/table_0254.csv,cleaned_tables/032_Health_Bulletin_2018/table_0254.csv,ok,5,4,2,2,1,
extracted_tables/032_Health_Bulletin_2018/table_0255.csv,cleaned_tables/032_Health_Bulletin_2018/table_0255.csv,ok,4,3,2,2,1,
extracted_tables/032_Health_Bulletin_2018/table_0256.csv,cleaned_tables/032_Health_Bulletin_2018/table_0256.csv,ok,13,1,2,1,12,
extracted_tables/032_Health_Bulletin_2018/table_0257.csv,cleaned_tables/032_Health_Bulletin_2018/table_0257.csv,ok,4,3,3,3,1,
extracted_tables/032_Health_Bulletin_2018/table_0258.csv,cleaned_tables/032_Health_Bulletin_2018/table_0258.csv,ok,11,10,9,9,1,
extracted_tables/032_Health_Bulletin_2018/table_0259.csv,cleaned_tables/032_Health_Bulletin_2018/table_0259.csv,ok,6,5,2,2,1,
extracted_tables/032_Health_Bulletin_2018/table_0260.csv,cleaned_tables/032_Health_Bulletin_2018/table_0260.csv,ok,6,5,2,2,1,
extracted_tables/032_Health_Bulletin_2018/table_0261.csv,cleaned_tables/032_Health_Bulletin_2018/table_0261.csv,ok,12,1,2,1,11,
extracted_tables/032_Health_Bulletin_2018/table_0262.csv,cleaned_tables/032_Health_Bulletin_2018/table_0262.csv,ok,12,11,2,2,1,
extracted_tables/032_Health_Bulletin_2018/table_0263.csv,cleaned_tables/032_Health_Bulletin_2018/table_0263.csv,ok,9,8,2,2,1,
extracted_tables/032_Health_Bulletin_2018/table_0264.csv,cleaned_tables/032_Health_Bulletin_2018/table_0264.csv,ok,13,12,2,2,1,
extracted_tables/032_Health_Bulletin_2018/table_0265.csv,cleaned_tables/032_Health_Bulletin_2018/table_0265.csv,ok,9,8,2,2,1,
extracted_tables/032_Health_Bulletin_2018/table_0266.csv,cleaned_tables/032_Health_Bulletin_2018/table_0266.csv,ok,13,1,2,1,12,
extracted_tables/032_Health_Bulletin_2018/table_0267.csv,cleaned_tables/032_Health_Bulletin_2018/table_0267.csv,ok,5,4,2,2,1,
extracted_tables/032_Health_Bulletin_2018/table_0268.csv,cleaned_tables/032_Health_Bulletin_2018/table_0268.csv,ok,4,3,2,2,1,
extracted_tables/032_Health_Bulletin_2018/table_0269.csv,cleaned_tables/032_Health_Bulletin_2018/table_0269.csv,ok,4,3,3,3,1,
extracted_tables/032_Health_Bulletin_2018/table_0270.csv,cleaned_tables/032_Health_Bulletin_2018/table_0270.csv,ok,6,5,2,2,1,
extracted_tables/033_Health_Bulletin_2017/table_0001.csv,cleaned_tables/033_Health_Bulletin_2017/table_0001.csv,ok,13,13,7,7,0,
extracted_tables/033_Health_Bulletin_2017/table_0002.csv,cleaned_tables/033_Health_Bulletin_2017/table_0002.csv,ok,3,3,2,2,0,
extracted_tables/033_Health_Bulletin_2017/table_0003.csv,cleaned_tables/033_Health_Bulletin_2017/table_0003.csv,ok,2,1,9,4,1,
extracted_tables/033_Health_Bulletin_2017/table_0004.csv,cleaned_tables/033_Health_Bulletin_2017/table_0004.csv,ok,18,18,2,2,0,
extracted_tables/033_Health_Bulletin_2017/table_0005.csv,cleaned_tables/033_Health_Bulletin_2017/table_0005.csv,ok,14,14,2,2,0,
extracted_tables/033_Health_Bulletin_2017/table_0006.csv,cleaned_tables/033_Health_Bulletin_2017/table_0006.csv,ok,10,10,5,5,0,
extracted_tables/033_Health_Bulletin_2017/table_0007.csv,cleaned_tables/033_Health_Bulletin_2017/table_0007.csv,ok,9,9,5,5,0,
extracted_tables/033_Health_Bulletin_2017/table_0008.csv,cleaned_tables/033_Health_Bulletin_2017/table_0008.csv,ok,6,6,5,5,0,
extracted_tables/033_Health_Bulletin_2017/table_0009.csv,cleaned_tables/033_Health_Bulletin_2017/table_0009.csv,ok,11,11,5,5,0,
extracted_tables/033_Health_Bulletin_2017/table_0010.csv,cleaned_tables/033_Health_Bulletin_2017/table_0010.csv,ok,8,8,5,5,0,
extracted_tables/033_Health_Bulletin_2017/table_0011.csv,cleaned_tables/033_Health_Bulletin_2017/table_0011.csv,ok,6,6,5,5,0,
extracted_tables/033_Health_Bulletin_2017/table_0012.csv,cleaned_tables/033_Health_Bulletin_2017/table_0012.csv,ok,8,8,5,5,0,
extracted_tables/033_Health_Bulletin_2017/table_0013.csv,cleaned_tables/033_Health_Bulletin_2017/table_0013.csv,ok,22,22,5,5,0,
extracted_tables/033_Health_Bulletin_2017/table_0014.csv,cleaned_tables/033_Health_Bulletin_2017/table_0014.csv,ok,10,10,3,3,0,
extracted_tables/033_Health_Bulletin_2017/table_0015.csv,cleaned_tables/033_Health_Bulletin_2017/table_0015.csv,ok,12,12,9,9,0,
extracted_tables/033_Health_Bulletin_2017/table_0016.csv,cleaned_tables/033_Health_Bulletin_2017/table_0016.csv,ok,2,0,2,0,2,
extracted_tables/033_Health_Bulletin_2017/table_0017.csv,cleaned_tables/033_Health_Bulletin_2017/table_0017.csv,ok,10,10,2,2,0,
extracted_tables/033_Health_Bulletin_2017/table_0018.csv,cleaned_tables/033_Health_Bulletin_2017/table_0018.csv,ok,20,20,2,2,0,
extracted_tables/033_Health_Bulletin_2017/table_0019.csv,cleaned_tables/033_Health_Bulletin_2017/table_0019.csv,ok,10,10,2,2,0,
extracted_tables/033_Health_Bulletin_2017/table_0020.csv,cleaned_tables/033_Health_Bulletin_2017/table_0020.csv,ok,4,4,10,10,0,
extracted_tables/033_Health_Bulletin_2017/table_0021.csv,cleaned_tables/033_Health_Bulletin_2017/table_0021.csv,ok,5,5,12,12,0,
extracted_tables/033_Health_Bulletin_2017/table_0022.csv,cleaned_tables/033_Health_Bulletin_2017/table_0022.csv,ok,3,0,3,0,3,
extracted_tables/033_Health_Bulletin_2017/table_0023.csv,cleaned_tables/033_Health_Bulletin_2017/table_0023.csv,ok,21,21,3,3,0,
extracted_tables/033_Health_Bulletin_2017/table_0024.csv,cleaned_tables/033_Health_Bulletin_2017/table_0024.csv,ok,11,11,6,6,0,
extracted_tables/033_Health_Bulletin_2017/table_0025.csv,cleaned_tables/033_Health_Bulletin_2017/table_0025.csv,ok,11,11,6,6,0,
extracted_tables/033_Health_Bulletin_2017/table_0026.csv,cleaned_tables/033_Health_Bulletin_2017/table_0026.csv,ok,15,15,3,3,0,
extracted_tables/033_Health_Bulletin_2017/table_0027.csv,cleaned_tables/033_Health_Bulletin_2017/table_0027.csv,ok,15,15,4,4,0,
extracted_tables/033_Health_Bulletin_2017/table_0028.csv,cleaned_tables/033_Health_Bulletin_2017/table_0028.csv,ok,2,0,2,0,2,
extracted_tables/033_Health_Bulletin_2017/table_0029.csv,cleaned_tables/033_Health_Bulletin_2017/table_0029.csv,ok,2,0,2,0,2,
extracted_tables/033_Health_Bulletin_2017/table_0030.csv,cleaned_tables/033_Health_Bulletin_2017/table_0030.csv,ok,2,0,2,0,2,
extracted_tables/033_Health_Bulletin_2017/table_0031.csv,cleaned_tables/033_Health_Bulletin_2017/table_0031.csv,ok,2,0,2,0,2,
extracted_tables/033_Health_Bulletin_2017/table_0032.csv,cleaned_tables/033_Health_Bulletin_2017/table_0032.csv,ok,15,15,8,8,0,
extracted_tables/033_Health_Bulletin_2017/table_0033.csv,cleaned_tables/033_Health_Bulletin_2017/table_0033.csv,ok,2,0,2,0,2,
extracted_tables/033_Health_Bulletin_2017/table_0034.csv,cleaned_tables/033_Health_Bulletin_2017/table_0034.csv,ok,2,0,2,0,2,
extracted_tables/033_Health_Bulletin_2017/table_0035.csv,cleaned_tables/033_Health_Bulletin_2017/table_0035.csv,ok,2,0,2,0,2,
extracted_tables/033_Health_Bulletin_2017/table_0036.csv,cleaned_tables/033_Health_Bulletin_2017/table_0036.csv,ok,15,15,8,8,0,
extracted_tables/033_Health_Bulletin_2017/table_0037.csv,cleaned_tables/033_Health_Bulletin_2017/table_0037.csv,ok,2,0,2,0,2,
extracted_tables/033_Health_Bulletin_2017/table_0038.csv,cleaned_tables/033_Health_Bulletin_2017/table_0038.csv,ok,2,0,2,0,2,
extracted_tables/033_Health_Bulletin_2017/table_0039.csv,cleaned_tables/033_Health_Bulletin_2017/table_0039.csv,ok,3,0,3,0,3,
extracted_tables/033_Health_Bulletin_2017/table_0040.csv,cleaned_tables/033_Health_Bulletin_2017/table_0040.csv,ok,4,3,11,11,1,
extracted_tables/033_Health_Bulletin_2017/table_0041.csv,cleaned_tables/033_Health_Bulletin_2017/table_0041.csv,ok,2,0,2,0,2,
extracted_tables/033_Health_Bulletin_2017/table_0042.csv,cleaned_tables/033_Health_Bulletin_2017/table_0042.csv,ok,2,0,2,0,2,
extracted_tables/033_Health_Bulletin_2017/table_0043.csv,cleaned_tables/033_Health_Bulletin_2017/table_0043.csv,ok,8,8,3,3,0,
extracted_tables/033_Health_Bulletin_2017/table_0044.csv,cleaned_tables/033_Health_Bulletin_2017/table_0044.csv,ok,8,8,5,5,0,
extracted_tables/033_Health_Bulletin_2017/table_0045.csv,cleaned_tables/033_Health_Bulletin_2017/table_0045.csv,ok,8,8,6,6,0,
extracted_tables/033_Health_Bulletin_2017/table_0046.csv,cleaned_tables/033_Health_Bulletin_2017/table_0046.csv,ok,9,9,9,9,0,
extracted_tables/033_Health_Bulletin_2017/table_0047.csv,cleaned_tables/033_Health_Bulletin_2017/table_0047.csv,ok,4,0,4,0,4,
extracted_tables/033_Health_Bulletin_2017/table_0048.csv,cleaned_tables/033_Health_Bulletin_2017/table_0048.csv,ok,2,0,4,0,2,
extracted_tables/033_Health_Bulletin_2017/table_0049.csv,cleaned_tables/033_Health_Bulletin_2017/table_0049.csv,ok,2,0,4,0,2,
extracted_tables/033_Health_Bulletin_2017/table_0050.csv,cleaned_tables/033_Health_Bulletin_2017/table_0050.csv,ok,20,20,6,6,0,
extracted_tables/033_Health_Bulletin_2017/table_0051.csv,cleaned_tables/033_Health_Bulletin_2017/table_0051.csv,ok,11,10,14,13,1,
extracted_tables/033_Health_Bulletin_2017/table_0052.csv,cleaned_tables/033_Health_Bulletin_2017/table_0052.csv,ok,7,7,5,5,0,
extracted_tables/033_Health_Bulletin_2017/table_0053.csv,cleaned_tables/033_Health_Bulletin_2017/table_0053.csv,ok,14,14,7,7,0,
extracted_tables/033_Health_Bulletin_2017/table_0054.csv,cleaned_tables/033_Health_Bulletin_2017/table_0054.csv,ok,21,21,7,7,0,
extracted_tables/033_Health_Bulletin_2017/table_0055.csv,cleaned_tables/033_Health_Bulletin_2017/table_0055.csv,ok,12,12,7,7,0,
extracted_tables/033_Health_Bulletin_2017/table_0056.csv,cleaned_tables/033_Health_Bulletin_2017/table_0056.csv,ok,18,18,6,6,0,
extracted_tables/033_Health_Bulletin_2017/table_0057.csv,cleaned_tables/033_Health_Bulletin_2017/table_0057.csv,ok,24,22,7,7,2,
extracted_tables/033_Health_Bulletin_2017/table_0058.csv,cleaned_tables/033_Health_Bulletin_2017/table_0058.csv,ok,6,6,3,3,0,
extracted_tables/033_Health_Bulletin_2017/table_0059.csv,cleaned_tables/033_Health_Bulletin_2017/table_0059.csv,ok,7,7,3,3,0,
extracted_tables/033_Health_Bulletin_2017/table_0060.csv,cleaned_tables/033_Health_Bulletin_2017/table_0060.csv,ok,6,6,3,3,0,
extracted_tables/033_Health_Bulletin_2017/table_0061.csv,cleaned_tables/033_Health_Bulletin_2017/table_0061.csv,ok,5,5,3,3,0,
extracted_tables/033_Health_Bulletin_2017/table_0062.csv,cleaned_tables/033_Health_Bulletin_2017/table_0062.csv,ok,9,9,8,8,0,
extracted_tables/033_Health_Bulletin_2017/table_0063.csv,cleaned_tables/033_Health_Bulletin_2017/table_0063.csv,ok,15,15,4,4,0,
extracted_tables/033_Health_Bulletin_2017/table_0064.csv,cleaned_tables/033_Health_Bulletin_2017/table_0064.csv,ok,16,16,4,4,0,
extracted_tables/033_Health_Bulletin_2017/table_0065.csv,cleaned_tables/033_Health_Bulletin_2017/table_0065.csv,ok,6,6,9,9,0,
extracted_tables/033_Health_Bulletin_2017/table_0066.csv,cleaned_tables/033_Health_Bulletin_2017/table_0066.csv,ok,47,47,4,4,0,
extracted_tables/033_Health_Bulletin_2017/table_0067.csv,cleaned_tables/033_Health_Bulletin_2017/table_0067.csv,ok,2,2,2,2,0,
extracted_tables/033_Health_Bulletin_2017/table_0068.csv,cleaned_tables/033_Health_Bulletin_2017/table_0068.csv,ok,2,1,2,1,1,
extracted_tables/033_Health_Bulletin_2017/table_0069.csv,cleaned_tables/033_Health_Bulletin_2017/table_0069.csv,ok,2,0,2,0,2,
extracted_tables/033_Health_Bulletin_2017/table_0070.csv,cleaned_tables/033_Health_Bulletin_2017/table_0070.csv,ok,2,0,2,0,2,
extracted_tables/033_Health_Bulletin_2017/table_0071.csv,cleaned_tables/033_Health_Bulletin_2017/table_0071.csv,ok,15,14,5,4,1,
extracted_tables/033_Health_Bulletin_2017/table_0072.csv,cleaned_tables/033_Health_Bulletin_2017/table_0072.csv,ok,7,6,9,7,1,
extracted_tables/033_Health_Bulletin_2017/table_0073.csv,cleaned_tables/033_Health_Bulletin_2017/table_0073.csv,ok,7,6,6,5,1,
extracted_tables/033_Health_Bulletin_2017/table_0074.csv,cleaned_tables/033_Health_Bulletin_2017/table_0074.csv,ok,8,8,8,8,0,
extracted_tables/033_Health_Bulletin_2017/table_0075.csv,cleaned_tables/033_Health_Bulletin_2017/table_0075.csv,ok,32,32,3,3,0,
extracted_tables/033_Health_Bulletin_2017/table_0076.csv,cleaned_tables/033_Health_Bulletin_2017/table_0076.csv,ok,41,41,3,3,0,
extracted_tables/033_Health_Bulletin_2017/table_0077.csv,cleaned_tables/033_Health_Bulletin_2017/table_0077.csv,ok,36,36,3,3,0,
extracted_tables/033_Health_Bulletin_2017/table_0078.csv,cleaned_tables/033_Health_Bulletin_2017/table_0078.csv,ok,38,35,3,3,3,
extracted_tables/033_Health_Bulletin_2017/table_0079.csv,cleaned_tables/033_Health_Bulletin_2017/table_0079.csv,ok,41,41,3,3,0,
extracted_tables/033_Health_Bulletin_2017/table_0080.csv,cleaned_tables/033_Health_Bulletin_2017/table_0080.csv,ok,40,40,3,3,0,
extracted_tables/033_Health_Bulletin_2017/table_0081.csv,cleaned_tables/033_Health_Bulletin_2017/table_0081.csv,ok,41,41,3,3,0,
extracted_tables/033_Health_Bulletin_2017/table_0082.csv,cleaned_tables/033_Health_Bulletin_2017/table_0082.csv,ok,39,39,3,3,0,
extracted_tables/033_Health_Bulletin_2017/table_0083.csv,cleaned_tables/033_Health_Bulletin_2017/table_0083.csv,ok,41,40,3,3,1,
extracted_tables/033_Health_Bulletin_2017/table_0084.csv,cleaned_tables/033_Health_Bulletin_2017/table_0084.csv,ok,40,40,3,3,0,
extracted_tables/033_Health_Bulletin_2017/table_0085.csv,cleaned_tables/033_Health_Bulletin_2017/table_0085.csv,ok,39,39,3,3,0,
extracted_tables/033_Health_Bulletin_2017/table_0086.csv,cleaned_tables/033_Health_Bulletin_2017/table_0086.csv,ok,38,38,3,3,0,
extracted_tables/033_Health_Bulletin_2017/table_0087.csv,cleaned_tables/033_Health_Bulletin_2017/table_0087.csv,ok,14,14,3,3,0,
extracted_tables/033_Health_Bulletin_2017/table_0088.csv,cleaned_tables/033_Health_Bulletin_2017/table_0088.csv,ok,2,1,2,1,1,
extracted_tables/033_Health_Bulletin_2017/table_0089.csv,cleaned_tables/033_Health_Bulletin_2017/table_0089.csv,ok,3,2,4,4,1,
extracted_tables/033_Health_Bulletin_2017/table_0090.csv,cleaned_tables/033_Health_Bulletin_2017/table_0090.csv,ok,5,4,3,3,1,
extracted_tables/033_Health_Bulletin_2017/table_0091.csv,cleaned_tables/033_Health_Bulletin_2017/table_0091.csv,ok,3,2,2,2,1,
extracted_tables/033_Health_Bulletin_2017/table_0092.csv,cleaned_tables/033_Health_Bulletin_2017/table_0092.csv,ok,7,6,2,2,1,
extracted_tables/033_Health_Bulletin_2017/table_0093.csv,cleaned_tables/033_Health_Bulletin_2017/table_0093.csv,ok,4,3,2,2,1,
extracted_tables/033_Health_Bulletin_2017/table_0094.csv,cleaned_tables/033_Health_Bulletin_2017/table_0094.csv,ok,18,18,7,7,0,
extracted_tables/033_Health_Bulletin_2017/table_0095.csv,cleaned_tables/033_Health_Bulletin_2017/table_0095.csv,ok,8,8,7,7,0,
extracted_tables/033_Health_Bulletin_2017/table_0096.csv,cleaned_tables/033_Health_Bulletin_2017/table_0096.csv,ok,29,29,6,6,0,
extracted_tables/033_Health_Bulletin_2017/table_0097.csv,cleaned_tables/033_Health_Bulletin_2017/table_0097.csv,ok,13,12,20,19,1,
extracted_tables/033_Health_Bulletin_2017/table_0098.csv,cleaned_tables/033_Health_Bulletin_2017/table_0098.csv,ok,2,0,2,0,2,
extracted_tables/033_Health_Bulletin_2017/table_0099.csv,cleaned_tables/033_Health_Bulletin_2017/table_0099.csv,ok,18,18,6,6,0,
extracted_tables/033_Health_Bulletin_2017/table_0100.csv,cleaned_tables/033_Health_Bulletin_2017/table_0100.csv,ok,9,9,6,6,0,
extracted_tables/033_Health_Bulletin_2017/table_0101.csv,cleaned_tables/033_Health_Bulletin_2017/table_0101.csv,ok,19,19,10,10,0,
extracted_tables/033_Health_Bulletin_2017/table_0102.csv,cleaned_tables/033_Health_Bulletin_2017/table_0102.csv,ok,14,14,10,10,0,
extracted_tables/033_Health_Bulletin_2017/table_0103.csv,cleaned_tables/033_Health_Bulletin_2017/table_0103.csv,ok,4,4,2,2,0,
extracted_tables/033_Health_Bulletin_2017/table_0104.csv,cleaned_tables/033_Health_Bulletin_2017/table_0104.csv,ok,10,10,2,2,0,
extracted_tables/033_Health_Bulletin_2017/table_0105.csv,cleaned_tables/033_Health_Bulletin_2017/table_0105.csv,ok,16,16,4,4,0,
extracted_tables/033_Health_Bulletin_2017/table_0106.csv,cleaned_tables/033_Health_Bulletin_2017/table_0106.csv,ok,8,8,2,2,0,
extracted_tables/033_Health_Bulletin_2017/table_0107.csv,cleaned_tables/033_Health_Bulletin_2017/table_0107.csv,ok,8,8,3,3,0,
extracted_tables/033_Health_Bulletin_2017/table_0108.csv,cleaned_tables/033_Health_Bulletin_2017/table_0108.csv,ok,6,6,3,3,0,
extracted_tables/033_Health_Bulletin_2017/table_0109.csv,cleaned_tables/033_Health_Bulletin_2017/table_0109.csv,ok,11,11,5,5,0,
extracted_tables/033_Health_Bulletin_2017/table_0110.csv,cleaned_tables/033_Health_Bulletin_2017/table_0110.csv,ok,15,15,4,4,0,
extracted_tables/033_Health_Bulletin_2017/table_0111.csv,cleaned_tables/033_Health_Bulletin_2017/table_0111.csv,ok,14,14,3,3,0,
extracted_tables/033_Health_Bulletin_2017/table_0112.csv,cleaned_tables/033_Health_Bulletin_2017/table_0112.csv,ok,23,23,3,3,0,
extracted_tables/033_Health_Bulletin_2017/table_0113.csv,cleaned_tables/033_Health_Bulletin_2017/table_0113.csv,ok,5,4,15,1,1,
extracted_tables/033_Health_Bulletin_2017/table_0114.csv,cleaned_tables/033_Health_Bulletin_2017/table_0114.csv,ok,20,20,9,9,0,
extracted_tables/033_Health_Bulletin_2017/table_0115.csv,cleaned_tables/033_Health_Bulletin_2017/table_0115.csv,ok,14,14,2,2,0,
extracted_tables/033_Health_Bulletin_2017/table_0116.csv,cleaned_tables/033_Health_Bulletin_2017/table_0116.csv,ok,18,18,6,6,0,
extracted_tables/033_Health_Bulletin_2017/table_0117.csv,cleaned_tables/033_Health_Bulletin_2017/table_0117.csv,ok,2,1,2,1,1,
extracted_tables/033_Health_Bulletin_2017/table_0118.csv,cleaned_tables/033_Health_Bulletin_2017/table_0118.csv,ok,23,23,5,5,0,
extracted_tables/033_Health_Bulletin_2017/table_0119.csv,cleaned_tables/033_Health_Bulletin_2017/table_0119.csv,ok,36,0,12,0,36,
extracted_tables/033_Health_Bulletin_2017/table_0120.csv,cleaned_tables/033_Health_Bulletin_2017/table_0120.csv,ok,25,0,9,0,25,
extracted_tables/033_Health_Bulletin_2017/table_0121.csv,cleaned_tables/033_Health_Bulletin_2017/table_0121.csv,ok,2,1,2,1,1,
extracted_tables/033_Health_Bulletin_2017/table_0122.csv,cleaned_tables/033_Health_Bulletin_2017/table_0122.csv,ok,20,20,6,6,0,
extracted_tables/033_Health_Bulletin_2017/table_0123.csv,cleaned_tables/033_Health_Bulletin_2017/table_0123.csv,ok,15,15,7,7,0,
extracted_tables/033_Health_Bulletin_2017/table_0124.csv,cleaned_tables/033_Health_Bulletin_2017/table_0124.csv,ok,3,2,18,18,1,
extracted_tables/033_Health_Bulletin_2017/table_0125.csv,cleaned_tables/033_Health_Bulletin_2017/table_0125.csv,ok,14,14,4,4,0,
extracted_tables/033_Health_Bulletin_2017/table_0126.csv,cleaned_tables/033_Health_Bulletin_2017/table_0126.csv,ok,16,16,2,2,0,
extracted_tables/033_Health_Bulletin_2017/table_0127.csv,cleaned_tables/033_Health_Bulletin_2017/table_0127.csv,ok,7,7,3,3,0,
extracted_tables/033_Health_Bulletin_2017/table_0128.csv,cleaned_tables/033_Health_Bulletin_2017/table_0128.csv,ok,6,0,9,0,6,
extracted_tables/033_Health_Bulletin_2017/table_0129.csv,cleaned_tables/033_Health_Bulletin_2017/table_0129.csv,ok,11,11,3,3,0,
extracted_tables/033_Health_Bulletin_2017/table_0130.csv,cleaned_tables/033_Health_Bulletin_2017/table_0130.csv,ok,7,7,5,5,0,
extracted_tables/033_Health_Bulletin_2017/table_0131.csv,cleaned_tables/033_Health_Bulletin_2017/table_0131.csv,ok,8,8,9,9,0,
extracted_tables/033_Health_Bulletin_2017/table_0132.csv,cleaned_tables/033_Health_Bulletin_2017/table_0132.csv,ok,28,28,7,7,0,
extracted_tables/033_Health_Bulletin_2017/table_0133.csv,cleaned_tables/033_Health_Bulletin_2017/table_0133.csv,ok,12,12,4,4,0,
extracted_tables/033_Health_Bulletin_2017/table_0134.csv,cleaned_tables/033_Health_Bulletin_2017/table_0134.csv,ok,10,10,6,6,0,
extracted_tables/033_Health_Bulletin_2017/table_0135.csv,cleaned_tables/033_Health_Bulletin_2017/table_0135.csv,ok,10,10,4,4,0,
extracted_tables/033_Health_Bulletin_2017/table_0136.csv,cleaned_tables/033_Health_Bulletin_2017/table_0136.csv,ok,14,14,3,3,0,
extracted_tables/033_Health_Bulletin_2017/table_0137.csv,cleaned_tables/033_Health_Bulletin_2017/table_0137.csv,ok,6,6,3,3,0,
extracted_tables/033_Health_Bulletin_2017/table_0138.csv,cleaned_tables/033_Health_Bulletin_2017/table_0138.csv,ok,8,8,2,2,0,
extracted_tables/033_Health_Bulletin_2017/table_0139.csv,cleaned_tables/033_Health_Bulletin_2017/table_0139.csv,ok,14,14,10,10,0,
extracted_tables/033_Health_Bulletin_2017/table_0140.csv,cleaned_tables/033_Health_Bulletin_2017/table_0140.csv,ok,8,8,6,6,0,
extracted_tables/033_Health_Bulletin_2017/table_0141.csv,cleaned_tables/033_Health_Bulletin_2017/table_0141.csv,ok,4,0,8,0,4,
extracted_tables/033_Health_Bulletin_2017/table_0142.csv,cleaned_tables/033_Health_Bulletin_2017/table_0142.csv,ok,3,0,8,0,3,
extracted_tables/033_Health_Bulletin_2017/table_0143.csv,cleaned_tables/033_Health_Bulletin_2017/table_0143.csv,ok,2,0,3,0,2,
extracted_tables/033_Health_Bulletin_2017/table_0144.csv,cleaned_tables/033_Health_Bulletin_2017/table_0144.csv,ok,2,0,4,0,2,
extracted_tables/033_Health_Bulletin_2017/table_0145.csv,cleaned_tables/033_Health_Bulletin_2017/table_0145.csv,ok,5,5,5,5,0,
extracted_tables/033_Health_Bulletin_2017/table_0146.csv,cleaned_tables/033_Health_Bulletin_2017/table_0146.csv,ok,4,4,9,9,0,
extracted_tables/033_Health_Bulletin_2017/table_0147.csv,cleaned_tables/033_Health_Bulletin_2017/table_0147.csv,ok,8,8,9,9,0,
extracted_tables/033_Health_Bulletin_2017/table_0148.csv,cleaned_tables/033_Health_Bulletin_2017/table_0148.csv,ok,8,8,9,9,0,
extracted_tables/033_Health_Bulletin_2017/table_0149.csv,cleaned_tables/033_Health_Bulletin_2017/table_0149.csv,ok,13,13,3,3,0,
extracted_tables/033_Health_Bulletin_2017/table_0150.csv,cleaned_tables/033_Health_Bulletin_2017/table_0150.csv,ok,8,8,4,4,0,
extracted_tables/033_Health_Bulletin_2017/table_0151.csv,cleaned_tables/033_Health_Bulletin_2017/table_0151.csv,ok,2,0,2,0,2,
extracted_tables/033_Health_Bulletin_2017/table_0152.csv,cleaned_tables/033_Health_Bulletin_2017/table_0152.csv,ok,2,0,2,0,2,
extracted_tables/033_Health_Bulletin_2017/table_0153.csv,cleaned_tables/033_Health_Bulletin_2017/table_0153.csv,ok,2,0,2,0,2,
extracted_tables/033_Health_Bulletin_2017/table_0154.csv,cleaned_tables/033_Health_Bulletin_2017/table_0154.csv,ok,2,0,2,0,2,
extracted_tables/033_Health_Bulletin_2017/table_0155.csv,cleaned_tables/033_Health_Bulletin_2017/table_0155.csv,ok,2,0,2,0,2,
extracted_tables/033_Health_Bulletin_2017/table_0156.csv,cleaned_tables/033_Health_Bulletin_2017/table_0156.csv,ok,39,39,4,4,0,
extracted_tables/033_Health_Bulletin_2017/table_0157.csv,cleaned_tables/033_Health_Bulletin_2017/table_0157.csv,ok,11,11,4,4,0,
extracted_tables/033_Health_Bulletin_2017/table_0158.csv,cleaned_tables/033_Health_Bulletin_2017/table_0158.csv,ok,3,0,3,0,3,
extracted_tables/033_Health_Bulletin_2017/table_0159.csv,cleaned_tables/033_Health_Bulletin_2017/table_0159.csv,ok,2,0,2,0,2,
extracted_tables/033_Health_Bulletin_2017/table_0160.csv,cleaned_tables/033_Health_Bulletin_2017/table_0160.csv,ok,6,0,3,0,6,
extracted_tables/033_Health_Bulletin_2017/table_0161.csv,cleaned_tables/033_Health_Bulletin_2017/table_0161.csv,ok,5,0,3,0,5,
extracted_tables/033_Health_Bulletin_2017/table_0162.csv,cleaned_tables/033_Health_Bulletin_2017/table_0162.csv,ok,3,0,3,0,3,
extracted_tables/033_Health_Bulletin_2017/table_0163.csv,cleaned_tables/033_Health_Bulletin_2017/table_0163.csv,ok,2,1,2,1,1,
extracted_tables/033_Health_Bulletin_2017/table_0164.csv,cleaned_tables/033_Health_Bulletin_2017/table_0164.csv,ok,13,12,28,28,1,
extracted_tables/033_Health_Bulletin_2017/table_0165.csv,cleaned_tables/033_Health_Bulletin_2017/table_0165.csv,ok,13,12,32,32,1,
extracted_tables/033_Health_Bulletin_2017/table_0166.csv,cleaned_tables/033_Health_Bulletin_2017/table_0166.csv,ok,13,12,32,32,1,
extracted_tables/033_Health_Bulletin_2017/table_0167.csv,cleaned_tables/033_Health_Bulletin_2017/table_0167.csv,ok,13,12,32,32,1,
extracted_tables/033_Health_Bulletin_2017/table_0168.csv,cleaned_tables/033_Health_Bulletin_2017/table_0168.csv,ok,13,12,32,32,1,
extracted_tables/033_Health_Bulletin_2017/table_0169.csv,cleaned_tables/033_Health_Bulletin_2017/table_0169.csv,ok,13,12,32,32,1,
extracted_tables/033_Health_Bulletin_2017/table_0170.csv,cleaned_tables/033_Health_Bulletin_2017/table_0170.csv,ok,13,12,32,32,1,
extracted_tables/033_Health_Bulletin_2017/table_0171.csv,cleaned_tables/033_Health_Bulletin_2017/table_0171.csv,ok,13,12,32,32,1,
extracted_tables/033_Health_Bulletin_2017/table_0172.csv,cleaned_tables/033_Health_Bulletin_2017/table_0172.csv,ok,13,12,32,32,1,
extracted_tables/033_Health_Bulletin_2017/table_0173.csv,cleaned_tables/033_Health_Bulletin_2017/table_0173.csv,ok,13,12,32,32,1,
extracted_tables/033_Health_Bulletin_2017/table_0174.csv,cleaned_tables/033_Health_Bulletin_2017/table_0174.csv,ok,13,12,32,32,1,
extracted_tables/033_Health_Bulletin_2017/table_0175.csv,cleaned_tables/033_Health_Bulletin_2017/table_0175.csv,ok,13,12,32,32,1,
extracted_tables/033_Health_Bulletin_2017/table_0176.csv,cleaned_tables/033_Health_Bulletin_2017/table_0176.csv,ok,13,12,32,32,1,
extracted_tables/033_Health_Bulletin_2017/table_0177.csv,cleaned_tables/033_Health_Bulletin_2017/table_0177.csv,ok,13,12,32,32,1,
extracted_tables/033_Health_Bulletin_2017/table_0178.csv,cleaned_tables/033_Health_Bulletin_2017/table_0178.csv,ok,13,12,32,32,1,
extracted_tables/033_Health_Bulletin_2017/table_0179.csv,cleaned_tables/033_Health_Bulletin_2017/table_0179.csv,ok,13,12,32,32,1,
extracted_tables/033_Health_Bulletin_2017/table_0180.csv,cleaned_tables/033_Health_Bulletin_2017/table_0180.csv,ok,13,12,32,32,1,
extracted_tables/033_Health_Bulletin_2017/table_0181.csv,cleaned_tables/033_Health_Bulletin_2017/table_0181.csv,ok,13,12,29,29,1,
extracted_tables/033_Health_Bulletin_2017/table_0182.csv,cleaned_tables/033_Health_Bulletin_2017/table_0182.csv,ok,13,12,29,29,1,
extracted_tables/033_Health_Bulletin_2017/table_0183.csv,cleaned_tables/033_Health_Bulletin_2017/table_0183.csv,ok,13,13,32,32,0,
extracted_tables/033_Health_Bulletin_2017/table_0184.csv,cleaned_tables/033_Health_Bulletin_2017/table_0184.csv,ok,13,12,32,32,1,
extracted_tables/033_Health_Bulletin_2017/table_0185.csv,cleaned_tables/033_Health_Bulletin_2017/table_0185.csv,ok,13,12,32,32,1,
extracted_tables/033_Health_Bulletin_2017/table_0186.csv,cleaned_tables/033_Health_Bulletin_2017/table_0186.csv,ok,13,12,32,32,1,
extracted_tables/033_Health_Bulletin_2017/table_0187.csv,cleaned_tables/033_Health_Bulletin_2017/table_0187.csv,ok,13,12,32,32,1,
extracted_tables/033_Health_Bulletin_2017/table_0188.csv,cleaned_tables/033_Health_Bulletin_2017/table_0188.csv,ok,13,12,32,32,1,
extracted_tables/033_Health_Bulletin_2017/table_0189.csv,cleaned_tables/033_Health_Bulletin_2017/table_0189.csv,ok,13,13,32,32,0,
extracted_tables/033_Health_Bulletin_2017/table_0190.csv,cleaned_tables/033_Health_Bulletin_2017/table_0190.csv,ok,13,12,32,32,1,
extracted_tables/033_Health_Bulletin_2017/table_0191.csv,cleaned_tables/033_Health_Bulletin_2017/table_0191.csv,ok,13,12,32,32,1,
extracted_tables/033_Health_Bulletin_2017/table_0192.csv,cleaned_tables/033_Health_Bulletin_2017/table_0192.csv,ok,13,12,32,32,1,
extracted_tables/033_Health_Bulletin_2017/table_0193.csv,cleaned_tables/033_Health_Bulletin_2017/table_0193.csv,ok,13,12,32,32,1,
extracted_tables/033_Health_Bulletin_2017/table_0194.csv,cleaned_tables/033_Health_Bulletin_2017/table_0194.csv,ok,13,12,32,32,1,
extracted_tables/033_Health_Bulletin_2017/table_0195.csv,cleaned_tables/033_Health_Bulletin_2017/table_0195.csv,ok,13,13,32,32,0,
extracted_tables/033_Health_Bulletin_2017/table_0196.csv,cleaned_tables/033_Health_Bulletin_2017/table_0196.csv,ok,13,12,32,32,1,
extracted_tables/033_Health_Bulletin_2017/table_0197.csv,cleaned_tables/033_Health_Bulletin_2017/table_0197.csv,ok,13,12,32,32,1,
extracted_tables/033_Health_Bulletin_2017/table_0198.csv,cleaned_tables/033_Health_Bulletin_2017/table_0198.csv,ok,13,12,32,32,1,
extracted_tables/033_Health_Bulletin_2017/table_0199.csv,cleaned_tables/033_Health_Bulletin_2017/table_0199.csv,ok,13,12,15,15,1,
extracted_tables/033_Health_Bulletin_2017/table_0200.csv,cleaned_tables/033_Health_Bulletin_2017/table_0200.csv,ok,13,12,14,14,1,
extracted_tables/033_Health_Bulletin_2017/table_0201.csv,cleaned_tables/033_Health_Bulletin_2017/table_0201.csv,ok,13,12,32,32,1,
extracted_tables/033_Health_Bulletin_2017/table_0202.csv,cleaned_tables/033_Health_Bulletin_2017/table_0202.csv,ok,13,12,32,32,1,
extracted_tables/033_Health_Bulletin_2017/table_0203.csv,cleaned_tables/033_Health_Bulletin_2017/table_0203.csv,ok,13,13,32,32,0,
extracted_tables/033_Health_Bulletin_2017/table_0204.csv,cleaned_tables/033_Health_Bulletin_2017/table_0204.csv,ok,13,12,32,32,1,
extracted_tables/033_Health_Bulletin_2017/table_0205.csv,cleaned_tables/033_Health_Bulletin_2017/table_0205.csv,ok,13,12,32,32,1,
extracted_tables/033_Health_Bulletin_2017/table_0206.csv,cleaned_tables/033_Health_Bulletin_2017/table_0206.csv,ok,13,12,32,32,1,
extracted_tables/033_Health_Bulletin_2017/table_0207.csv,cleaned_tables/033_Health_Bulletin_2017/table_0207.csv,ok,13,12,32,32,1,
extracted_tables/033_Health_Bulletin_2017/table_0208.csv,cleaned_tables/033_Health_Bulletin_2017/table_0208.csv,ok,13,13,32,32,0,
extracted_tables/033_Health_Bulletin_2017/table_0209.csv,cleaned_tables/033_Health_Bulletin_2017/table_0209.csv,ok,13,12,32,32,1,
extracted_tables/033_Health_Bulletin_2017/table_0210.csv,cleaned_tables/033_Health_Bulletin_2017/table_0210.csv,ok,13,12,32,32,1,
extracted_tables/033_Health_Bulletin_2017/table_0211.csv,cleaned_tables/033_Health_Bulletin_2017/table_0211.csv,ok,13,12,32,32,1,
extracted_tables/033_Health_Bulletin_2017/table_0212.csv,cleaned_tables/033_Health_Bulletin_2017/table_0212.csv,ok,13,12,32,32,1,
extracted_tables/033_Health_Bulletin_2017/table_0213.csv,cleaned_tables/033_Health_Bulletin_2017/table_0213.csv,ok,13,12,32,32,1,
extracted_tables/033_Health_Bulletin_2017/table_0214.csv,cleaned_tables/033_Health_Bulletin_2017/table_0214.csv,ok,13,12,32,32,1,
extracted_tables/033_Health_Bulletin_2017/table_0215.csv,cleaned_tables/033_Health_Bulletin_2017/table_0215.csv,ok,13,12,32,32,1,
extracted_tables/033_Health_Bulletin_2017/table_0216.csv,cleaned_tables/033_Health_Bulletin_2017/table_0216.csv,ok,13,12,32,32,1,
extracted_tables/033_Health_Bulletin_2017/table_0217.csv,cleaned_tables/033_Health_Bulletin_2017/table_0217.csv,ok,13,12,20,20,1,
extracted_tables/033_Health_Bulletin_2017/table_0218.csv,cleaned_tables/033_Health_Bulletin_2017/table_0218.csv,ok,37,36,5,5,1,
extracted_tables/033_Health_Bulletin_2017/table_0219.csv,cleaned_tables/033_Health_Bulletin_2017/table_0219.csv,ok,39,38,5,5,1,
extracted_tables/033_Health_Bulletin_2017/table_0220.csv,cleaned_tables/033_Health_Bulletin_2017/table_0220.csv,ok,39,38,5,5,1,
extracted_tables/033_Health_Bulletin_2017/table_0221.csv,cleaned_tables/033_Health_Bulletin_2017/table_0221.csv,ok,39,38,5,5,1,
extracted_tables/033_Health_Bulletin_2017/table_0222.csv,cleaned_tables/033_Health_Bulletin_2017/table_0222.csv,ok,39,38,5,5,1,
extracted_tables/033_Health_Bulletin_2017/table_0223.csv,cleaned_tables/033_Health_Bulletin_2017/table_0223.csv,ok,39,38,5,5,1,
extracted_tables/033_Health_Bulletin_2017/table_0224.csv,cleaned_tables/033_Health_Bulletin_2017/table_0224.csv,ok,39,38,5,5,1,
extracted_tables/033_Health_Bulletin_2017/table_0225.csv,cleaned_tables/033_Health_Bulletin_2017/table_0225.csv,ok,39,38,5,5,1,
extracted_tables/033_Health_Bulletin_2017/table_0226.csv,cleaned_tables/033_Health_Bulletin_2017/table_0226.csv,ok,39,38,5,5,1,
extracted_tables/033_Health_Bulletin_2017/table_0227.csv,cleaned_tables/033_Health_Bulletin_2017/table_0227.csv,ok,39,38,5,5,1,
extracted_tables/033_Health_Bulletin_2017/table_0228.csv,cleaned_tables/033_Health_Bulletin_2017/table_0228.csv,ok,24,23,5,5,1,
extracted_tables/033_Health_Bulletin_2017/table_0229.csv,cleaned_tables/033_Health_Bulletin_2017/table_0229.csv,ok,10,9,5,5,1,
extracted_tables/033_Health_Bulletin_2017/table_0230.csv,cleaned_tables/033_Health_Bulletin_2017/table_0230.csv,ok,38,37,5,5,1,
extracted_tables/033_Health_Bulletin_2017/table_0231.csv,cleaned_tables/033_Health_Bulletin_2017/table_0231.csv,ok,15,14,5,5,1,
extracted_tables/033_Health_Bulletin_2017/table_0232.csv,cleaned_tables/033_Health_Bulletin_2017/table_0232.csv,ok,16,15,5,5,1,
extracted_tables/033_Health_Bulletin_2017/table_0233.csv,cleaned_tables/033_Health_Bulletin_2017/table_0233.csv,ok,30,29,6,6,1,
extracted_tables/033_Health_Bulletin_2017/table_0234.csv,cleaned_tables/033_Health_Bulletin_2017/table_0234.csv,ok,33,32,6,5,1,
extracted_tables/033_Health_Bulletin_2017/table_0235.csv,cleaned_tables/033_Health_Bulletin_2017/table_0235.csv,ok,29,28,6,6,1,
extracted_tables/033_Health_Bulletin_2017/table_0236.csv,cleaned_tables/033_Health_Bulletin_2017/table_0236.csv,ok,26,25,6,6,1,
extracted_tables/033_Health_Bulletin_2017/table_0237.csv,cleaned_tables/033_Health_Bulletin_2017/table_0237.csv,ok,20,19,6,6,1,
extracted_tables/033_Health_Bulletin_2017/table_0238.csv,cleaned_tables/033_Health_Bulletin_2017/table_0238.csv,ok,37,36,6,6,1,
extracted_tables/033_Health_Bulletin_2017/table_0239.csv,cleaned_tables/033_Health_Bulletin_2017/table_0239.csv,ok,12,11,6,6,1,
extracted_tables/033_Health_Bulletin_2017/table_0240.csv,cleaned_tables/033_Health_Bulletin_2017/table_0240.csv,ok,27,26,5,5,1,
extracted_tables/033_Health_Bulletin_2017/table_0241.csv,cleaned_tables/033_Health_Bulletin_2017/table_0241.csv,ok,23,22,5,5,1,
extracted_tables/033_Health_Bulletin_2017/table_0242.csv,cleaned_tables/033_Health_Bulletin_2017/table_0242.csv,ok,12,11,5,5,1,
extracted_tables/033_Health_Bulletin_2017/table_0243.csv,cleaned_tables/033_Health_Bulletin_2017/table_0243.csv,ok,5,4,5,5,1,
extracted_tables/033_Health_Bulletin_2017/table_0244.csv,cleaned_tables/033_Health_Bulletin_2017/table_0244.csv,ok,23,22,5,5,1,
extracted_tables/033_Health_Bulletin_2017/table_0245.csv,cleaned_tables/033_Health_Bulletin_2017/table_0245.csv,ok,32,31,5,5,1,
extracted_tables/033_Health_Bulletin_2017/table_0246.csv,cleaned_tables/033_Health_Bulletin_2017/table_0246.csv,ok,18,17,5,5,1,
extracted_tables/033_Health_Bulletin_2017/table_0247.csv,cleaned_tables/033_Health_Bulletin_2017/table_0247.csv,ok,11,10,4,4,1,
extracted_tables/033_Health_Bulletin_2017/table_0248.csv,cleaned_tables/033_Health_Bulletin_2017/table_0248.csv,ok,27,26,5,5,1,
extracted_tables/033_Health_Bulletin_2017/table_0249.csv,cleaned_tables/033_Health_Bulletin_2017/table_0249.csv,ok,10,9,4,4,1,
extracted_tables/033_Health_Bulletin_2017/table_0250.csv,cleaned_tables/033_Health_Bulletin_2017/table_0250.csv,ok,14,13,5,5,1,
extracted_tables/033_Health_Bulletin_2017/table_0251.csv,cleaned_tables/033_Health_Bulletin_2017/table_0251.csv,ok,24,23,5,5,1,
extracted_tables/033_Health_Bulletin_2017/table_0252.csv,cleaned_tables/033_Health_Bulletin_2017/table_0252.csv,ok,23,22,5,4,1,
extracted_tables/033_Health_Bulletin_2017/table_0253.csv,cleaned_tables/033_Health_Bulletin_2017/table_0253.csv,ok,22,21,5,4,1,
extracted_tables/033_Health_Bulletin_2017/table_0254.csv,cleaned_tables/033_Health_Bulletin_2017/table_0254.csv,ok,21,20,5,4,1,
extracted_tables/033_Health_Bulletin_2017/table_0255.csv,cleaned_tables/033_Health_Bulletin_2017/table_0255.csv,ok,23,22,5,5,1,
extracted_tables/033_Health_Bulletin_2017/table_0256.csv,cleaned_tables/033_Health_Bulletin_2017/table_0256.csv,ok,24,23,5,4,1,
extracted_tables/033_Health_Bulletin_2017/table_0257.csv,cleaned_tables/033_Health_Bulletin_2017/table_0257.csv,ok,23,22,5,5,1,
extracted_tables/033_Health_Bulletin_2017/table_0258.csv,cleaned_tables/033_Health_Bulletin_2017/table_0258.csv,ok,22,21,5,5,1,
extracted_tables/033_Health_Bulletin_2017/table_0259.csv,cleaned_tables/033_Health_Bulletin_2017/table_0259.csv,ok,15,14,5,5,1,
extracted_tables/033_Health_Bulletin_2017/table_0260.csv,cleaned_tables/033_Health_Bulletin_2017/table_0260.csv,ok,9,8,29,29,1,
extracted_tables/033_Health_Bulletin_2017/table_0261.csv,cleaned_tables/033_Health_Bulletin_2017/table_0261.csv,ok,7,6,32,32,1,
extracted_tables/033_Health_Bulletin_2017/table_0262.csv,cleaned_tables/033_Health_Bulletin_2017/table_0262.csv,ok,7,6,32,32,1,
extracted_tables/033_Health_Bulletin_2017/table_0263.csv,cleaned_tables/033_Health_Bulletin_2017/table_0263.csv,ok,7,6,33,33,1,
extracted_tables/033_Health_Bulletin_2017/table_0264.csv,cleaned_tables/033_Health_Bulletin_2017/table_0264.csv,ok,9,8,25,25,1,
extracted_tables/033_Health_Bulletin_2017/table_0265.csv,cleaned_tables/033_Health_Bulletin_2017/table_0265.csv,ok,9,6,25,25,3,
extracted_tables/033_Health_Bulletin_2017/table_0266.csv,cleaned_tables/033_Health_Bulletin_2017/table_0266.csv,ok,9,6,10,10,3,
extracted_tables/033_Health_Bulletin_2017/table_0267.csv,cleaned_tables/033_Health_Bulletin_2017/table_0267.csv,ok,10,9,17,17,1,
extracted_tables/033_Health_Bulletin_2017/table_0268.csv,cleaned_tables/033_Health_Bulletin_2017/table_0268.csv,ok,6,5,17,17,1,
extracted_tables/033_Health_Bulletin_2017/table_0269.csv,cleaned_tables/033_Health_Bulletin_2017/table_0269.csv,ok,16,16,9,9,0,
extracted_tables/033_Health_Bulletin_2017/table_0270.csv,cleaned_tables/033_Health_Bulletin_2017/table_0270.csv,ok,16,15,8,8,1,
extracted_tables/033_Health_Bulletin_2017/table_0271.csv,cleaned_tables/033_Health_Bulletin_2017/table_0271.csv,ok,10,9,19,19,1,
extracted_tables/033_Health_Bulletin_2017/table_0272.csv,cleaned_tables/033_Health_Bulletin_2017/table_0272.csv,ok,44,43,5,5,1,
extracted_tables/033_Health_Bulletin_2017/table_0273.csv,cleaned_tables/033_Health_Bulletin_2017/table_0273.csv,ok,47,45,5,5,2,
extracted_tables/033_Health_Bulletin_2017/table_0274.csv,cleaned_tables/033_Health_Bulletin_2017/table_0274.csv,ok,47,46,5,5,1,
extracted_tables/033_Health_Bulletin_2017/table_0275.csv,cleaned_tables/033_Health_Bulletin_2017/table_0275.csv,ok,11,0,4,0,11,
extracted_tables/033_Health_Bulletin_2017/table_0276.csv,cleaned_tables/033_Health_Bulletin_2017/table_0276.csv,ok,10,0,6,0,10,
extracted_tables/033_Health_Bulletin_2017/table_0277.csv,cleaned_tables/033_Health_Bulletin_2017/table_0277.csv,ok,20,19,18,18,1,
extracted_tables/034_Health_Bulletin_2016/table_0001.csv,cleaned_tables/034_Health_Bulletin_2016/table_0001.csv,ok,12,12,7,7,0,
extracted_tables/034_Health_Bulletin_2016/table_0002.csv,cleaned_tables/034_Health_Bulletin_2016/table_0002.csv,ok,6,6,4,4,0,
extracted_tables/034_Health_Bulletin_2016/table_0003.csv,cleaned_tables/034_Health_Bulletin_2016/table_0003.csv,ok,9,9,2,2,0,
extracted_tables/034_Health_Bulletin_2016/table_0004.csv,cleaned_tables/034_Health_Bulletin_2016/table_0004.csv,ok,5,5,3,3,0,
extracted_tables/034_Health_Bulletin_2016/table_0005.csv,cleaned_tables/034_Health_Bulletin_2016/table_0005.csv,ok,5,5,4,4,0,
extracted_tables/034_Health_Bulletin_2016/table_0006.csv,cleaned_tables/034_Health_Bulletin_2016/table_0006.csv,ok,3,3,2,2,0,
extracted_tables/034_Health_Bulletin_2016/table_0007.csv,cleaned_tables/034_Health_Bulletin_2016/table_0007.csv,ok,2,1,9,4,1,
extracted_tables/034_Health_Bulletin_2016/table_0008.csv,cleaned_tables/034_Health_Bulletin_2016/table_0008.csv,ok,8,8,6,6,0,
extracted_tables/034_Health_Bulletin_2016/table_0009.csv,cleaned_tables/034_Health_Bulletin_2016/table_0009.csv,ok,3,3,2,2,0,
extracted_tables/034_Health_Bulletin_2016/table_0010.csv,cleaned_tables/034_Health_Bulletin_2016/table_0010.csv,ok,3,3,2,2,0,
extracted_tables/034_Health_Bulletin_2016/table_0011.csv,cleaned_tables/034_Health_Bulletin_2016/table_0011.csv,ok,3,3,2,2,0,
extracted_tables/034_Health_Bulletin_2016/table_0012.csv,cleaned_tables/034_Health_Bulletin_2016/table_0012.csv,ok,7,7,4,4,0,
extracted_tables/034_Health_Bulletin_2016/table_0013.csv,cleaned_tables/034_Health_Bulletin_2016/table_0013.csv,ok,5,4,12,10,1,
extracted_tables/034_Health_Bulletin_2016/table_0014.csv,cleaned_tables/034_Health_Bulletin_2016/table_0014.csv,ok,5,4,7,5,1,
extracted_tables/034_Health_Bulletin_2016/table_0015.csv,cleaned_tables/034_Health_Bulletin_2016/table_0015.csv,ok,5,4,6,4,1,
extracted_tables/034_Health_Bulletin_2016/table_0016.csv,cleaned_tables/034_Health_Bulletin_2016/table_0016.csv,ok,5,4,11,9,1,
extracted_tables/034_Health_Bulletin_2016/table_0017.csv,cleaned_tables/034_Health_Bulletin_2016/table_0017.csv,ok,5,4,8,6,1,
extracted_tables/034_Health_Bulletin_2016/table_0018.csv,cleaned_tables/034_Health_Bulletin_2016/table_0018.csv,ok,5,4,6,4,1,
extracted_tables/034_Health_Bulletin_2016/table_0019.csv,cleaned_tables/034_Health_Bulletin_2016/table_0019.csv,ok,5,5,8,8,0,
extracted_tables/034_Health_Bulletin_2016/table_0020.csv,cleaned_tables/034_Health_Bulletin_2016/table_0020.csv,ok,23,23,5,5,0,
extracted_tables/034_Health_Bulletin_2016/table_0021.csv,cleaned_tables/034_Health_Bulletin_2016/table_0021.csv,ok,10,10,3,3,0,
extracted_tables/034_Health_Bulletin_2016/table_0022.csv,cleaned_tables/034_Health_Bulletin_2016/table_0022.csv,ok,11,11,10,10,0,
extracted_tables/034_Health_Bulletin_2016/table_0023.csv,cleaned_tables/034_Health_Bulletin_2016/table_0023.csv,ok,15,15,8,8,0,
extracted_tables/034_Health_Bulletin_2016/table_0024.csv,cleaned_tables/034_Health_Bulletin_2016/table_0024.csv,ok,5,5,6,6,0,
extracted_tables/034_Health_Bulletin_2016/table_0025.csv,cleaned_tables/034_Health_Bulletin_2016/table_0025.csv,ok,9,9,2,2,0,
extracted_tables/034_Health_Bulletin_2016/table_0026.csv,cleaned_tables/034_Health_Bulletin_2016/table_0026.csv,ok,19,19,2,2,0,
extracted_tables/034_Health_Bulletin_2016/table_0027.csv,cleaned_tables/034_Health_Bulletin_2016/table_0027.csv,ok,4,4,10,10,0,
extracted_tables/034_Health_Bulletin_2016/table_0028.csv,cleaned_tables/034_Health_Bulletin_2016/table_0028.csv,ok,5,5,12,12,0,
extracted_tables/034_Health_Bulletin_2016/table_0029.csv,cleaned_tables/034_Health_Bulletin_2016/table_0029.csv,ok,6,6,4,4,0,
extracted_tables/034_Health_Bulletin_2016/table_0030.csv,cleaned_tables/034_Health_Bulletin_2016/table_0030.csv,ok,22,22,3,3,0,
extracted_tables/034_Health_Bulletin_2016/table_0031.csv,cleaned_tables/034_Health_Bulletin_2016/table_0031.csv,ok,6,6,11,11,0,
extracted_tables/034_Health_Bulletin_2016/table_0032.csv,cleaned_tables/034_Health_Bulletin_2016/table_0032.csv,ok,18,18,3,3,0,
extracted_tables/034_Health_Bulletin_2016/table_0033.csv,cleaned_tables/034_Health_Bulletin_2016/table_0033.csv,ok,26,26,4,4,0,
extracted_tables/034_Health_Bulletin_2016/table_0034.csv,cleaned_tables/034_Health_Bulletin_2016/table_0034.csv,ok,9,9,4,4,0,
extracted_tables/034_Health_Bulletin_2016/table_0035.csv,cleaned_tables/034_Health_Bulletin_2016/table_0035.csv,ok,14,14,7,7,0,
extracted_tables/034_Health_Bulletin_2016/table_0036.csv,cleaned_tables/034_Health_Bulletin_2016/table_0036.csv,ok,5,5,4,4,0,
extracted_tables/034_Health_Bulletin_2016/table_0037.csv,cleaned_tables/034_Health_Bulletin_2016/table_0037.csv,ok,31,31,9,9,0,
extracted_tables/034_Health_Bulletin_2016/table_0038.csv,cleaned_tables/034_Health_Bulletin_2016/table_0038.csv,ok,18,18,3,3,0,
extracted_tables/034_Health_Bulletin_2016/table_0039.csv,cleaned_tables/034_Health_Bulletin_2016/table_0039.csv,ok,11,11,3,3,0,
extracted_tables/034_Health_Bulletin_2016/table_0040.csv,cleaned_tables/034_Health_Bulletin_2016/table_0040.csv,ok,11,11,3,3,0,
extracted_tables/034_Health_Bulletin_2016/table_0041.csv,cleaned_tables/034_Health_Bulletin_2016/table_0041.csv,ok,7,7,3,3,0,
extracted_tables/034_Health_Bulletin_2016/table_0042.csv,cleaned_tables/034_Health_Bulletin_2016/table_0042.csv,ok,7,7,3,3,0,
extracted_tables/034_Health_Bulletin_2016/table_0043.csv,cleaned_tables/034_Health_Bulletin_2016/table_0043.csv,ok,7,7,3,3,0,
extracted_tables/034_Health_Bulletin_2016/table_0044.csv,cleaned_tables/034_Health_Bulletin_2016/table_0044.csv,ok,23,23,3,3,0,
extracted_tables/034_Health_Bulletin_2016/table_0045.csv,cleaned_tables/034_Health_Bulletin_2016/table_0045.csv,ok,7,7,3,3,0,
extracted_tables/034_Health_Bulletin_2016/table_0046.csv,cleaned_tables/034_Health_Bulletin_2016/table_0046.csv,ok,9,9,3,3,0,
extracted_tables/034_Health_Bulletin_2016/table_0047.csv,cleaned_tables/034_Health_Bulletin_2016/table_0047.csv,ok,9,9,3,3,0,
extracted_tables/034_Health_Bulletin_2016/table_0048.csv,cleaned_tables/034_Health_Bulletin_2016/table_0048.csv,ok,24,24,3,3,0,
extracted_tables/034_Health_Bulletin_2016/table_0049.csv,cleaned_tables/034_Health_Bulletin_2016/table_0049.csv,ok,18,18,3,3,0,
extracted_tables/034_Health_Bulletin_2016/table_0050.csv,cleaned_tables/034_Health_Bulletin_2016/table_0050.csv,ok,13,12,4,4,1,
extracted_tables/034_Health_Bulletin_2016/table_0051.csv,cleaned_tables/034_Health_Bulletin_2016/table_0051.csv,ok,28,28,5,5,0,
extracted_tables/034_Health_Bulletin_2016/table_0052.csv,cleaned_tables/034_Health_Bulletin_2016/table_0052.csv,ok,7,7,3,3,0,
extracted_tables/034_Health_Bulletin_2016/table_0053.csv,cleaned_tables/034_Health_Bulletin_2016/table_0053.csv,ok,7,7,3,3,0,
extracted_tables/034_Health_Bulletin_2016/table_0054.csv,cleaned_tables/034_Health_Bulletin_2016/table_0054.csv,ok,7,7,3,3,0,
extracted_tables/034_Health_Bulletin_2016/table_0055.csv,cleaned_tables/034_Health_Bulletin_2016/table_0055.csv,ok,22,22,3,3,0,
extracted_tables/034_Health_Bulletin_2016/table_0056.csv,cleaned_tables/034_Health_Bulletin_2016/table_0056.csv,ok,8,8,3,3,0,
extracted_tables/034_Health_Bulletin_2016/table_0057.csv,cleaned_tables/034_Health_Bulletin_2016/table_0057.csv,ok,9,9,3,3,0,
extracted_tables/034_Health_Bulletin_2016/table_0058.csv,cleaned_tables/034_Health_Bulletin_2016/table_0058.csv,ok,8,8,3,3,0,
extracted_tables/034_Health_Bulletin_2016/table_0059.csv,cleaned_tables/034_Health_Bulletin_2016/table_0059.csv,ok,22,22,3,3,0,
extracted_tables/034_Health_Bulletin_2016/table_0060.csv,cleaned_tables/034_Health_Bulletin_2016/table_0060.csv,ok,8,8,3,3,0,
extracted_tables/034_Health_Bulletin_2016/table_0061.csv,cleaned_tables/034_Health_Bulletin_2016/table_0061.csv,ok,8,8,3,3,0,
extracted_tables/034_Health_Bulletin_2016/table_0062.csv,cleaned_tables/034_Health_Bulletin_2016/table_0062.csv,ok,8,8,3,3,0,
extracted_tables/034_Health_Bulletin_2016/table_0063.csv,cleaned_tables/034_Health_Bulletin_2016/table_0063.csv,ok,7,7,3,3,0,
extracted_tables/034_Health_Bulletin_2016/table_0064.csv,cleaned_tables/034_Health_Bulletin_2016/table_0064.csv,ok,8,8,3,3,0,
extracted_tables/034_Health_Bulletin_2016/table_0065.csv,cleaned_tables/034_Health_Bulletin_2016/table_0065.csv,ok,7,7,3,3,0,
extracted_tables/034_Health_Bulletin_2016/table_0066.csv,cleaned_tables/034_Health_Bulletin_2016/table_0066.csv,ok,6,6,3,3,0,
extracted_tables/034_Health_Bulletin_2016/table_0067.csv,cleaned_tables/034_Health_Bulletin_2016/table_0067.csv,ok,7,7,3,3,0,
extracted_tables/034_Health_Bulletin_2016/table_0068.csv,cleaned_tables/034_Health_Bulletin_2016/table_0068.csv,ok,7,7,3,3,0,
extracted_tables/034_Health_Bulletin_2016/table_0069.csv,cleaned_tables/034_Health_Bulletin_2016/table_0069.csv,ok,6,6,3,3,0,
extracted_tables/034_Health_Bulletin_2016/table_0070.csv,cleaned_tables/034_Health_Bulletin_2016/table_0070.csv,ok,14,14,10,10,0,
extracted_tables/034_Health_Bulletin_2016/table_0071.csv,cleaned_tables/034_Health_Bulletin_2016/table_0071.csv,ok,19,19,9,9,0,
extracted_tables/034_Health_Bulletin_2016/table_0072.csv,cleaned_tables/034_Health_Bulletin_2016/table_0072.csv,ok,18,18,4,4,0,
extracted_tables/034_Health_Bulletin_2016/table_0073.csv,cleaned_tables/034_Health_Bulletin_2016/table_0073.csv,ok,17,17,6,6,0,
extracted_tables/034_Health_Bulletin_2016/table_0074.csv,cleaned_tables/034_Health_Bulletin_2016/table_0074.csv,ok,18,18,6,6,0,
extracted_tables/034_Health_Bulletin_2016/table_0075.csv,cleaned_tables/034_Health_Bulletin_2016/table_0075.csv,ok,9,9,2,2,0,
extracted_tables/034_Health_Bulletin_2016/table_0076.csv,cleaned_tables/034_Health_Bulletin_2016/table_0076.csv,ok,18,18,4,4,0,
extracted_tables/034_Health_Bulletin_2016/table_0077.csv,cleaned_tables/034_Health_Bulletin_2016/table_0077.csv,ok,6,6,7,7,0,
extracted_tables/034_Health_Bulletin_2016/table_0078.csv,cleaned_tables/034_Health_Bulletin_2016/table_0078.csv,ok,7,7,5,5,0,
extracted_tables/034_Health_Bulletin_2016/table_0079.csv,cleaned_tables/034_Health_Bulletin_2016/table_0079.csv,ok,10,1,30,1,9,
extracted_tables/034_Health_Bulletin_2016/table_0080.csv,cleaned_tables/034_Health_Bulletin_2016/table_0080.csv,ok,8,8,9,9,0,
extracted_tables/034_Health_Bulletin_2016/table_0081.csv,cleaned_tables/034_Health_Bulletin_2016/table_0081.csv,ok,24,24,7,7,0,
extracted_tables/034_Health_Bulletin_2016/table_0082.csv,cleaned_tables/034_Health_Bulletin_2016/table_0082.csv,ok,11,11,4,4,0,
extracted_tables/034_Health_Bulletin_2016/table_0083.csv,cleaned_tables/034_Health_Bulletin_2016/table_0083.csv,ok,2,0,2,0,2,
extracted_tables/034_Health_Bulletin_2016/table_0084.csv,cleaned_tables/034_Health_Bulletin_2016/table_0084.csv,ok,2,0,2,0,2,
extracted_tables/034_Health_Bulletin_2016/table_0085.csv,cleaned_tables/034_Health_Bulletin_2016/table_0085.csv,ok,2,0,2,0,2,
extracted_tables/034_Health_Bulletin_2016/table_0086.csv,cleaned_tables/034_Health_Bulletin_2016/table_0086.csv,ok,2,0,2,0,2,
extracted_tables/034_Health_Bulletin_2016/table_0087.csv,cleaned_tables/034_Health_Bulletin_2016/table_0087.csv,ok,2,0,2,0,2,
extracted_tables/034_Health_Bulletin_2016/table_0088.csv,cleaned_tables/034_Health_Bulletin_2016/table_0088.csv,ok,10,10,6,6,0,
extracted_tables/034_Health_Bulletin_2016/table_0089.csv,cleaned_tables/034_Health_Bulletin_2016/table_0089.csv,ok,10,10,4,4,0,
extracted_tables/034_Health_Bulletin_2016/table_0090.csv,cleaned_tables/034_Health_Bulletin_2016/table_0090.csv,ok,10,2,14,2,8,
extracted_tables/034_Health_Bulletin_2016/table_0091.csv,cleaned_tables/034_Health_Bulletin_2016/table_0091.csv,ok,7,2,16,2,5,
extracted_tables/034_Health_Bulletin_2016/table_0092.csv,cleaned_tables/034_Health_Bulletin_2016/table_0092.csv,ok,7,7,2,2,0,
extracted_tables/034_Health_Bulletin_2016/table_0093.csv,cleaned_tables/034_Health_Bulletin_2016/table_0093.csv,ok,12,12,3,3,0,
extracted_tables/034_Health_Bulletin_2016/table_0094.csv,cleaned_tables/034_Health_Bulletin_2016/table_0094.csv,ok,4,4,11,11,0,
extracted_tables/034_Health_Bulletin_2016/table_0095.csv,cleaned_tables/034_Health_Bulletin_2016/table_0095.csv,ok,3,3,3,3,0,
extracted_tables/034_Health_Bulletin_2016/table_0096.csv,cleaned_tables/034_Health_Bulletin_2016/table_0096.csv,ok,7,7,9,9,0,
extracted_tables/034_Health_Bulletin_2016/table_0097.csv,cleaned_tables/034_Health_Bulletin_2016/table_0097.csv,ok,7,7,9,9,0,
extracted_tables/034_Health_Bulletin_2016/table_0098.csv,cleaned_tables/034_Health_Bulletin_2016/table_0098.csv,ok,13,13,3,3,0,
extracted_tables/034_Health_Bulletin_2016/table_0099.csv,cleaned_tables/034_Health_Bulletin_2016/table_0099.csv,ok,13,13,3,3,0,
extracted_tables/034_Health_Bulletin_2016/table_0100.csv,cleaned_tables/034_Health_Bulletin_2016/table_0100.csv,ok,8,8,4,4,0,
extracted_tables/034_Health_Bulletin_2016/table_0101.csv,cleaned_tables/034_Health_Bulletin_2016/table_0101.csv,ok,19,19,12,12,0,
extracted_tables/034_Health_Bulletin_2016/table_0102.csv,cleaned_tables/034_Health_Bulletin_2016/table_0102.csv,ok,3,2,3,2,1,
extracted_tables/034_Health_Bulletin_2016/table_0103.csv,cleaned_tables/034_Health_Bulletin_2016/table_0103.csv,ok,4,0,7,0,4,
extracted_tables/034_Health_Bulletin_2016/table_0104.csv,cleaned_tables/034_Health_Bulletin_2016/table_0104.csv,ok,4,0,7,0,4,
extracted_tables/034_Health_Bulletin_2016/table_0105.csv,cleaned_tables/034_Health_Bulletin_2016/table_0105.csv,ok,4,0,7,0,4,
extracted_tables/034_Health_Bulletin_2016/table_0106.csv,cleaned_tables/034_Health_Bulletin_2016/table_0106.csv,ok,3,0,3,0,3,
extracted_tables/034_Health_Bulletin_2016/table_0107.csv,cleaned_tables/034_Health_Bulletin_2016/table_0107.csv,ok,3,0,3,0,3,
extracted_tables/034_Health_Bulletin_2016/table_0108.csv,cleaned_tables/034_Health_Bulletin_2016/table_0108.csv,ok,2,0,2,0,2,
extracted_tables/034_Health_Bulletin_2016/table_0109.csv,cleaned_tables/034_Health_Bulletin_2016/table_0109.csv,ok,2,0,2,0,2,
extracted_tables/034_Health_Bulletin_2016/table_0110.csv,cleaned_tables/034_Health_Bulletin_2016/table_0110.csv,ok,2,0,2,0,2,
extracted_tables/034_Health_Bulletin_2016/table_0111.csv,cleaned_tables/034_Health_Bulletin_2016/table_0111.csv,ok,2,0,2,0,2,
extracted_tables/034_Health_Bulletin_2016/table_0112.csv,cleaned_tables/034_Health_Bulletin_2016/table_0112.csv,ok,2,0,2,0,2,
extracted_tables/034_Health_Bulletin_2016/table_0113.csv,cleaned_tables/034_Health_Bulletin_2016/table_0113.csv,ok,2,0,2,0,2,
extracted_tables/034_Health_Bulletin_2016/table_0114.csv,cleaned_tables/034_Health_Bulletin_2016/table_0114.csv,ok,2,0,2,0,2,
extracted_tables/034_Health_Bulletin_2016/table_0115.csv,cleaned_tables/034_Health_Bulletin_2016/table_0115.csv,ok,2,0,2,0,2,
extracted_tables/034_Health_Bulletin_2016/table_0116.csv,cleaned_tables/034_Health_Bulletin_2016/table_0116.csv,ok,2,0,2,0,2,
extracted_tables/034_Health_Bulletin_2016/table_0117.csv,cleaned_tables/034_Health_Bulletin_2016/table_0117.csv,ok,2,0,2,0,2,
extracted_tables/034_Health_Bulletin_2016/table_0118.csv,cleaned_tables/034_Health_Bulletin_2016/table_0118.csv,ok,2,0,2,0,2,
extracted_tables/034_Health_Bulletin_2016/table_0119.csv,cleaned_tables/034_Health_Bulletin_2016/table_0119.csv,ok,2,0,2,0,2,
extracted_tables/034_Health_Bulletin_2016/table_0120.csv,cleaned_tables/034_Health_Bulletin_2016/table_0120.csv,ok,2,0,2,0,2,
extracted_tables/034_Health_Bulletin_2016/table_0121.csv,cleaned_tables/034_Health_Bulletin_2016/table_0121.csv,ok,2,0,2,0,2,
extracted_tables/034_Health_Bulletin_2016/table_0122.csv,cleaned_tables/034_Health_Bulletin_2016/table_0122.csv,ok,2,0,2,0,2,
extracted_tables/034_Health_Bulletin_2016/table_0123.csv,cleaned_tables/034_Health_Bulletin_2016/table_0123.csv,ok,2,0,2,0,2,
extracted_tables/034_Health_Bulletin_2016/table_0124.csv,cleaned_tables/034_Health_Bulletin_2016/table_0124.csv,ok,2,0,2,0,2,
extracted_tables/034_Health_Bulletin_2016/table_0125.csv,cleaned_tables/034_Health_Bulletin_2016/table_0125.csv,ok,2,0,2,0,2,
extracted_tables/034_Health_Bulletin_2016/table_0126.csv,cleaned_tables/034_Health_Bulletin_2016/table_0126.csv,ok,2,0,2,0,2,
extracted_tables/034_Health_Bulletin_2016/table_0127.csv,cleaned_tables/034_Health_Bulletin_2016/table_0127.csv,ok,2,0,2,0,2,
extracted_tables/034_Health_Bulletin_2016/table_0128.csv,cleaned_tables/034_Health_Bulletin_2016/table_0128.csv,ok,2,0,2,0,2,
extracted_tables/034_Health_Bulletin_2016/table_0129.csv,cleaned_tables/034_Health_Bulletin_2016/table_0129.csv,ok,2,0,2,0,2,
extracted_tables/034_Health_Bulletin_2016/table_0130.csv,cleaned_tables/034_Health_Bulletin_2016/table_0130.csv,ok,2,0,2,0,2,
extracted_tables/034_Health_Bulletin_2016/table_0131.csv,cleaned_tables/034_Health_Bulletin_2016/table_0131.csv,ok,2,0,2,0,2,
extracted_tables/034_Health_Bulletin_2016/table_0132.csv,cleaned_tables/034_Health_Bulletin_2016/table_0132.csv,ok,3,0,3,0,3,
extracted_tables/034_Health_Bulletin_2016/table_0133.csv,cleaned_tables/034_Health_Bulletin_2016/table_0133.csv,ok,3,0,3,0,3,
extracted_tables/034_Health_Bulletin_2016/table_0134.csv,cleaned_tables/034_Health_Bulletin_2016/table_0134.csv,ok,3,0,3,0,3,
extracted_tables/034_Health_Bulletin_2016/table_0135.csv,cleaned_tables/034_Health_Bulletin_2016/table_0135.csv,ok,5,5,5,5,0,
extracted_tables/034_Health_Bulletin_2016/table_0136.csv,cleaned_tables/034_Health_Bulletin_2016/table_0136.csv,ok,3,0,3,0,3,
extracted_tables/034_Health_Bulletin_2016/table_0137.csv,cleaned_tables/034_Health_Bulletin_2016/table_0137.csv,ok,2,0,3,0,2,
extracted_tables/034_Health_Bulletin_2016/table_0138.csv,cleaned_tables/034_Health_Bulletin_2016/table_0138.csv,ok,2,0,3,0,2,
extracted_tables/034_Health_Bulletin_2016/table_0139.csv,cleaned_tables/034_Health_Bulletin_2016/table_0139.csv,ok,2,0,3,0,2,
extracted_tables/034_Health_Bulletin_2016/table_0140.csv,cleaned_tables/034_Health_Bulletin_2016/table_0140.csv,ok,20,20,7,7,0,
extracted_tables/034_Health_Bulletin_2016/table_0141.csv,cleaned_tables/034_Health_Bulletin_2016/table_0141.csv,ok,8,8,7,7,0,
extracted_tables/034_Health_Bulletin_2016/table_0142.csv,cleaned_tables/034_Health_Bulletin_2016/table_0142.csv,ok,30,30,6,6,0,
extracted_tables/034_Health_Bulletin_2016/table_0143.csv,cleaned_tables/034_Health_Bulletin_2016/table_0143.csv,ok,8,8,6,6,0,
extracted_tables/034_Health_Bulletin_2016/table_0144.csv,cleaned_tables/034_Health_Bulletin_2016/table_0144.csv,ok,7,7,6,6,0,
extracted_tables/034_Health_Bulletin_2016/table_0145.csv,cleaned_tables/034_Health_Bulletin_2016/table_0145.csv,ok,10,10,6,6,0,
extracted_tables/034_Health_Bulletin_2016/table_0146.csv,cleaned_tables/034_Health_Bulletin_2016/table_0146.csv,ok,7,7,6,6,0,
extracted_tables/034_Health_Bulletin_2016/table_0147.csv,cleaned_tables/034_Health_Bulletin_2016/table_0147.csv,ok,7,7,5,5,0,
extracted_tables/034_Health_Bulletin_2016/table_0148.csv,cleaned_tables/034_Health_Bulletin_2016/table_0148.csv,ok,3,3,5,5,0,
extracted_tables/034_Health_Bulletin_2016/table_0149.csv,cleaned_tables/034_Health_Bulletin_2016/table_0149.csv,ok,9,9,9,9,0,
extracted_tables/034_Health_Bulletin_2016/table_0150.csv,cleaned_tables/034_Health_Bulletin_2016/table_0150.csv,ok,2,0,2,0,2,
extracted_tables/034_Health_Bulletin_2016/table_0151.csv,cleaned_tables/034_Health_Bulletin_2016/table_0151.csv,ok,3,0,3,0,3,
extracted_tables/034_Health_Bulletin_2016/table_0152.csv,cleaned_tables/034_Health_Bulletin_2016/table_0152.csv,ok,2,0,3,0,2,
extracted_tables/034_Health_Bulletin_2016/table_0153.csv,cleaned_tables/034_Health_Bulletin_2016/table_0153.csv,ok,19,19,6,6,0,
extracted_tables/034_Health_Bulletin_2016/table_0154.csv,cleaned_tables/034_Health_Bulletin_2016/table_0154.csv,ok,11,11,11,11,0,
extracted_tables/034_Health_Bulletin_2016/table_0155.csv,cleaned_tables/034_Health_Bulletin_2016/table_0155.csv,ok,6,6,5,5,0,
extracted_tables/034_Health_Bulletin_2016/table_0156.csv,cleaned_tables/034_Health_Bulletin_2016/table_0156.csv,ok,11,11,7,7,0,
extracted_tables/034_Health_Bulletin_2016/table_0157.csv,cleaned_tables/034_Health_Bulletin_2016/table_0157.csv,ok,28,28,7,7,0,
extracted_tables/034_Health_Bulletin_2016/table_0158.csv,cleaned_tables/034_Health_Bulletin_2016/table_0158.csv,ok,14,14,7,7,0,
extracted_tables/034_Health_Bulletin_2016/table_0159.csv,cleaned_tables/034_Health_Bulletin_2016/table_0159.csv,ok,20,20,9,9,0,
extracted_tables/034_Health_Bulletin_2016/table_0160.csv,cleaned_tables/034_Health_Bulletin_2016/table_0160.csv,ok,7,7,10,10,0,
extracted_tables/034_Health_Bulletin_2016/table_0161.csv,cleaned_tables/034_Health_Bulletin_2016/table_0161.csv,ok,5,5,3,3,0,
extracted_tables/034_Health_Bulletin_2016/table_0162.csv,cleaned_tables/034_Health_Bulletin_2016/table_0162.csv,ok,5,5,3,3,0,
extracted_tables/034_Health_Bulletin_2016/table_0163.csv,cleaned_tables/034_Health_Bulletin_2016/table_0163.csv,ok,8,8,8,8,0,
extracted_tables/034_Health_Bulletin_2016/table_0164.csv,cleaned_tables/034_Health_Bulletin_2016/table_0164.csv,ok,19,19,5,5,0,
extracted_tables/034_Health_Bulletin_2016/table_0165.csv,cleaned_tables/034_Health_Bulletin_2016/table_0165.csv,ok,16,16,4,4,0,
extracted_tables/034_Health_Bulletin_2016/table_0166.csv,cleaned_tables/034_Health_Bulletin_2016/table_0166.csv,ok,7,7,4,4,0,
extracted_tables/034_Health_Bulletin_2016/table_0167.csv,cleaned_tables/034_Health_Bulletin_2016/table_0167.csv,ok,5,5,3,3,0,
extracted_tables/034_Health_Bulletin_2016/table_0168.csv,cleaned_tables/034_Health_Bulletin_2016/table_0168.csv,ok,9,9,5,5,0,
extracted_tables/034_Health_Bulletin_2016/table_0169.csv,cleaned_tables/034_Health_Bulletin_2016/table_0169.csv,ok,14,14,4,4,0,
extracted_tables/034_Health_Bulletin_2016/table_0170.csv,cleaned_tables/034_Health_Bulletin_2016/table_0170.csv,ok,9,9,4,4,0,
extracted_tables/034_Health_Bulletin_2016/table_0171.csv,cleaned_tables/034_Health_Bulletin_2016/table_0171.csv,ok,24,24,7,7,0,
extracted_tables/034_Health_Bulletin_2016/table_0172.csv,cleaned_tables/034_Health_Bulletin_2016/table_0172.csv,ok,3,2,5,5,1,
extracted_tables/034_Health_Bulletin_2016/table_0173.csv,cleaned_tables/034_Health_Bulletin_2016/table_0173.csv,ok,3,2,3,3,1,
extracted_tables/034_Health_Bulletin_2016/table_0174.csv,cleaned_tables/034_Health_Bulletin_2016/table_0174.csv,ok,3,2,2,2,1,
extracted_tables/034_Health_Bulletin_2016/table_0175.csv,cleaned_tables/034_Health_Bulletin_2016/table_0175.csv,ok,9,8,2,2,1,
extracted_tables/034_Health_Bulletin_2016/table_0176.csv,cleaned_tables/034_Health_Bulletin_2016/table_0176.csv,ok,3,2,2,2,1,
extracted_tables/034_Health_Bulletin_2016/table_0177.csv,cleaned_tables/034_Health_Bulletin_2016/table_0177.csv,ok,7,7,11,11,0,
extracted_tables/034_Health_Bulletin_2016/table_0178.csv,cleaned_tables/034_Health_Bulletin_2016/table_0178.csv,ok,6,6,6,6,0,
extracted_tables/034_Health_Bulletin_2016/table_0179.csv,cleaned_tables/034_Health_Bulletin_2016/table_0179.csv,ok,9,9,6,6,0,
extracted_tables/034_Health_Bulletin_2016/table_0180.csv,cleaned_tables/034_Health_Bulletin_2016/table_0180.csv,ok,8,8,8,8,0,
extracted_tables/034_Health_Bulletin_2016/table_0181.csv,cleaned_tables/034_Health_Bulletin_2016/table_0181.csv,ok,20,20,4,4,0,
extracted_tables/034_Health_Bulletin_2016/table_0182.csv,cleaned_tables/034_Health_Bulletin_2016/table_0182.csv,ok,28,28,4,4,0,
extracted_tables/034_Health_Bulletin_2016/table_0183.csv,cleaned_tables/034_Health_Bulletin_2016/table_0183.csv,ok,21,21,10,10,0,
extracted_tables/034_Health_Bulletin_2016/table_0184.csv,cleaned_tables/034_Health_Bulletin_2016/table_0184.csv,ok,47,47,7,7,0,
extracted_tables/034_Health_Bulletin_2016/table_0185.csv,cleaned_tables/034_Health_Bulletin_2016/table_0185.csv,ok,51,51,7,7,0,
extracted_tables/034_Health_Bulletin_2016/table_0186.csv,cleaned_tables/034_Health_Bulletin_2016/table_0186.csv,ok,52,52,7,7,0,
extracted_tables/034_Health_Bulletin_2016/table_0187.csv,cleaned_tables/034_Health_Bulletin_2016/table_0187.csv,ok,39,39,7,7,0,
extracted_tables/034_Health_Bulletin_2016/table_0188.csv,cleaned_tables/034_Health_Bulletin_2016/table_0188.csv,ok,12,11,23,23,1,
extracted_tables/034_Health_Bulletin_2016/table_0189.csv,cleaned_tables/034_Health_Bulletin_2016/table_0189.csv,ok,12,11,16,16,1,
extracted_tables/034_Health_Bulletin_2016/table_0190.csv,cleaned_tables/034_Health_Bulletin_2016/table_0190.csv,ok,13,12,9,9,1,
extracted_tables/034_Health_Bulletin_2016/table_0191.csv,cleaned_tables/034_Health_Bulletin_2016/table_0191.csv,ok,13,12,30,30,1,
extracted_tables/034_Health_Bulletin_2016/table_0192.csv,cleaned_tables/034_Health_Bulletin_2016/table_0192.csv,ok,13,12,31,31,1,
extracted_tables/034_Health_Bulletin_2016/table_0193.csv,cleaned_tables/034_Health_Bulletin_2016/table_0193.csv,ok,13,12,7,7,1,
extracted_tables/034_Health_Bulletin_2016/table_0194.csv,cleaned_tables/034_Health_Bulletin_2016/table_0194.csv,ok,12,11,26,26,1,
extracted_tables/034_Health_Bulletin_2016/table_0195.csv,cleaned_tables/034_Health_Bulletin_2016/table_0195.csv,ok,12,11,36,36,1,
extracted_tables/034_Health_Bulletin_2016/table_0196.csv,cleaned_tables/034_Health_Bulletin_2016/table_0196.csv,ok,12,11,36,36,1,
extracted_tables/034_Health_Bulletin_2016/table_0197.csv,cleaned_tables/034_Health_Bulletin_2016/table_0197.csv,ok,12,12,36,36,0,
extracted_tables/034_Health_Bulletin_2016/table_0198.csv,cleaned_tables/034_Health_Bulletin_2016/table_0198.csv,ok,12,12,36,36,0,
extracted_tables/034_Health_Bulletin_2016/table_0199.csv,cleaned_tables/034_Health_Bulletin_2016/table_0199.csv,ok,12,11,36,36,1,
extracted_tables/034_Health_Bulletin_2016/table_0200.csv,cleaned_tables/034_Health_Bulletin_2016/table_0200.csv,ok,12,12,36,36,0,
extracted_tables/034_Health_Bulletin_2016/table_0201.csv,cleaned_tables/034_Health_Bulletin_2016/table_0201.csv,ok,12,11,36,36,1,
extracted_tables/034_Health_Bulletin_2016/table_0202.csv,cleaned_tables/034_Health_Bulletin_2016/table_0202.csv,ok,12,11,36,36,1,
extracted_tables/034_Health_Bulletin_2016/table_0203.csv,cleaned_tables/034_Health_Bulletin_2016/table_0203.csv,ok,12,11,36,36,1,
extracted_tables/034_Health_Bulletin_2016/table_0204.csv,cleaned_tables/034_Health_Bulletin_2016/table_0204.csv,ok,12,11,36,36,1,
extracted_tables/034_Health_Bulletin_2016/table_0205.csv,cleaned_tables/034_Health_Bulletin_2016/table_0205.csv,ok,12,12,37,37,0,
extracted_tables/034_Health_Bulletin_2016/table_0206.csv,cleaned_tables/034_Health_Bulletin_2016/table_0206.csv,ok,12,11,37,37,1,
extracted_tables/034_Health_Bulletin_2016/table_0207.csv,cleaned_tables/034_Health_Bulletin_2016/table_0207.csv,ok,5,5,34,34,0,
extracted_tables/034_Health_Bulletin_2016/table_0208.csv,cleaned_tables/034_Health_Bulletin_2016/table_0208.csv,ok,6,6,34,34,0,
extracted_tables/034_Health_Bulletin_2016/table_0209.csv,cleaned_tables/034_Health_Bulletin_2016/table_0209.csv,ok,6,5,33,33,1,
extracted_tables/034_Health_Bulletin_2016/table_0210.csv,cleaned_tables/034_Health_Bulletin_2016/table_0210.csv,ok,48,47,6,6,1,
extracted_tables/034_Health_Bulletin_2016/table_0211.csv,cleaned_tables/034_Health_Bulletin_2016/table_0211.csv,ok,49,48,6,6,1,
extracted_tables/034_Health_Bulletin_2016/table_0212.csv,cleaned_tables/034_Health_Bulletin_2016/table_0212.csv,ok,49,48,6,6,1,
extracted_tables/034_Health_Bulletin_2016/table_0213.csv,cleaned_tables/034_Health_Bulletin_2016/table_0213.csv,ok,45,44,6,6,1,
extracted_tables/034_Health_Bulletin_2016/table_0214.csv,cleaned_tables/034_Health_Bulletin_2016/table_0214.csv,ok,52,51,6,6,1,
extracted_tables/034_Health_Bulletin_2016/table_0215.csv,cleaned_tables/034_Health_Bulletin_2016/table_0215.csv,ok,51,50,6,6,1,
extracted_tables/034_Health_Bulletin_2016/table_0216.csv,cleaned_tables/034_Health_Bulletin_2016/table_0216.csv,ok,49,48,6,6,1,
extracted_tables/034_Health_Bulletin_2016/table_0217.csv,cleaned_tables/034_Health_Bulletin_2016/table_0217.csv,ok,51,50,6,6,1,
extracted_tables/034_Health_Bulletin_2016/table_0218.csv,cleaned_tables/034_Health_Bulletin_2016/table_0218.csv,ok,14,13,6,6,1,
extracted_tables/034_Health_Bulletin_2016/table_0219.csv,cleaned_tables/034_Health_Bulletin_2016/table_0219.csv,ok,7,6,23,23,1,
extracted_tables/034_Health_Bulletin_2016/table_0220.csv,cleaned_tables/034_Health_Bulletin_2016/table_0220.csv,ok,7,6,15,15,1,
extracted_tables/034_Health_Bulletin_2016/table_0221.csv,cleaned_tables/034_Health_Bulletin_2016/table_0221.csv,ok,49,48,7,7,1,
extracted_tables/034_Health_Bulletin_2016/table_0222.csv,cleaned_tables/034_Health_Bulletin_2016/table_0222.csv,ok,22,21,7,7,1,
extracted_tables/034_Health_Bulletin_2016/table_0223.csv,cleaned_tables/034_Health_Bulletin_2016/table_0223.csv,ok,27,26,7,7,1,
extracted_tables/034_Health_Bulletin_2016/table_0224.csv,cleaned_tables/034_Health_Bulletin_2016/table_0224.csv,ok,52,51,7,7,1,
extracted_tables/034_Health_Bulletin_2016/table_0225.csv,cleaned_tables/034_Health_Bulletin_2016/table_0225.csv,ok,52,51,7,7,1,
extracted_tables/034_Health_Bulletin_2016/table_0226.csv,cleaned_tables/034_Health_Bulletin_2016/table_0226.csv,ok,52,51,7,7,1,
extracted_tables/034_Health_Bulletin_2016/table_0227.csv,cleaned_tables/034_Health_Bulletin_2016/table_0227.csv,ok,52,51,7,7,1,
extracted_tables/034_Health_Bulletin_2016/table_0228.csv,cleaned_tables/034_Health_Bulletin_2016/table_0228.csv,ok,52,51,7,7,1,
extracted_tables/034_Health_Bulletin_2016/table_0229.csv,cleaned_tables/034_Health_Bulletin_2016/table_0229.csv,ok,52,51,7,7,1,
extracted_tables/034_Health_Bulletin_2016/table_0230.csv,cleaned_tables/034_Health_Bulletin_2016/table_0230.csv,ok,52,51,7,7,1,
extracted_tables/034_Health_Bulletin_2016/table_0231.csv,cleaned_tables/034_Health_Bulletin_2016/table_0231.csv,ok,53,52,7,7,1,
extracted_tables/034_Health_Bulletin_2016/table_0232.csv,cleaned_tables/034_Health_Bulletin_2016/table_0232.csv,ok,8,8,35,35,0,
extracted_tables/034_Health_Bulletin_2016/table_0233.csv,cleaned_tables/034_Health_Bulletin_2016/table_0233.csv,ok,8,8,36,36,0,
extracted_tables/034_Health_Bulletin_2016/table_0234.csv,cleaned_tables/034_Health_Bulletin_2016/table_0234.csv,ok,8,8,35,35,0,
extracted_tables/034_Health_Bulletin_2016/table_0235.csv,cleaned_tables/034_Health_Bulletin_2016/table_0235.csv,ok,8,8,38,38,0,
extracted_tables/034_Health_Bulletin_2016/table_0236.csv,cleaned_tables/034_Health_Bulletin_2016/table_0236.csv,ok,8,8,38,38,0,
extracted_tables/034_Health_Bulletin_2016/table_0237.csv,cleaned_tables/034_Health_Bulletin_2016/table_0237.csv,ok,8,8,39,39,0,
extracted_tables/034_Health_Bulletin_2016/table_0238.csv,cleaned_tables/034_Health_Bulletin_2016/table_0238.csv,ok,8,8,39,39,0,
extracted_tables/034_Health_Bulletin_2016/table_0239.csv,cleaned_tables/034_Health_Bulletin_2016/table_0239.csv,ok,8,8,39,39,0,
extracted_tables/034_Health_Bulletin_2016/table_0240.csv,cleaned_tables/034_Health_Bulletin_2016/table_0240.csv,ok,8,8,39,39,0,
extracted_tables/034_Health_Bulletin_2016/table_0241.csv,cleaned_tables/034_Health_Bulletin_2016/table_0241.csv,ok,8,8,39,39,0,
extracted_tables/034_Health_Bulletin_2016/table_0242.csv,cleaned_tables/034_Health_Bulletin_2016/table_0242.csv,ok,8,8,39,39,0,
extracted_tables/034_Health_Bulletin_2016/table_0243.csv,cleaned_tables/034_Health_Bulletin_2016/table_0243.csv,ok,8,8,39,39,0,
extracted_tables/034_Health_Bulletin_2016/table_0244.csv,cleaned_tables/034_Health_Bulletin_2016/table_0244.csv,ok,8,8,39,39,0,
extracted_tables/034_Health_Bulletin_2016/table_0245.csv,cleaned_tables/034_Health_Bulletin_2016/table_0245.csv,ok,8,8,39,39,0,
extracted_tables/034_Health_Bulletin_2016/table_0246.csv,cleaned_tables/034_Health_Bulletin_2016/table_0246.csv,ok,8,8,26,26,0,
extracted_tables/034_Health_Bulletin_2016/table_0247.csv,cleaned_tables/034_Health_Bulletin_2016/table_0247.csv,ok,38,37,10,10,1,
extracted_tables/034_Health_Bulletin_2016/table_0248.csv,cleaned_tables/034_Health_Bulletin_2016/table_0248.csv,ok,15,14,10,10,1,
extracted_tables/034_Health_Bulletin_2016/table_0249.csv,cleaned_tables/034_Health_Bulletin_2016/table_0249.csv,ok,43,42,9,9,1,
extracted_tables/034_Health_Bulletin_2016/table_0250.csv,cleaned_tables/034_Health_Bulletin_2016/table_0250.csv,ok,52,51,3,3,1,
extracted_tables/034_Health_Bulletin_2016/table_0251.csv,cleaned_tables/034_Health_Bulletin_2016/table_0251.csv,ok,38,37,4,4,1,
extracted_tables/034_Health_Bulletin_2016/table_0252.csv,cleaned_tables/034_Health_Bulletin_2016/table_0252.csv,ok,10,9,5,5,1,
extracted_tables/034_Health_Bulletin_2016/table_0253.csv,cleaned_tables/034_Health_Bulletin_2016/table_0253.csv,ok,52,51,5,5,1,
extracted_tables/034_Health_Bulletin_2016/table_0254.csv,cleaned_tables/034_Health_Bulletin_2016/table_0254.csv,ok,10,9,5,5,1,
extracted_tables/034_Health_Bulletin_2016/table_0255.csv,cleaned_tables/034_Health_Bulletin_2016/table_0255.csv,ok,11,10,4,4,1,
extracted_tables/034_Health_Bulletin_2016/table_0256.csv,cleaned_tables/034_Health_Bulletin_2016/table_0256.csv,ok,27,26,5,5,1,
extracted_tables/034_Health_Bulletin_2016/table_0257.csv,cleaned_tables/034_Health_Bulletin_2016/table_0257.csv,ok,19,18,4,4,1,
extracted_tables/034_Health_Bulletin_2016/table_0258.csv,cleaned_tables/034_Health_Bulletin_2016/table_0258.csv,ok,10,9,4,4,1,
extracted_tables/034_Health_Bulletin_2016/table_0259.csv,cleaned_tables/034_Health_Bulletin_2016/table_0259.csv,ok,23,22,3,3,1,
extracted_tables/034_Health_Bulletin_2016/table_0260.csv,cleaned_tables/034_Health_Bulletin_2016/table_0260.csv,ok,27,26,3,3,1,
extracted_tables/034_Health_Bulletin_2016/table_0261.csv,cleaned_tables/034_Health_Bulletin_2016/table_0261.csv,ok,6,5,3,3,1,
extracted_tables/034_Health_Bulletin_2016/table_0262.csv,cleaned_tables/034_Health_Bulletin_2016/table_0262.csv,ok,40,39,3,3,1,
extracted_tables/034_Health_Bulletin_2016/table_0263.csv,cleaned_tables/034_Health_Bulletin_2016/table_0263.csv,ok,12,11,3,3,1,
extracted_tables/034_Health_Bulletin_2016/table_0264.csv,cleaned_tables/034_Health_Bulletin_2016/table_0264.csv,ok,39,38,3,3,1,
extracted_tables/034_Health_Bulletin_2016/table_0265.csv,cleaned_tables/034_Health_Bulletin_2016/table_0265.csv,ok,43,42,3,3,1,
extracted_tables/034_Health_Bulletin_2016/table_0266.csv,cleaned_tables/034_Health_Bulletin_2016/table_0266.csv,ok,28,27,3,3,1,
extracted_tables/034_Health_Bulletin_2016/table_0267.csv,cleaned_tables/034_Health_Bulletin_2016/table_0267.csv,ok,14,13,3,3,1,
extracted_tables/034_Health_Bulletin_2016/table_0268.csv,cleaned_tables/034_Health_Bulletin_2016/table_0268.csv,ok,10,9,3,3,1,
extracted_tables/034_Health_Bulletin_2016/table_0269.csv,cleaned_tables/034_Health_Bulletin_2016/table_0269.csv,ok,37,36,4,4,1,
extracted_tables/034_Health_Bulletin_2016/table_0270.csv,cleaned_tables/034_Health_Bulletin_2016/table_0270.csv,ok,51,50,4,4,1,
extracted_tables/034_Health_Bulletin_2016/table_0271.csv,cleaned_tables/034_Health_Bulletin_2016/table_0271.csv,ok,52,51,4,4,1,
extracted_tables/034_Health_Bulletin_2016/table_0272.csv,cleaned_tables/034_Health_Bulletin_2016/table_0272.csv,ok,33,32,4,4,1,
extracted_tables/034_Health_Bulletin_2016/table_0273.csv,cleaned_tables/034_Health_Bulletin_2016/table_0273.csv,ok,12,11,12,12,1,
extracted_tables/034_Health_Bulletin_2016/table_0274.csv,cleaned_tables/034_Health_Bulletin_2016/table_0274.csv,ok,35,34,11,11,1,
extracted_tables/034_Health_Bulletin_2016/table_0275.csv,cleaned_tables/034_Health_Bulletin_2016/table_0275.csv,ok,34,33,11,11,1,
extracted_tables/034_Health_Bulletin_2016/table_0276.csv,cleaned_tables/034_Health_Bulletin_2016/table_0276.csv,ok,36,35,11,11,1,
extracted_tables/034_Health_Bulletin_2016/table_0277.csv,cleaned_tables/034_Health_Bulletin_2016/table_0277.csv,ok,10,9,11,11,1,
extracted_tables/034_Health_Bulletin_2016/table_0278.csv,cleaned_tables/034_Health_Bulletin_2016/table_0278.csv,ok,6,5,9,9,1,
extracted_tables/034_Health_Bulletin_2016/table_0279.csv,cleaned_tables/034_Health_Bulletin_2016/table_0279.csv,ok,5,4,8,8,1,
extracted_tables/034_Health_Bulletin_2016/table_0280.csv,cleaned_tables/034_Health_Bulletin_2016/table_0280.csv,ok,20,19,9,9,1,
extracted_tables/034_Health_Bulletin_2016/table_0281.csv,cleaned_tables/034_Health_Bulletin_2016/table_0281.csv,ok,22,21,4,4,1,
extracted_tables/034_Health_Bulletin_2016/table_0282.csv,cleaned_tables/034_Health_Bulletin_2016/table_0282.csv,ok,46,44,4,4,2,
extracted_tables/034_Health_Bulletin_2016/table_0283.csv,cleaned_tables/034_Health_Bulletin_2016/table_0283.csv,ok,34,33,4,4,1,
extracted_tables/034_Health_Bulletin_2016/table_0284.csv,cleaned_tables/034_Health_Bulletin_2016/table_0284.csv,ok,11,10,24,24,1,
extracted_tables/034_Health_Bulletin_2016/table_0285.csv,cleaned_tables/034_Health_Bulletin_2016/table_0285.csv,ok,19,18,36,33,1,
extracted_tables/034_Health_Bulletin_2016/table_0286.csv,cleaned_tables/034_Health_Bulletin_2016/table_0286.csv,ok,21,18,46,41,3,
extracted_tables/034_Health_Bulletin_2016/table_0287.csv,cleaned_tables/034_Health_Bulletin_2016/table_0287.csv,ok,21,18,45,35,3,
extracted_tables/034_Health_Bulletin_2016/table_0288.csv,cleaned_tables/034_Health_Bulletin_2016/table_0288.csv,ok,19,13,46,33,6,
extracted_tables/034_Health_Bulletin_2016/table_0289.csv,cleaned_tables/034_Health_Bulletin_2016/table_0289.csv,ok,19,18,41,31,1,
extracted_tables/035_Health_Bulletin_2015/table_0001.csv,cleaned_tables/035_Health_Bulletin_2015/table_0001.csv,ok,3,1,5,1,2,
extracted_tables/035_Health_Bulletin_2015/table_0002.csv,cleaned_tables/035_Health_Bulletin_2015/table_0002.csv,ok,2,2,2,2,0,
extracted_tables/035_Health_Bulletin_2015/table_0003.csv,cleaned_tables/035_Health_Bulletin_2015/table_0003.csv,ok,2,0,2,0,2,
extracted_tables/035_Health_Bulletin_2015/table_0004.csv,cleaned_tables/035_Health_Bulletin_2015/table_0004.csv,ok,5,2,24,24,3,
extracted_tables/035_Health_Bulletin_2015/table_0005.csv,cleaned_tables/035_Health_Bulletin_2015/table_0005.csv,ok,8,3,8,8,5,
extracted_tables/035_Health_Bulletin_2015/table_0006.csv,cleaned_tables/035_Health_Bulletin_2015/table_0006.csv,ok,2,0,2,0,2,
extracted_tables/035_Health_Bulletin_2015/table_0007.csv,cleaned_tables/035_Health_Bulletin_2015/table_0007.csv,ok,2,0,2,0,2,
extracted_tables/035_Health_Bulletin_2015/table_0008.csv,cleaned_tables/035_Health_Bulletin_2015/table_0008.csv,ok,2,0,2,0,2,
extracted_tables/035_Health_Bulletin_2015/table_0009.csv,cleaned_tables/035_Health_Bulletin_2015/table_0009.csv,ok,2,0,2,0,2,
extracted_tables/035_Health_Bulletin_2015/table_0010.csv,cleaned_tables/035_Health_Bulletin_2015/table_0010.csv,ok,2,0,2,0,2,
extracted_tables/035_Health_Bulletin_2015/table_0011.csv,cleaned_tables/035_Health_Bulletin_2015/table_0011.csv,ok,2,0,2,0,2,
extracted_tables/035_Health_Bulletin_2015/table_0012.csv,cleaned_tables/035_Health_Bulletin_2015/table_0012.csv,ok,3,0,3,0,3,
extracted_tables/035_Health_Bulletin_2015/table_0013.csv,cleaned_tables/035_Health_Bulletin_2015/table_0013.csv,ok,3,0,3,0,3,
extracted_tables/035_Health_Bulletin_2015/table_0014.csv,cleaned_tables/035_Health_Bulletin_2015/table_0014.csv,ok,3,0,3,0,3,
extracted_tables/035_Health_Bulletin_2015/table_0015.csv,cleaned_tables/035_Health_Bulletin_2015/table_0015.csv,ok,2,0,2,0,2,
extracted_tables/035_Health_Bulletin_2015/table_0016.csv,cleaned_tables/035_Health_Bulletin_2015/table_0016.csv,ok,2,0,2,0,2,
extracted_tables/035_Health_Bulletin_2015/table_0017.csv,cleaned_tables/035_Health_Bulletin_2015/table_0017.csv,ok,2,0,2,0,2,
extracted_tables/035_Health_Bulletin_2015/table_0018.csv,cleaned_tables/035_Health_Bulletin_2015/table_0018.csv,ok,2,0,2,0,2,
extracted_tables/035_Health_Bulletin_2015/table_0019.csv,cleaned_tables/035_Health_Bulletin_2015/table_0019.csv,ok,2,0,2,0,2,
extracted_tables/035_Health_Bulletin_2015/table_0020.csv,cleaned_tables/035_Health_Bulletin_2015/table_0020.csv,ok,2,0,2,0,2,
extracted_tables/035_Health_Bulletin_2015/table_0021.csv,cleaned_tables/035_Health_Bulletin_2015/table_0021.csv,ok,2,0,2,0,2,
extracted_tables/035_Health_Bulletin_2015/table_0022.csv,cleaned_tables/035_Health_Bulletin_2015/table_0022.csv,ok,2,0,2,0,2,
extracted_tables/035_Health_Bulletin_2015/table_0023.csv,cleaned_tables/035_Health_Bulletin_2015/table_0023.csv,ok,2,0,2,0,2,
extracted_tables/035_Health_Bulletin_2015/table_0024.csv,cleaned_tables/035_Health_Bulletin_2015/table_0024.csv,ok,2,0,2,0,2,
extracted_tables/035_Health_Bulletin_2015/table_0025.csv,cleaned_tables/035_Health_Bulletin_2015/table_0025.csv,ok,4,0,7,0,4,
extracted_tables/035_Health_Bulletin_2015/table_0026.csv,cleaned_tables/035_Health_Bulletin_2015/table_0026.csv,ok,5,0,7,0,5,
extracted_tables/035_Health_Bulletin_2015/table_0027.csv,cleaned_tables/035_Health_Bulletin_2015/table_0027.csv,ok,3,0,7,0,3,
extracted_tables/035_Health_Bulletin_2015/table_0028.csv,cleaned_tables/035_Health_Bulletin_2015/table_0028.csv,ok,2,0,6,0,2,
extracted_tables/035_Health_Bulletin_2015/table_0029.csv,cleaned_tables/035_Health_Bulletin_2015/table_0029.csv,ok,11,5,14,8,6,
extracted_tables/035_Health_Bulletin_2015/table_0030.csv,cleaned_tables/035_Health_Bulletin_2015/table_0030.csv,ok,6,4,7,7,2,
extracted_tables/035_Health_Bulletin_2015/table_0031.csv,cleaned_tables/035_Health_Bulletin_2015/table_0031.csv,ok,4,0,17,0,4,
extracted_tables/035_Health_Bulletin_2015/table_0032.csv,cleaned_tables/035_Health_Bulletin_2015/table_0032.csv,ok,6,2,11,2,4,
extracted_tables/035_Health_Bulletin_2015/table_0033.csv,cleaned_tables/035_Health_Bulletin_2015/table_0033.csv,ok,7,4,7,7,3,
extracted_tables/035_Health_Bulletin_2015/table_0034.csv,cleaned_tables/035_Health_Bulletin_2015/table_0034.csv,ok,4,3,13,6,1,
extracted_tables/035_Health_Bulletin_2015/table_0035.csv,cleaned_tables/035_Health_Bulletin_2015/table_0035.csv,ok,2,0,2,0,2,
extracted_tables/035_Health_Bulletin_2015/table_0036.csv,cleaned_tables/035_Health_Bulletin_2015/table_0036.csv,ok,2,0,2,0,2,
extracted_tables/035_Health_Bulletin_2015/table_0037.csv,cleaned_tables/035_Health_Bulletin_2015/table_0037.csv,ok,2,0,2,0,2,
extracted_tables/035_Health_Bulletin_2015/table_0038.csv,cleaned_tables/035_Health_Bulletin_2015/table_0038.csv,ok,2,0,2,0,2,
extracted_tables/035_Health_Bulletin_2015/table_0039.csv,cleaned_tables/035_Health_Bulletin_2015/table_0039.csv,ok,2,0,2,0,2,
extracted_tables/035_Health_Bulletin_2015/table_0040.csv,cleaned_tables/035_Health_Bulletin_2015/table_0040.csv,ok,2,0,2,0,2,
extracted_tables/035_Health_Bulletin_2015/table_0041.csv,cleaned_tables/035_Health_Bulletin_2015/table_0041.csv,ok,2,0,2,0,2,
extracted_tables/035_Health_Bulletin_2015/table_0042.csv,cleaned_tables/035_Health_Bulletin_2015/table_0042.csv,ok,2,0,2,0,2,
extracted_tables/035_Health_Bulletin_2015/table_0043.csv,cleaned_tables/035_Health_Bulletin_2015/table_0043.csv,ok,2,0,2,0,2,
extracted_tables/035_Health_Bulletin_2015/table_0044.csv,cleaned_tables/035_Health_Bulletin_2015/table_0044.csv,ok,2,0,2,0,2,
extracted_tables/035_Health_Bulletin_2015/table_0045.csv,cleaned_tables/035_Health_Bulletin_2015/table_0045.csv,ok,2,0,2,0,2,
extracted_tables/035_Health_Bulletin_2015/table_0046.csv,cleaned_tables/035_Health_Bulletin_2015/table_0046.csv,ok,4,0,3,0,4,
extracted_tables/035_Health_Bulletin_2015/table_0047.csv,cleaned_tables/035_Health_Bulletin_2015/table_0047.csv,ok,4,0,5,0,4,
extracted_tables/035_Health_Bulletin_2015/table_0048.csv,cleaned_tables/035_Health_Bulletin_2015/table_0048.csv,ok,2,0,2,0,2,
extracted_tables/035_Health_Bulletin_2015/table_0049.csv,cleaned_tables/035_Health_Bulletin_2015/table_0049.csv,ok,3,0,4,0,3,
extracted_tables/035_Health_Bulletin_2015/table_0050.csv,cleaned_tables/035_Health_Bulletin_2015/table_0050.csv,ok,2,0,2,0,2,
extracted_tables/035_Health_Bulletin_2015/table_0051.csv,cleaned_tables/035_Health_Bulletin_2015/table_0051.csv,ok,3,0,4,0,3,
extracted_tables/035_Health_Bulletin_2015/table_0052.csv,cleaned_tables/035_Health_Bulletin_2015/table_0052.csv,ok,3,0,2,0,3,
extracted_tables/035_Health_Bulletin_2015/table_0053.csv,cleaned_tables/035_Health_Bulletin_2015/table_0053.csv,ok,2,0,3,0,2,
extracted_tables/036_Health_Bulletin_2014/table_0001.csv,cleaned_tables/036_Health_Bulletin_2014/table_0001.csv,ok,7,3,8,2,4,
extracted_tables/036_Health_Bulletin_2014/table_0002.csv,cleaned_tables/036_Health_Bulletin_2014/table_0002.csv,ok,4,0,4,0,4,
extracted_tables/036_Health_Bulletin_2014/table_0003.csv,cleaned_tables/036_Health_Bulletin_2014/table_0003.csv,ok,4,2,3,2,2,
extracted_tables/036_Health_Bulletin_2014/table_0004.csv,cleaned_tables/036_Health_Bulletin_2014/table_0004.csv,ok,3,2,3,3,1,
extracted_tables/036_Health_Bulletin_2014/table_0005.csv,cleaned_tables/036_Health_Bulletin_2014/table_0005.csv,ok,4,3,3,3,1,
extracted_tables/036_Health_Bulletin_2014/table_0006.csv,cleaned_tables/036_Health_Bulletin_2014/table_0006.csv,ok,5,4,3,3,1,
extracted_tables/036_Health_Bulletin_2014/table_0007.csv,cleaned_tables/036_Health_Bulletin_2014/table_0007.csv,ok,4,3,3,3,1,
extracted_tables/036_Health_Bulletin_2014/table_0008.csv,cleaned_tables/036_Health_Bulletin_2014/table_0008.csv,ok,11,10,3,3,1,
extracted_tables/036_Health_Bulletin_2014/table_0009.csv,cleaned_tables/036_Health_Bulletin_2014/table_0009.csv,ok,3,2,3,3,1,
extracted_tables/036_Health_Bulletin_2014/table_0010.csv,cleaned_tables/036_Health_Bulletin_2014/table_0010.csv,ok,15,14,3,3,1,
extracted_tables/036_Health_Bulletin_2014/table_0011.csv,cleaned_tables/036_Health_Bulletin_2014/table_0011.csv,ok,3,2,3,3,1,
extracted_tables/036_Health_Bulletin_2014/table_0012.csv,cleaned_tables/036_Health_Bulletin_2014/table_0012.csv,ok,3,2,3,3,1,
extracted_tables/036_Health_Bulletin_2014/table_0013.csv,cleaned_tables/036_Health_Bulletin_2014/table_0013.csv,ok,2,0,2,0,2,
extracted_tables/036_Health_Bulletin_2014/table_0014.csv,cleaned_tables/036_Health_Bulletin_2014/table_0014.csv,ok,2,0,2,0,2,
extracted_tables/036_Health_Bulletin_2014/table_0015.csv,cleaned_tables/036_Health_Bulletin_2014/table_0015.csv,ok,2,0,2,0,2,
extracted_tables/036_Health_Bulletin_2014/table_0016.csv,cleaned_tables/036_Health_Bulletin_2014/table_0016.csv,ok,2,0,2,0,2,
extracted_tables/036_Health_Bulletin_2014/table_0017.csv,cleaned_tables/036_Health_Bulletin_2014/table_0017.csv,ok,2,1,5,5,1,
extracted_tables/036_Health_Bulletin_2014/table_0018.csv,cleaned_tables/036_Health_Bulletin_2014/table_0018.csv,ok,2,1,9,9,1,
extracted_tables/036_Health_Bulletin_2014/table_0019.csv,cleaned_tables/036_Health_Bulletin_2014/table_0019.csv,ok,3,2,3,3,1,
extracted_tables/036_Health_Bulletin_2014/table_0020.csv,cleaned_tables/036_Health_Bulletin_2014/table_0020.csv,ok,4,3,9,9,1,
extracted_tables/036_Health_Bulletin_2014/table_0021.csv,cleaned_tables/036_Health_Bulletin_2014/table_0021.csv,ok,2,0,2,0,2,
extracted_tables/036_Health_Bulletin_2014/table_0022.csv,cleaned_tables/036_Health_Bulletin_2014/table_0022.csv,ok,2,0,2,0,2,
extracted_tables/036_Health_Bulletin_2014/table_0023.csv,cleaned_tables/036_Health_Bulletin_2014/table_0023.csv,ok,2,1,3,3,1,
extracted_tables/036_Health_Bulletin_2014/table_0024.csv,cleaned_tables/036_Health_Bulletin_2014/table_0024.csv,ok,2,1,5,5,1,
extracted_tables/036_Health_Bulletin_2014/table_0025.csv,cleaned_tables/036_Health_Bulletin_2014/table_0025.csv,ok,2,1,5,5,1,
extracted_tables/036_Health_Bulletin_2014/table_0026.csv,cleaned_tables/036_Health_Bulletin_2014/table_0026.csv,ok,2,1,7,7,1,
extracted_tables/036_Health_Bulletin_2014/table_0027.csv,cleaned_tables/036_Health_Bulletin_2014/table_0027.csv,ok,2,1,7,7,1,
extracted_tables/036_Health_Bulletin_2014/table_0028.csv,cleaned_tables/036_Health_Bulletin_2014/table_0028.csv,ok,12,11,3,3,1,
extracted_tables/036_Health_Bulletin_2014/table_0029.csv,cleaned_tables/036_Health_Bulletin_2014/table_0029.csv,ok,11,10,3,3,1,
extracted_tables/036_Health_Bulletin_2014/table_0030.csv,cleaned_tables/036_Health_Bulletin_2014/table_0030.csv,ok,11,10,3,3,1,
extracted_tables/036_Health_Bulletin_2014/table_0031.csv,cleaned_tables/036_Health_Bulletin_2014/table_0031.csv,ok,2,0,2,0,2,
extracted_tables/036_Health_Bulletin_2014/table_0032.csv,cleaned_tables/036_Health_Bulletin_2014/table_0032.csv,ok,2,0,2,0,2,
extracted_tables/036_Health_Bulletin_2014/table_0033.csv,cleaned_tables/036_Health_Bulletin_2014/table_0033.csv,ok,2,0,2,0,2,
extracted_tables/036_Health_Bulletin_2014/table_0034.csv,cleaned_tables/036_Health_Bulletin_2014/table_0034.csv,ok,2,0,2,0,2,
extracted_tables/036_Health_Bulletin_2014/table_0035.csv,cleaned_tables/036_Health_Bulletin_2014/table_0035.csv,ok,2,0,2,0,2,
extracted_tables/036_Health_Bulletin_2014/table_0036.csv,cleaned_tables/036_Health_Bulletin_2014/table_0036.csv,ok,2,0,2,0,2,
extracted_tables/036_Health_Bulletin_2014/table_0037.csv,cleaned_tables/036_Health_Bulletin_2014/table_0037.csv,ok,11,10,3,3,1,
extracted_tables/036_Health_Bulletin_2014/table_0038.csv,cleaned_tables/036_Health_Bulletin_2014/table_0038.csv,ok,11,10,3,3,1,
extracted_tables/036_Health_Bulletin_2014/table_0039.csv,cleaned_tables/036_Health_Bulletin_2014/table_0039.csv,ok,11,10,3,3,1,
extracted_tables/036_Health_Bulletin_2014/table_0040.csv,cleaned_tables/036_Health_Bulletin_2014/table_0040.csv,ok,8,7,3,3,1,
extracted_tables/036_Health_Bulletin_2014/table_0041.csv,cleaned_tables/036_Health_Bulletin_2014/table_0041.csv,ok,4,3,3,3,1,
extracted_tables/036_Health_Bulletin_2014/table_0042.csv,cleaned_tables/036_Health_Bulletin_2014/table_0042.csv,ok,11,10,3,3,1,
extracted_tables/036_Health_Bulletin_2014/table_0043.csv,cleaned_tables/036_Health_Bulletin_2014/table_0043.csv,ok,3,2,3,3,1,
extracted_tables/036_Health_Bulletin_2014/table_0044.csv,cleaned_tables/036_Health_Bulletin_2014/table_0044.csv,ok,2,1,3,3,1,
extracted_tables/036_Health_Bulletin_2014/table_0045.csv,cleaned_tables/036_Health_Bulletin_2014/table_0045.csv,ok,2,1,3,3,1,
extracted_tables/036_Health_Bulletin_2014/table_0046.csv,cleaned_tables/036_Health_Bulletin_2014/table_0046.csv,ok,2,1,3,3,1,
extracted_tables/036_Health_Bulletin_2014/table_0047.csv,cleaned_tables/036_Health_Bulletin_2014/table_0047.csv,ok,2,1,3,3,1,
extracted_tables/036_Health_Bulletin_2014/table_0048.csv,cleaned_tables/036_Health_Bulletin_2014/table_0048.csv,ok,2,1,3,3,1,
extracted_tables/036_Health_Bulletin_2014/table_0049.csv,cleaned_tables/036_Health_Bulletin_2014/table_0049.csv,ok,3,2,3,3,1,
extracted_tables/036_Health_Bulletin_2014/table_0050.csv,cleaned_tables/036_Health_Bulletin_2014/table_0050.csv,ok,2,1,3,3,1,
extracted_tables/036_Health_Bulletin_2014/table_0051.csv,cleaned_tables/036_Health_Bulletin_2014/table_0051.csv,ok,11,0,24,0,11,
extracted_tables/036_Health_Bulletin_2014/table_0052.csv,cleaned_tables/036_Health_Bulletin_2014/table_0052.csv,ok,3,3,9,9,0,
extracted_tables/036_Health_Bulletin_2014/table_0053.csv,cleaned_tables/036_Health_Bulletin_2014/table_0053.csv,ok,2,2,9,9,0,
extracted_tables/036_Health_Bulletin_2014/table_0054.csv,cleaned_tables/036_Health_Bulletin_2014/table_0054.csv,ok,2,0,2,0,2,
extracted_tables/036_Health_Bulletin_2014/table_0055.csv,cleaned_tables/036_Health_Bulletin_2014/table_0055.csv,ok,2,0,2,0,2,
extracted_tables/036_Health_Bulletin_2014/table_0056.csv,cleaned_tables/036_Health_Bulletin_2014/table_0056.csv,ok,2,0,2,0,2,
extracted_tables/036_Health_Bulletin_2014/table_0057.csv,cleaned_tables/036_Health_Bulletin_2014/table_0057.csv,ok,2,0,2,0,2,
extracted_tables/036_Health_Bulletin_2014/table_0058.csv,cleaned_tables/036_Health_Bulletin_2014/table_0058.csv,ok,2,0,2,0,2,
extracted_tables/036_Health_Bulletin_2014/table_0059.csv,cleaned_tables/036_Health_Bulletin_2014/table_0059.csv,ok,2,0,2,0,2,
extracted_tables/036_Health_Bulletin_2014/table_0060.csv,cleaned_tables/036_Health_Bulletin_2014/table_0060.csv,ok,2,0,2,0,2,
extracted_tables/036_Health_Bulletin_2014/table_0061.csv,cleaned_tables/036_Health_Bulletin_2014/table_0061.csv,ok,2,0,2,0,2,
extracted_tables/036_Health_Bulletin_2014/table_0062.csv,cleaned_tables/036_Health_Bulletin_2014/table_0062.csv,ok,2,0,2,0,2,
extracted_tables/036_Health_Bulletin_2014/table_0063.csv,cleaned_tables/036_Health_Bulletin_2014/table_0063.csv,ok,2,0,2,0,2,
extracted_tables/036_Health_Bulletin_2014/table_0064.csv,cleaned_tables/036_Health_Bulletin_2014/table_0064.csv,ok,2,0,2,0,2,
extracted_tables/036_Health_Bulletin_2014/table_0065.csv,cleaned_tables/036_Health_Bulletin_2014/table_0065.csv,ok,2,0,2,0,2,
extracted_tables/036_Health_Bulletin_2014/table_0066.csv,cleaned_tables/036_Health_Bulletin_2014/table_0066.csv,ok,2,0,2,0,2,
extracted_tables/036_Health_Bulletin_2014/table_0067.csv,cleaned_tables/036_Health_Bulletin_2014/table_0067.csv,ok,3,2,5,5,1,
extracted_tables/036_Health_Bulletin_2014/table_0068.csv,cleaned_tables/036_Health_Bulletin_2014/table_0068.csv,ok,2,0,2,0,2,
extracted_tables/036_Health_Bulletin_2014/table_0069.csv,cleaned_tables/036_Health_Bulletin_2014/table_0069.csv,ok,2,0,2,0,2,
extracted_tables/036_Health_Bulletin_2014/table_0070.csv,cleaned_tables/036_Health_Bulletin_2014/table_0070.csv,ok,2,0,4,0,2,
extracted_tables/036_Health_Bulletin_2014/table_0071.csv,cleaned_tables/036_Health_Bulletin_2014/table_0071.csv,ok,2,0,4,0,2,
extracted_tables/036_Health_Bulletin_2014/table_0072.csv,cleaned_tables/036_Health_Bulletin_2014/table_0072.csv,ok,4,0,6,0,4,
extracted_tables/036_Health_Bulletin_2014/table_0073.csv,cleaned_tables/036_Health_Bulletin_2014/table_0073.csv,ok,2,0,2,0,2,
extracted_tables/036_Health_Bulletin_2014/table_0074.csv,cleaned_tables/036_Health_Bulletin_2014/table_0074.csv,ok,2,0,2,0,2,
extracted_tables/036_Health_Bulletin_2014/table_0075.csv,cleaned_tables/036_Health_Bulletin_2014/table_0075.csv,ok,2,0,3,0,2,
extracted_tables/036_Health_Bulletin_2014/table_0076.csv,cleaned_tables/036_Health_Bulletin_2014/table_0076.csv,ok,2,0,2,0,2,
extracted_tables/036_Health_Bulletin_2014/table_0077.csv,cleaned_tables/036_Health_Bulletin_2014/table_0077.csv,ok,2,0,2,0,2,
extracted_tables/036_Health_Bulletin_2014/table_0078.csv,cleaned_tables/036_Health_Bulletin_2014/table_0078.csv,ok,2,0,2,0,2,
extracted_tables/036_Health_Bulletin_2014/table_0079.csv,cleaned_tables/036_Health_Bulletin_2014/table_0079.csv,ok,2,0,2,0,2,
extracted_tables/036_Health_Bulletin_2014/table_0080.csv,cleaned_tables/036_Health_Bulletin_2014/table_0080.csv,ok,2,0,2,0,2,
extracted_tables/036_Health_Bulletin_2014/table_0081.csv,cleaned_tables/036_Health_Bulletin_2014/table_0081.csv,ok,2,0,2,0,2,
extracted_tables/036_Health_Bulletin_2014/table_0082.csv,cleaned_tables/036_Health_Bulletin_2014/table_0082.csv,ok,2,0,2,0,2,
extracted_tables/036_Health_Bulletin_2014/table_0083.csv,cleaned_tables/036_Health_Bulletin_2014/table_0083.csv,ok,3,0,3,0,3,
extracted_tables/036_Health_Bulletin_2014/table_0084.csv,cleaned_tables/036_Health_Bulletin_2014/table_0084.csv,ok,2,0,3,0,2,
extracted_tables/036_Health_Bulletin_2014/table_0085.csv,cleaned_tables/036_Health_Bulletin_2014/table_0085.csv,ok,2,0,3,0,2,
extracted_tables/036_Health_Bulletin_2014/table_0086.csv,cleaned_tables/036_Health_Bulletin_2014/table_0086.csv,ok,2,0,2,0,2,
extracted_tables/036_Health_Bulletin_2014/table_0087.csv,cleaned_tables/036_Health_Bulletin_2014/table_0087.csv,ok,2,0,2,0,2,
extracted_tables/036_Health_Bulletin_2014/table_0088.csv,cleaned_tables/036_Health_Bulletin_2014/table_0088.csv,ok,2,0,2,0,2,
extracted_tables/036_Health_Bulletin_2014/table_0089.csv,cleaned_tables/036_Health_Bulletin_2014/table_0089.csv,ok,2,0,2,0,2,
extracted_tables/036_Health_Bulletin_2014/table_0090.csv,cleaned_tables/036_Health_Bulletin_2014/table_0090.csv,ok,2,0,2,0,2,
extracted_tables/036_Health_Bulletin_2014/table_0091.csv,cleaned_tables/036_Health_Bulletin_2014/table_0091.csv,ok,2,0,2,0,2,
extracted_tables/036_Health_Bulletin_2014/table_0092.csv,cleaned_tables/036_Health_Bulletin_2014/table_0092.csv,ok,2,0,2,0,2,
extracted_tables/036_Health_Bulletin_2014/table_0093.csv,cleaned_tables/036_Health_Bulletin_2014/table_0093.csv,ok,9,8,5,5,1,
extracted_tables/036_Health_Bulletin_2014/table_0094.csv,cleaned_tables/036_Health_Bulletin_2014/table_0094.csv,ok,11,7,5,5,4,
extracted_tables/036_Health_Bulletin_2014/table_0095.csv,cleaned_tables/036_Health_Bulletin_2014/table_0095.csv,ok,2,1,5,5,1,
extracted_tables/036_Health_Bulletin_2014/table_0096.csv,cleaned_tables/036_Health_Bulletin_2014/table_0096.csv,ok,2,1,5,5,1,
extracted_tables/036_Health_Bulletin_2014/table_0097.csv,cleaned_tables/036_Health_Bulletin_2014/table_0097.csv,ok,3,2,3,3,1,
extracted_tables/036_Health_Bulletin_2014/table_0098.csv,cleaned_tables/036_Health_Bulletin_2014/table_0098.csv,ok,2,1,5,5,1,
extracted_tables/036_Health_Bulletin_2014/table_0099.csv,cleaned_tables/036_Health_Bulletin_2014/table_0099.csv,ok,2,1,5,5,1,
extracted_tables/036_Health_Bulletin_2014/table_0100.csv,cleaned_tables/036_Health_Bulletin_2014/table_0100.csv,ok,2,1,5,5,1,
extracted_tables/036_Health_Bulletin_2014/table_0101.csv,cleaned_tables/036_Health_Bulletin_2014/table_0101.csv,ok,2,1,3,3,1,
extracted_tables/036_Health_Bulletin_2014/table_0102.csv,cleaned_tables/036_Health_Bulletin_2014/table_0102.csv,ok,8,7,3,3,1,
extracted_tables/036_Health_Bulletin_2014/table_0103.csv,cleaned_tables/036_Health_Bulletin_2014/table_0103.csv,ok,3,0,3,0,3,
extracted_tables/036_Health_Bulletin_2014/table_0104.csv,cleaned_tables/036_Health_Bulletin_2014/table_0104.csv,ok,2,0,2,0,2,
extracted_tables/036_Health_Bulletin_2014/table_0105.csv,cleaned_tables/036_Health_Bulletin_2014/table_0105.csv,ok,2,0,2,0,2,
extracted_tables/036_Health_Bulletin_2014/table_0106.csv,cleaned_tables/036_Health_Bulletin_2014/table_0106.csv,ok,2,0,2,0,2,
extracted_tables/036_Health_Bulletin_2014/table_0107.csv,cleaned_tables/036_Health_Bulletin_2014/table_0107.csv,ok,2,0,3,0,2,
extracted_tables/036_Health_Bulletin_2014/table_0108.csv,cleaned_tables/036_Health_Bulletin_2014/table_0108.csv,ok,2,0,3,0,2,
extracted_tables/036_Health_Bulletin_2014/table_0109.csv,cleaned_tables/036_Health_Bulletin_2014/table_0109.csv,ok,3,2,3,3,1,
extracted_tables/036_Health_Bulletin_2014/table_0110.csv,cleaned_tables/036_Health_Bulletin_2014/table_0110.csv,ok,3,2,3,3,1,
extracted_tables/036_Health_Bulletin_2014/table_0111.csv,cleaned_tables/036_Health_Bulletin_2014/table_0111.csv,ok,4,3,9,9,1,
extracted_tables/036_Health_Bulletin_2014/table_0112.csv,cleaned_tables/036_Health_Bulletin_2014/table_0112.csv,ok,4,3,5,5,1,
extracted_tables/036_Health_Bulletin_2014/table_0113.csv,cleaned_tables/036_Health_Bulletin_2014/table_0113.csv,ok,3,2,3,3,1,
extracted_tables/036_Health_Bulletin_2014/table_0114.csv,cleaned_tables/036_Health_Bulletin_2014/table_0114.csv,ok,5,4,5,5,1,
extracted_tables/036_Health_Bulletin_2014/table_0115.csv,cleaned_tables/036_Health_Bulletin_2014/table_0115.csv,ok,13,9,5,5,4,
extracted_tables/036_Health_Bulletin_2014/table_0116.csv,cleaned_tables/036_Health_Bulletin_2014/table_0116.csv,ok,5,3,5,5,2,
extracted_tables/036_Health_Bulletin_2014/table_0117.csv,cleaned_tables/036_Health_Bulletin_2014/table_0117.csv,ok,5,4,5,5,1,
extracted_tables/036_Health_Bulletin_2014/table_0118.csv,cleaned_tables/036_Health_Bulletin_2014/table_0118.csv,ok,2,1,7,7,1,
extracted_tables/036_Health_Bulletin_2014/table_0119.csv,cleaned_tables/036_Health_Bulletin_2014/table_0119.csv,ok,16,15,3,3,1,
extracted_tables/036_Health_Bulletin_2014/table_0120.csv,cleaned_tables/036_Health_Bulletin_2014/table_0120.csv,ok,4,3,3,3,1,
extracted_tables/036_Health_Bulletin_2014/table_0121.csv,cleaned_tables/036_Health_Bulletin_2014/table_0121.csv,ok,8,7,3,3,1,
extracted_tables/036_Health_Bulletin_2014/table_0122.csv,cleaned_tables/036_Health_Bulletin_2014/table_0122.csv,ok,2,1,3,3,1,
extracted_tables/036_Health_Bulletin_2014/table_0123.csv,cleaned_tables/036_Health_Bulletin_2014/table_0123.csv,ok,4,3,9,9,1,
extracted_tables/036_Health_Bulletin_2014/table_0124.csv,cleaned_tables/036_Health_Bulletin_2014/table_0124.csv,ok,8,7,3,3,1,
extracted_tables/036_Health_Bulletin_2014/table_0125.csv,cleaned_tables/036_Health_Bulletin_2014/table_0125.csv,ok,2,1,5,5,1,
extracted_tables/036_Health_Bulletin_2014/table_0126.csv,cleaned_tables/036_Health_Bulletin_2014/table_0126.csv,ok,2,0,2,0,2,
extracted_tables/036_Health_Bulletin_2014/table_0127.csv,cleaned_tables/036_Health_Bulletin_2014/table_0127.csv,ok,2,1,3,3,1,
extracted_tables/036_Health_Bulletin_2014/table_0128.csv,cleaned_tables/036_Health_Bulletin_2014/table_0128.csv,ok,2,1,3,3,1,
extracted_tables/036_Health_Bulletin_2014/table_0129.csv,cleaned_tables/036_Health_Bulletin_2014/table_0129.csv,ok,3,2,3,3,1,
extracted_tables/036_Health_Bulletin_2014/table_0130.csv,cleaned_tables/036_Health_Bulletin_2014/table_0130.csv,ok,2,0,3,0,2,
extracted_tables/036_Health_Bulletin_2014/table_0131.csv,cleaned_tables/036_Health_Bulletin_2014/table_0131.csv,ok,3,0,3,0,3,
extracted_tables/036_Health_Bulletin_2014/table_0132.csv,cleaned_tables/036_Health_Bulletin_2014/table_0132.csv,ok,2,0,3,0,2,
extracted_tables/036_Health_Bulletin_2014/table_0133.csv,cleaned_tables/036_Health_Bulletin_2014/table_0133.csv,ok,2,0,3,0,2,
extracted_tables/036_Health_Bulletin_2014/table_0134.csv,cleaned_tables/036_Health_Bulletin_2014/table_0134.csv,ok,6,5,3,3,1,
extracted_tables/036_Health_Bulletin_2014/table_0135.csv,cleaned_tables/036_Health_Bulletin_2014/table_0135.csv,ok,2,1,3,3,1,
extracted_tables/036_Health_Bulletin_2014/table_0136.csv,cleaned_tables/036_Health_Bulletin_2014/table_0136.csv,ok,3,2,5,5,1,
extracted_tables/036_Health_Bulletin_2014/table_0137.csv,cleaned_tables/036_Health_Bulletin_2014/table_0137.csv,ok,2,1,7,7,1,
extracted_tables/036_Health_Bulletin_2014/table_0138.csv,cleaned_tables/036_Health_Bulletin_2014/table_0138.csv,ok,3,2,9,9,1,
extracted_tables/036_Health_Bulletin_2014/table_0139.csv,cleaned_tables/036_Health_Bulletin_2014/table_0139.csv,ok,15,14,9,9,1,
extracted_tables/036_Health_Bulletin_2014/table_0140.csv,cleaned_tables/036_Health_Bulletin_2014/table_0140.csv,ok,2,1,7,7,1,
extracted_tables/036_Health_Bulletin_2014/table_0141.csv,cleaned_tables/036_Health_Bulletin_2014/table_0141.csv,ok,4,3,6,5,1,
extracted_tables/036_Health_Bulletin_2014/table_0142.csv,cleaned_tables/036_Health_Bulletin_2014/table_0142.csv,ok,9,8,6,6,1,
extracted_tables/036_Health_Bulletin_2014/table_0143.csv,cleaned_tables/036_Health_Bulletin_2014/table_0143.csv,ok,9,8,6,6,1,
extracted_tables/036_Health_Bulletin_2014/table_0144.csv,cleaned_tables/036_Health_Bulletin_2014/table_0144.csv,ok,7,6,3,3,1,
extracted_tables/036_Health_Bulletin_2014/table_0145.csv,cleaned_tables/036_Health_Bulletin_2014/table_0145.csv,ok,9,8,8,8,1,
extracted_tables/036_Health_Bulletin_2014/table_0146.csv,cleaned_tables/036_Health_Bulletin_2014/table_0146.csv,ok,9,8,7,7,1,
extracted_tables/036_Health_Bulletin_2014/table_0147.csv,cleaned_tables/036_Health_Bulletin_2014/table_0147.csv,ok,9,8,6,5,1,
extracted_tables/036_Health_Bulletin_2014/table_0148.csv,cleaned_tables/036_Health_Bulletin_2014/table_0148.csv,ok,9,8,13,13,1,
extracted_tables/036_Health_Bulletin_2014/table_0149.csv,cleaned_tables/036_Health_Bulletin_2014/table_0149.csv,ok,9,8,9,9,1,
extracted_tables/036_Health_Bulletin_2014/table_0150.csv,cleaned_tables/036_Health_Bulletin_2014/table_0150.csv,ok,9,8,10,9,1,
extracted_tables/036_Health_Bulletin_2014/table_0151.csv,cleaned_tables/036_Health_Bulletin_2014/table_0151.csv,ok,9,8,13,13,1,
extracted_tables/036_Health_Bulletin_2014/table_0152.csv,cleaned_tables/036_Health_Bulletin_2014/table_0152.csv,ok,9,8,13,12,1,
extracted_tables/036_Health_Bulletin_2014/table_0153.csv,cleaned_tables/036_Health_Bulletin_2014/table_0153.csv,ok,9,8,13,13,1,
extracted_tables/036_Health_Bulletin_2014/table_0154.csv,cleaned_tables/036_Health_Bulletin_2014/table_0154.csv,ok,9,8,13,13,1,
extracted_tables/036_Health_Bulletin_2014/table_0155.csv,cleaned_tables/036_Health_Bulletin_2014/table_0155.csv,ok,9,8,13,13,1,
extracted_tables/036_Health_Bulletin_2014/table_0156.csv,cleaned_tables/036_Health_Bulletin_2014/table_0156.csv,ok,9,8,15,15,1,
extracted_tables/036_Health_Bulletin_2014/table_0157.csv,cleaned_tables/036_Health_Bulletin_2014/table_0157.csv,ok,9,8,13,12,1,
extracted_tables/036_Health_Bulletin_2014/table_0158.csv,cleaned_tables/036_Health_Bulletin_2014/table_0158.csv,ok,9,8,9,9,1,
extracted_tables/036_Health_Bulletin_2014/table_0159.csv,cleaned_tables/036_Health_Bulletin_2014/table_0159.csv,ok,9,8,13,13,1,
extracted_tables/036_Health_Bulletin_2014/table_0160.csv,cleaned_tables/036_Health_Bulletin_2014/table_0160.csv,ok,9,8,13,13,1,
extracted_tables/036_Health_Bulletin_2014/table_0161.csv,cleaned_tables/036_Health_Bulletin_2014/table_0161.csv,ok,9,8,5,5,1,
extracted_tables/036_Health_Bulletin_2014/table_0162.csv,cleaned_tables/036_Health_Bulletin_2014/table_0162.csv,ok,9,8,3,3,1,
extracted_tables/036_Health_Bulletin_2014/table_0163.csv,cleaned_tables/036_Health_Bulletin_2014/table_0163.csv,ok,9,8,3,3,1,
extracted_tables/036_Health_Bulletin_2014/table_0164.csv,cleaned_tables/036_Health_Bulletin_2014/table_0164.csv,ok,9,8,3,3,1,
extracted_tables/036_Health_Bulletin_2014/table_0165.csv,cleaned_tables/036_Health_Bulletin_2014/table_0165.csv,ok,9,8,3,3,1,
extracted_tables/036_Health_Bulletin_2014/table_0166.csv,cleaned_tables/036_Health_Bulletin_2014/table_0166.csv,ok,9,8,3,3,1,
extracted_tables/036_Health_Bulletin_2014/table_0167.csv,cleaned_tables/036_Health_Bulletin_2014/table_0167.csv,ok,9,8,3,3,1,
extracted_tables/036_Health_Bulletin_2014/table_0168.csv,cleaned_tables/036_Health_Bulletin_2014/table_0168.csv,ok,9,8,3,3,1,
extracted_tables/036_Health_Bulletin_2014/table_0169.csv,cleaned_tables/036_Health_Bulletin_2014/table_0169.csv,ok,9,8,3,3,1,
extracted_tables/036_Health_Bulletin_2014/table_0170.csv,cleaned_tables/036_Health_Bulletin_2014/table_0170.csv,ok,9,8,3,3,1,
extracted_tables/036_Health_Bulletin_2014/table_0171.csv,cleaned_tables/036_Health_Bulletin_2014/table_0171.csv,ok,9,8,3,3,1,
extracted_tables/036_Health_Bulletin_2014/table_0172.csv,cleaned_tables/036_Health_Bulletin_2014/table_0172.csv,ok,9,8,3,3,1,
extracted_tables/036_Health_Bulletin_2014/table_0173.csv,cleaned_tables/036_Health_Bulletin_2014/table_0173.csv,ok,3,2,3,3,1,
extracted_tables/036_Health_Bulletin_2014/table_0174.csv,cleaned_tables/036_Health_Bulletin_2014/table_0174.csv,ok,2,1,5,4,1,
extracted_tables/036_Health_Bulletin_2014/table_0175.csv,cleaned_tables/036_Health_Bulletin_2014/table_0175.csv,ok,4,4,7,7,0,
extracted_tables/036_Health_Bulletin_2014/table_0176.csv,cleaned_tables/036_Health_Bulletin_2014/table_0176.csv,ok,2,1,5,5,1,
extracted_tables/036_Health_Bulletin_2014/table_0177.csv,cleaned_tables/036_Health_Bulletin_2014/table_0177.csv,ok,8,7,3,3,1,
extracted_tables/036_Health_Bulletin_2014/table_0178.csv,cleaned_tables/036_Health_Bulletin_2014/table_0178.csv,ok,5,2,3,3,3,
extracted_tables/036_Health_Bulletin_2014/table_0179.csv,cleaned_tables/036_Health_Bulletin_2014/table_0179.csv,ok,6,3,3,3,3,
extracted_tables/036_Health_Bulletin_2014/table_0180.csv,cleaned_tables/036_Health_Bulletin_2014/table_0180.csv,ok,2,1,3,3,1,
extracted_tables/036_Health_Bulletin_2014/table_0181.csv,cleaned_tables/036_Health_Bulletin_2014/table_0181.csv,ok,11,10,3,3,1,
extracted_tables/036_Health_Bulletin_2014/table_0182.csv,cleaned_tables/036_Health_Bulletin_2014/table_0182.csv,ok,9,8,3,3,1,
extracted_tables/036_Health_Bulletin_2014/table_0183.csv,cleaned_tables/036_Health_Bulletin_2014/table_0183.csv,ok,3,2,3,3,1,
extracted_tables/036_Health_Bulletin_2014/table_0184.csv,cleaned_tables/036_Health_Bulletin_2014/table_0184.csv,ok,3,2,3,3,1,
extracted_tables/036_Health_Bulletin_2014/table_0185.csv,cleaned_tables/036_Health_Bulletin_2014/table_0185.csv,ok,2,1,3,3,1,
extracted_tables/036_Health_Bulletin_2014/table_0186.csv,cleaned_tables/036_Health_Bulletin_2014/table_0186.csv,ok,2,1,11,11,1,
extracted_tables/036_Health_Bulletin_2014/table_0187.csv,cleaned_tables/036_Health_Bulletin_2014/table_0187.csv,ok,3,2,3,3,1,
extracted_tables/036_Health_Bulletin_2014/table_0188.csv,cleaned_tables/036_Health_Bulletin_2014/table_0188.csv,ok,3,2,5,5,1,
extracted_tables/036_Health_Bulletin_2014/table_0189.csv,cleaned_tables/036_Health_Bulletin_2014/table_0189.csv,ok,3,2,5,5,1,
extracted_tables/036_Health_Bulletin_2014/table_0190.csv,cleaned_tables/036_Health_Bulletin_2014/table_0190.csv,ok,3,2,5,5,1,
extracted_tables/036_Health_Bulletin_2014/table_0191.csv,cleaned_tables/036_Health_Bulletin_2014/table_0191.csv,ok,8,7,3,3,1,
extracted_tables/036_Health_Bulletin_2014/table_0192.csv,cleaned_tables/036_Health_Bulletin_2014/table_0192.csv,ok,20,19,3,3,1,
extracted_tables/036_Health_Bulletin_2014/table_0193.csv,cleaned_tables/036_Health_Bulletin_2014/table_0193.csv,ok,9,8,3,3,1,
extracted_tables/036_Health_Bulletin_2014/table_0194.csv,cleaned_tables/036_Health_Bulletin_2014/table_0194.csv,ok,5,4,9,8,1,
extracted_tables/036_Health_Bulletin_2014/table_0195.csv,cleaned_tables/036_Health_Bulletin_2014/table_0195.csv,ok,6,5,9,8,1,
extracted_tables/036_Health_Bulletin_2014/table_0196.csv,cleaned_tables/036_Health_Bulletin_2014/table_0196.csv,ok,2,1,3,3,1,
extracted_tables/036_Health_Bulletin_2014/table_0197.csv,cleaned_tables/036_Health_Bulletin_2014/table_0197.csv,ok,2,1,3,3,1,
extracted_tables/036_Health_Bulletin_2014/table_0198.csv,cleaned_tables/036_Health_Bulletin_2014/table_0198.csv,ok,2,1,3,3,1,
extracted_tables/036_Health_Bulletin_2014/table_0199.csv,cleaned_tables/036_Health_Bulletin_2014/table_0199.csv,ok,2,1,3,3,1,
extracted_tables/036_Health_Bulletin_2014/table_0200.csv,cleaned_tables/036_Health_Bulletin_2014/table_0200.csv,ok,2,1,3,3,1,
extracted_tables/036_Health_Bulletin_2014/table_0201.csv,cleaned_tables/036_Health_Bulletin_2014/table_0201.csv,ok,2,1,3,3,1,
extracted_tables/036_Health_Bulletin_2014/table_0202.csv,cleaned_tables/036_Health_Bulletin_2014/table_0202.csv,ok,2,1,3,3,1,
extracted_tables/036_Health_Bulletin_2014/table_0203.csv,cleaned_tables/036_Health_Bulletin_2014/table_0203.csv,ok,12,11,4,4,1,
extracted_tables/036_Health_Bulletin_2014/table_0204.csv,cleaned_tables/036_Health_Bulletin_2014/table_0204.csv,ok,4,3,4,4,1,
extracted_tables/036_Health_Bulletin_2014/table_0205.csv,cleaned_tables/036_Health_Bulletin_2014/table_0205.csv,ok,6,6,3,3,0,
extracted_tables/036_Health_Bulletin_2014/table_0206.csv,cleaned_tables/036_Health_Bulletin_2014/table_0206.csv,ok,4,4,3,3,0,
extracted_tables/036_Health_Bulletin_2014/table_0207.csv,cleaned_tables/036_Health_Bulletin_2014/table_0207.csv,ok,17,17,3,2,0,
extracted_tables/036_Health_Bulletin_2014/table_0208.csv,cleaned_tables/036_Health_Bulletin_2014/table_0208.csv,ok,4,4,3,2,0,
extracted_tables/036_Health_Bulletin_2014/table_0209.csv,cleaned_tables/036_Health_Bulletin_2014/table_0209.csv,ok,3,2,3,3,1,
extracted_tables/036_Health_Bulletin_2014/table_0210.csv,cleaned_tables/036_Health_Bulletin_2014/table_0210.csv,ok,6,5,3,3,1,
extracted_tables/036_Health_Bulletin_2014/table_0211.csv,cleaned_tables/036_Health_Bulletin_2014/table_0211.csv,ok,3,2,3,3,1,
extracted_tables/036_Health_Bulletin_2014/table_0212.csv,cleaned_tables/036_Health_Bulletin_2014/table_0212.csv,ok,10,9,3,3,1,
extracted_tables/036_Health_Bulletin_2014/table_0213.csv,cleaned_tables/036_Health_Bulletin_2014/table_0213.csv,ok,3,2,3,3,1,
extracted_tables/036_Health_Bulletin_2014/table_0214.csv,cleaned_tables/036_Health_Bulletin_2014/table_0214.csv,ok,4,3,3,3,1,
extracted_tables/036_Health_Bulletin_2014/table_0215.csv,cleaned_tables/036_Health_Bulletin_2014/table_0215.csv,ok,4,3,3,3,1,
extracted_tables/036_Health_Bulletin_2014/table_0216.csv,cleaned_tables/036_Health_Bulletin_2014/table_0216.csv,ok,6,5,4,4,1,
extracted_tables/036_Health_Bulletin_2014/table_0217.csv,cleaned_tables/036_Health_Bulletin_2014/table_0217.csv,ok,4,3,8,8,1,
extracted_tables/036_Health_Bulletin_2014/table_0218.csv,cleaned_tables/036_Health_Bulletin_2014/table_0218.csv,ok,4,3,6,6,1,
extracted_tables/036_Health_Bulletin_2014/table_0219.csv,cleaned_tables/036_Health_Bulletin_2014/table_0219.csv,ok,2,1,7,7,1,
extracted_tables/036_Health_Bulletin_2014/table_0220.csv,cleaned_tables/036_Health_Bulletin_2014/table_0220.csv,ok,5,4,7,7,1,
extracted_tables/036_Health_Bulletin_2014/table_0221.csv,cleaned_tables/036_Health_Bulletin_2014/table_0221.csv,ok,2,1,3,3,1,
extracted_tables/036_Health_Bulletin_2014/table_0222.csv,cleaned_tables/036_Health_Bulletin_2014/table_0222.csv,ok,9,8,4,4,1,
extracted_tables/036_Health_Bulletin_2014/table_0223.csv,cleaned_tables/036_Health_Bulletin_2014/table_0223.csv,ok,8,7,5,5,1,
extracted_tables/036_Health_Bulletin_2014/table_0224.csv,cleaned_tables/036_Health_Bulletin_2014/table_0224.csv,ok,8,7,6,6,1,
extracted_tables/036_Health_Bulletin_2014/table_0225.csv,cleaned_tables/036_Health_Bulletin_2014/table_0225.csv,ok,3,2,4,3,1,
extracted_tables/036_Health_Bulletin_2014/table_0226.csv,cleaned_tables/036_Health_Bulletin_2014/table_0226.csv,ok,3,2,4,3,1,
extracted_tables/036_Health_Bulletin_2014/table_0227.csv,cleaned_tables/036_Health_Bulletin_2014/table_0227.csv,ok,3,1,4,3,2,
extracted_tables/036_Health_Bulletin_2014/table_0228.csv,cleaned_tables/036_Health_Bulletin_2014/table_0228.csv,ok,3,1,4,3,2,
extracted_tables/036_Health_Bulletin_2014/table_0229.csv,cleaned_tables/036_Health_Bulletin_2014/table_0229.csv,ok,5,1,6,1,4,
extracted_tables/037_Health_Bulletin_2013/table_0001.csv,cleaned_tables/037_Health_Bulletin_2013/table_0001.csv,ok,4,2,3,2,2,
extracted_tables/037_Health_Bulletin_2013/table_0002.csv,cleaned_tables/037_Health_Bulletin_2013/table_0002.csv,ok,3,2,3,3,1,
extracted_tables/037_Health_Bulletin_2013/table_0003.csv,cleaned_tables/037_Health_Bulletin_2013/table_0003.csv,ok,4,3,3,3,1,
extracted_tables/037_Health_Bulletin_2013/table_0004.csv,cleaned_tables/037_Health_Bulletin_2013/table_0004.csv,ok,5,4,3,3,1,
extracted_tables/037_Health_Bulletin_2013/table_0005.csv,cleaned_tables/037_Health_Bulletin_2013/table_0005.csv,ok,4,3,3,3,1,
extracted_tables/037_Health_Bulletin_2013/table_0006.csv,cleaned_tables/037_Health_Bulletin_2013/table_0006.csv,ok,11,10,3,3,1,
extracted_tables/037_Health_Bulletin_2013/table_0007.csv,cleaned_tables/037_Health_Bulletin_2013/table_0007.csv,ok,3,2,3,3,1,
extracted_tables/037_Health_Bulletin_2013/table_0008.csv,cleaned_tables/037_Health_Bulletin_2013/table_0008.csv,ok,15,14,3,3,1,
extracted_tables/037_Health_Bulletin_2013/table_0009.csv,cleaned_tables/037_Health_Bulletin_2013/table_0009.csv,ok,3,2,3,3,1,
extracted_tables/037_Health_Bulletin_2013/table_0010.csv,cleaned_tables/037_Health_Bulletin_2013/table_0010.csv,ok,2,0,2,0,2,
extracted_tables/037_Health_Bulletin_2013/table_0011.csv,cleaned_tables/037_Health_Bulletin_2013/table_0011.csv,ok,2,0,2,0,2,
extracted_tables/037_Health_Bulletin_2013/table_0012.csv,cleaned_tables/037_Health_Bulletin_2013/table_0012.csv,ok,2,0,2,0,2,
extracted_tables/037_Health_Bulletin_2013/table_0013.csv,cleaned_tables/037_Health_Bulletin_2013/table_0013.csv,ok,2,0,2,0,2,
extracted_tables/037_Health_Bulletin_2013/table_0014.csv,cleaned_tables/037_Health_Bulletin_2013/table_0014.csv,ok,2,1,5,5,1,
extracted_tables/037_Health_Bulletin_2013/table_0015.csv,cleaned_tables/037_Health_Bulletin_2013/table_0015.csv,ok,2,1,9,9,1,
extracted_tables/037_Health_Bulletin_2013/table_0016.csv,cleaned_tables/037_Health_Bulletin_2013/table_0016.csv,ok,3,2,3,3,1,
extracted_tables/037_Health_Bulletin_2013/table_0017.csv,cleaned_tables/037_Health_Bulletin_2013/table_0017.csv,ok,4,3,9,9,1,
extracted_tables/037_Health_Bulletin_2013/table_0018.csv,cleaned_tables/037_Health_Bulletin_2013/table_0018.csv,ok,2,0,2,0,2,
extracted_tables/037_Health_Bulletin_2013/table_0019.csv,cleaned_tables/037_Health_Bulletin_2013/table_0019.csv,ok,2,0,2,0,2,
extracted_tables/037_Health_Bulletin_2013/table_0020.csv,cleaned_tables/037_Health_Bulletin_2013/table_0020.csv,ok,2,0,2,0,2,
extracted_tables/037_Health_Bulletin_2013/table_0021.csv,cleaned_tables/037_Health_Bulletin_2013/table_0021.csv,ok,2,0,2,0,2,
extracted_tables/037_Health_Bulletin_2013/table_0022.csv,cleaned_tables/037_Health_Bulletin_2013/table_0022.csv,ok,2,0,2,0,2,
extracted_tables/037_Health_Bulletin_2013/table_0023.csv,cleaned_tables/037_Health_Bulletin_2013/table_0023.csv,ok,2,1,3,3,1,
extracted_tables/037_Health_Bulletin_2013/table_0024.csv,cleaned_tables/037_Health_Bulletin_2013/table_0024.csv,ok,2,1,5,5,1,
extracted_tables/037_Health_Bulletin_2013/table_0025.csv,cleaned_tables/037_Health_Bulletin_2013/table_0025.csv,ok,2,1,5,5,1,
extracted_tables/037_Health_Bulletin_2013/table_0026.csv,cleaned_tables/037_Health_Bulletin_2013/table_0026.csv,ok,2,1,7,7,1,
extracted_tables/037_Health_Bulletin_2013/table_0027.csv,cleaned_tables/037_Health_Bulletin_2013/table_0027.csv,ok,2,1,7,7,1,
extracted_tables/037_Health_Bulletin_2013/table_0028.csv,cleaned_tables/037_Health_Bulletin_2013/table_0028.csv,ok,12,11,3,3,1,
extracted_tables/037_Health_Bulletin_2013/table_0029.csv,cleaned_tables/037_Health_Bulletin_2013/table_0029.csv,ok,11,10,3,3,1,
extracted_tables/037_Health_Bulletin_2013/table_0030.csv,cleaned_tables/037_Health_Bulletin_2013/table_0030.csv,ok,12,11,3,3,1,
extracted_tables/037_Health_Bulletin_2013/table_0031.csv,cleaned_tables/037_Health_Bulletin_2013/table_0031.csv,ok,2,1,3,3,1,
extracted_tables/037_Health_Bulletin_2013/table_0032.csv,cleaned_tables/037_Health_Bulletin_2013/table_0032.csv,ok,2,1,3,3,1,
extracted_tables/037_Health_Bulletin_2013/table_0033.csv,cleaned_tables/037_Health_Bulletin_2013/table_0033.csv,ok,2,1,3,3,1,
extracted_tables/037_Health_Bulletin_2013/table_0034.csv,cleaned_tables/037_Health_Bulletin_2013/table_0034.csv,ok,2,1,3,3,1,
extracted_tables/037_Health_Bulletin_2013/table_0035.csv,cleaned_tables/037_Health_Bulletin_2013/table_0035.csv,ok,3,0,4,0,3,
extracted_tables/037_Health_Bulletin_2013/table_0036.csv,cleaned_tables/037_Health_Bulletin_2013/table_0036.csv,ok,3,0,4,0,3,
extracted_tables/037_Health_Bulletin_2013/table_0037.csv,cleaned_tables/037_Health_Bulletin_2013/table_0037.csv,ok,3,0,4,0,3,
extracted_tables/037_Health_Bulletin_2013/table_0038.csv,cleaned_tables/037_Health_Bulletin_2013/table_0038.csv,ok,3,0,4,0,3,
extracted_tables/037_Health_Bulletin_2013/table_0039.csv,cleaned_tables/037_Health_Bulletin_2013/table_0039.csv,ok,2,0,3,0,2,
extracted_tables/037_Health_Bulletin_2013/table_0040.csv,cleaned_tables/037_Health_Bulletin_2013/table_0040.csv,ok,2,0,2,0,2,
extracted_tables/037_Health_Bulletin_2013/table_0041.csv,cleaned_tables/037_Health_Bulletin_2013/table_0041.csv,ok,2,0,2,0,2,
extracted_tables/037_Health_Bulletin_2013/table_0042.csv,cleaned_tables/037_Health_Bulletin_2013/table_0042.csv,ok,3,3,9,9,0,
extracted_tables/037_Health_Bulletin_2013/table_0043.csv,cleaned_tables/037_Health_Bulletin_2013/table_0043.csv,ok,2,2,9,9,0,
extracted_tables/037_Health_Bulletin_2013/table_0044.csv,cleaned_tables/037_Health_Bulletin_2013/table_0044.csv,ok,2,0,2,0,2,
extracted_tables/037_Health_Bulletin_2013/table_0045.csv,cleaned_tables/037_Health_Bulletin_2013/table_0045.csv,ok,2,0,2,0,2,
extracted_tables/037_Health_Bulletin_2013/table_0046.csv,cleaned_tables/037_Health_Bulletin_2013/table_0046.csv,ok,2,1,11,11,1,
extracted_tables/037_Health_Bulletin_2013/table_0047.csv,cleaned_tables/037_Health_Bulletin_2013/table_0047.csv,ok,2,1,11,11,1,
extracted_tables/037_Health_Bulletin_2013/table_0048.csv,cleaned_tables/037_Health_Bulletin_2013/table_0048.csv,ok,2,0,2,0,2,
extracted_tables/037_Health_Bulletin_2013/table_0049.csv,cleaned_tables/037_Health_Bulletin_2013/table_0049.csv,ok,2,0,2,0,2,
extracted_tables/037_Health_Bulletin_2013/table_0050.csv,cleaned_tables/037_Health_Bulletin_2013/table_0050.csv,ok,2,0,2,0,2,
extracted_tables/037_Health_Bulletin_2013/table_0051.csv,cleaned_tables/037_Health_Bulletin_2013/table_0051.csv,ok,2,0,2,0,2,
extracted_tables/037_Health_Bulletin_2013/table_0052.csv,cleaned_tables/037_Health_Bulletin_2013/table_0052.csv,ok,2,0,2,0,2,
extracted_tables/037_Health_Bulletin_2013/table_0053.csv,cleaned_tables/037_Health_Bulletin_2013/table_0053.csv,ok,2,0,2,0,2,
extracted_tables/037_Health_Bulletin_2013/table_0054.csv,cleaned_tables/037_Health_Bulletin_2013/table_0054.csv,ok,2,0,2,0,2,
extracted_tables/037_Health_Bulletin_2013/table_0055.csv,cleaned_tables/037_Health_Bulletin_2013/table_0055.csv,ok,2,0,2,0,2,
extracted_tables/037_Health_Bulletin_2013/table_0056.csv,cleaned_tables/037_Health_Bulletin_2013/table_0056.csv,ok,2,0,2,0,2,
extracted_tables/037_Health_Bulletin_2013/table_0057.csv,cleaned_tables/037_Health_Bulletin_2013/table_0057.csv,ok,2,0,2,0,2,
extracted_tables/037_Health_Bulletin_2013/table_0058.csv,cleaned_tables/037_Health_Bulletin_2013/table_0058.csv,ok,2,0,2,0,2,
extracted_tables/037_Health_Bulletin_2013/table_0059.csv,cleaned_tables/037_Health_Bulletin_2013/table_0059.csv,ok,2,0,2,0,2,
extracted_tables/037_Health_Bulletin_2013/table_0060.csv,cleaned_tables/037_Health_Bulletin_2013/table_0060.csv,ok,2,0,2,0,2,
extracted_tables/037_Health_Bulletin_2013/table_0061.csv,cleaned_tables/037_Health_Bulletin_2013/table_0061.csv,ok,3,2,5,5,1,
extracted_tables/037_Health_Bulletin_2013/table_0062.csv,cleaned_tables/037_Health_Bulletin_2013/table_0062.csv,ok,5,5,3,3,0,
extracted_tables/037_Health_Bulletin_2013/table_0063.csv,cleaned_tables/037_Health_Bulletin_2013/table_0063.csv,ok,7,7,7,7,0,
extracted_tables/037_Health_Bulletin_2013/table_0064.csv,cleaned_tables/037_Health_Bulletin_2013/table_0064.csv,ok,2,0,2,0,2,
extracted_tables/037_Health_Bulletin_2013/table_0065.csv,cleaned_tables/037_Health_Bulletin_2013/table_0065.csv,ok,2,0,2,0,2,
extracted_tables/037_Health_Bulletin_2013/table_0066.csv,cleaned_tables/037_Health_Bulletin_2013/table_0066.csv,ok,2,0,2,0,2,
extracted_tables/037_Health_Bulletin_2013/table_0067.csv,cleaned_tables/037_Health_Bulletin_2013/table_0067.csv,ok,2,0,2,0,2,
extracted_tables/037_Health_Bulletin_2013/table_0068.csv,cleaned_tables/037_Health_Bulletin_2013/table_0068.csv,ok,2,0,2,0,2,
extracted_tables/037_Health_Bulletin_2013/table_0069.csv,cleaned_tables/037_Health_Bulletin_2013/table_0069.csv,ok,13,12,7,7,1,
extracted_tables/037_Health_Bulletin_2013/table_0070.csv,cleaned_tables/037_Health_Bulletin_2013/table_0070.csv,ok,2,0,2,0,2,
extracted_tables/037_Health_Bulletin_2013/table_0071.csv,cleaned_tables/037_Health_Bulletin_2013/table_0071.csv,ok,2,0,2,0,2,
extracted_tables/037_Health_Bulletin_2013/table_0072.csv,cleaned_tables/037_Health_Bulletin_2013/table_0072.csv,ok,2,0,2,0,2,
extracted_tables/037_Health_Bulletin_2013/table_0073.csv,cleaned_tables/037_Health_Bulletin_2013/table_0073.csv,ok,2,0,2,0,2,
extracted_tables/037_Health_Bulletin_2013/table_0074.csv,cleaned_tables/037_Health_Bulletin_2013/table_0074.csv,ok,5,4,5,4,1,
extracted_tables/037_Health_Bulletin_2013/table_0075.csv,cleaned_tables/037_Health_Bulletin_2013/table_0075.csv,ok,2,0,2,0,2,
extracted_tables/037_Health_Bulletin_2013/table_0076.csv,cleaned_tables/037_Health_Bulletin_2013/table_0076.csv,ok,2,0,2,0,2,
extracted_tables/037_Health_Bulletin_2013/table_0077.csv,cleaned_tables/037_Health_Bulletin_2013/table_0077.csv,ok,2,0,2,0,2,
extracted_tables/037_Health_Bulletin_2013/table_0078.csv,cleaned_tables/037_Health_Bulletin_2013/table_0078.csv,ok,2,0,2,0,2,
extracted_tables/037_Health_Bulletin_2013/table_0079.csv,cleaned_tables/037_Health_Bulletin_2013/table_0079.csv,ok,2,0,2,0,2,
extracted_tables/037_Health_Bulletin_2013/table_0080.csv,cleaned_tables/037_Health_Bulletin_2013/table_0080.csv,ok,2,0,2,0,2,
extracted_tables/037_Health_Bulletin_2013/table_0081.csv,cleaned_tables/037_Health_Bulletin_2013/table_0081.csv,ok,3,2,3,3,1,
extracted_tables/037_Health_Bulletin_2013/table_0082.csv,cleaned_tables/037_Health_Bulletin_2013/table_0082.csv,ok,19,15,5,5,4,
extracted_tables/037_Health_Bulletin_2013/table_0083.csv,cleaned_tables/037_Health_Bulletin_2013/table_0083.csv,ok,2,1,5,5,1,
extracted_tables/037_Health_Bulletin_2013/table_0084.csv,cleaned_tables/037_Health_Bulletin_2013/table_0084.csv,ok,2,1,5,5,1,
extracted_tables/037_Health_Bulletin_2013/table_0085.csv,cleaned_tables/037_Health_Bulletin_2013/table_0085.csv,ok,2,1,5,5,1,
extracted_tables/037_Health_Bulletin_2013/table_0086.csv,cleaned_tables/037_Health_Bulletin_2013/table_0086.csv,ok,3,2,3,3,1,
extracted_tables/037_Health_Bulletin_2013/table_0087.csv,cleaned_tables/037_Health_Bulletin_2013/table_0087.csv,ok,2,1,5,5,1,
extracted_tables/037_Health_Bulletin_2013/table_0088.csv,cleaned_tables/037_Health_Bulletin_2013/table_0088.csv,ok,2,1,5,5,1,
extracted_tables/037_Health_Bulletin_2013/table_0089.csv,cleaned_tables/037_Health_Bulletin_2013/table_0089.csv,ok,2,1,5,5,1,
extracted_tables/037_Health_Bulletin_2013/table_0090.csv,cleaned_tables/037_Health_Bulletin_2013/table_0090.csv,ok,2,1,5,5,1,
extracted_tables/037_Health_Bulletin_2013/table_0091.csv,cleaned_tables/037_Health_Bulletin_2013/table_0091.csv,ok,8,7,3,3,1,
extracted_tables/037_Health_Bulletin_2013/table_0092.csv,cleaned_tables/037_Health_Bulletin_2013/table_0092.csv,ok,2,0,2,0,2,
extracted_tables/037_Health_Bulletin_2013/table_0093.csv,cleaned_tables/037_Health_Bulletin_2013/table_0093.csv,ok,2,0,2,0,2,
extracted_tables/037_Health_Bulletin_2013/table_0094.csv,cleaned_tables/037_Health_Bulletin_2013/table_0094.csv,ok,2,0,2,0,2,
extracted_tables/037_Health_Bulletin_2013/table_0095.csv,cleaned_tables/037_Health_Bulletin_2013/table_0095.csv,ok,2,0,2,0,2,
extracted_tables/037_Health_Bulletin_2013/table_0096.csv,cleaned_tables/037_Health_Bulletin_2013/table_0096.csv,ok,2,0,2,0,2,
extracted_tables/037_Health_Bulletin_2013/table_0097.csv,cleaned_tables/037_Health_Bulletin_2013/table_0097.csv,ok,2,0,2,0,2,
extracted_tables/037_Health_Bulletin_2013/table_0098.csv,cleaned_tables/037_Health_Bulletin_2013/table_0098.csv,ok,3,2,3,3,1,
extracted_tables/037_Health_Bulletin_2013/table_0099.csv,cleaned_tables/037_Health_Bulletin_2013/table_0099.csv,ok,4,3,7,7,1,
extracted_tables/037_Health_Bulletin_2013/table_0100.csv,cleaned_tables/037_Health_Bulletin_2013/table_0100.csv,ok,4,3,5,5,1,
extracted_tables/037_Health_Bulletin_2013/table_0101.csv,cleaned_tables/037_Health_Bulletin_2013/table_0101.csv,ok,3,2,3,3,1,
extracted_tables/037_Health_Bulletin_2013/table_0102.csv,cleaned_tables/037_Health_Bulletin_2013/table_0102.csv,ok,5,4,5,5,1,
extracted_tables/037_Health_Bulletin_2013/table_0103.csv,cleaned_tables/037_Health_Bulletin_2013/table_0103.csv,ok,17,12,5,5,5,
extracted_tables/037_Health_Bulletin_2013/table_0104.csv,cleaned_tables/037_Health_Bulletin_2013/table_0104.csv,ok,5,4,5,5,1,
extracted_tables/037_Health_Bulletin_2013/table_0105.csv,cleaned_tables/037_Health_Bulletin_2013/table_0105.csv,ok,2,1,7,7,1,
extracted_tables/037_Health_Bulletin_2013/table_0106.csv,cleaned_tables/037_Health_Bulletin_2013/table_0106.csv,ok,10,9,3,3,1,
extracted_tables/037_Health_Bulletin_2013/table_0107.csv,cleaned_tables/037_Health_Bulletin_2013/table_0107.csv,ok,9,8,3,3,1,
extracted_tables/037_Health_Bulletin_2013/table_0108.csv,cleaned_tables/037_Health_Bulletin_2013/table_0108.csv,ok,4,3,3,3,1,
extracted_tables/037_Health_Bulletin_2013/table_0109.csv,cleaned_tables/037_Health_Bulletin_2013/table_0109.csv,ok,7,6,3,3,1,
extracted_tables/037_Health_Bulletin_2013/table_0110.csv,cleaned_tables/037_Health_Bulletin_2013/table_0110.csv,ok,2,1,3,3,1,
extracted_tables/037_Health_Bulletin_2013/table_0111.csv,cleaned_tables/037_Health_Bulletin_2013/table_0111.csv,ok,4,3,9,9,1,
extracted_tables/037_Health_Bulletin_2013/table_0112.csv,cleaned_tables/037_Health_Bulletin_2013/table_0112.csv,ok,8,7,3,3,1,
extracted_tables/037_Health_Bulletin_2013/table_0113.csv,cleaned_tables/037_Health_Bulletin_2013/table_0113.csv,ok,2,1,5,5,1,
extracted_tables/037_Health_Bulletin_2013/table_0114.csv,cleaned_tables/037_Health_Bulletin_2013/table_0114.csv,ok,3,2,5,5,1,
extracted_tables/037_Health_Bulletin_2013/table_0115.csv,cleaned_tables/037_Health_Bulletin_2013/table_0115.csv,ok,3,2,5,5,1,
extracted_tables/037_Health_Bulletin_2013/table_0116.csv,cleaned_tables/037_Health_Bulletin_2013/table_0116.csv,ok,2,1,3,3,1,
extracted_tables/037_Health_Bulletin_2013/table_0117.csv,cleaned_tables/037_Health_Bulletin_2013/table_0117.csv,ok,2,1,3,3,1,
extracted_tables/037_Health_Bulletin_2013/table_0118.csv,cleaned_tables/037_Health_Bulletin_2013/table_0118.csv,ok,2,0,3,0,2,
extracted_tables/037_Health_Bulletin_2013/table_0119.csv,cleaned_tables/037_Health_Bulletin_2013/table_0119.csv,ok,3,0,3,0,3,
extracted_tables/037_Health_Bulletin_2013/table_0120.csv,cleaned_tables/037_Health_Bulletin_2013/table_0120.csv,ok,3,0,3,0,3,
extracted_tables/037_Health_Bulletin_2013/table_0121.csv,cleaned_tables/037_Health_Bulletin_2013/table_0121.csv,ok,2,0,3,0,2,
extracted_tables/037_Health_Bulletin_2013/table_0122.csv,cleaned_tables/037_Health_Bulletin_2013/table_0122.csv,ok,2,0,3,0,2,
extracted_tables/037_Health_Bulletin_2013/table_0123.csv,cleaned_tables/037_Health_Bulletin_2013/table_0123.csv,ok,6,5,3,3,1,
extracted_tables/037_Health_Bulletin_2013/table_0124.csv,cleaned_tables/037_Health_Bulletin_2013/table_0124.csv,ok,2,1,3,3,1,
extracted_tables/037_Health_Bulletin_2013/table_0125.csv,cleaned_tables/037_Health_Bulletin_2013/table_0125.csv,ok,3,2,5,5,1,
extracted_tables/037_Health_Bulletin_2013/table_0126.csv,cleaned_tables/037_Health_Bulletin_2013/table_0126.csv,ok,2,1,7,7,1,
extracted_tables/037_Health_Bulletin_2013/table_0127.csv,cleaned_tables/037_Health_Bulletin_2013/table_0127.csv,ok,3,2,9,9,1,
extracted_tables/037_Health_Bulletin_2013/table_0128.csv,cleaned_tables/037_Health_Bulletin_2013/table_0128.csv,ok,12,11,9,9,1,
extracted_tables/037_Health_Bulletin_2013/table_0129.csv,cleaned_tables/037_Health_Bulletin_2013/table_0129.csv,ok,2,1,7,7,1,
extracted_tables/037_Health_Bulletin_2013/table_0130.csv,cleaned_tables/037_Health_Bulletin_2013/table_0130.csv,ok,2,1,7,7,1,
extracted_tables/037_Health_Bulletin_2013/table_0131.csv,cleaned_tables/037_Health_Bulletin_2013/table_0131.csv,ok,4,3,6,5,1,
extracted_tables/037_Health_Bulletin_2013/table_0132.csv,cleaned_tables/037_Health_Bulletin_2013/table_0132.csv,ok,9,8,6,6,1,
extracted_tables/037_Health_Bulletin_2013/table_0133.csv,cleaned_tables/037_Health_Bulletin_2013/table_0133.csv,ok,9,8,7,7,1,
extracted_tables/037_Health_Bulletin_2013/table_0134.csv,cleaned_tables/037_Health_Bulletin_2013/table_0134.csv,ok,10,9,6,6,1,
extracted_tables/037_Health_Bulletin_2013/table_0135.csv,cleaned_tables/037_Health_Bulletin_2013/table_0135.csv,ok,10,9,8,8,1,
extracted_tables/037_Health_Bulletin_2013/table_0136.csv,cleaned_tables/037_Health_Bulletin_2013/table_0136.csv,ok,10,9,7,7,1,
extracted_tables/037_Health_Bulletin_2013/table_0137.csv,cleaned_tables/037_Health_Bulletin_2013/table_0137.csv,ok,9,8,6,6,1,
extracted_tables/037_Health_Bulletin_2013/table_0138.csv,cleaned_tables/037_Health_Bulletin_2013/table_0138.csv,ok,9,8,13,13,1,
extracted_tables/037_Health_Bulletin_2013/table_0139.csv,cleaned_tables/037_Health_Bulletin_2013/table_0139.csv,ok,9,8,11,11,1,
extracted_tables/037_Health_Bulletin_2013/table_0140.csv,cleaned_tables/037_Health_Bulletin_2013/table_0140.csv,ok,9,8,11,11,1,
extracted_tables/037_Health_Bulletin_2013/table_0141.csv,cleaned_tables/037_Health_Bulletin_2013/table_0141.csv,ok,9,8,12,12,1,
extracted_tables/037_Health_Bulletin_2013/table_0142.csv,cleaned_tables/037_Health_Bulletin_2013/table_0142.csv,ok,9,8,13,13,1,
extracted_tables/037_Health_Bulletin_2013/table_0143.csv,cleaned_tables/037_Health_Bulletin_2013/table_0143.csv,ok,9,8,13,13,1,
extracted_tables/037_Health_Bulletin_2013/table_0144.csv,cleaned_tables/037_Health_Bulletin_2013/table_0144.csv,ok,9,8,13,13,1,
extracted_tables/037_Health_Bulletin_2013/table_0145.csv,cleaned_tables/037_Health_Bulletin_2013/table_0145.csv,ok,9,8,13,13,1,
extracted_tables/037_Health_Bulletin_2013/table_0146.csv,cleaned_tables/037_Health_Bulletin_2013/table_0146.csv,ok,9,8,15,15,1,
extracted_tables/037_Health_Bulletin_2013/table_0147.csv,cleaned_tables/037_Health_Bulletin_2013/table_0147.csv,ok,9,8,13,13,1,
extracted_tables/037_Health_Bulletin_2013/table_0148.csv,cleaned_tables/037_Health_Bulletin_2013/table_0148.csv,ok,9,8,9,9,1,
extracted_tables/037_Health_Bulletin_2013/table_0149.csv,cleaned_tables/037_Health_Bulletin_2013/table_0149.csv,ok,9,8,14,14,1,
extracted_tables/037_Health_Bulletin_2013/table_0150.csv,cleaned_tables/037_Health_Bulletin_2013/table_0150.csv,ok,9,8,11,11,1,
extracted_tables/037_Health_Bulletin_2013/table_0151.csv,cleaned_tables/037_Health_Bulletin_2013/table_0151.csv,ok,9,9,2,2,0,
extracted_tables/037_Health_Bulletin_2013/table_0152.csv,cleaned_tables/037_Health_Bulletin_2013/table_0152.csv,ok,9,8,3,3,1,
extracted_tables/037_Health_Bulletin_2013/table_0153.csv,cleaned_tables/037_Health_Bulletin_2013/table_0153.csv,ok,9,8,3,3,1,
extracted_tables/037_Health_Bulletin_2013/table_0154.csv,cleaned_tables/037_Health_Bulletin_2013/table_0154.csv,ok,9,8,3,3,1,
extracted_tables/037_Health_Bulletin_2013/table_0155.csv,cleaned_tables/037_Health_Bulletin_2013/table_0155.csv,ok,9,8,3,3,1,
extracted_tables/037_Health_Bulletin_2013/table_0156.csv,cleaned_tables/037_Health_Bulletin_2013/table_0156.csv,ok,9,8,3,3,1,
extracted_tables/037_Health_Bulletin_2013/table_0157.csv,cleaned_tables/037_Health_Bulletin_2013/table_0157.csv,ok,9,8,3,3,1,
extracted_tables/037_Health_Bulletin_2013/table_0158.csv,cleaned_tables/037_Health_Bulletin_2013/table_0158.csv,ok,9,8,3,3,1,
extracted_tables/037_Health_Bulletin_2013/table_0159.csv,cleaned_tables/037_Health_Bulletin_2013/table_0159.csv,ok,3,2,3,3,1,
extracted_tables/037_Health_Bulletin_2013/table_0160.csv,cleaned_tables/037_Health_Bulletin_2013/table_0160.csv,ok,2,1,5,5,1,
extracted_tables/037_Health_Bulletin_2013/table_0161.csv,cleaned_tables/037_Health_Bulletin_2013/table_0161.csv,ok,4,4,7,7,0,
extracted_tables/037_Health_Bulletin_2013/table_0162.csv,cleaned_tables/037_Health_Bulletin_2013/table_0162.csv,ok,2,1,5,5,1,
extracted_tables/037_Health_Bulletin_2013/table_0163.csv,cleaned_tables/037_Health_Bulletin_2013/table_0163.csv,ok,7,6,3,3,1,
extracted_tables/037_Health_Bulletin_2013/table_0164.csv,cleaned_tables/037_Health_Bulletin_2013/table_0164.csv,ok,5,2,3,3,3,
extracted_tables/037_Health_Bulletin_2013/table_0165.csv,cleaned_tables/037_Health_Bulletin_2013/table_0165.csv,ok,6,3,3,3,3,
extracted_tables/037_Health_Bulletin_2013/table_0166.csv,cleaned_tables/037_Health_Bulletin_2013/table_0166.csv,ok,2,1,3,3,1,
extracted_tables/037_Health_Bulletin_2013/table_0167.csv,cleaned_tables/037_Health_Bulletin_2013/table_0167.csv,ok,10,9,3,3,1,
extracted_tables/037_Health_Bulletin_2013/table_0168.csv,cleaned_tables/037_Health_Bulletin_2013/table_0168.csv,ok,9,8,3,3,1,
extracted_tables/037_Health_Bulletin_2013/table_0169.csv,cleaned_tables/037_Health_Bulletin_2013/table_0169.csv,ok,3,2,3,3,1,
extracted_tables/037_Health_Bulletin_2013/table_0170.csv,cleaned_tables/037_Health_Bulletin_2013/table_0170.csv,ok,3,2,3,3,1,
extracted_tables/037_Health_Bulletin_2013/table_0171.csv,cleaned_tables/037_Health_Bulletin_2013/table_0171.csv,ok,2,1,3,3,1,
extracted_tables/037_Health_Bulletin_2013/table_0172.csv,cleaned_tables/037_Health_Bulletin_2013/table_0172.csv,ok,2,1,9,9,1,
extracted_tables/037_Health_Bulletin_2013/table_0173.csv,cleaned_tables/037_Health_Bulletin_2013/table_0173.csv,ok,3,2,3,3,1,
extracted_tables/037_Health_Bulletin_2013/table_0174.csv,cleaned_tables/037_Health_Bulletin_2013/table_0174.csv,ok,3,2,5,5,1,
extracted_tables/037_Health_Bulletin_2013/table_0175.csv,cleaned_tables/037_Health_Bulletin_2013/table_0175.csv,ok,3,2,5,5,1,
extracted_tables/037_Health_Bulletin_2013/table_0176.csv,cleaned_tables/037_Health_Bulletin_2013/table_0176.csv,ok,3,2,3,3,1,
extracted_tables/037_Health_Bulletin_2013/table_0177.csv,cleaned_tables/037_Health_Bulletin_2013/table_0177.csv,ok,7,6,3,3,1,
extracted_tables/037_Health_Bulletin_2013/table_0178.csv,cleaned_tables/037_Health_Bulletin_2013/table_0178.csv,ok,20,19,3,3,1,
extracted_tables/037_Health_Bulletin_2013/table_0179.csv,cleaned_tables/037_Health_Bulletin_2013/table_0179.csv,ok,9,8,3,3,1,
extracted_tables/037_Health_Bulletin_2013/table_0180.csv,cleaned_tables/037_Health_Bulletin_2013/table_0180.csv,ok,5,4,9,8,1,
extracted_tables/037_Health_Bulletin_2013/table_0181.csv,cleaned_tables/037_Health_Bulletin_2013/table_0181.csv,ok,6,5,9,8,1,
extracted_tables/037_Health_Bulletin_2013/table_0182.csv,cleaned_tables/037_Health_Bulletin_2013/table_0182.csv,ok,2,1,3,3,1,
extracted_tables/037_Health_Bulletin_2013/table_0183.csv,cleaned_tables/037_Health_Bulletin_2013/table_0183.csv,ok,2,1,3,3,1,
extracted_tables/037_Health_Bulletin_2013/table_0184.csv,cleaned_tables/037_Health_Bulletin_2013/table_0184.csv,ok,2,1,3,3,1,
extracted_tables/037_Health_Bulletin_2013/table_0185.csv,cleaned_tables/037_Health_Bulletin_2013/table_0185.csv,ok,2,1,3,3,1,
extracted_tables/037_Health_Bulletin_2013/table_0186.csv,cleaned_tables/037_Health_Bulletin_2013/table_0186.csv,ok,2,1,3,3,1,
extracted_tables/037_Health_Bulletin_2013/table_0187.csv,cleaned_tables/037_Health_Bulletin_2013/table_0187.csv,ok,2,1,3,3,1,
extracted_tables/037_Health_Bulletin_2013/table_0188.csv,cleaned_tables/037_Health_Bulletin_2013/table_0188.csv,ok,12,11,4,4,1,
extracted_tables/037_Health_Bulletin_2013/table_0189.csv,cleaned_tables/037_Health_Bulletin_2013/table_0189.csv,ok,4,3,4,4,1,
extracted_tables/037_Health_Bulletin_2013/table_0190.csv,cleaned_tables/037_Health_Bulletin_2013/table_0190.csv,ok,6,6,3,3,0,
extracted_tables/037_Health_Bulletin_2013/table_0191.csv,cleaned_tables/037_Health_Bulletin_2013/table_0191.csv,ok,4,4,3,3,0,
extracted_tables/037_Health_Bulletin_2013/table_0192.csv,cleaned_tables/037_Health_Bulletin_2013/table_0192.csv,ok,17,17,3,2,0,
extracted_tables/037_Health_Bulletin_2013/table_0193.csv,cleaned_tables/037_Health_Bulletin_2013/table_0193.csv,ok,4,4,3,2,0,
extracted_tables/037_Health_Bulletin_2013/table_0194.csv,cleaned_tables/037_Health_Bulletin_2013/table_0194.csv,ok,3,2,3,3,1,
extracted_tables/037_Health_Bulletin_2013/table_0195.csv,cleaned_tables/037_Health_Bulletin_2013/table_0195.csv,ok,7,6,3,3,1,
extracted_tables/037_Health_Bulletin_2013/table_0196.csv,cleaned_tables/037_Health_Bulletin_2013/table_0196.csv,ok,10,9,3,3,1,
extracted_tables/037_Health_Bulletin_2013/table_0197.csv,cleaned_tables/037_Health_Bulletin_2013/table_0197.csv,ok,4,3,3,3,1,
extracted_tables/037_Health_Bulletin_2013/table_0198.csv,cleaned_tables/037_Health_Bulletin_2013/table_0198.csv,ok,3,2,3,3,1,
extracted_tables/037_Health_Bulletin_2013/table_0199.csv,cleaned_tables/037_Health_Bulletin_2013/table_0199.csv,ok,6,5,3,3,1,
extracted_tables/037_Health_Bulletin_2013/table_0200.csv,cleaned_tables/037_Health_Bulletin_2013/table_0200.csv,ok,5,4,4,4,1,
extracted_tables/037_Health_Bulletin_2013/table_0201.csv,cleaned_tables/037_Health_Bulletin_2013/table_0201.csv,ok,4,3,8,8,1,
extracted_tables/037_Health_Bulletin_2013/table_0202.csv,cleaned_tables/037_Health_Bulletin_2013/table_0202.csv,ok,4,3,6,6,1,
extracted_tables/037_Health_Bulletin_2013/table_0203.csv,cleaned_tables/037_Health_Bulletin_2013/table_0203.csv,ok,5,4,7,7,1,
extracted_tables/037_Health_Bulletin_2013/table_0204.csv,cleaned_tables/037_Health_Bulletin_2013/table_0204.csv,ok,4,3,4,4,1,
extracted_tables/037_Health_Bulletin_2013/table_0205.csv,cleaned_tables/037_Health_Bulletin_2013/table_0205.csv,ok,15,12,3,3,3,
extracted_tables/037_Health_Bulletin_2013/table_0206.csv,cleaned_tables/037_Health_Bulletin_2013/table_0206.csv,ok,3,2,5,5,1,
extracted_tables/037_Health_Bulletin_2013/table_0207.csv,cleaned_tables/037_Health_Bulletin_2013/table_0207.csv,ok,3,2,4,3,1,
extracted_tables/037_Health_Bulletin_2013/table_0208.csv,cleaned_tables/037_Health_Bulletin_2013/table_0208.csv,ok,3,2,4,3,1,
extracted_tables/037_Health_Bulletin_2013/table_0209.csv,cleaned_tables/037_Health_Bulletin_2013/table_0209.csv,ok,3,2,4,3,1,
extracted_tables/037_Health_Bulletin_2013/table_0210.csv,cleaned_tables/037_Health_Bulletin_2013/table_0210.csv,ok,3,2,4,3,1,
extracted_tables/037_Health_Bulletin_2013/table_0211.csv,cleaned_tables/037_Health_Bulletin_2013/table_0211.csv,ok,10,9,5,5,1,
extracted_tables/037_Health_Bulletin_2013/table_0212.csv,cleaned_tables/037_Health_Bulletin_2013/table_0212.csv,ok,18,17,5,4,1,
extracted_tables/037_Health_Bulletin_2013/table_0213.csv,cleaned_tables/037_Health_Bulletin_2013/table_0213.csv,ok,9,8,5,4,1,
extracted_tables/037_Health_Bulletin_2013/table_0214.csv,cleaned_tables/037_Health_Bulletin_2013/table_0214.csv,ok,2,1,5,5,1,
extracted_tables/037_Health_Bulletin_2013/table_0215.csv,cleaned_tables/037_Health_Bulletin_2013/table_0215.csv,ok,5,5,5,5,0,
extracted_tables/037_Health_Bulletin_2013/table_0216.csv,cleaned_tables/037_Health_Bulletin_2013/table_0216.csv,ok,3,2,4,3,1,
extracted_tables/037_Health_Bulletin_2013/table_0217.csv,cleaned_tables/037_Health_Bulletin_2013/table_0217.csv,ok,15,13,4,4,2,
extracted_tables/037_Health_Bulletin_2013/table_0218.csv,cleaned_tables/037_Health_Bulletin_2013/table_0218.csv,ok,14,13,4,4,1,
extracted_tables/039_Health_Bulletin_2011/table_0001.csv,cleaned_tables/039_Health_Bulletin_2011/table_0001.csv,ok,43,42,4,4,1,
extracted_tables/039_Health_Bulletin_2011/table_0002.csv,cleaned_tables/039_Health_Bulletin_2011/table_0002.csv,ok,51,50,5,5,1,
extracted_tables/039_Health_Bulletin_2011/table_0003.csv,cleaned_tables/039_Health_Bulletin_2011/table_0003.csv,ok,34,33,3,3,1,
extracted_tables/039_Health_Bulletin_2011/table_0004.csv,cleaned_tables/039_Health_Bulletin_2011/table_0004.csv,ok,29,29,6,6,0,
extracted_tables/039_Health_Bulletin_2011/table_0005.csv,cleaned_tables/039_Health_Bulletin_2011/table_0005.csv,ok,14,13,2,2,1,
extracted_tables/039_Health_Bulletin_2011/table_0006.csv,cleaned_tables/039_Health_Bulletin_2011/table_0006.csv,ok,8,7,2,2,1,
extracted_tables/039_Health_Bulletin_2011/table_0007.csv,cleaned_tables/039_Health_Bulletin_2011/table_0007.csv,ok,3,2,5,5,1,
extracted_tables/039_Health_Bulletin_2011/table_0008.csv,cleaned_tables/039_Health_Bulletin_2011/table_0008.csv,ok,4,3,4,4,1,
extracted_tables/039_Health_Bulletin_2011/table_0009.csv,cleaned_tables/039_Health_Bulletin_2011/table_0009.csv,ok,6,5,3,3,1,
extracted_tables/039_Health_Bulletin_2011/table_0010.csv,cleaned_tables/039_Health_Bulletin_2011/table_0010.csv,ok,6,5,3,3,1,
extracted_tables/039_Health_Bulletin_2011/table_0011.csv,cleaned_tables/039_Health_Bulletin_2011/table_0011.csv,ok,12,11,6,6,1,
extracted_tables/039_Health_Bulletin_2011/table_0012.csv,cleaned_tables/039_Health_Bulletin_2011/table_0012.csv,ok,9,9,9,3,0,
extracted_tables/039_Health_Bulletin_2011/table_0013.csv,cleaned_tables/039_Health_Bulletin_2011/table_0013.csv,ok,5,4,9,9,1,
extracted_tables/039_Health_Bulletin_2011/table_0014.csv,cleaned_tables/039_Health_Bulletin_2011/table_0014.csv,ok,21,20,9,9,1,
extracted_tables/039_Health_Bulletin_2011/table_0015.csv,cleaned_tables/039_Health_Bulletin_2011/table_0015.csv,ok,21,20,10,10,1,
extracted_tables/039_Health_Bulletin_2011/table_0016.csv,cleaned_tables/039_Health_Bulletin_2011/table_0016.csv,ok,13,12,10,10,1,
extracted_tables/039_Health_Bulletin_2011/table_0017.csv,cleaned_tables/039_Health_Bulletin_2011/table_0017.csv,ok,3,2,9,9,1,
extracted_tables/039_Health_Bulletin_2011/table_0018.csv,cleaned_tables/039_Health_Bulletin_2011/table_0018.csv,ok,3,2,8,7,1,
extracted_tables/039_Health_Bulletin_2011/table_0019.csv,cleaned_tables/039_Health_Bulletin_2011/table_0019.csv,ok,12,11,8,8,1,
extracted_tables/039_Health_Bulletin_2011/table_0020.csv,cleaned_tables/039_Health_Bulletin_2011/table_0020.csv,ok,14,13,2,2,1,
extracted_tables/039_Health_Bulletin_2011/table_0021.csv,cleaned_tables/039_Health_Bulletin_2011/table_0021.csv,ok,4,3,11,11,1,
extracted_tables/039_Health_Bulletin_2011/table_0022.csv,cleaned_tables/039_Health_Bulletin_2011/table_0022.csv,ok,4,0,6,0,4,
extracted_tables/039_Health_Bulletin_2011/table_0023.csv,cleaned_tables/039_Health_Bulletin_2011/table_0023.csv,ok,23,22,7,7,1,
extracted_tables/039_Health_Bulletin_2011/table_0024.csv,cleaned_tables/039_Health_Bulletin_2011/table_0024.csv,ok,13,12,7,7,1,
extracted_tables/039_Health_Bulletin_2011/table_0025.csv,cleaned_tables/039_Health_Bulletin_2011/table_0025.csv,ok,19,15,29,19,4,
extracted_tables/039_Health_Bulletin_2011/table_0026.csv,cleaned_tables/039_Health_Bulletin_2011/table_0026.csv,ok,17,10,20,12,7,
extracted_tables/039_Health_Bulletin_2011/table_0027.csv,cleaned_tables/039_Health_Bulletin_2011/table_0027.csv,ok,13,0,9,0,13,
extracted_tables/039_Health_Bulletin_2011/table_0028.csv,cleaned_tables/039_Health_Bulletin_2011/table_0028.csv,ok,22,22,12,12,0,
extracted_tables/039_Health_Bulletin_2011/table_0029.csv,cleaned_tables/039_Health_Bulletin_2011/table_0029.csv,ok,8,7,6,6,1,
extracted_tables/039_Health_Bulletin_2011/table_0030.csv,cleaned_tables/039_Health_Bulletin_2011/table_0030.csv,ok,16,16,13,13,0,
extracted_tables/039_Health_Bulletin_2011/table_0031.csv,cleaned_tables/039_Health_Bulletin_2011/table_0031.csv,ok,6,6,12,12,0,
extracted_tables/039_Health_Bulletin_2011/table_0032.csv,cleaned_tables/039_Health_Bulletin_2011/table_0032.csv,ok,46,46,12,12,0,
extracted_tables/039_Health_Bulletin_2011/table_0033.csv,cleaned_tables/039_Health_Bulletin_2011/table_0033.csv,ok,24,23,12,12,1,
extracted_tables/039_Health_Bulletin_2011/table_0034.csv,cleaned_tables/039_Health_Bulletin_2011/table_0034.csv,ok,14,13,6,6,1,
extracted_tables/039_Health_Bulletin_2011/table_0035.csv,cleaned_tables/039_Health_Bulletin_2011/table_0035.csv,ok,54,53,6,6,1,
extracted_tables/039_Health_Bulletin_2011/table_0036.csv,cleaned_tables/039_Health_Bulletin_2011/table_0036.csv,ok,7,7,6,6,0,
extracted_tables/039_Health_Bulletin_2011/table_0037.csv,cleaned_tables/039_Health_Bulletin_2011/table_0037.csv,ok,6,5,10,10,1,
extracted_tables/039_Health_Bulletin_2011/table_0038.csv,cleaned_tables/039_Health_Bulletin_2011/table_0038.csv,ok,10,9,10,10,1,
extracted_tables/039_Health_Bulletin_2011/table_0039.csv,cleaned_tables/039_Health_Bulletin_2011/table_0039.csv,ok,12,11,7,7,1,
extracted_tables/039_Health_Bulletin_2011/table_0040.csv,cleaned_tables/039_Health_Bulletin_2011/table_0040.csv,ok,8,0,9,0,8,
extracted_tables/039_Health_Bulletin_2011/table_0041.csv,cleaned_tables/039_Health_Bulletin_2011/table_0041.csv,ok,8,0,10,0,8,
extracted_tables/039_Health_Bulletin_2011/table_0042.csv,cleaned_tables/039_Health_Bulletin_2011/table_0042.csv,ok,2,0,2,0,2,
extracted_tables/039_Health_Bulletin_2011/table_0043.csv,cleaned_tables/039_Health_Bulletin_2011/table_0043.csv,ok,6,0,10,0,6,
extracted_tables/039_Health_Bulletin_2011/table_0044.csv,cleaned_tables/039_Health_Bulletin_2011/table_0044.csv,ok,5,0,7,0,5,
extracted_tables/039_Health_Bulletin_2011/table_0045.csv,cleaned_tables/039_Health_Bulletin_2011/table_0045.csv,ok,7,0,5,0,7,
extracted_tables/039_Health_Bulletin_2011/table_0046.csv,cleaned_tables/039_Health_Bulletin_2011/table_0046.csv,ok,6,5,5,5,1,
extracted_tables/039_Health_Bulletin_2011/table_0047.csv,cleaned_tables/039_Health_Bulletin_2011/table_0047.csv,ok,3,0,11,0,3,
extracted_tables/039_Health_Bulletin_2011/table_0048.csv,cleaned_tables/039_Health_Bulletin_2011/table_0048.csv,ok,2,0,2,0,2,
extracted_tables/039_Health_Bulletin_2011/table_0049.csv,cleaned_tables/039_Health_Bulletin_2011/table_0049.csv,ok,2,0,3,0,2,
extracted_tables/039_Health_Bulletin_2011/table_0050.csv,cleaned_tables/039_Health_Bulletin_2011/table_0050.csv,ok,10,9,3,3,1,
extracted_tables/039_Health_Bulletin_2011/table_0051.csv,cleaned_tables/039_Health_Bulletin_2011/table_0051.csv,ok,8,7,3,3,1,
extracted_tables/039_Health_Bulletin_2011/table_0052.csv,cleaned_tables/039_Health_Bulletin_2011/table_0052.csv,ok,18,15,17,11,3,
extracted_tables/039_Health_Bulletin_2011/table_0053.csv,cleaned_tables/039_Health_Bulletin_2011/table_0053.csv,ok,29,26,10,8,3,
extracted_tables/039_Health_Bulletin_2011/table_0054.csv,cleaned_tables/039_Health_Bulletin_2011/table_0054.csv,ok,34,33,4,4,1,
extracted_tables/039_Health_Bulletin_2011/table_0055.csv,cleaned_tables/039_Health_Bulletin_2011/table_0055.csv,ok,22,21,10,10,1,
extracted_tables/039_Health_Bulletin_2011/table_0056.csv,cleaned_tables/039_Health_Bulletin_2011/table_0056.csv,ok,7,6,6,6,1,
extracted_tables/039_Health_Bulletin_2011/table_0057.csv,cleaned_tables/039_Health_Bulletin_2011/table_0057.csv,ok,2,0,2,0,2,
extracted_tables/039_Health_Bulletin_2011/table_0058.csv,cleaned_tables/039_Health_Bulletin_2011/table_0058.csv,ok,22,22,12,12,0,
extracted_tables/039_Health_Bulletin_2011/table_0059.csv,cleaned_tables/039_Health_Bulletin_2011/table_0059.csv,ok,12,11,11,11,1,
extracted_tables/039_Health_Bulletin_2011/table_0060.csv,cleaned_tables/039_Health_Bulletin_2011/table_0060.csv,ok,13,12,5,5,1,
extracted_tables/039_Health_Bulletin_2011/table_0061.csv,cleaned_tables/039_Health_Bulletin_2011/table_0061.csv,ok,14,14,8,8,0,
extracted_tables/039_Health_Bulletin_2011/table_0062.csv,cleaned_tables/039_Health_Bulletin_2011/table_0062.csv,ok,13,12,14,14,1,
extracted_tables/039_Health_Bulletin_2011/table_0063.csv,cleaned_tables/039_Health_Bulletin_2011/table_0063.csv,ok,10,9,4,4,1,
extracted_tables/039_Health_Bulletin_2011/table_0064.csv,cleaned_tables/039_Health_Bulletin_2011/table_0064.csv,ok,7,6,6,6,1,
extracted_tables/039_Health_Bulletin_2011/table_0065.csv,cleaned_tables/039_Health_Bulletin_2011/table_0065.csv,ok,76,75,17,17,1,
extracted_tables/039_Health_Bulletin_2011/table_0066.csv,cleaned_tables/039_Health_Bulletin_2011/table_0066.csv,ok,74,73,17,17,1,
extracted_tables/039_Health_Bulletin_2011/table_0067.csv,cleaned_tables/039_Health_Bulletin_2011/table_0067.csv,ok,12,11,17,17,1,
extracted_tables/039_Health_Bulletin_2011/table_0068.csv,cleaned_tables/039_Health_Bulletin_2011/table_0068.csv,ok,61,60,17,17,1,
extracted_tables/039_Health_Bulletin_2011/table_0069.csv,cleaned_tables/039_Health_Bulletin_2011/table_0069.csv,ok,81,80,17,17,1,
extracted_tables/039_Health_Bulletin_2011/table_0070.csv,cleaned_tables/039_Health_Bulletin_2011/table_0070.csv,ok,21,20,17,17,1,
extracted_tables/039_Health_Bulletin_2011/table_0071.csv,cleaned_tables/039_Health_Bulletin_2011/table_0071.csv,ok,54,53,17,17,1,
extracted_tables/039_Health_Bulletin_2011/table_0072.csv,cleaned_tables/039_Health_Bulletin_2011/table_0072.csv,ok,77,76,17,17,1,
extracted_tables/039_Health_Bulletin_2011/table_0073.csv,cleaned_tables/039_Health_Bulletin_2011/table_0073.csv,ok,31,30,17,17,1,
extracted_tables/039_Health_Bulletin_2011/table_0074.csv,cleaned_tables/039_Health_Bulletin_2011/table_0074.csv,ok,16,15,17,17,1,
extracted_tables/039_Health_Bulletin_2011/table_0075.csv,cleaned_tables/039_Health_Bulletin_2011/table_0075.csv,ok,13,12,17,17,1,
extracted_tables/039_Health_Bulletin_2011/table_0076.csv,cleaned_tables/039_Health_Bulletin_2011/table_0076.csv,ok,7,6,17,17,1,
extracted_tables/039_Health_Bulletin_2011/table_0077.csv,cleaned_tables/039_Health_Bulletin_2011/table_0077.csv,ok,58,57,17,17,1,
extracted_tables/039_Health_Bulletin_2011/table_0078.csv,cleaned_tables/039_Health_Bulletin_2011/table_0078.csv,ok,53,52,17,17,1,
extracted_tables/039_Health_Bulletin_2011/table_0079.csv,cleaned_tables/039_Health_Bulletin_2011/table_0079.csv,ok,44,41,6,6,3,
extracted_tables/039_Health_Bulletin_2011/table_0080.csv,cleaned_tables/039_Health_Bulletin_2011/table_0080.csv,ok,39,37,6,6,2,
extracted_tables/039_Health_Bulletin_2011/table_0081.csv,cleaned_tables/039_Health_Bulletin_2011/table_0081.csv,ok,38,35,6,6,3,
extracted_tables/039_Health_Bulletin_2011/table_0082.csv,cleaned_tables/039_Health_Bulletin_2011/table_0082.csv,ok,33,31,6,6,2,
extracted_tables/039_Health_Bulletin_2011/table_0083.csv,cleaned_tables/039_Health_Bulletin_2011/table_0083.csv,ok,14,14,6,6,0,
extracted_tables/039_Health_Bulletin_2011/table_0084.csv,cleaned_tables/039_Health_Bulletin_2011/table_0084.csv,ok,49,46,6,6,3,
extracted_tables/039_Health_Bulletin_2011/table_0085.csv,cleaned_tables/039_Health_Bulletin_2011/table_0085.csv,ok,26,25,6,6,1,
extracted_tables/039_Health_Bulletin_2011/table_0086.csv,cleaned_tables/039_Health_Bulletin_2011/table_0086.csv,ok,51,47,6,6,4,
extracted_tables/039_Health_Bulletin_2011/table_0087.csv,cleaned_tables/039_Health_Bulletin_2011/table_0087.csv,ok,38,34,6,6,4,
extracted_tables/039_Health_Bulletin_2011/table_0088.csv,cleaned_tables/039_Health_Bulletin_2011/table_0088.csv,ok,17,16,6,6,1,
extracted_tables/039_Health_Bulletin_2011/table_0089.csv,cleaned_tables/039_Health_Bulletin_2011/table_0089.csv,ok,45,43,6,6,2,
extracted_tables/039_Health_Bulletin_2011/table_0090.csv,cleaned_tables/039_Health_Bulletin_2011/table_0090.csv,ok,34,33,6,6,1,
extracted_tables/039_Health_Bulletin_2011/table_0091.csv,cleaned_tables/039_Health_Bulletin_2011/table_0091.csv,ok,13,13,6,6,0,
extracted_tables/039_Health_Bulletin_2011/table_0092.csv,cleaned_tables/039_Health_Bulletin_2011/table_0092.csv,ok,35,34,6,6,1,
extracted_tables/039_Health_Bulletin_2011/table_0093.csv,cleaned_tables/039_Health_Bulletin_2011/table_0093.csv,ok,31,30,6,6,1,
extracted_tables/041_Health_Bulletin_2009/table_0001.csv,cleaned_tables/041_Health_Bulletin_2009/table_0001.csv,ok,9,8,4,4,1,
extracted_tables/041_Health_Bulletin_2009/table_0002.csv,cleaned_tables/041_Health_Bulletin_2009/table_0002.csv,ok,33,33,14,8,0,
extracted_tables/041_Health_Bulletin_2009/table_0003.csv,cleaned_tables/041_Health_Bulletin_2009/table_0003.csv,ok,12,12,18,12,0,
extracted_tables/041_Health_Bulletin_2009/table_0004.csv,cleaned_tables/041_Health_Bulletin_2009/table_0004.csv,ok,11,11,9,4,0,
extracted_tables/041_Health_Bulletin_2009/table_0005.csv,cleaned_tables/041_Health_Bulletin_2009/table_0005.csv,ok,21,21,16,12,0,
extracted_tables/041_Health_Bulletin_2009/table_0006.csv,cleaned_tables/041_Health_Bulletin_2009/table_0006.csv,ok,12,12,7,7,0,
extracted_tables/041_Health_Bulletin_2009/table_0007.csv,cleaned_tables/041_Health_Bulletin_2009/table_0007.csv,ok,14,14,6,6,0,
extracted_tables/041_Health_Bulletin_2009/table_0008.csv,cleaned_tables/041_Health_Bulletin_2009/table_0008.csv,ok,15,15,7,7,0,
extracted_tables/041_Health_Bulletin_2009/table_0009.csv,cleaned_tables/041_Health_Bulletin_2009/table_0009.csv,ok,32,32,24,16,0,
extracted_tables/041_Health_Bulletin_2009/table_0010.csv,cleaned_tables/041_Health_Bulletin_2009/table_0010.csv,ok,12,12,24,16,0,
extracted_tables/041_Health_Bulletin_2009/table_0011.csv,cleaned_tables/041_Health_Bulletin_2009/table_0011.csv,ok,6,6,6,5,0,
extracted_tables/041_Health_Bulletin_2009/table_0012.csv,cleaned_tables/041_Health_Bulletin_2009/table_0012.csv,ok,16,13,17,17,3,
extracted_tables/041_Health_Bulletin_2009/table_0013.csv,cleaned_tables/041_Health_Bulletin_2009/table_0013.csv,ok,20,19,17,17,1,
extracted_tables/041_Health_Bulletin_2009/table_0014.csv,cleaned_tables/041_Health_Bulletin_2009/table_0014.csv,ok,8,7,17,17,1,
extracted_tables/041_Health_Bulletin_2009/table_0015.csv,cleaned_tables/041_Health_Bulletin_2009/table_0015.csv,ok,9,8,17,17,1,
extracted_tables/041_Health_Bulletin_2009/table_0016.csv,cleaned_tables/041_Health_Bulletin_2009/table_0016.csv,ok,13,12,17,17,1,
extracted_tables/041_Health_Bulletin_2009/table_0017.csv,cleaned_tables/041_Health_Bulletin_2009/table_0017.csv,ok,9,8,17,17,1,
extracted_tables/041_Health_Bulletin_2009/table_0018.csv,cleaned_tables/041_Health_Bulletin_2009/table_0018.csv,ok,12,11,17,17,1,
extracted_tables/041_Health_Bulletin_2009/table_0019.csv,cleaned_tables/041_Health_Bulletin_2009/table_0019.csv,ok,36,34,21,17,2,
extracted_tables/041_Health_Bulletin_2009/table_0020.csv,cleaned_tables/041_Health_Bulletin_2009/table_0020.csv,ok,28,27,17,17,1,
extracted_tables/041_Health_Bulletin_2009/table_0021.csv,cleaned_tables/041_Health_Bulletin_2009/table_0021.csv,ok,3,3,28,23,0,
extracted_tables/041_Health_Bulletin_2009/table_0022.csv,cleaned_tables/041_Health_Bulletin_2009/table_0022.csv,ok,12,11,9,9,1,
extracted_tables/041_Health_Bulletin_2009/table_0023.csv,cleaned_tables/041_Health_Bulletin_2009/table_0023.csv,ok,12,11,8,8,1,
extracted_tables/041_Health_Bulletin_2009/table_0024.csv,cleaned_tables/041_Health_Bulletin_2009/table_0024.csv,ok,4,3,3,3,1,
extracted_tables/041_Health_Bulletin_2009/table_0025.csv,cleaned_tables/041_Health_Bulletin_2009/table_0025.csv,ok,9,9,46,31,0,
extracted_tables/041_Health_Bulletin_2009/table_0026.csv,cleaned_tables/041_Health_Bulletin_2009/table_0026.csv,ok,8,8,24,9,0,
extracted_tables/041_Health_Bulletin_2009/table_0027.csv,cleaned_tables/041_Health_Bulletin_2009/table_0027.csv,ok,6,5,9,3,1,
extracted_tables/041_Health_Bulletin_2009/table_0028.csv,cleaned_tables/041_Health_Bulletin_2009/table_0028.csv,ok,7,6,5,5,1,
extracted_tables/041_Health_Bulletin_2009/table_0029.csv,cleaned_tables/041_Health_Bulletin_2009/table_0029.csv,ok,3,3,19,12,0,
extracted_tables/041_Health_Bulletin_2009/table_0030.csv,cleaned_tables/041_Health_Bulletin_2009/table_0030.csv,ok,10,10,17,12,0,
extracted_tables/041_Health_Bulletin_2009/table_0031.csv,cleaned_tables/041_Health_Bulletin_2009/table_0031.csv,ok,10,10,14,9,0,
extracted_tables/041_Health_Bulletin_2009/table_0032.csv,cleaned_tables/041_Health_Bulletin_2009/table_0032.csv,ok,4,4,2,2,0,
extracted_tables/041_Health_Bulletin_2009/table_0033.csv,cleaned_tables/041_Health_Bulletin_2009/table_0033.csv,ok,6,6,9,6,0,
extracted_tables/041_Health_Bulletin_2009/table_0034.csv,cleaned_tables/041_Health_Bulletin_2009/table_0034.csv,ok,2,1,10,7,1,
extracted_tables/041_Health_Bulletin_2009/table_0035.csv,cleaned_tables/041_Health_Bulletin_2009/table_0035.csv,ok,4,4,15,10,0,
extracted_tables/041_Health_Bulletin_2009/table_0036.csv,cleaned_tables/041_Health_Bulletin_2009/table_0036.csv,ok,12,12,9,6,0,
extracted_tables/041_Health_Bulletin_2009/table_0037.csv,cleaned_tables/041_Health_Bulletin_2009/table_0037.csv,ok,11,11,15,10,0,
extracted_tables/041_Health_Bulletin_2009/table_0038.csv,cleaned_tables/041_Health_Bulletin_2009/table_0038.csv,ok,4,3,4,4,1,
extracted_tables/041_Health_Bulletin_2009/table_0039.csv,cleaned_tables/041_Health_Bulletin_2009/table_0039.csv,ok,6,5,4,4,1,
extracted_tables/041_Health_Bulletin_2009/table_0040.csv,cleaned_tables/041_Health_Bulletin_2009/table_0040.csv,ok,9,9,13,7,0,
extracted_tables/041_Health_Bulletin_2009/table_0041.csv,cleaned_tables/041_Health_Bulletin_2009/table_0041.csv,ok,3,3,14,7,0,
extracted_tables/041_Health_Bulletin_2009/table_0042.csv,cleaned_tables/041_Health_Bulletin_2009/table_0042.csv,ok,6,6,9,6,0,
extracted_tables/041_Health_Bulletin_2009/table_0043.csv,cleaned_tables/041_Health_Bulletin_2009/table_0043.csv,ok,11,11,12,7,0,
extracted_tables/041_Health_Bulletin_2009/table_0044.csv,cleaned_tables/041_Health_Bulletin_2009/table_0044.csv,ok,9,8,5,4,1,
extracted_tables/041_Health_Bulletin_2009/table_0045.csv,cleaned_tables/041_Health_Bulletin_2009/table_0045.csv,ok,4,3,3,3,1,
extracted_tables/041_Health_Bulletin_2009/table_0046.csv,cleaned_tables/041_Health_Bulletin_2009/table_0046.csv,ok,7,7,8,5,0,
extracted_tables/041_Health_Bulletin_2009/table_0047.csv,cleaned_tables/041_Health_Bulletin_2009/table_0047.csv,ok,9,9,9,5,0,
extracted_tables/041_Health_Bulletin_2009/table_0048.csv,cleaned_tables/041_Health_Bulletin_2009/table_0048.csv,ok,11,11,17,10,0,
extracted_tables/041_Health_Bulletin_2009/table_0049.csv,cleaned_tables/041_Health_Bulletin_2009/table_0049.csv,ok,8,8,6,3,0,
extracted_tables/041_Health_Bulletin_2009/table_0050.csv,cleaned_tables/041_Health_Bulletin_2009/table_0050.csv,ok,6,6,15,5,0,
extracted_tables/041_Health_Bulletin_2009/table_0051.csv,cleaned_tables/041_Health_Bulletin_2009/table_0051.csv,ok,9,9,8,7,0,
extracted_tables/041_Health_Bulletin_2009/table_0052.csv,cleaned_tables/041_Health_Bulletin_2009/table_0052.csv,ok,5,3,9,6,2,
extracted_tables/041_Health_Bulletin_2009/table_0053.csv,cleaned_tables/041_Health_Bulletin_2009/table_0053.csv,ok,13,4,19,6,9,
extracted_tables/041_Health_Bulletin_2009/table_0054.csv,cleaned_tables/041_Health_Bulletin_2009/table_0054.csv,ok,12,2,19,6,10,
extracted_tables/041_Health_Bulletin_2009/table_0055.csv,cleaned_tables/041_Health_Bulletin_2009/table_0055.csv,ok,5,2,10,4,3,
extracted_tables/041_Health_Bulletin_2009/table_0056.csv,cleaned_tables/041_Health_Bulletin_2009/table_0056.csv,ok,5,4,9,1,1,
extracted_tables/041_Health_Bulletin_2009/table_0057.csv,cleaned_tables/041_Health_Bulletin_2009/table_0057.csv,ok,3,2,7,2,1,
extracted_tables/041_Health_Bulletin_2009/table_0058.csv,cleaned_tables/041_Health_Bulletin_2009/table_0058.csv,ok,6,6,12,7,0,
extracted_tables/041_Health_Bulletin_2009/table_0059.csv,cleaned_tables/041_Health_Bulletin_2009/table_0059.csv,ok,3,0,8,0,3,
extracted_tables/041_Health_Bulletin_2009/table_0060.csv,cleaned_tables/041_Health_Bulletin_2009/table_0060.csv,ok,3,2,7,5,1,
extracted_tables/041_Health_Bulletin_2009/table_0061.csv,cleaned_tables/041_Health_Bulletin_2009/table_0061.csv,ok,8,8,11,5,0,
extracted_tables/041_Health_Bulletin_2009/table_0062.csv,cleaned_tables/041_Health_Bulletin_2009/table_0062.csv,ok,23,21,5,5,2,
extracted_tables/041_Health_Bulletin_2009/table_0063.csv,cleaned_tables/041_Health_Bulletin_2009/table_0063.csv,ok,8,7,2,2,1,
extracted_tables/041_Health_Bulletin_2009/table_0064.csv,cleaned_tables/041_Health_Bulletin_2009/table_0064.csv,ok,5,5,30,19,0,
extracted_tables/041_Health_Bulletin_2009/table_0065.csv,cleaned_tables/041_Health_Bulletin_2009/table_0065.csv,ok,15,15,25,10,0,
extracted_tables/041_Health_Bulletin_2009/table_0066.csv,cleaned_tables/041_Health_Bulletin_2009/table_0066.csv,ok,5,5,28,10,0,
extracted_tables/041_Health_Bulletin_2009/table_0067.csv,cleaned_tables/041_Health_Bulletin_2009/table_0067.csv,ok,3,3,19,8,0,
extracted_tables/041_Health_Bulletin_2009/table_0068.csv,cleaned_tables/041_Health_Bulletin_2009/table_0068.csv,ok,2,2,19,7,0,
extracted_tables/041_Health_Bulletin_2009/table_0069.csv,cleaned_tables/041_Health_Bulletin_2009/table_0069.csv,ok,23,23,25,15,0,
extracted_tables/041_Health_Bulletin_2009/table_0070.csv,cleaned_tables/041_Health_Bulletin_2009/table_0070.csv,ok,4,4,27,14,0,
extracted_tables/041_Health_Bulletin_2009/table_0071.csv,cleaned_tables/041_Health_Bulletin_2009/table_0071.csv,ok,9,8,7,3,1,
extracted_tables/041_Health_Bulletin_2009/table_0072.csv,cleaned_tables/041_Health_Bulletin_2009/table_0072.csv,ok,8,8,16,7,0,
extracted_tables/041_Health_Bulletin_2009/table_0073.csv,cleaned_tables/041_Health_Bulletin_2009/table_0073.csv,ok,2,2,14,6,0,
extracted_tables/041_Health_Bulletin_2009/table_0074.csv,cleaned_tables/041_Health_Bulletin_2009/table_0074.csv,ok,10,10,12,7,0,
extracted_tables/041_Health_Bulletin_2009/table_0075.csv,cleaned_tables/041_Health_Bulletin_2009/table_0075.csv,ok,10,10,14,7,0,
extracted_tables/041_Health_Bulletin_2009/table_0076.csv,cleaned_tables/041_Health_Bulletin_2009/table_0076.csv,ok,9,9,15,10,0,
extracted_tables/041_Health_Bulletin_2009/table_0077.csv,cleaned_tables/041_Health_Bulletin_2009/table_0077.csv,ok,9,9,25,10,0,
extracted_tables/041_Health_Bulletin_2009/table_0078.csv,cleaned_tables/041_Health_Bulletin_2009/table_0078.csv,ok,3,3,20,7,0,
extracted_tables/041_Health_Bulletin_2009/table_0079.csv,cleaned_tables/041_Health_Bulletin_2009/table_0079.csv,ok,2,1,15,7,1,
extracted_tables/041_Health_Bulletin_2009/table_0080.csv,cleaned_tables/041_Health_Bulletin_2009/table_0080.csv,ok,8,8,24,16,0,
extracted_tables/041_Health_Bulletin_2009/table_0081.csv,cleaned_tables/041_Health_Bulletin_2009/table_0081.csv,ok,2,2,21,8,0,
extracted_tables/041_Health_Bulletin_2009/table_0082.csv,cleaned_tables/041_Health_Bulletin_2009/table_0082.csv,ok,2,2,18,8,0,
extracted_tables/041_Health_Bulletin_2009/table_0083.csv,cleaned_tables/041_Health_Bulletin_2009/table_0083.csv,ok,5,5,26,14,0,
extracted_tables/041_Health_Bulletin_2009/table_0084.csv,cleaned_tables/041_Health_Bulletin_2009/table_0084.csv,ok,8,8,31,11,0,
extracted_tables/041_Health_Bulletin_2009/table_0085.csv,cleaned_tables/041_Health_Bulletin_2009/table_0085.csv,ok,9,9,7,7,0,
extracted_tables/041_Health_Bulletin_2009/table_0086.csv,cleaned_tables/041_Health_Bulletin_2009/table_0086.csv,ok,34,34,8,8,0,
extracted_tables/041_Health_Bulletin_2009/table_0087.csv,cleaned_tables/041_Health_Bulletin_2009/table_0087.csv,ok,20,19,3,3,1,
extracted_tables/041_Health_Bulletin_2009/table_0088.csv,cleaned_tables/041_Health_Bulletin_2009/table_0088.csv,ok,6,6,6,3,0,
extracted_tables/041_Health_Bulletin_2009/table_0089.csv,cleaned_tables/041_Health_Bulletin_2009/table_0089.csv,ok,14,14,9,5,0,
extracted_tables/041_Health_Bulletin_2009/table_0090.csv,cleaned_tables/041_Health_Bulletin_2009/table_0090.csv,ok,11,11,13,6,0,
extracted_tables/041_Health_Bulletin_2009/table_0091.csv,cleaned_tables/041_Health_Bulletin_2009/table_0091.csv,ok,22,22,6,4,0,
extracted_tables/041_Health_Bulletin_2009/table_0092.csv,cleaned_tables/041_Health_Bulletin_2009/table_0092.csv,ok,7,6,6,4,1,
extracted_tables/041_Health_Bulletin_2009/table_0093.csv,cleaned_tables/041_Health_Bulletin_2009/table_0093.csv,ok,9,8,3,1,1,
extracted_tables/041_Health_Bulletin_2009/table_0094.csv,cleaned_tables/041_Health_Bulletin_2009/table_0094.csv,ok,13,12,4,3,1,
extracted_tables/041_Health_Bulletin_2009/table_0095.csv,cleaned_tables/041_Health_Bulletin_2009/table_0095.csv,ok,6,5,3,3,1,
extracted_tables/041_Health_Bulletin_2009/table_0096.csv,cleaned_tables/041_Health_Bulletin_2009/table_0096.csv,ok,6,5,3,2,1,
extracted_tables/041_Health_Bulletin_2009/table_0097.csv,cleaned_tables/041_Health_Bulletin_2009/table_0097.csv,ok,9,8,6,5,1,
extracted_tables/041_Health_Bulletin_2009/table_0098.csv,cleaned_tables/041_Health_Bulletin_2009/table_0098.csv,ok,19,18,3,3,1,
extracted_tables/041_Health_Bulletin_2009/table_0099.csv,cleaned_tables/041_Health_Bulletin_2009/table_0099.csv,ok,27,26,3,3,1,
extracted_tables/041_Health_Bulletin_2009/table_0100.csv,cleaned_tables/041_Health_Bulletin_2009/table_0100.csv,ok,38,36,6,3,2,
extracted_tables/041_Health_Bulletin_2009/table_0101.csv,cleaned_tables/041_Health_Bulletin_2009/table_0101.csv,ok,3,3,3,3,0,
extracted_tables/041_Health_Bulletin_2009/table_0102.csv,cleaned_tables/041_Health_Bulletin_2009/table_0102.csv,ok,31,31,7,4,0,
extracted_tables/041_Health_Bulletin_2009/table_0103.csv,cleaned_tables/041_Health_Bulletin_2009/table_0103.csv,ok,4,4,9,4,0,
extracted_tables/041_Health_Bulletin_2009/table_0104.csv,cleaned_tables/041_Health_Bulletin_2009/table_0104.csv,ok,17,16,4,3,1,
extracted_tables/041_Health_Bulletin_2009/table_0105.csv,cleaned_tables/041_Health_Bulletin_2009/table_0105.csv,ok,36,33,4,3,3,
extracted_tables/041_Health_Bulletin_2009/table_0106.csv,cleaned_tables/041_Health_Bulletin_2009/table_0106.csv,ok,8,8,19,19,0,
extracted_tables/041_Health_Bulletin_2009/table_0107.csv,cleaned_tables/041_Health_Bulletin_2009/table_0107.csv,ok,13,12,24,16,1,
extracted_tables/041_Health_Bulletin_2009/table_0108.csv,cleaned_tables/041_Health_Bulletin_2009/table_0108.csv,ok,5,5,6,4,0,
extracted_tables/041_Health_Bulletin_2009/table_0109.csv,cleaned_tables/041_Health_Bulletin_2009/table_0109.csv,ok,3,1,9,3,2,
extracted_tables/041_Health_Bulletin_2009/table_0110.csv,cleaned_tables/041_Health_Bulletin_2009/table_0110.csv,ok,31,30,7,7,1,
extracted_tables/041_Health_Bulletin_2009/table_0111.csv,cleaned_tables/041_Health_Bulletin_2009/table_0111.csv,ok,4,4,9,6,0,
extracted_tables/041_Health_Bulletin_2009/table_0112.csv,cleaned_tables/041_Health_Bulletin_2009/table_0112.csv,ok,21,21,7,6,0,
extracted_tables/042_Health_Bulletin_2008/table_001.csv,cleaned_tables/042_Health_Bulletin_2008/table_001.csv,ok,8,7,3,3,1,
extracted_tables/042_Health_Bulletin_2008/table_002.csv,cleaned_tables/042_Health_Bulletin_2008/table_002.csv,ok,44,43,27,18,1,
extracted_tables/042_Health_Bulletin_2008/table_003.csv,cleaned_tables/042_Health_Bulletin_2008/table_003.csv,ok,37,37,25,17,0,
extracted_tables/042_Health_Bulletin_2008/table_004.csv,cleaned_tables/042_Health_Bulletin_2008/table_004.csv,ok,16,16,9,6,0,
extracted_tables/042_Health_Bulletin_2008/table_005.csv,cleaned_tables/042_Health_Bulletin_2008/table_005.csv,ok,14,13,3,3,1,
extracted_tables/042_Health_Bulletin_2008/table_006.csv,cleaned_tables/042_Health_Bulletin_2008/table_006.csv,ok,11,10,18,12,1,
extracted_tables/042_Health_Bulletin_2008/table_007.csv,cleaned_tables/042_Health_Bulletin_2008/table_007.csv,ok,26,25,21,14,1,
extracted_tables/042_Health_Bulletin_2008/table_008.csv,cleaned_tables/042_Health_Bulletin_2008/table_008.csv,ok,58,57,22,14,1,
extracted_tables/042_Health_Bulletin_2008/table_009.csv,cleaned_tables/042_Health_Bulletin_2008/table_009.csv,ok,63,62,21,14,1,
extracted_tables/042_Health_Bulletin_2008/table_010.csv,cleaned_tables/042_Health_Bulletin_2008/table_010.csv,ok,14,12,18,11,2,
extracted_tables/042_Health_Bulletin_2008/table_011.csv,cleaned_tables/042_Health_Bulletin_2008/table_011.csv,ok,19,17,18,12,2,
extracted_tables/042_Health_Bulletin_2008/table_012.csv,cleaned_tables/042_Health_Bulletin_2008/table_012.csv,ok,16,14,15,10,2,
extracted_tables/042_Health_Bulletin_2008/table_013.csv,cleaned_tables/042_Health_Bulletin_2008/table_013.csv,ok,19,16,27,18,3,
extracted_tables/042_Health_Bulletin_2008/table_014.csv,cleaned_tables/042_Health_Bulletin_2008/table_014.csv,ok,12,11,26,18,1,
extracted_tables/042_Health_Bulletin_2008/table_015.csv,cleaned_tables/042_Health_Bulletin_2008/table_015.csv,ok,20,19,13,13,1,
extracted_tables/042_Health_Bulletin_2008/table_016.csv,cleaned_tables/042_Health_Bulletin_2008/table_016.csv,ok,37,36,13,13,1,
extracted_tables/042_Health_Bulletin_2008/table_017.csv,cleaned_tables/042_Health_Bulletin_2008/table_017.csv,ok,9,9,36,25,0,
extracted_tables/042_Health_Bulletin_2008/table_018.csv,cleaned_tables/042_Health_Bulletin_2008/table_018.csv,ok,35,30,15,14,5,
extracted_tables/042_Health_Bulletin_2008/table_019.csv,cleaned_tables/042_Health_Bulletin_2008/table_019.csv,ok,9,8,27,18,1,
extracted_tables/042_Health_Bulletin_2008/table_020.csv,cleaned_tables/042_Health_Bulletin_2008/table_020.csv,ok,15,14,15,15,1,
extracted_tables/042_Health_Bulletin_2008/table_021.csv,cleaned_tables/042_Health_Bulletin_2008/table_021.csv,ok,19,19,20,15,0,
extracted_tables/042_Health_Bulletin_2008/table_022.csv,cleaned_tables/042_Health_Bulletin_2008/table_022.csv,ok,39,38,24,16,1,
extracted_tables/042_Health_Bulletin_2008/table_023.csv,cleaned_tables/042_Health_Bulletin_2008/table_023.csv,ok,44,43,23,15,1,
extracted_tables/042_Health_Bulletin_2008/table_024.csv,cleaned_tables/042_Health_Bulletin_2008/table_024.csv,ok,23,23,41,28,0,
extracted_tables/042_Health_Bulletin_2008/table_025.csv,cleaned_tables/042_Health_Bulletin_2008/table_025.csv,ok,19,18,45,37,1,
extracted_tables/042_Health_Bulletin_2008/table_026.csv,cleaned_tables/042_Health_Bulletin_2008/table_026.csv,ok,45,44,30,20,1,
extracted_tables/042_Health_Bulletin_2008/table_027.csv,cleaned_tables/042_Health_Bulletin_2008/table_027.csv,ok,42,41,55,36,1,
extracted_tables/042_Health_Bulletin_2008/table_028.csv,cleaned_tables/042_Health_Bulletin_2008/table_028.csv,ok,8,7,57,38,1,
extracted_tables/042_Health_Bulletin_2008/table_029.csv,cleaned_tables/042_Health_Bulletin_2008/table_029.csv,ok,38,36,5,5,2,
extracted_tables/042_Health_Bulletin_2008/table_030.csv,cleaned_tables/042_Health_Bulletin_2008/table_030.csv,ok,8,7,4,4,1,
extracted_tables/042_Health_Bulletin_2008/table_031.csv,cleaned_tables/042_Health_Bulletin_2008/table_031.csv,ok,13,11,4,4,2,
extracted_tables/042_Health_Bulletin_2008/table_032.csv,cleaned_tables/042_Health_Bulletin_2008/table_032.csv,ok,12,8,8,8,4,
extracted_tables/042_Health_Bulletin_2008/table_033.csv,cleaned_tables/042_Health_Bulletin_2008/table_033.csv,ok,5,4,56,38,1,
extracted_tables/042_Health_Bulletin_2008/table_034.csv,cleaned_tables/042_Health_Bulletin_2008/table_034.csv,ok,10,9,3,3,1,
extracted_tables/042_Health_Bulletin_2008/table_035.csv,cleaned_tables/042_Health_Bulletin_2008/table_035.csv,ok,12,11,4,4,1,
extracted_tables/042_Health_Bulletin_2008/table_036.csv,cleaned_tables/042_Health_Bulletin_2008/table_036.csv,ok,10,9,4,4,1,
extracted_tables/042_Health_Bulletin_2008/table_037.csv,cleaned_tables/042_Health_Bulletin_2008/table_037.csv,ok,14,13,4,4,1,
extracted_tables/042_Health_Bulletin_2008/table_038.csv,cleaned_tables/042_Health_Bulletin_2008/table_038.csv,ok,8,8,9,6,0,
extracted_tables/042_Health_Bulletin_2008/table_039.csv,cleaned_tables/042_Health_Bulletin_2008/table_039.csv,ok,9,8,6,6,1,
extracted_tables/042_Health_Bulletin_2008/table_040.csv,cleaned_tables/042_Health_Bulletin_2008/table_040.csv,ok,12,11,30,20,1,
extracted_tables/042_Health_Bulletin_2008/table_041.csv,cleaned_tables/042_Health_Bulletin_2008/table_041.csv,ok,6,5,4,4,1,
extracted_tables/042_Health_Bulletin_2008/table_042.csv,cleaned_tables/042_Health_Bulletin_2008/table_042.csv,ok,8,8,11,11,0,
extracted_tables/042_Health_Bulletin_2008/table_043.csv,cleaned_tables/042_Health_Bulletin_2008/table_043.csv,ok,5,5,15,15,0,
extracted_tables/042_Health_Bulletin_2008/table_044.csv,cleaned_tables/042_Health_Bulletin_2008/table_044.csv,ok,10,10,8,8,0,
extracted_tables/042_Health_Bulletin_2008/table_045.csv,cleaned_tables/042_Health_Bulletin_2008/table_045.csv,ok,8,6,9,9,2,
extracted_tables/042_Health_Bulletin_2008/table_046.csv,cleaned_tables/042_Health_Bulletin_2008/table_046.csv,ok,5,3,7,7,2,
extracted_tables/042_Health_Bulletin_2008/table_047.csv,cleaned_tables/042_Health_Bulletin_2008/table_047.csv,ok,6,6,7,5,0,
extracted_tables/042_Health_Bulletin_2008/table_048.csv,cleaned_tables/042_Health_Bulletin_2008/table_048.csv,ok,10,10,11,11,0,
extracted_tables/042_Health_Bulletin_2008/table_049.csv,cleaned_tables/042_Health_Bulletin_2008/table_049.csv,ok,20,20,9,6,0,
extracted_tables/042_Health_Bulletin_2008/table_050.csv,cleaned_tables/042_Health_Bulletin_2008/table_050.csv,ok,18,14,15,10,4,
extracted_tables/042_Health_Bulletin_2008/table_051.csv,cleaned_tables/042_Health_Bulletin_2008/table_051.csv,ok,13,12,9,6,1,
extracted_tables/042_Health_Bulletin_2008/table_052.csv,cleaned_tables/042_Health_Bulletin_2008/table_052.csv,ok,6,6,9,6,0,
extracted_tables/042_Health_Bulletin_2008/table_053.csv,cleaned_tables/042_Health_Bulletin_2008/table_053.csv,ok,13,12,12,8,1,
extracted_tables/042_Health_Bulletin_2008/table_054.csv,cleaned_tables/042_Health_Bulletin_2008/table_054.csv,ok,12,11,15,5,1,
extracted_tables/042_Health_Bulletin_2008/table_055.csv,cleaned_tables/042_Health_Bulletin_2008/table_055.csv,ok,11,11,15,10,0,
extracted_tables/042_Health_Bulletin_2008/table_056.csv,cleaned_tables/042_Health_Bulletin_2008/table_056.csv,ok,5,4,4,4,1,
extracted_tables/042_Health_Bulletin_2008/table_057.csv,cleaned_tables/042_Health_Bulletin_2008/table_057.csv,ok,6,5,2,2,1,
extracted_tables/042_Health_Bulletin_2008/table_058.csv,cleaned_tables/042_Health_Bulletin_2008/table_058.csv,ok,16,16,9,6,0,
extracted_tables/042_Health_Bulletin_2008/table_059.csv,cleaned_tables/042_Health_Bulletin_2008/table_059.csv,ok,11,10,9,6,1,
extracted_tables/042_Health_Bulletin_2008/table_060.csv,cleaned_tables/042_Health_Bulletin_2008/table_060.csv,ok,11,10,9,6,1,
extracted_tables/042_Health_Bulletin_2008/table_061.csv,cleaned_tables/042_Health_Bulletin_2008/table_061.csv,ok,16,15,9,6,1,
extracted_tables/042_Health_Bulletin_2008/table_062.csv,cleaned_tables/042_Health_Bulletin_2008/table_062.csv,ok,9,8,9,6,1,
extracted_tables/042_Health_Bulletin_2008/table_063.csv,cleaned_tables/042_Health_Bulletin_2008/table_063.csv,ok,17,16,9,6,1,
extracted_tables/042_Health_Bulletin_2008/table_064.csv,cleaned_tables/042_Health_Bulletin_2008/table_064.csv,ok,15,14,7,5,1,
extracted_tables/042_Health_Bulletin_2008/table_065.csv,cleaned_tables/042_Health_Bulletin_2008/table_065.csv,ok,15,14,9,6,1,
extracted_tables/042_Health_Bulletin_2008/table_066.csv,cleaned_tables/042_Health_Bulletin_2008/table_066.csv,ok,9,8,9,6,1,
extracted_tables/042_Health_Bulletin_2008/table_067.csv,cleaned_tables/042_Health_Bulletin_2008/table_067.csv,ok,6,5,9,6,1,
extracted_tables/042_Health_Bulletin_2008/table_068.csv,cleaned_tables/042_Health_Bulletin_2008/table_068.csv,ok,20,19,6,6,1,
extracted_tables/042_Health_Bulletin_2008/table_069.csv,cleaned_tables/042_Health_Bulletin_2008/table_069.csv,ok,11,11,30,20,0,
extracted_tables/042_Health_Bulletin_2008/table_070.csv,cleaned_tables/042_Health_Bulletin_2008/table_070.csv,ok,8,7,2,2,1,
extracted_tables/042_Health_Bulletin_2008/table_071.csv,cleaned_tables/042_Health_Bulletin_2008/table_071.csv,ok,6,5,2,2,1,
extracted_tables/042_Health_Bulletin_2008/table_072.csv,cleaned_tables/042_Health_Bulletin_2008/table_072.csv,ok,19,19,10,10,0,
extracted_tables/042_Health_Bulletin_2008/table_073.csv,cleaned_tables/042_Health_Bulletin_2008/table_073.csv,ok,8,8,29,20,0,
extracted_tables/042_Health_Bulletin_2008/table_074.csv,cleaned_tables/042_Health_Bulletin_2008/table_074.csv,ok,9,9,7,7,0,
extracted_tables/042_Health_Bulletin_2008/table_075.csv,cleaned_tables/042_Health_Bulletin_2008/table_075.csv,ok,27,27,23,17,0,
extracted_tables/042_Health_Bulletin_2008/table_076.csv,cleaned_tables/042_Health_Bulletin_2008/table_076.csv,ok,11,10,9,6,1,
extracted_tables/042_Health_Bulletin_2008/table_077.csv,cleaned_tables/042_Health_Bulletin_2008/table_077.csv,ok,11,10,17,11,1,
extracted_tables/042_Health_Bulletin_2008/table_078.csv,cleaned_tables/042_Health_Bulletin_2008/table_078.csv,ok,11,10,16,11,1,
extracted_tables/042_Health_Bulletin_2008/table_079.csv,cleaned_tables/042_Health_Bulletin_2008/table_079.csv,ok,11,10,17,12,1,
extracted_tables/042_Health_Bulletin_2008/table_080.csv,cleaned_tables/042_Health_Bulletin_2008/table_080.csv,ok,11,10,16,11,1,
extracted_tables/042_Health_Bulletin_2008/table_081.csv,cleaned_tables/042_Health_Bulletin_2008/table_081.csv,ok,9,9,21,14,0,
extracted_tables/042_Health_Bulletin_2008/table_082.csv,cleaned_tables/042_Health_Bulletin_2008/table_082.csv,ok,5,4,12,6,1,
extracted_tables/042_Health_Bulletin_2008/table_083.csv,cleaned_tables/042_Health_Bulletin_2008/table_083.csv,ok,5,5,22,15,0,
extracted_tables/042_Health_Bulletin_2008/table_084.csv,cleaned_tables/042_Health_Bulletin_2008/table_084.csv,ok,8,7,5,5,1,
extracted_tables/042_Health_Bulletin_2008/table_085.csv,cleaned_tables/042_Health_Bulletin_2008/table_085.csv,ok,15,14,5,5,1,
extracted_tables/042_Health_Bulletin_2008/table_086.csv,cleaned_tables/042_Health_Bulletin_2008/table_086.csv,ok,7,6,6,6,1,
extracted_tables/042_Health_Bulletin_2008/table_087.csv,cleaned_tables/042_Health_Bulletin_2008/table_087.csv,ok,16,16,10,7,0,
extracted_tables/042_Health_Bulletin_2008/table_088.csv,cleaned_tables/042_Health_Bulletin_2008/table_088.csv,ok,10,10,28,20,0,
extracted_tables/042_Health_Bulletin_2008/table_089.csv,cleaned_tables/042_Health_Bulletin_2008/table_089.csv,ok,5,4,9,6,1,
extracted_tables/042_Health_Bulletin_2008/table_090.csv,cleaned_tables/042_Health_Bulletin_2008/table_090.csv,ok,5,5,12,8,0,
extracted_tables/042_Health_Bulletin_2008/table_091.csv,cleaned_tables/042_Health_Bulletin_2008/table_091.csv,ok,6,5,9,6,1,
extracted_tables/042_Health_Bulletin_2008/table_092.csv,cleaned_tables/042_Health_Bulletin_2008/table_092.csv,ok,5,5,12,8,0,
extracted_tables/042_Health_Bulletin_2008/table_093.csv,cleaned_tables/042_Health_Bulletin_2008/table_093.csv,ok,6,6,12,8,0,
extracted_tables/042_Health_Bulletin_2008/table_094.csv,cleaned_tables/042_Health_Bulletin_2008/table_094.csv,ok,7,6,2,2,1,
extracted_tables/042_Health_Bulletin_2008/table_095.csv,cleaned_tables/042_Health_Bulletin_2008/table_095.csv,ok,9,8,7,5,1,
extracted_tables/042_Health_Bulletin_2008/table_096.csv,cleaned_tables/042_Health_Bulletin_2008/table_096.csv,ok,7,7,13,9,0,
extracted_tables/042_Health_Bulletin_2008/table_097.csv,cleaned_tables/042_Health_Bulletin_2008/table_097.csv,ok,12,11,3,3,1,
extracted_tables/042_Health_Bulletin_2008/table_098.csv,cleaned_tables/042_Health_Bulletin_2008/table_098.csv,ok,20,19,6,4,1,
extracted_tables/042_Health_Bulletin_2008/table_099.csv,cleaned_tables/042_Health_Bulletin_2008/table_099.csv,ok,6,5,6,4,1,
extracted_tables/042_Health_Bulletin_2008/table_100.csv,cleaned_tables/042_Health_Bulletin_2008/table_100.csv,ok,38,37,2,2,1,
extracted_tables/042_Health_Bulletin_2008/table_101.csv,cleaned_tables/042_Health_Bulletin_2008/table_101.csv,ok,9,8,6,4,1,
extracted_tables/042_Health_Bulletin_2008/table_102.csv,cleaned_tables/042_Health_Bulletin_2008/table_102.csv,ok,16,15,6,4,1,
extracted_tables/042_Health_Bulletin_2008/table_103.csv,cleaned_tables/042_Health_Bulletin_2008/table_103.csv,ok,11,10,6,4,1,
extracted_tables/042_Health_Bulletin_2008/table_104.csv,cleaned_tables/042_Health_Bulletin_2008/table_104.csv,ok,9,8,6,4,1,
extracted_tables/042_Health_Bulletin_2008/table_105.csv,cleaned_tables/042_Health_Bulletin_2008/table_105.csv,ok,10,9,6,4,1,
extracted_tables/042_Health_Bulletin_2008/table_106.csv,cleaned_tables/042_Health_Bulletin_2008/table_106.csv,ok,9,9,6,4,0,
extracted_tables/042_Health_Bulletin_2008/table_107.csv,cleaned_tables/042_Health_Bulletin_2008/table_107.csv,ok,23,22,6,4,1,
extracted_tables/042_Health_Bulletin_2008/table_108.csv,cleaned_tables/042_Health_Bulletin_2008/table_108.csv,ok,11,11,6,4,0,
extracted_tables/042_Health_Bulletin_2008/table_109.csv,cleaned_tables/042_Health_Bulletin_2008/table_109.csv,ok,17,16,6,4,1,
extracted_tables/042_Health_Bulletin_2008/table_110.csv,cleaned_tables/042_Health_Bulletin_2008/table_110.csv,ok,7,6,6,4,1,
extracted_tables/042_Health_Bulletin_2008/table_111.csv,cleaned_tables/042_Health_Bulletin_2008/table_111.csv,ok,26,25,6,4,1,
extracted_tables/042_Health_Bulletin_2008/table_112.csv,cleaned_tables/042_Health_Bulletin_2008/table_112.csv,ok,14,13,6,4,1,
extracted_tables/042_Health_Bulletin_2008/table_113.csv,cleaned_tables/042_Health_Bulletin_2008/table_113.csv,ok,6,6,6,4,0,
extracted_tables/042_Health_Bulletin_2008/table_114.csv,cleaned_tables/042_Health_Bulletin_2008/table_114.csv,ok,13,12,6,4,1,
extracted_tables/042_Health_Bulletin_2008/table_115.csv,cleaned_tables/042_Health_Bulletin_2008/table_115.csv,ok,10,10,6,4,0,
extracted_tables/042_Health_Bulletin_2008/table_116.csv,cleaned_tables/042_Health_Bulletin_2008/table_116.csv,ok,19,19,6,4,0,
extracted_tables/042_Health_Bulletin_2008/table_117.csv,cleaned_tables/042_Health_Bulletin_2008/table_117.csv,ok,9,8,6,4,1,
extracted_tables/042_Health_Bulletin_2008/table_118.csv,cleaned_tables/042_Health_Bulletin_2008/table_118.csv,ok,9,8,2,2,1,
extracted_tables/042_Health_Bulletin_2008/table_119.csv,cleaned_tables/042_Health_Bulletin_2008/table_119.csv,ok,16,16,6,4,0,
extracted_tables/042_Health_Bulletin_2008/table_120.csv,cleaned_tables/042_Health_Bulletin_2008/table_120.csv,ok,17,16,2,2,1,
extracted_tables/042_Health_Bulletin_2008/table_121.csv,cleaned_tables/042_Health_Bulletin_2008/table_121.csv,ok,22,21,2,2,1,
extracted_tables/042_Health_Bulletin_2008/table_122.csv,cleaned_tables/042_Health_Bulletin_2008/table_122.csv,ok,19,18,2,2,1,
extracted_tables/042_Health_Bulletin_2008/table_123.csv,cleaned_tables/042_Health_Bulletin_2008/table_123.csv,ok,21,21,2,2,0,
extracted_tables/042_Health_Bulletin_2008/table_124.csv,cleaned_tables/042_Health_Bulletin_2008/table_124.csv,ok,15,15,2,2,0,
extracted_tables/042_Health_Bulletin_2008/table_125.csv,cleaned_tables/042_Health_Bulletin_2008/table_125.csv,ok,24,20,53,36,4,
extracted_tables/042_Health_Bulletin_2008/table_126.csv,cleaned_tables/042_Health_Bulletin_2008/table_126.csv,ok,22,19,53,36,3,
extracted_tables/042_Health_Bulletin_2008/table_127.csv,cleaned_tables/042_Health_Bulletin_2008/table_127.csv,ok,9,8,2,2,1,
extracted_tables/042_Health_Bulletin_2008/table_128.csv,cleaned_tables/042_Health_Bulletin_2008/table_128.csv,ok,33,28,21,14,5,
extracted_tables/042_Health_Bulletin_2008/table_129.csv,cleaned_tables/042_Health_Bulletin_2008/table_129.csv,ok,33,26,12,12,7,
extracted_tables/042_Health_Bulletin_2008/table_130.csv,cleaned_tables/042_Health_Bulletin_2008/table_130.csv,ok,14,11,12,8,3,
extracted_tables/043_Health_Bulletin_2007/table_0001.csv,cleaned_tables/043_Health_Bulletin_2007/table_0001.csv,ok,43,42,5,5,1,
extracted_tables/043_Health_Bulletin_2007/table_0002.csv,cleaned_tables/043_Health_Bulletin_2007/table_0002.csv,ok,42,42,6,5,0,
extracted_tables/043_Health_Bulletin_2007/table_0003.csv,cleaned_tables/043_Health_Bulletin_2007/table_0003.csv,ok,37,36,5,5,1,
extracted_tables/043_Health_Bulletin_2007/table_0004.csv,cleaned_tables/043_Health_Bulletin_2007/table_0004.csv,ok,47,47,5,5,0,
extracted_tables/043_Health_Bulletin_2007/table_0005.csv,cleaned_tables/043_Health_Bulletin_2007/table_0005.csv,ok,44,43,5,5,1,
extracted_tables/043_Health_Bulletin_2007/table_0006.csv,cleaned_tables/043_Health_Bulletin_2007/table_0006.csv,ok,40,39,10,9,1,
extracted_tables/043_Health_Bulletin_2007/table_0007.csv,cleaned_tables/043_Health_Bulletin_2007/table_0007.csv,ok,39,38,10,9,1,
extracted_tables/043_Health_Bulletin_2007/table_0008.csv,cleaned_tables/043_Health_Bulletin_2007/table_0008.csv,ok,11,9,5,5,2,
extracted_tables/043_Health_Bulletin_2007/table_0009.csv,cleaned_tables/043_Health_Bulletin_2007/table_0009.csv,ok,8,7,3,3,1,
extracted_tables/043_Health_Bulletin_2007/table_0010.csv,cleaned_tables/043_Health_Bulletin_2007/table_0010.csv,ok,6,6,4,4,0,
extracted_tables/043_Health_Bulletin_2007/table_0011.csv,cleaned_tables/043_Health_Bulletin_2007/table_0011.csv,ok,4,4,4,4,0,
extracted_tables/043_Health_Bulletin_2007/table_0012.csv,cleaned_tables/043_Health_Bulletin_2007/table_0012.csv,ok,9,9,4,4,0,
extracted_tables/043_Health_Bulletin_2007/table_0013.csv,cleaned_tables/043_Health_Bulletin_2007/table_0013.csv,ok,8,8,4,4,0,
extracted_tables/043_Health_Bulletin_2007/table_0014.csv,cleaned_tables/043_Health_Bulletin_2007/table_0014.csv,ok,6,6,9,7,0,
extracted_tables/043_Health_Bulletin_2007/table_0015.csv,cleaned_tables/043_Health_Bulletin_2007/table_0015.csv,ok,32,32,10,7,0,
extracted_tables/043_Health_Bulletin_2007/table_0016.csv,cleaned_tables/043_Health_Bulletin_2007/table_0016.csv,ok,10,10,9,7,0,
extracted_tables/043_Health_Bulletin_2007/table_0017.csv,cleaned_tables/043_Health_Bulletin_2007/table_0017.csv,ok,16,14,4,4,2,
extracted_tables/043_Health_Bulletin_2007/table_0018.csv,cleaned_tables/043_Health_Bulletin_2007/table_0018.csv,ok,23,21,4,4,2,
extracted_tables/043_Health_Bulletin_2007/table_0019.csv,cleaned_tables/043_Health_Bulletin_2007/table_0019.csv,ok,4,4,4,4,0,
extracted_tables/043_Health_Bulletin_2007/table_0020.csv,cleaned_tables/043_Health_Bulletin_2007/table_0020.csv,ok,9,9,12,8,0,
extracted_tables/043_Health_Bulletin_2007/table_0021.csv,cleaned_tables/043_Health_Bulletin_2007/table_0021.csv,ok,4,4,4,4,0,
extracted_tables/043_Health_Bulletin_2007/table_0022.csv,cleaned_tables/043_Health_Bulletin_2007/table_0022.csv,ok,4,4,4,4,0,
extracted_tables/043_Health_Bulletin_2007/table_0023.csv,cleaned_tables/043_Health_Bulletin_2007/table_0023.csv,ok,12,12,10,7,0,
extracted_tables/043_Health_Bulletin_2007/table_0024.csv,cleaned_tables/043_Health_Bulletin_2007/table_0024.csv,ok,46,46,4,4,0,
extracted_tables/043_Health_Bulletin_2007/table_0025.csv,cleaned_tables/043_Health_Bulletin_2007/table_0025.csv,ok,31,29,4,4,2,
extracted_tables/043_Health_Bulletin_2007/table_0026.csv,cleaned_tables/043_Health_Bulletin_2007/table_0026.csv,ok,13,11,4,4,2,
extracted_tables/043_Health_Bulletin_2007/table_0027.csv,cleaned_tables/043_Health_Bulletin_2007/table_0027.csv,ok,31,18,3,3,13,
extracted_tables/043_Health_Bulletin_2007/table_0028.csv,cleaned_tables/043_Health_Bulletin_2007/table_0028.csv,ok,12,7,3,3,5,
extracted_tables/043_Health_Bulletin_2007/table_0029.csv,cleaned_tables/043_Health_Bulletin_2007/table_0029.csv,ok,6,6,11,8,0,
extracted_tables/043_Health_Bulletin_2007/table_0030.csv,cleaned_tables/043_Health_Bulletin_2007/table_0030.csv,ok,14,14,11,8,0,
extracted_tables/043_Health_Bulletin_2007/table_0031.csv,cleaned_tables/043_Health_Bulletin_2007/table_0031.csv,ok,7,6,8,6,1,
extracted_tables/043_Health_Bulletin_2007/table_0032.csv,cleaned_tables/043_Health_Bulletin_2007/table_0032.csv,ok,16,15,8,6,1,
extracted_tables/043_Health_Bulletin_2007/table_0033.csv,cleaned_tables/043_Health_Bulletin_2007/table_0033.csv,ok,5,4,4,4,1,
extracted_tables/043_Health_Bulletin_2007/table_0034.csv,cleaned_tables/043_Health_Bulletin_2007/table_0034.csv,ok,7,6,7,5,1,
extracted_tables/043_Health_Bulletin_2007/table_0035.csv,cleaned_tables/043_Health_Bulletin_2007/table_0035.csv,ok,15,14,12,9,1,
extracted_tables/043_Health_Bulletin_2007/table_0036.csv,cleaned_tables/043_Health_Bulletin_2007/table_0036.csv,ok,13,12,3,3,1,
extracted_tables/043_Health_Bulletin_2007/table_0037.csv,cleaned_tables/043_Health_Bulletin_2007/table_0037.csv,ok,45,44,3,3,1,
extracted_tables/043_Health_Bulletin_2007/table_0038.csv,cleaned_tables/043_Health_Bulletin_2007/table_0038.csv,ok,25,24,3,3,1,
extracted_tables/043_Health_Bulletin_2007/table_0039.csv,cleaned_tables/043_Health_Bulletin_2007/table_0039.csv,ok,7,7,18,12,0,
extracted_tables/043_Health_Bulletin_2007/table_0040.csv,cleaned_tables/043_Health_Bulletin_2007/table_0040.csv,ok,17,16,6,6,1,
extracted_tables/043_Health_Bulletin_2007/table_0041.csv,cleaned_tables/043_Health_Bulletin_2007/table_0041.csv,ok,34,32,6,6,2,
extracted_tables/043_Health_Bulletin_2007/table_0042.csv,cleaned_tables/043_Health_Bulletin_2007/table_0042.csv,ok,48,47,6,6,1,
extracted_tables/043_Health_Bulletin_2007/table_0043.csv,cleaned_tables/043_Health_Bulletin_2007/table_0043.csv,ok,22,22,38,38,0,
extracted_tables/043_Health_Bulletin_2007/table_0044.csv,cleaned_tables/043_Health_Bulletin_2007/table_0044.csv,ok,16,15,32,32,1,
extracted_tables/043_Health_Bulletin_2007/table_0045.csv,cleaned_tables/043_Health_Bulletin_2007/table_0045.csv,ok,13,12,32,32,1,
extracted_tables/043_Health_Bulletin_2007/table_0046.csv,cleaned_tables/043_Health_Bulletin_2007/table_0046.csv,ok,29,28,17,17,1,
extracted_tables/043_Health_Bulletin_2007/table_0047.csv,cleaned_tables/043_Health_Bulletin_2007/table_0047.csv,ok,11,11,6,6,0,
extracted_tables/043_Health_Bulletin_2007/table_0048.csv,cleaned_tables/043_Health_Bulletin_2007/table_0048.csv,ok,40,40,6,6,0,
extracted_tables/043_Health_Bulletin_2007/table_0049.csv,cleaned_tables/043_Health_Bulletin_2007/table_0049.csv,ok,42,42,6,6,0,
extracted_tables/043_Health_Bulletin_2007/table_0050.csv,cleaned_tables/043_Health_Bulletin_2007/table_0050.csv,ok,22,22,6,6,0,
extracted_tables/043_Health_Bulletin_2007/table_0051.csv,cleaned_tables/043_Health_Bulletin_2007/table_0051.csv,ok,20,19,6,6,1,
extracted_tables/043_Health_Bulletin_2007/table_0052.csv,cleaned_tables/043_Health_Bulletin_2007/table_0052.csv,ok,43,42,6,6,1,
extracted_tables/043_Health_Bulletin_2007/table_0053.csv,cleaned_tables/043_Health_Bulletin_2007/table_0053.csv,ok,14,13,42,31,1,
extracted_tables/043_Health_Bulletin_2007/table_0054.csv,cleaned_tables/043_Health_Bulletin_2007/table_0054.csv,ok,8,7,40,29,1,
extracted_tables/043_Health_Bulletin_2007/table_0055.csv,cleaned_tables/043_Health_Bulletin_2007/table_0055.csv,ok,18,18,39,30,0,
extracted_tables/043_Health_Bulletin_2007/table_0056.csv,cleaned_tables/043_Health_Bulletin_2007/table_0056.csv,ok,22,20,44,33,2,
extracted_tables/043_Health_Bulletin_2007/table_0057.csv,cleaned_tables/043_Health_Bulletin_2007/table_0057.csv,ok,22,20,40,31,2,
extracted_tables/043_Health_Bulletin_2007/table_0058.csv,cleaned_tables/043_Health_Bulletin_2007/table_0058.csv,ok,23,21,42,32,2,
extracted_tables/043_Health_Bulletin_2007/table_0059.csv,cleaned_tables/043_Health_Bulletin_2007/table_0059.csv,ok,10,8,14,14,2,
extracted_tables/043_Health_Bulletin_2007/table_0060.csv,cleaned_tables/043_Health_Bulletin_2007/table_0060.csv,ok,39,36,14,14,3,
extracted_tables/043_Health_Bulletin_2007/table_0061.csv,cleaned_tables/043_Health_Bulletin_2007/table_0061.csv,ok,20,19,11,11,1,
extracted_tables/043_Health_Bulletin_2007/table_0062.csv,cleaned_tables/043_Health_Bulletin_2007/table_0062.csv,ok,15,15,31,21,0,
extracted_tables/043_Health_Bulletin_2007/table_0063.csv,cleaned_tables/043_Health_Bulletin_2007/table_0063.csv,ok,26,26,26,26,0,
extracted_tables/043_Health_Bulletin_2007/table_0064.csv,cleaned_tables/043_Health_Bulletin_2007/table_0064.csv,ok,5,5,65,45,0,
extracted_tables/043_Health_Bulletin_2007/table_0065.csv,cleaned_tables/043_Health_Bulletin_2007/table_0065.csv,ok,5,5,12,7,0,
extracted_tables/043_Health_Bulletin_2007/table_0066.csv,cleaned_tables/043_Health_Bulletin_2007/table_0066.csv,ok,5,5,15,9,0,
extracted_tables/043_Health_Bulletin_2007/table_0067.csv,cleaned_tables/043_Health_Bulletin_2007/table_0067.csv,ok,4,4,12,8,0,
extracted_tables/043_Health_Bulletin_2007/table_0068.csv,cleaned_tables/043_Health_Bulletin_2007/table_0068.csv,ok,10,2,5,2,8,
extracted_tables/043_Health_Bulletin_2007/table_0069.csv,cleaned_tables/043_Health_Bulletin_2007/table_0069.csv,ok,7,6,4,3,1,
extracted_tables/043_Health_Bulletin_2007/table_0070.csv,cleaned_tables/043_Health_Bulletin_2007/table_0070.csv,ok,10,9,20,19,1,
extracted_tables/043_Health_Bulletin_2007/table_0071.csv,cleaned_tables/043_Health_Bulletin_2007/table_0071.csv,ok,3,0,6,0,3,
extracted_tables/043_Health_Bulletin_2007/table_0072.csv,cleaned_tables/043_Health_Bulletin_2007/table_0072.csv,ok,2,1,2,1,1,
extracted_tables/043_Health_Bulletin_2007/table_0073.csv,cleaned_tables/043_Health_Bulletin_2007/table_0073.csv,ok,3,2,3,3,1,
extracted_tables/043_Health_Bulletin_2007/table_0074.csv,cleaned_tables/043_Health_Bulletin_2007/table_0074.csv,ok,9,9,34,26,0,
extracted_tables/043_Health_Bulletin_2007/table_0075.csv,cleaned_tables/043_Health_Bulletin_2007/table_0075.csv,ok,11,8,12,12,3,
extracted_tables/043_Health_Bulletin_2007/table_0076.csv,cleaned_tables/043_Health_Bulletin_2007/table_0076.csv,ok,13,9,12,12,4,
extracted_tables/043_Health_Bulletin_2007/table_0077.csv,cleaned_tables/043_Health_Bulletin_2007/table_0077.csv,ok,12,12,9,9,0,
extracted_tables/043_Health_Bulletin_2007/table_0078.csv,cleaned_tables/043_Health_Bulletin_2007/table_0078.csv,ok,13,12,9,9,1,
extracted_tables/043_Health_Bulletin_2007/table_0079.csv,cleaned_tables/043_Health_Bulletin_2007/table_0079.csv,ok,19,16,8,8,3,
extracted_tables/043_Health_Bulletin_2007/table_0080.csv,cleaned_tables/043_Health_Bulletin_2007/table_0080.csv,ok,16,13,8,8,3,
extracted_tables/043_Health_Bulletin_2007/table_0081.csv,cleaned_tables/043_Health_Bulletin_2007/table_0081.csv,ok,20,19,8,8,1,
extracted_tables/043_Health_Bulletin_2007/table_0082.csv,cleaned_tables/043_Health_Bulletin_2007/table_0082.csv,ok,9,8,8,8,1,
extracted_tables/043_Health_Bulletin_2007/table_0083.csv,cleaned_tables/043_Health_Bulletin_2007/table_0083.csv,ok,8,7,12,12,1,
extracted_tables/043_Health_Bulletin_2007/table_0084.csv,cleaned_tables/043_Health_Bulletin_2007/table_0084.csv,ok,23,22,12,12,1,
extracted_tables/043_Health_Bulletin_2007/table_0085.csv,cleaned_tables/043_Health_Bulletin_2007/table_0085.csv,ok,24,23,12,12,1,
extracted_tables/043_Health_Bulletin_2007/table_0086.csv,cleaned_tables/043_Health_Bulletin_2007/table_0086.csv,ok,9,7,11,11,2,
extracted_tables/043_Health_Bulletin_2007/table_0087.csv,cleaned_tables/043_Health_Bulletin_2007/table_0087.csv,ok,5,5,18,13,0,
extracted_tables/043_Health_Bulletin_2007/table_0088.csv,cleaned_tables/043_Health_Bulletin_2007/table_0088.csv,ok,7,7,16,11,0,
extracted_tables/043_Health_Bulletin_2007/table_0089.csv,cleaned_tables/043_Health_Bulletin_2007/table_0089.csv,ok,5,4,6,4,1,
extracted_tables/043_Health_Bulletin_2007/table_0090.csv,cleaned_tables/043_Health_Bulletin_2007/table_0090.csv,ok,5,5,15,10,0,
extracted_tables/043_Health_Bulletin_2007/table_0091.csv,cleaned_tables/043_Health_Bulletin_2007/table_0091.csv,ok,8,8,15,9,0,
extracted_tables/043_Health_Bulletin_2007/table_0092.csv,cleaned_tables/043_Health_Bulletin_2007/table_0092.csv,ok,9,9,6,6,0,
extracted_tables/043_Health_Bulletin_2007/table_0093.csv,cleaned_tables/043_Health_Bulletin_2007/table_0093.csv,ok,7,7,50,34,0,
extracted_tables/043_Health_Bulletin_2007/table_0094.csv,cleaned_tables/043_Health_Bulletin_2007/table_0094.csv,ok,2,1,14,1,1,
extracted_tables/043_Health_Bulletin_2007/table_0095.csv,cleaned_tables/043_Health_Bulletin_2007/table_0095.csv,ok,21,16,21,21,5,
extracted_tables/043_Health_Bulletin_2007/table_0096.csv,cleaned_tables/043_Health_Bulletin_2007/table_0096.csv,ok,13,12,12,12,1,
extracted_tables/043_Health_Bulletin_2007/table_0097.csv,cleaned_tables/043_Health_Bulletin_2007/table_0097.csv,ok,4,2,3,1,2,
extracted_tables/043_Health_Bulletin_2007/table_0098.csv,cleaned_tables/043_Health_Bulletin_2007/table_0098.csv,ok,7,6,12,12,1,
extracted_tables/043_Health_Bulletin_2007/table_0099.csv,cleaned_tables/043_Health_Bulletin_2007/table_0099.csv,ok,10,9,12,12,1,
extracted_tables/043_Health_Bulletin_2007/table_0100.csv,cleaned_tables/043_Health_Bulletin_2007/table_0100.csv,ok,3,3,2,2,0,
extracted_tables/043_Health_Bulletin_2007/table_0101.csv,cleaned_tables/043_Health_Bulletin_2007/table_0101.csv,ok,11,8,12,12,3,
extracted_tables/043_Health_Bulletin_2007/table_0102.csv,cleaned_tables/043_Health_Bulletin_2007/table_0102.csv,ok,17,13,12,12,4,
extracted_tables/043_Health_Bulletin_2007/table_0103.csv,cleaned_tables/043_Health_Bulletin_2007/table_0103.csv,ok,5,4,8,6,1,
extracted_tables/043_Health_Bulletin_2007/table_0104.csv,cleaned_tables/043_Health_Bulletin_2007/table_0104.csv,ok,11,11,12,8,0,
extracted_tables/043_Health_Bulletin_2007/table_0105.csv,cleaned_tables/043_Health_Bulletin_2007/table_0105.csv,ok,15,15,15,10,0,
extracted_tables/043_Health_Bulletin_2007/table_0106.csv,cleaned_tables/043_Health_Bulletin_2007/table_0106.csv,ok,8,8,15,10,0,
extracted_tables/043_Health_Bulletin_2007/table_0107.csv,cleaned_tables/043_Health_Bulletin_2007/table_0107.csv,ok,13,12,4,4,1,
extracted_tables/043_Health_Bulletin_2007/table_0108.csv,cleaned_tables/043_Health_Bulletin_2007/table_0108.csv,ok,7,7,37,24,0,
extracted_tables/043_Health_Bulletin_2007/table_0109.csv,cleaned_tables/043_Health_Bulletin_2007/table_0109.csv,ok,9,9,28,19,0,
extracted_tables/043_Health_Bulletin_2007/table_0110.csv,cleaned_tables/043_Health_Bulletin_2007/table_0110.csv,ok,7,7,12,9,0,
extracted_tables/043_Health_Bulletin_2007/table_0111.csv,cleaned_tables/043_Health_Bulletin_2007/table_0111.csv,ok,11,9,8,8,2,
extracted_tables/043_Health_Bulletin_2007/table_0112.csv,cleaned_tables/043_Health_Bulletin_2007/table_0112.csv,ok,5,4,3,2,1,
extracted_tables/043_Health_Bulletin_2007/table_0113.csv,cleaned_tables/043_Health_Bulletin_2007/table_0113.csv,ok,7,4,8,2,3,
extracted_tables/043_Health_Bulletin_2007/table_0114.csv,cleaned_tables/043_Health_Bulletin_2007/table_0114.csv,ok,6,6,13,10,0,
extracted_tables/043_Health_Bulletin_2007/table_0115.csv,cleaned_tables/043_Health_Bulletin_2007/table_0115.csv,ok,6,5,9,4,1,
extracted_tables/043_Health_Bulletin_2007/table_0116.csv,cleaned_tables/043_Health_Bulletin_2007/table_0116.csv,ok,12,11,14,14,1,
extracted_tables/043_Health_Bulletin_2007/table_0117.csv,cleaned_tables/043_Health_Bulletin_2007/table_0117.csv,ok,4,2,13,5,2,
extracted_tables/043_Health_Bulletin_2007/table_0118.csv,cleaned_tables/043_Health_Bulletin_2007/table_0118.csv,ok,3,2,12,1,1,
extracted_tables/043_Health_Bulletin_2007/table_0119.csv,cleaned_tables/043_Health_Bulletin_2007/table_0119.csv,ok,4,2,13,8,2,
extracted_tables/043_Health_Bulletin_2007/table_0120.csv,cleaned_tables/043_Health_Bulletin_2007/table_0120.csv,ok,10,9,11,11,1,
extracted_tables/043_Health_Bulletin_2007/table_0121.csv,cleaned_tables/043_Health_Bulletin_2007/table_0121.csv,ok,9,8,7,7,1,
extracted_tables/043_Health_Bulletin_2007/table_0122.csv,cleaned_tables/043_Health_Bulletin_2007/table_0122.csv,ok,3,3,12,8,0,
extracted_tables/043_Health_Bulletin_2007/table_0123.csv,cleaned_tables/043_Health_Bulletin_2007/table_0123.csv,ok,4,4,31,21,0,
extracted_tables/043_Health_Bulletin_2007/table_0124.csv,cleaned_tables/043_Health_Bulletin_2007/table_0124.csv,ok,5,5,6,4,0,
extracted_tables/043_Health_Bulletin_2007/table_0125.csv,cleaned_tables/043_Health_Bulletin_2007/table_0125.csv,ok,9,8,11,11,1,
extracted_tables/043_Health_Bulletin_2007/table_0126.csv,cleaned_tables/043_Health_Bulletin_2007/table_0126.csv,ok,18,17,7,5,1,
extracted_tables/043_Health_Bulletin_2007/table_0127.csv,cleaned_tables/043_Health_Bulletin_2007/table_0127.csv,ok,11,11,13,9,0,
extracted_tables/043_Health_Bulletin_2007/table_0128.csv,cleaned_tables/043_Health_Bulletin_2007/table_0128.csv,ok,9,8,4,2,1,
extracted_tables/043_Health_Bulletin_2007/table_0129.csv,cleaned_tables/043_Health_Bulletin_2007/table_0129.csv,ok,9,5,21,3,4,
extracted_tables/043_Health_Bulletin_2007/table_0130.csv,cleaned_tables/043_Health_Bulletin_2007/table_0130.csv,ok,5,5,9,6,0,
extracted_tables/043_Health_Bulletin_2007/table_0131.csv,cleaned_tables/043_Health_Bulletin_2007/table_0131.csv,ok,7,6,2,2,1,
extracted_tables/043_Health_Bulletin_2007/table_0132.csv,cleaned_tables/043_Health_Bulletin_2007/table_0132.csv,ok,9,9,13,9,0,
extracted_tables/043_Health_Bulletin_2007/table_0133.csv,cleaned_tables/043_Health_Bulletin_2007/table_0133.csv,ok,22,21,8,8,1,
extracted_tables/043_Health_Bulletin_2007/table_0134.csv,cleaned_tables/043_Health_Bulletin_2007/table_0134.csv,ok,9,9,21,15,0,
extracted_tables/043_Health_Bulletin_2007/table_0135.csv,cleaned_tables/043_Health_Bulletin_2007/table_0135.csv,ok,9,9,8,8,0,
extracted_tables/043_Health_Bulletin_2007/table_0136.csv,cleaned_tables/043_Health_Bulletin_2007/table_0136.csv,ok,4,4,6,4,0,
extracted_tables/043_Health_Bulletin_2007/table_0137.csv,cleaned_tables/043_Health_Bulletin_2007/table_0137.csv,ok,28,28,18,12,0,
extracted_tables/043_Health_Bulletin_2007/table_0138.csv,cleaned_tables/043_Health_Bulletin_2007/table_0138.csv,ok,6,6,8,5,0,
extracted_tables/043_Health_Bulletin_2007/table_0139.csv,cleaned_tables/043_Health_Bulletin_2007/table_0139.csv,ok,7,7,12,8,0,
extracted_tables/043_Health_Bulletin_2007/table_0140.csv,cleaned_tables/043_Health_Bulletin_2007/table_0140.csv,ok,7,7,13,9,0,
extracted_tables/043_Health_Bulletin_2007/table_0141.csv,cleaned_tables/043_Health_Bulletin_2007/table_0141.csv,ok,7,7,13,9,0,
extracted_tables/043_Health_Bulletin_2007/table_0142.csv,cleaned_tables/043_Health_Bulletin_2007/table_0142.csv,ok,9,9,13,10,0,
extracted_tables/043_Health_Bulletin_2007/table_0143.csv,cleaned_tables/043_Health_Bulletin_2007/table_0143.csv,ok,9,9,14,10,0,
extracted_tables/043_Health_Bulletin_2007/table_0144.csv,cleaned_tables/043_Health_Bulletin_2007/table_0144.csv,ok,4,4,14,9,0,
extracted_tables/043_Health_Bulletin_2007/table_0145.csv,cleaned_tables/043_Health_Bulletin_2007/table_0145.csv,ok,4,4,16,11,0,
extracted_tables/043_Health_Bulletin_2007/table_0146.csv,cleaned_tables/043_Health_Bulletin_2007/table_0146.csv,ok,7,7,19,13,0,
extracted_tables/043_Health_Bulletin_2007/table_0147.csv,cleaned_tables/043_Health_Bulletin_2007/table_0147.csv,ok,3,3,19,12,0,
extracted_tables/043_Health_Bulletin_2007/table_0148.csv,cleaned_tables/043_Health_Bulletin_2007/table_0148.csv,ok,3,3,10,6,0,
extracted_tables/043_Health_Bulletin_2007/table_0149.csv,cleaned_tables/043_Health_Bulletin_2007/table_0149.csv,ok,3,3,11,6,0,
extracted_tables/043_Health_Bulletin_2007/table_0150.csv,cleaned_tables/043_Health_Bulletin_2007/table_0150.csv,ok,2,2,6,4,0,
extracted_tables/043_Health_Bulletin_2007/table_0151.csv,cleaned_tables/043_Health_Bulletin_2007/table_0151.csv,ok,2,2,6,4,0,
extracted_tables/043_Health_Bulletin_2007/table_0152.csv,cleaned_tables/043_Health_Bulletin_2007/table_0152.csv,ok,2,2,6,4,0,
extracted_tables/043_Health_Bulletin_2007/table_0153.csv,cleaned_tables/043_Health_Bulletin_2007/table_0153.csv,ok,2,2,6,4,0,
extracted_tables/043_Health_Bulletin_2007/table_0154.csv,cleaned_tables/043_Health_Bulletin_2007/table_0154.csv,ok,6,6,6,3,0,
extracted_tables/043_Health_Bulletin_2007/table_0155.csv,cleaned_tables/043_Health_Bulletin_2007/table_0155.csv,ok,11,10,8,8,1,
extracted_tables/043_Health_Bulletin_2007/table_0156.csv,cleaned_tables/043_Health_Bulletin_2007/table_0156.csv,ok,44,44,5,5,0,
extracted_tables/043_Health_Bulletin_2007/table_0157.csv,cleaned_tables/043_Health_Bulletin_2007/table_0157.csv,ok,48,48,4,4,0,
extracted_tables/043_Health_Bulletin_2007/table_0158.csv,cleaned_tables/043_Health_Bulletin_2007/table_0158.csv,ok,48,48,4,4,0,
extracted_tables/043_Health_Bulletin_2007/table_0159.csv,cleaned_tables/043_Health_Bulletin_2007/table_0159.csv,ok,48,48,4,4,0,
extracted_tables/043_Health_Bulletin_2007/table_0160.csv,cleaned_tables/043_Health_Bulletin_2007/table_0160.csv,ok,48,48,4,4,0,
extracted_tables/043_Health_Bulletin_2007/table_0161.csv,cleaned_tables/043_Health_Bulletin_2007/table_0161.csv,ok,19,19,5,4,0,
extracted_tables/043_Health_Bulletin_2007/table_0162.csv,cleaned_tables/043_Health_Bulletin_2007/table_0162.csv,ok,9,9,4,4,0,
extracted_tables/043_Health_Bulletin_2007/table_0163.csv,cleaned_tables/043_Health_Bulletin_2007/table_0163.csv,ok,38,38,5,5,0,
extracted_tables/043_Health_Bulletin_2007/table_0164.csv,cleaned_tables/043_Health_Bulletin_2007/table_0164.csv,ok,47,47,5,5,0,
extracted_tables/043_Health_Bulletin_2007/table_0165.csv,cleaned_tables/043_Health_Bulletin_2007/table_0165.csv,ok,51,51,5,5,0,
extracted_tables/043_Health_Bulletin_2007/table_0166.csv,cleaned_tables/043_Health_Bulletin_2007/table_0166.csv,ok,51,51,5,5,0,
extracted_tables/043_Health_Bulletin_2007/table_0167.csv,cleaned_tables/043_Health_Bulletin_2007/table_0167.csv,ok,50,50,5,5,0,
extracted_tables/043_Health_Bulletin_2007/table_0168.csv,cleaned_tables/043_Health_Bulletin_2007/table_0168.csv,ok,51,51,5,5,0,
extracted_tables/043_Health_Bulletin_2007/table_0169.csv,cleaned_tables/043_Health_Bulletin_2007/table_0169.csv,ok,49,49,5,5,0,
extracted_tables/043_Health_Bulletin_2007/table_0170.csv,cleaned_tables/043_Health_Bulletin_2007/table_0170.csv,ok,49,49,5,5,0,
extracted_tables/043_Health_Bulletin_2007/table_0171.csv,cleaned_tables/043_Health_Bulletin_2007/table_0171.csv,ok,51,51,5,5,0,
extracted_tables/043_Health_Bulletin_2007/table_0172.csv,cleaned_tables/043_Health_Bulletin_2007/table_0172.csv,ok,48,48,5,5,0,
extracted_tables/043_Health_Bulletin_2007/table_0173.csv,cleaned_tables/043_Health_Bulletin_2007/table_0173.csv,ok,51,51,5,5,0,
extracted_tables/043_Health_Bulletin_2007/table_0174.csv,cleaned_tables/043_Health_Bulletin_2007/table_0174.csv,ok,50,50,5,5,0,
extracted_tables/043_Health_Bulletin_2007/table_0175.csv,cleaned_tables/043_Health_Bulletin_2007/table_0175.csv,ok,51,51,5,5,0,
extracted_tables/043_Health_Bulletin_2007/table_0176.csv,cleaned_tables/043_Health_Bulletin_2007/table_0176.csv,ok,51,51,5,5,0,
extracted_tables/043_Health_Bulletin_2007/table_0177.csv,cleaned_tables/043_Health_Bulletin_2007/table_0177.csv,ok,51,51,5,5,0,
extracted_tables/043_Health_Bulletin_2007/table_0178.csv,cleaned_tables/043_Health_Bulletin_2007/table_0178.csv,ok,51,51,5,5,0,
extracted_tables/043_Health_Bulletin_2007/table_0179.csv,cleaned_tables/043_Health_Bulletin_2007/table_0179.csv,ok,51,51,5,5,0,
extracted_tables/043_Health_Bulletin_2007/table_0180.csv,cleaned_tables/043_Health_Bulletin_2007/table_0180.csv,ok,51,51,5,5,0,
extracted_tables/043_Health_Bulletin_2007/table_0181.csv,cleaned_tables/043_Health_Bulletin_2007/table_0181.csv,ok,51,51,5,5,0,
extracted_tables/043_Health_Bulletin_2007/table_0182.csv,cleaned_tables/043_Health_Bulletin_2007/table_0182.csv,ok,50,50,5,5,0,
extracted_tables/043_Health_Bulletin_2007/table_0183.csv,cleaned_tables/043_Health_Bulletin_2007/table_0183.csv,ok,51,51,5,5,0,
extracted_tables/043_Health_Bulletin_2007/table_0184.csv,cleaned_tables/043_Health_Bulletin_2007/table_0184.csv,ok,15,15,5,5,0,
extracted_tables/043_Health_Bulletin_2007/table_0185.csv,cleaned_tables/043_Health_Bulletin_2007/table_0185.csv,ok,40,40,6,5,0,
extracted_tables/043_Health_Bulletin_2007/table_0186.csv,cleaned_tables/043_Health_Bulletin_2007/table_0186.csv,ok,38,38,5,5,0,
extracted_tables/043_Health_Bulletin_2007/table_0187.csv,cleaned_tables/043_Health_Bulletin_2007/table_0187.csv,ok,19,19,4,4,0,
extracted_tables/043_Health_Bulletin_2007/table_0188.csv,cleaned_tables/043_Health_Bulletin_2007/table_0188.csv,ok,14,14,5,5,0,
extracted_tables/043_Health_Bulletin_2007/table_0189.csv,cleaned_tables/043_Health_Bulletin_2007/table_0189.csv,ok,35,35,6,6,0,
extracted_tables/043_Health_Bulletin_2007/table_0190.csv,cleaned_tables/043_Health_Bulletin_2007/table_0190.csv,ok,30,30,10,5,0,
extracted_tables/043_Health_Bulletin_2007/table_0191.csv,cleaned_tables/043_Health_Bulletin_2007/table_0191.csv,ok,46,45,6,6,1,
extracted_tables/043_Health_Bulletin_2007/table_0192.csv,cleaned_tables/043_Health_Bulletin_2007/table_0192.csv,ok,48,47,6,6,1,
extracted_tables/043_Health_Bulletin_2007/table_0193.csv,cleaned_tables/043_Health_Bulletin_2007/table_0193.csv,ok,48,47,6,6,1,
extracted_tables/043_Health_Bulletin_2007/table_0194.csv,cleaned_tables/043_Health_Bulletin_2007/table_0194.csv,ok,48,47,6,6,1,
extracted_tables/043_Health_Bulletin_2007/table_0195.csv,cleaned_tables/043_Health_Bulletin_2007/table_0195.csv,ok,48,47,6,6,1,
extracted_tables/043_Health_Bulletin_2007/table_0196.csv,cleaned_tables/043_Health_Bulletin_2007/table_0196.csv,ok,48,47,6,6,1,
extracted_tables/043_Health_Bulletin_2007/table_0197.csv,cleaned_tables/043_Health_Bulletin_2007/table_0197.csv,ok,48,47,6,6,1,
extracted_tables/043_Health_Bulletin_2007/table_0198.csv,cleaned_tables/043_Health_Bulletin_2007/table_0198.csv,ok,48,47,6,6,1,
extracted_tables/043_Health_Bulletin_2007/table_0199.csv,cleaned_tables/043_Health_Bulletin_2007/table_0199.csv,ok,48,47,6,6,1,
extracted_tables/043_Health_Bulletin_2007/table_0200.csv,cleaned_tables/043_Health_Bulletin_2007/table_0200.csv,ok,48,47,6,6,1,
extracted_tables/043_Health_Bulletin_2007/table_0201.csv,cleaned_tables/043_Health_Bulletin_2007/table_0201.csv,ok,48,47,6,6,1,
extracted_tables/043_Health_Bulletin_2007/table_0202.csv,cleaned_tables/043_Health_Bulletin_2007/table_0202.csv,ok,48,47,6,6,1,
extracted_tables/043_Health_Bulletin_2007/table_0203.csv,cleaned_tables/043_Health_Bulletin_2007/table_0203.csv,ok,48,47,6,6,1,
extracted_tables/043_Health_Bulletin_2007/table_0204.csv,cleaned_tables/043_Health_Bulletin_2007/table_0204.csv,ok,48,47,6,6,1,
extracted_tables/043_Health_Bulletin_2007/table_0205.csv,cleaned_tables/043_Health_Bulletin_2007/table_0205.csv,ok,48,47,6,6,1,
extracted_tables/043_Health_Bulletin_2007/table_0206.csv,cleaned_tables/043_Health_Bulletin_2007/table_0206.csv,ok,48,47,6,6,1,
extracted_tables/043_Health_Bulletin_2007/table_0207.csv,cleaned_tables/043_Health_Bulletin_2007/table_0207.csv,ok,26,25,6,6,1,
extracted_tables/043_Health_Bulletin_2007/table_0208.csv,cleaned_tables/043_Health_Bulletin_2007/table_0208.csv,ok,20,20,23,15,0,
extracted_tables/043_Health_Bulletin_2007/table_0209.csv,cleaned_tables/043_Health_Bulletin_2007/table_0209.csv,ok,21,21,23,15,0,
extracted_tables/043_Health_Bulletin_2007/table_0210.csv,cleaned_tables/043_Health_Bulletin_2007/table_0210.csv,ok,14,14,23,14,0,
extracted_tables/043_Health_Bulletin_2007/table_0211.csv,cleaned_tables/043_Health_Bulletin_2007/table_0211.csv,ok,21,21,23,15,0,
extracted_tables/043_Health_Bulletin_2007/table_0212.csv,cleaned_tables/043_Health_Bulletin_2007/table_0212.csv,ok,18,18,23,15,0,
extracted_tables/043_Health_Bulletin_2007/table_0213.csv,cleaned_tables/043_Health_Bulletin_2007/table_0213.csv,ok,16,16,23,15,0,
extracted_tables/043_Health_Bulletin_2007/table_0214.csv,cleaned_tables/043_Health_Bulletin_2007/table_0214.csv,ok,16,16,23,15,0,
extracted_tables/043_Health_Bulletin_2007/table_0215.csv,cleaned_tables/043_Health_Bulletin_2007/table_0215.csv,ok,45,45,15,10,0,
extracted_tables/043_Health_Bulletin_2007/table_0216.csv,cleaned_tables/043_Health_Bulletin_2007/table_0216.csv,ok,38,38,15,10,0,
extracted_tables/043_Health_Bulletin_2007/table_0217.csv,cleaned_tables/043_Health_Bulletin_2007/table_0217.csv,ok,13,13,24,16,0,
extracted_tables/043_Health_Bulletin_2007/table_0218.csv,cleaned_tables/043_Health_Bulletin_2007/table_0218.csv,ok,13,13,24,16,0,
extracted_tables/043_Health_Bulletin_2007/table_0219.csv,cleaned_tables/043_Health_Bulletin_2007/table_0219.csv,ok,6,6,24,15,0,
extracted_tables/043_Health_Bulletin_2007/table_0220.csv,cleaned_tables/043_Health_Bulletin_2007/table_0220.csv,ok,13,13,24,16,0,
extracted_tables/043_Health_Bulletin_2007/table_0221.csv,cleaned_tables/043_Health_Bulletin_2007/table_0221.csv,ok,15,15,24,16,0,
extracted_tables/043_Health_Bulletin_2007/table_0222.csv,cleaned_tables/043_Health_Bulletin_2007/table_0222.csv,ok,16,16,24,16,0,
extracted_tables/043_Health_Bulletin_2007/table_0223.csv,cleaned_tables/043_Health_Bulletin_2007/table_0223.csv,ok,18,18,24,16,0,
extracted_tables/043_Health_Bulletin_2007/table_0224.csv,cleaned_tables/043_Health_Bulletin_2007/table_0224.csv,ok,19,19,24,16,0,
extracted_tables/043_Health_Bulletin_2007/table_0225.csv,cleaned_tables/043_Health_Bulletin_2007/table_0225.csv,ok,7,7,24,14,0,
extracted_tables/043_Health_Bulletin_2007/table_0226.csv,cleaned_tables/043_Health_Bulletin_2007/table_0226.csv,ok,21,21,24,16,0,
extracted_tables/043_Health_Bulletin_2007/table_0227.csv,cleaned_tables/043_Health_Bulletin_2007/table_0227.csv,ok,31,31,24,15,0,
extracted_tables/043_Health_Bulletin_2007/table_0228.csv,cleaned_tables/043_Health_Bulletin_2007/table_0228.csv,ok,8,8,24,15,0,
extracted_tables/043_Health_Bulletin_2007/table_0229.csv,cleaned_tables/043_Health_Bulletin_2007/table_0229.csv,ok,44,44,21,14,0,
extracted_tables/043_Health_Bulletin_2007/table_0230.csv,cleaned_tables/043_Health_Bulletin_2007/table_0230.csv,ok,39,39,21,14,0,
extracted_tables/044_EMP_for_Medical_Gas_System_SSKMCH_COVID-19/table_001.csv,cleaned_tables/044_EMP_for_Medical_Gas_System_SSKMCH_COVID-19/table_001.csv,ok,7,7,2,2,0,
extracted_tables/044_EMP_for_Medical_Gas_System_SSKMCH_COVID-19/table_002.csv,cleaned_tables/044_EMP_for_Medical_Gas_System_SSKMCH_COVID-19/table_002.csv,ok,5,5,2,2,0,
extracted_tables/044_EMP_for_Medical_Gas_System_SSKMCH_COVID-19/table_003.csv,cleaned_tables/044_EMP_for_Medical_Gas_System_SSKMCH_COVID-19/table_003.csv,ok,7,7,2,2,0,
extracted_tables/044_EMP_for_Medical_Gas_System_SSKMCH_COVID-19/table_004.csv,cleaned_tables/044_EMP_for_Medical_Gas_System_SSKMCH_COVID-19/table_004.csv,ok,6,6,2,2,0,
extracted_tables/044_EMP_for_Medical_Gas_System_SSKMCH_COVID-19/table_005.csv,cleaned_tables/044_EMP_for_Medical_Gas_System_SSKMCH_COVID-19/table_005.csv,ok,9,9,14,11,0,
extracted_tables/044_EMP_for_Medical_Gas_System_SSKMCH_COVID-19/table_006.csv,cleaned_tables/044_EMP_for_Medical_Gas_System_SSKMCH_COVID-19/table_006.csv,ok,6,6,13,10,0,
extracted_tables/044_EMP_for_Medical_Gas_System_SSKMCH_COVID-19/table_007.csv,cleaned_tables/044_EMP_for_Medical_Gas_System_SSKMCH_COVID-19/table_007.csv,ok,8,8,14,11,0,
extracted_tables/044_EMP_for_Medical_Gas_System_SSKMCH_COVID-19/table_008.csv,cleaned_tables/044_EMP_for_Medical_Gas_System_SSKMCH_COVID-19/table_008.csv,ok,6,6,13,10,0,
extracted_tables/044_EMP_for_Medical_Gas_System_SSKMCH_COVID-19/table_009.csv,cleaned_tables/044_EMP_for_Medical_Gas_System_SSKMCH_COVID-19/table_009.csv,ok,45,45,15,10,0,
extracted_tables/044_EMP_for_Medical_Gas_System_SSKMCH_COVID-19/table_010.csv,cleaned_tables/044_EMP_for_Medical_Gas_System_SSKMCH_COVID-19/table_010.csv,ok,9,7,6,2,2,
extracted_tables/044_EMP_for_Medical_Gas_System_SSKMCH_COVID-19/table_011.csv,cleaned_tables/044_EMP_for_Medical_Gas_System_SSKMCH_COVID-19/table_011.csv,ok,9,8,2,1,1,
extracted_tables/044_EMP_for_Medical_Gas_System_SSKMCH_COVID-19/table_012.csv,cleaned_tables/044_EMP_for_Medical_Gas_System_SSKMCH_COVID-19/table_012.csv,ok,10,10,12,6,0,
extracted_tables/044_EMP_for_Medical_Gas_System_SSKMCH_COVID-19/table_013.csv,cleaned_tables/044_EMP_for_Medical_Gas_System_SSKMCH_COVID-19/table_013.csv,ok,17,16,2,2,1,
extracted_tables/044_EMP_for_Medical_Gas_System_SSKMCH_COVID-19/table_014.csv,cleaned_tables/044_EMP_for_Medical_Gas_System_SSKMCH_COVID-19/table_014.csv,ok,17,17,6,3,0,
extracted_tables/045_EMP_for_50_Bed_Isolation_and_10_Bed_ICU_SSKMCH/table_001.csv,cleaned_tables/045_EMP_for_50_Bed_Isolation_and_10_Bed_ICU_SSKMCH/table_001.csv,ok,5,5,2,2,0,
extracted_tables/045_EMP_for_50_Bed_Isolation_and_10_Bed_ICU_SSKMCH/table_002.csv,cleaned_tables/045_EMP_for_50_Bed_Isolation_and_10_Bed_ICU_SSKMCH/table_002.csv,ok,5,5,2,2,0,
extracted_tables/045_EMP_for_50_Bed_Isolation_and_10_Bed_ICU_SSKMCH/table_003.csv,cleaned_tables/045_EMP_for_50_Bed_Isolation_and_10_Bed_ICU_SSKMCH/table_003.csv,ok,7,7,2,2,0,
extracted_tables/045_EMP_for_50_Bed_Isolation_and_10_Bed_ICU_SSKMCH/table_004.csv,cleaned_tables/045_EMP_for_50_Bed_Isolation_and_10_Bed_ICU_SSKMCH/table_004.csv,ok,9,9,14,11,0,
extracted_tables/045_EMP_for_50_Bed_Isolation_and_10_Bed_ICU_SSKMCH/table_005.csv,cleaned_tables/045_EMP_for_50_Bed_Isolation_and_10_Bed_ICU_SSKMCH/table_005.csv,ok,7,7,13,10,0,
extracted_tables/045_EMP_for_50_Bed_Isolation_and_10_Bed_ICU_SSKMCH/table_006.csv,cleaned_tables/045_EMP_for_50_Bed_Isolation_and_10_Bed_ICU_SSKMCH/table_006.csv,ok,8,8,14,11,0,
extracted_tables/045_EMP_for_50_Bed_Isolation_and_10_Bed_ICU_SSKMCH/table_007.csv,cleaned_tables/045_EMP_for_50_Bed_Isolation_and_10_Bed_ICU_SSKMCH/table_007.csv,ok,41,41,15,10,0,
extracted_tables/046_Semi-Annual_Environmental_Monitoring_Report_for_CREAP_July_-_December_2023/table_001.csv,cleaned_tables/046_Semi-Annual_Environmental_Monitoring_Report_for_CREAP_July_-_December_2023/table_001.csv,ok,28,27,14,14,1,
extracted_tables/046_Semi-Annual_Environmental_Monitoring_Report_for_CREAP_July_-_December_2023/table_002.csv,cleaned_tables/046_Semi-Annual_Environmental_Monitoring_Report_for_CREAP_July_-_December_2023/table_002.csv,ok,9,8,14,14,1,
extracted_tables/046_Semi-Annual_Environmental_Monitoring_Report_for_CREAP_July_-_December_2023/table_003.csv,cleaned_tables/046_Semi-Annual_Environmental_Monitoring_Report_for_CREAP_July_-_December_2023/table_003.csv,ok,37,36,7,6,1,
extracted_tables/046_Semi-Annual_Environmental_Monitoring_Report_for_CREAP_July_-_December_2023/table_004.csv,cleaned_tables/046_Semi-Annual_Environmental_Monitoring_Report_for_CREAP_July_-_December_2023/table_004.csv,ok,8,7,5,5,1,
extracted_tables/046_Semi-Annual_Environmental_Monitoring_Report_for_CREAP_July_-_December_2023/table_005.csv,cleaned_tables/046_Semi-Annual_Environmental_Monitoring_Report_for_CREAP_July_-_December_2023/table_005.csv,ok,15,14,7,6,1,
extracted_tables/046_Semi-Annual_Environmental_Monitoring_Report_for_CREAP_July_-_December_2023/table_006.csv,cleaned_tables/046_Semi-Annual_Environmental_Monitoring_Report_for_CREAP_July_-_December_2023/table_006.csv,ok,16,15,4,4,1,
extracted_tables/046_Semi-Annual_Environmental_Monitoring_Report_for_CREAP_July_-_December_2023/table_007.csv,cleaned_tables/046_Semi-Annual_Environmental_Monitoring_Report_for_CREAP_July_-_December_2023/table_007.csv,ok,13,12,4,4,1,
extracted_tables/046_Semi-Annual_Environmental_Monitoring_Report_for_CREAP_July_-_December_2023/table_008.csv,cleaned_tables/046_Semi-Annual_Environmental_Monitoring_Report_for_CREAP_July_-_December_2023/table_008.csv,ok,9,8,5,5,1,
extracted_tables/046_Semi-Annual_Environmental_Monitoring_Report_for_CREAP_July_-_December_2023/table_009.csv,cleaned_tables/046_Semi-Annual_Environmental_Monitoring_Report_for_CREAP_July_-_December_2023/table_009.csv,ok,10,9,5,5,1,
extracted_tables/046_Semi-Annual_Environmental_Monitoring_Report_for_CREAP_July_-_December_2023/table_010.csv,cleaned_tables/046_Semi-Annual_Environmental_Monitoring_Report_for_CREAP_July_-_December_2023/table_010.csv,ok,16,15,5,5,1,
extracted_tables/046_Semi-Annual_Environmental_Monitoring_Report_for_CREAP_July_-_December_2023/table_011.csv,cleaned_tables/046_Semi-Annual_Environmental_Monitoring_Report_for_CREAP_July_-_December_2023/table_011.csv,ok,13,12,5,5,1,
extracted_tables/046_Semi-Annual_Environmental_Monitoring_Report_for_CREAP_July_-_December_2023/table_012.csv,cleaned_tables/046_Semi-Annual_Environmental_Monitoring_Report_for_CREAP_July_-_December_2023/table_012.csv,ok,6,6,16,10,0,
extracted_tables/046_Semi-Annual_Environmental_Monitoring_Report_for_CREAP_July_-_December_2023/table_013.csv,cleaned_tables/046_Semi-Annual_Environmental_Monitoring_Report_for_CREAP_July_-_December_2023/table_013.csv,ok,7,7,14,9,0,
extracted_tables/046_Semi-Annual_Environmental_Monitoring_Report_for_CREAP_July_-_December_2023/table_014.csv,cleaned_tables/046_Semi-Annual_Environmental_Monitoring_Report_for_CREAP_July_-_December_2023/table_014.csv,ok,6,6,17,10,0,
extracted_tables/046_Semi-Annual_Environmental_Monitoring_Report_for_CREAP_July_-_December_2023/table_015.csv,cleaned_tables/046_Semi-Annual_Environmental_Monitoring_Report_for_CREAP_July_-_December_2023/table_015.csv,ok,7,7,14,9,0,
extracted_tables/046_Semi-Annual_Environmental_Monitoring_Report_for_CREAP_July_-_December_2023/table_016.csv,cleaned_tables/046_Semi-Annual_Environmental_Monitoring_Report_for_CREAP_July_-_December_2023/table_016.csv,ok,6,6,17,10,0,
extracted_tables/046_Semi-Annual_Environmental_Monitoring_Report_for_CREAP_July_-_December_2023/table_017.csv,cleaned_tables/046_Semi-Annual_Environmental_Monitoring_Report_for_CREAP_July_-_December_2023/table_017.csv,ok,7,7,16,10,0,
extracted_tables/046_Semi-Annual_Environmental_Monitoring_Report_for_CREAP_July_-_December_2023/table_018.csv,cleaned_tables/046_Semi-Annual_Environmental_Monitoring_Report_for_CREAP_July_-_December_2023/table_018.csv,ok,6,6,16,10,0,
extracted_tables/046_Semi-Annual_Environmental_Monitoring_Report_for_CREAP_July_-_December_2023/table_019.csv,cleaned_tables/046_Semi-Annual_Environmental_Monitoring_Report_for_CREAP_July_-_December_2023/table_019.csv,ok,6,6,16,9,0,
extracted_tables/046_Semi-Annual_Environmental_Monitoring_Report_for_CREAP_July_-_December_2023/table_020.csv,cleaned_tables/046_Semi-Annual_Environmental_Monitoring_Report_for_CREAP_July_-_December_2023/table_020.csv,ok,5,5,16,10,0,
extracted_tables/046_Semi-Annual_Environmental_Monitoring_Report_for_CREAP_July_-_December_2023/table_021.csv,cleaned_tables/046_Semi-Annual_Environmental_Monitoring_Report_for_CREAP_July_-_December_2023/table_021.csv,ok,9,8,4,4,1,
extracted_tables/046_Semi-Annual_Environmental_Monitoring_Report_for_CREAP_July_-_December_2023/table_022.csv,cleaned_tables/046_Semi-Annual_Environmental_Monitoring_Report_for_CREAP_July_-_December_2023/table_022.csv,ok,7,6,2,2,1,
extracted_tables/046_Semi-Annual_Environmental_Monitoring_Report_for_CREAP_July_-_December_2023/table_023.csv,cleaned_tables/046_Semi-Annual_Environmental_Monitoring_Report_for_CREAP_July_-_December_2023/table_023.csv,ok,5,4,5,5,1,
extracted_tables/046_Semi-Annual_Environmental_Monitoring_Report_for_CREAP_July_-_December_2023/table_024.csv,cleaned_tables/046_Semi-Annual_Environmental_Monitoring_Report_for_CREAP_July_-_December_2023/table_024.csv,ok,15,13,5,5,2,
extracted_tables/046_Semi-Annual_Environmental_Monitoring_Report_for_CREAP_July_-_December_2023/table_025.csv,cleaned_tables/046_Semi-Annual_Environmental_Monitoring_Report_for_CREAP_July_-_December_2023/table_025.csv,ok,9,8,3,3,1,
extracted_tables/046_Semi-Annual_Environmental_Monitoring_Report_for_CREAP_July_-_December_2023/table_026.csv,cleaned_tables/046_Semi-Annual_Environmental_Monitoring_Report_for_CREAP_July_-_December_2023/table_026.csv,ok,11,10,5,5,1,
extracted_tables/046_Semi-Annual_Environmental_Monitoring_Report_for_CREAP_July_-_December_2023/table_027.csv,cleaned_tables/046_Semi-Annual_Environmental_Monitoring_Report_for_CREAP_July_-_December_2023/table_027.csv,ok,13,12,19,17,1,
extracted_tables/046_Semi-Annual_Environmental_Monitoring_Report_for_CREAP_July_-_December_2023/table_028.csv,cleaned_tables/046_Semi-Annual_Environmental_Monitoring_Report_for_CREAP_July_-_December_2023/table_028.csv,ok,11,10,19,17,1,
extracted_tables/046_Semi-Annual_Environmental_Monitoring_Report_for_CREAP_July_-_December_2023/table_029.csv,cleaned_tables/046_Semi-Annual_Environmental_Monitoring_Report_for_CREAP_July_-_December_2023/table_029.csv,ok,5,4,19,3,1,
extracted_tables/046_Semi-Annual_Environmental_Monitoring_Report_for_CREAP_July_-_December_2023/table_030.csv,cleaned_tables/046_Semi-Annual_Environmental_Monitoring_Report_for_CREAP_July_-_December_2023/table_030.csv,ok,7,6,8,8,1,
extracted_tables/046_Semi-Annual_Environmental_Monitoring_Report_for_CREAP_July_-_December_2023/table_031.csv,cleaned_tables/046_Semi-Annual_Environmental_Monitoring_Report_for_CREAP_July_-_December_2023/table_031.csv,ok,5,2,2,1,3,
extracted_tables/046_Semi-Annual_Environmental_Monitoring_Report_for_CREAP_July_-_December_2023/table_032.csv,cleaned_tables/046_Semi-Annual_Environmental_Monitoring_Report_for_CREAP_July_-_December_2023/table_032.csv,ok,8,7,3,3,1,
extracted_tables/046_Semi-Annual_Environmental_Monitoring_Report_for_CREAP_July_-_December_2023/table_033.csv,cleaned_tables/046_Semi-Annual_Environmental_Monitoring_Report_for_CREAP_July_-_December_2023/table_033.csv,ok,6,5,4,4,1,
extracted_tables/046_Semi-Annual_Environmental_Monitoring_Report_for_CREAP_July_-_December_2023/table_034.csv,cleaned_tables/046_Semi-Annual_Environmental_Monitoring_Report_for_CREAP_July_-_December_2023/table_034.csv,ok,7,6,5,5,1,
extracted_tables/046_Semi-Annual_Environmental_Monitoring_Report_for_CREAP_July_-_December_2023/table_035.csv,cleaned_tables/046_Semi-Annual_Environmental_Monitoring_Report_for_CREAP_July_-_December_2023/table_035.csv,ok,26,26,7,5,0,
extracted_tables/046_Semi-Annual_Environmental_Monitoring_Report_for_CREAP_July_-_December_2023/table_036.csv,cleaned_tables/046_Semi-Annual_Environmental_Monitoring_Report_for_CREAP_July_-_December_2023/table_036.csv,ok,6,6,7,2,0,
extracted_tables/046_Semi-Annual_Environmental_Monitoring_Report_for_CREAP_July_-_December_2023/table_037.csv,cleaned_tables/046_Semi-Annual_Environmental_Monitoring_Report_for_CREAP_July_-_December_2023/table_037.csv,ok,8,8,13,10,0,
extracted_tables/046_Semi-Annual_Environmental_Monitoring_Report_for_CREAP_July_-_December_2023/table_038.csv,cleaned_tables/046_Semi-Annual_Environmental_Monitoring_Report_for_CREAP_July_-_December_2023/table_038.csv,ok,6,6,14,11,0,
extracted_tables/046_Semi-Annual_Environmental_Monitoring_Report_for_CREAP_July_-_December_2023/table_039.csv,cleaned_tables/046_Semi-Annual_Environmental_Monitoring_Report_for_CREAP_July_-_December_2023/table_039.csv,ok,6,6,13,10,0,
extracted_tables/046_Semi-Annual_Environmental_Monitoring_Report_for_CREAP_July_-_December_2023/table_040.csv,cleaned_tables/046_Semi-Annual_Environmental_Monitoring_Report_for_CREAP_July_-_December_2023/table_040.csv,ok,7,7,13,10,0,
extracted_tables/046_Semi-Annual_Environmental_Monitoring_Report_for_CREAP_July_-_December_2023/table_041.csv,cleaned_tables/046_Semi-Annual_Environmental_Monitoring_Report_for_CREAP_July_-_December_2023/table_041.csv,ok,6,6,14,11,0,
extracted_tables/046_Semi-Annual_Environmental_Monitoring_Report_for_CREAP_July_-_December_2023/table_042.csv,cleaned_tables/046_Semi-Annual_Environmental_Monitoring_Report_for_CREAP_July_-_December_2023/table_042.csv,ok,5,5,13,10,0,
extracted_tables/046_Semi-Annual_Environmental_Monitoring_Report_for_CREAP_July_-_December_2023/table_043.csv,cleaned_tables/046_Semi-Annual_Environmental_Monitoring_Report_for_CREAP_July_-_December_2023/table_043.csv,ok,10,10,13,11,0,
extracted_tables/046_Semi-Annual_Environmental_Monitoring_Report_for_CREAP_July_-_December_2023/table_044.csv,cleaned_tables/046_Semi-Annual_Environmental_Monitoring_Report_for_CREAP_July_-_December_2023/table_044.csv,ok,8,8,13,11,0,
extracted_tables/046_Semi-Annual_Environmental_Monitoring_Report_for_CREAP_July_-_December_2023/table_045.csv,cleaned_tables/046_Semi-Annual_Environmental_Monitoring_Report_for_CREAP_July_-_December_2023/table_045.csv,ok,8,8,12,10,0,
extracted_tables/046_Semi-Annual_Environmental_Monitoring_Report_for_CREAP_July_-_December_2023/table_046.csv,cleaned_tables/046_Semi-Annual_Environmental_Monitoring_Report_for_CREAP_July_-_December_2023/table_046.csv,ok,6,6,12,10,0,
extracted_tables/046_Semi-Annual_Environmental_Monitoring_Report_for_CREAP_July_-_December_2023/table_047.csv,cleaned_tables/046_Semi-Annual_Environmental_Monitoring_Report_for_CREAP_July_-_December_2023/table_047.csv,ok,8,8,13,11,0,
extracted_tables/046_Semi-Annual_Environmental_Monitoring_Report_for_CREAP_July_-_December_2023/table_048.csv,cleaned_tables/046_Semi-Annual_Environmental_Monitoring_Report_for_CREAP_July_-_December_2023/table_048.csv,ok,7,7,12,10,0,
extracted_tables/046_Semi-Annual_Environmental_Monitoring_Report_for_CREAP_July_-_December_2023/table_049.csv,cleaned_tables/046_Semi-Annual_Environmental_Monitoring_Report_for_CREAP_July_-_December_2023/table_049.csv,ok,6,6,12,10,0,
extracted_tables/046_Semi-Annual_Environmental_Monitoring_Report_for_CREAP_July_-_December_2023/table_050.csv,cleaned_tables/046_Semi-Annual_Environmental_Monitoring_Report_for_CREAP_July_-_December_2023/table_050.csv,ok,40,38,5,5,2,
extracted_tables/046_Semi-Annual_Environmental_Monitoring_Report_for_CREAP_July_-_December_2023/table_051.csv,cleaned_tables/046_Semi-Annual_Environmental_Monitoring_Report_for_CREAP_July_-_December_2023/table_051.csv,ok,15,14,5,5,1,
extracted_tables/046_Semi-Annual_Environmental_Monitoring_Report_for_CREAP_July_-_December_2023/table_052.csv,cleaned_tables/046_Semi-Annual_Environmental_Monitoring_Report_for_CREAP_July_-_December_2023/table_052.csv,ok,5,2,2,1,3,
extracted_tables/046_Semi-Annual_Environmental_Monitoring_Report_for_CREAP_July_-_December_2023/table_053.csv,cleaned_tables/046_Semi-Annual_Environmental_Monitoring_Report_for_CREAP_July_-_December_2023/table_053.csv,ok,5,2,2,1,3,
extracted_tables/046_Semi-Annual_Environmental_Monitoring_Report_for_CREAP_July_-_December_2023/table_054.csv,cleaned_tables/046_Semi-Annual_Environmental_Monitoring_Report_for_CREAP_July_-_December_2023/table_054.csv,ok,5,2,2,1,3,
extracted_tables/046_Semi-Annual_Environmental_Monitoring_Report_for_CREAP_July_-_December_2023/table_055.csv,cleaned_tables/046_Semi-Annual_Environmental_Monitoring_Report_for_CREAP_July_-_December_2023/table_055.csv,ok,7,7,2,1,0,
extracted_tables/046_Semi-Annual_Environmental_Monitoring_Report_for_CREAP_July_-_December_2023/table_056.csv,cleaned_tables/046_Semi-Annual_Environmental_Monitoring_Report_for_CREAP_July_-_December_2023/table_056.csv,ok,11,10,3,3,1,
extracted_tables/047_Semi-annual_Environmental_Monitoring_Report_Jan-June-2020/table_001.csv,cleaned_tables/047_Semi-annual_Environmental_Monitoring_Report_Jan-June-2020/table_001.csv,ok,14,13,4,4,1,
extracted_tables/047_Semi-annual_Environmental_Monitoring_Report_Jan-June-2020/table_002.csv,cleaned_tables/047_Semi-annual_Environmental_Monitoring_Report_Jan-June-2020/table_002.csv,ok,15,14,4,4,1,
extracted_tables/047_Semi-annual_Environmental_Monitoring_Report_Jan-June-2020/table_003.csv,cleaned_tables/047_Semi-annual_Environmental_Monitoring_Report_Jan-June-2020/table_003.csv,ok,6,5,4,4,1,
extracted_tables/047_Semi-annual_Environmental_Monitoring_Report_Jan-June-2020/table_004.csv,cleaned_tables/047_Semi-annual_Environmental_Monitoring_Report_Jan-June-2020/table_004.csv,ok,5,5,12,8,0,
extracted_tables/047_Semi-annual_Environmental_Monitoring_Report_Jan-June-2020/table_005.csv,cleaned_tables/047_Semi-annual_Environmental_Monitoring_Report_Jan-June-2020/table_005.csv,ok,8,7,3,3,1,
extracted_tables/047_Semi-annual_Environmental_Monitoring_Report_Jan-June-2020/table_006.csv,cleaned_tables/047_Semi-annual_Environmental_Monitoring_Report_Jan-June-2020/table_006.csv,ok,5,4,3,2,1,
extracted_tables/047_Semi-annual_Environmental_Monitoring_Report_Jan-June-2020/table_007.csv,cleaned_tables/047_Semi-annual_Environmental_Monitoring_Report_Jan-June-2020/table_007.csv,ok,7,6,3,2,1,
extracted_tables/047_Semi-annual_Environmental_Monitoring_Report_Jan-June-2020/table_008.csv,cleaned_tables/047_Semi-annual_Environmental_Monitoring_Report_Jan-June-2020/table_008.csv,ok,9,8,3,3,1,
extracted_tables/047_Semi-annual_Environmental_Monitoring_Report_Jan-June-2020/table_009.csv,cleaned_tables/047_Semi-annual_Environmental_Monitoring_Report_Jan-June-2020/table_009.csv,ok,5,4,3,2,1,
extracted_tables/048_Semi-annual_Environmental_Monitoring_Report_July-December-2020/table_001.csv,cleaned_tables/048_Semi-annual_Environmental_Monitoring_Report_July-December-2020/table_001.csv,ok,14,13,4,4,1,
extracted_tables/048_Semi-annual_Environmental_Monitoring_Report_July-December-2020/table_002.csv,cleaned_tables/048_Semi-annual_Environmental_Monitoring_Report_July-December-2020/table_002.csv,ok,14,13,4,4,1,
extracted_tables/048_Semi-annual_Environmental_Monitoring_Report_July-December-2020/table_003.csv,cleaned_tables/048_Semi-annual_Environmental_Monitoring_Report_July-December-2020/table_003.csv,ok,5,4,4,4,1,
extracted_tables/048_Semi-annual_Environmental_Monitoring_Report_July-December-2020/table_004.csv,cleaned_tables/048_Semi-annual_Environmental_Monitoring_Report_July-December-2020/table_004.csv,ok,5,5,12,8,0,
extracted_tables/048_Semi-annual_Environmental_Monitoring_Report_July-December-2020/table_005.csv,cleaned_tables/048_Semi-annual_Environmental_Monitoring_Report_July-December-2020/table_005.csv,ok,11,10,8,7,1,
extracted_tables/048_Semi-annual_Environmental_Monitoring_Report_July-December-2020/table_006.csv,cleaned_tables/048_Semi-annual_Environmental_Monitoring_Report_July-December-2020/table_006.csv,ok,12,11,8,7,1,
extracted_tables/048_Semi-annual_Environmental_Monitoring_Report_July-December-2020/table_007.csv,cleaned_tables/048_Semi-annual_Environmental_Monitoring_Report_July-December-2020/table_007.csv,ok,5,4,8,7,1,
extracted_tables/048_Semi-annual_Environmental_Monitoring_Report_July-December-2020/table_008.csv,cleaned_tables/048_Semi-annual_Environmental_Monitoring_Report_July-December-2020/table_008.csv,ok,8,7,3,3,1,
extracted_tables/048_Semi-annual_Environmental_Monitoring_Report_July-December-2020/table_009.csv,cleaned_tables/048_Semi-annual_Environmental_Monitoring_Report_July-December-2020/table_009.csv,ok,5,5,9,5,0,
extracted_tables/048_Semi-annual_Environmental_Monitoring_Report_July-December-2020/table_010.csv,cleaned_tables/048_Semi-annual_Environmental_Monitoring_Report_July-December-2020/table_010.csv,ok,7,7,9,5,0,
extracted_tables/048_Semi-annual_Environmental_Monitoring_Report_July-December-2020/table_011.csv,cleaned_tables/048_Semi-annual_Environmental_Monitoring_Report_July-December-2020/table_011.csv,ok,9,9,9,6,0,
extracted_tables/048_Semi-annual_Environmental_Monitoring_Report_July-December-2020/table_012.csv,cleaned_tables/048_Semi-annual_Environmental_Monitoring_Report_July-December-2020/table_012.csv,ok,5,5,9,5,0,
extracted_tables/049_Semi-annual_Environmental_Monitoring_Report_January-June-2021/table_001.csv,cleaned_tables/049_Semi-annual_Environmental_Monitoring_Report_January-June-2021/table_001.csv,ok,14,13,4,4,1,
extracted_tables/049_Semi-annual_Environmental_Monitoring_Report_January-June-2021/table_002.csv,cleaned_tables/049_Semi-annual_Environmental_Monitoring_Report_January-June-2021/table_002.csv,ok,14,13,4,4,1,
extracted_tables/049_Semi-annual_Environmental_Monitoring_Report_January-June-2021/table_003.csv,cleaned_tables/049_Semi-annual_Environmental_Monitoring_Report_January-June-2021/table_003.csv,ok,5,4,4,4,1,
extracted_tables/049_Semi-annual_Environmental_Monitoring_Report_January-June-2021/table_004.csv,cleaned_tables/049_Semi-annual_Environmental_Monitoring_Report_January-June-2021/table_004.csv,ok,5,5,12,8,0,
extracted_tables/049_Semi-annual_Environmental_Monitoring_Report_January-June-2021/table_005.csv,cleaned_tables/049_Semi-annual_Environmental_Monitoring_Report_January-June-2021/table_005.csv,ok,12,11,8,7,1,
extracted_tables/049_Semi-annual_Environmental_Monitoring_Report_January-June-2021/table_006.csv,cleaned_tables/049_Semi-annual_Environmental_Monitoring_Report_January-June-2021/table_006.csv,ok,5,4,8,7,1,
extracted_tables/049_Semi-annual_Environmental_Monitoring_Report_January-June-2021/table_007.csv,cleaned_tables/049_Semi-annual_Environmental_Monitoring_Report_January-June-2021/table_007.csv,ok,8,7,3,3,1,
extracted_tables/049_Semi-annual_Environmental_Monitoring_Report_January-June-2021/table_008.csv,cleaned_tables/049_Semi-annual_Environmental_Monitoring_Report_January-June-2021/table_008.csv,ok,5,4,3,2,1,
extracted_tables/049_Semi-annual_Environmental_Monitoring_Report_January-June-2021/table_009.csv,cleaned_tables/049_Semi-annual_Environmental_Monitoring_Report_January-June-2021/table_009.csv,ok,7,6,3,2,1,
extracted_tables/049_Semi-annual_Environmental_Monitoring_Report_January-June-2021/table_010.csv,cleaned_tables/049_Semi-annual_Environmental_Monitoring_Report_January-June-2021/table_010.csv,ok,9,8,3,3,1,
extracted_tables/049_Semi-annual_Environmental_Monitoring_Report_January-June-2021/table_011.csv,cleaned_tables/049_Semi-annual_Environmental_Monitoring_Report_January-June-2021/table_011.csv,ok,5,4,3,2,1,
extracted_tables/050_Semi-annual_Environmental_Monitoring_Report_July_to_December_2021/table_001.csv,cleaned_tables/050_Semi-annual_Environmental_Monitoring_Report_July_to_December_2021/table_001.csv,ok,26,25,11,11,1,
extracted_tables/050_Semi-annual_Environmental_Monitoring_Report_July_to_December_2021/table_002.csv,cleaned_tables/050_Semi-annual_Environmental_Monitoring_Report_July_to_December_2021/table_002.csv,ok,8,4,11,5,4,
extracted_tables/050_Semi-annual_Environmental_Monitoring_Report_July_to_December_2021/table_003.csv,cleaned_tables/050_Semi-annual_Environmental_Monitoring_Report_July_to_December_2021/table_003.csv,ok,5,4,11,5,1,
extracted_tables/050_Semi-annual_Environmental_Monitoring_Report_July_to_December_2021/table_004.csv,cleaned_tables/050_Semi-annual_Environmental_Monitoring_Report_July_to_December_2021/table_004.csv,ok,5,4,11,5,1,
extracted_tables/050_Semi-annual_Environmental_Monitoring_Report_July_to_December_2021/table_005.csv,cleaned_tables/050_Semi-annual_Environmental_Monitoring_Report_July_to_December_2021/table_005.csv,ok,37,36,7,6,1,
extracted_tables/050_Semi-annual_Environmental_Monitoring_Report_July_to_December_2021/table_006.csv,cleaned_tables/050_Semi-annual_Environmental_Monitoring_Report_July_to_December_2021/table_006.csv,ok,8,7,5,5,1,
extracted_tables/050_Semi-annual_Environmental_Monitoring_Report_July_to_December_2021/table_007.csv,cleaned_tables/050_Semi-annual_Environmental_Monitoring_Report_July_to_December_2021/table_007.csv,ok,15,14,7,6,1,
extracted_tables/050_Semi-annual_Environmental_Monitoring_Report_July_to_December_2021/table_008.csv,cleaned_tables/050_Semi-annual_Environmental_Monitoring_Report_July_to_December_2021/table_008.csv,ok,17,16,4,4,1,
extracted_tables/050_Semi-annual_Environmental_Monitoring_Report_July_to_December_2021/table_009.csv,cleaned_tables/050_Semi-annual_Environmental_Monitoring_Report_July_to_December_2021/table_009.csv,ok,13,12,4,4,1,
extracted_tables/050_Semi-annual_Environmental_Monitoring_Report_July_to_December_2021/table_010.csv,cleaned_tables/050_Semi-annual_Environmental_Monitoring_Report_July_to_December_2021/table_010.csv,ok,6,5,4,4,1,
extracted_tables/050_Semi-annual_Environmental_Monitoring_Report_July_to_December_2021/table_011.csv,cleaned_tables/050_Semi-annual_Environmental_Monitoring_Report_July_to_December_2021/table_011.csv,ok,8,8,13,10,0,
extracted_tables/050_Semi-annual_Environmental_Monitoring_Report_July_to_December_2021/table_012.csv,cleaned_tables/050_Semi-annual_Environmental_Monitoring_Report_July_to_December_2021/table_012.csv,ok,6,6,14,11,0,
extracted_tables/050_Semi-annual_Environmental_Monitoring_Report_July_to_December_2021/table_013.csv,cleaned_tables/050_Semi-annual_Environmental_Monitoring_Report_July_to_December_2021/table_013.csv,ok,6,6,13,10,0,
extracted_tables/050_Semi-annual_Environmental_Monitoring_Report_July_to_December_2021/table_014.csv,cleaned_tables/050_Semi-annual_Environmental_Monitoring_Report_July_to_December_2021/table_014.csv,ok,6,3,2,1,3,
extracted_tables/050_Semi-annual_Environmental_Monitoring_Report_July_to_December_2021/table_015.csv,cleaned_tables/050_Semi-annual_Environmental_Monitoring_Report_July_to_December_2021/table_015.csv,ok,6,3,2,1,3,
extracted_tables/051_Semi-annual_Environmental_Monitoring_Report_January_to_June_2022/table_001.csv,cleaned_tables/051_Semi-annual_Environmental_Monitoring_Report_January_to_June_2022/table_001.csv,ok,24,23,14,14,1,
extracted_tables/051_Semi-annual_Environmental_Monitoring_Report_January_to_June_2022/table_002.csv,cleaned_tables/051_Semi-annual_Environmental_Monitoring_Report_January_to_June_2022/table_002.csv,ok,22,19,14,10,3,
extracted_tables/051_Semi-annual_Environmental_Monitoring_Report_January_to_June_2022/table_003.csv,cleaned_tables/051_Semi-annual_Environmental_Monitoring_Report_January_to_June_2022/table_003.csv,ok,8,7,5,5,1,
extracted_tables/051_Semi-annual_Environmental_Monitoring_Report_January_to_June_2022/table_004.csv,cleaned_tables/051_Semi-annual_Environmental_Monitoring_Report_January_to_June_2022/table_004.csv,ok,16,15,4,4,1,
extracted_tables/051_Semi-annual_Environmental_Monitoring_Report_January_to_June_2022/table_005.csv,cleaned_tables/051_Semi-annual_Environmental_Monitoring_Report_January_to_June_2022/table_005.csv,ok,13,12,4,4,1,
extracted_tables/051_Semi-annual_Environmental_Monitoring_Report_January_to_June_2022/table_006.csv,cleaned_tables/051_Semi-annual_Environmental_Monitoring_Report_January_to_June_2022/table_006.csv,ok,7,6,4,4,1,
extracted_tables/051_Semi-annual_Environmental_Monitoring_Report_January_to_June_2022/table_007.csv,cleaned_tables/051_Semi-annual_Environmental_Monitoring_Report_January_to_June_2022/table_007.csv,ok,16,15,4,4,1,
extracted_tables/051_Semi-annual_Environmental_Monitoring_Report_January_to_June_2022/table_008.csv,cleaned_tables/051_Semi-annual_Environmental_Monitoring_Report_January_to_June_2022/table_008.csv,ok,5,4,4,4,1,
extracted_tables/051_Semi-annual_Environmental_Monitoring_Report_January_to_June_2022/table_009.csv,cleaned_tables/051_Semi-annual_Environmental_Monitoring_Report_January_to_June_2022/table_009.csv,ok,40,39,5,5,1,
extracted_tables/051_Semi-annual_Environmental_Monitoring_Report_January_to_June_2022/table_010.csv,cleaned_tables/051_Semi-annual_Environmental_Monitoring_Report_January_to_June_2022/table_010.csv,ok,5,2,2,1,3,
extracted_tables/051_Semi-annual_Environmental_Monitoring_Report_January_to_June_2022/table_011.csv,cleaned_tables/051_Semi-annual_Environmental_Monitoring_Report_January_to_June_2022/table_011.csv,ok,16,15,6,5,1,
extracted_tables/051_Semi-annual_Environmental_Monitoring_Report_January_to_June_2022/table_012.csv,cleaned_tables/051_Semi-annual_Environmental_Monitoring_Report_January_to_June_2022/table_012.csv,ok,22,21,6,5,1,
extracted_tables/051_Semi-annual_Environmental_Monitoring_Report_January_to_June_2022/table_013.csv,cleaned_tables/051_Semi-annual_Environmental_Monitoring_Report_January_to_June_2022/table_013.csv,ok,10,9,10,7,1,
extracted_tables/052_Semi-annual_Environmental_Monitoring_Report_July_to_December_2022/table_001.csv,cleaned_tables/052_Semi-annual_Environmental_Monitoring_Report_July_to_December_2022/table_001.csv,ok,25,24,14,14,1,
extracted_tables/052_Semi-annual_Environmental_Monitoring_Report_July_to_December_2022/table_002.csv,cleaned_tables/052_Semi-annual_Environmental_Monitoring_Report_July_to_December_2022/table_002.csv,ok,26,24,14,14,2,
extracted_tables/052_Semi-annual_Environmental_Monitoring_Report_July_to_December_2022/table_003.csv,cleaned_tables/052_Semi-annual_Environmental_Monitoring_Report_July_to_December_2022/table_003.csv,ok,10,9,14,8,1,
extracted_tables/052_Semi-annual_Environmental_Monitoring_Report_July_to_December_2022/table_004.csv,cleaned_tables/052_Semi-annual_Environmental_Monitoring_Report_July_to_December_2022/table_004.csv,ok,7,7,14,10,0,
extracted_tables/052_Semi-annual_Environmental_Monitoring_Report_July_to_December_2022/table_005.csv,cleaned_tables/052_Semi-annual_Environmental_Monitoring_Report_July_to_December_2022/table_005.csv,ok,6,6,16,9,0,
extracted_tables/052_Semi-annual_Environmental_Monitoring_Report_July_to_December_2022/table_006.csv,cleaned_tables/052_Semi-annual_Environmental_Monitoring_Report_July_to_December_2022/table_006.csv,ok,7,7,13,8,0,
extracted_tables/052_Semi-annual_Environmental_Monitoring_Report_July_to_December_2022/table_007.csv,cleaned_tables/052_Semi-annual_Environmental_Monitoring_Report_July_to_December_2022/table_007.csv,ok,9,7,4,4,2,
extracted_tables/052_Semi-annual_Environmental_Monitoring_Report_July_to_December_2022/table_008.csv,cleaned_tables/052_Semi-annual_Environmental_Monitoring_Report_July_to_December_2022/table_008.csv,ok,5,4,3,3,1,
extracted_tables/052_Semi-annual_Environmental_Monitoring_Report_July_to_December_2022/table_009.csv,cleaned_tables/052_Semi-annual_Environmental_Monitoring_Report_July_to_December_2022/table_009.csv,ok,12,11,6,6,1,
extracted_tables/052_Semi-annual_Environmental_Monitoring_Report_July_to_December_2022/table_010.csv,cleaned_tables/052_Semi-annual_Environmental_Monitoring_Report_July_to_December_2022/table_010.csv,ok,5,4,6,6,1,
extracted_tables/052_Semi-annual_Environmental_Monitoring_Report_July_to_December_2022/table_011.csv,cleaned_tables/052_Semi-annual_Environmental_Monitoring_Report_July_to_December_2022/table_011.csv,ok,5,2,2,1,3,
extracted_tables/052_Semi-annual_Environmental_Monitoring_Report_July_to_December_2022/table_012.csv,cleaned_tables/052_Semi-annual_Environmental_Monitoring_Report_July_to_December_2022/table_012.csv,ok,5,4,4,4,1,
extracted_tables/052_Semi-annual_Environmental_Monitoring_Report_July_to_December_2022/table_013.csv,cleaned_tables/052_Semi-annual_Environmental_Monitoring_Report_July_to_December_2022/table_013.csv,ok,5,4,5,5,1,
extracted_tables/052_Semi-annual_Environmental_Monitoring_Report_July_to_December_2022/table_014.csv,cleaned_tables/052_Semi-annual_Environmental_Monitoring_Report_July_to_December_2022/table_014.csv,ok,11,11,13,11,0,
extracted_tables/052_Semi-annual_Environmental_Monitoring_Report_July_to_December_2022/table_015.csv,cleaned_tables/052_Semi-annual_Environmental_Monitoring_Report_July_to_December_2022/table_015.csv,ok,8,8,12,10,0,
extracted_tables/052_Semi-annual_Environmental_Monitoring_Report_July_to_December_2022/table_016.csv,cleaned_tables/052_Semi-annual_Environmental_Monitoring_Report_July_to_December_2022/table_016.csv,ok,8,8,12,10,0,
extracted_tables/052_Semi-annual_Environmental_Monitoring_Report_July_to_December_2022/table_017.csv,cleaned_tables/052_Semi-annual_Environmental_Monitoring_Report_July_to_December_2022/table_017.csv,ok,6,6,12,10,0,
extracted_tables/052_Semi-annual_Environmental_Monitoring_Report_July_to_December_2022/table_018.csv,cleaned_tables/052_Semi-annual_Environmental_Monitoring_Report_July_to_December_2022/table_018.csv,ok,8,8,13,11,0,
extracted_tables/052_Semi-annual_Environmental_Monitoring_Report_July_to_December_2022/table_019.csv,cleaned_tables/052_Semi-annual_Environmental_Monitoring_Report_July_to_December_2022/table_019.csv,ok,7,7,12,10,0,
extracted_tables/052_Semi-annual_Environmental_Monitoring_Report_July_to_December_2022/table_020.csv,cleaned_tables/052_Semi-annual_Environmental_Monitoring_Report_July_to_December_2022/table_020.csv,ok,6,6,12,10,0,
extracted_tables/053_Semi-annual_Environmental_Monitoring_Report_January_-_June_2023/table_001.csv,cleaned_tables/053_Semi-annual_Environmental_Monitoring_Report_January_-_June_2023/table_001.csv,ok,28,27,14,14,1,
extracted_tables/053_Semi-annual_Environmental_Monitoring_Report_January_-_June_2023/table_002.csv,cleaned_tables/053_Semi-annual_Environmental_Monitoring_Report_January_-_June_2023/table_002.csv,ok,9,8,14,14,1,
extracted_tables/053_Semi-annual_Environmental_Monitoring_Report_January_-_June_2023/table_003.csv,cleaned_tables/053_Semi-annual_Environmental_Monitoring_Report_January_-_June_2023/table_003.csv,ok,13,12,4,4,1,
extracted_tables/053_Semi-annual_Environmental_Monitoring_Report_January_-_June_2023/table_004.csv,cleaned_tables/053_Semi-annual_Environmental_Monitoring_Report_January_-_June_2023/table_004.csv,ok,36,18,5,4,18,
extracted_tables/053_Semi-annual_Environmental_Monitoring_Report_January_-_June_2023/table_005.csv,cleaned_tables/053_Semi-annual_Environmental_Monitoring_Report_January_-_June_2023/table_005.csv,ok,10,8,5,5,2,
extracted_tables/053_Semi-annual_Environmental_Monitoring_Report_January_-_June_2023/table_006.csv,cleaned_tables/053_Semi-annual_Environmental_Monitoring_Report_January_-_June_2023/table_006.csv,ok,5,4,3,3,1,
extracted_tables/053_Semi-annual_Environmental_Monitoring_Report_January_-_June_2023/table_007.csv,cleaned_tables/053_Semi-annual_Environmental_Monitoring_Report_January_-_June_2023/table_007.csv,ok,10,9,9,7,1,
extracted_tables/053_Semi-annual_Environmental_Monitoring_Report_January_-_June_2023/table_008.csv,cleaned_tables/053_Semi-annual_Environmental_Monitoring_Report_January_-_June_2023/table_008.csv,ok,11,10,9,8,1,
extracted_tables/053_Semi-annual_Environmental_Monitoring_Report_January_-_June_2023/table_009.csv,cleaned_tables/053_Semi-annual_Environmental_Monitoring_Report_January_-_June_2023/table_009.csv,ok,5,4,8,8,1,
extracted_tables/053_Semi-annual_Environmental_Monitoring_Report_January_-_June_2023/table_010.csv,cleaned_tables/053_Semi-annual_Environmental_Monitoring_Report_January_-_June_2023/table_010.csv,ok,5,2,2,1,3,
extracted_tables/053_Semi-annual_Environmental_Monitoring_Report_January_-_June_2023/table_011.csv,cleaned_tables/053_Semi-annual_Environmental_Monitoring_Report_January_-_June_2023/table_011.csv,ok,6,5,3,3,1,
extracted_tables/053_Semi-annual_Environmental_Monitoring_Report_January_-_June_2023/table_012.csv,cleaned_tables/053_Semi-annual_Environmental_Monitoring_Report_January_-_June_2023/table_012.csv,ok,6,5,4,4,1,
extracted_tables/053_Semi-annual_Environmental_Monitoring_Report_January_-_June_2023/table_013.csv,cleaned_tables/053_Semi-annual_Environmental_Monitoring_Report_January_-_June_2023/table_013.csv,ok,7,6,5,5,1,
extracted_tables/053_Semi-annual_Environmental_Monitoring_Report_January_-_June_2023/table_014.csv,cleaned_tables/053_Semi-annual_Environmental_Monitoring_Report_January_-_June_2023/table_014.csv,ok,7,2,2,1,5,
extracted_tables/054_Environmental_Management_Plan_Medical_Gas_System_CMCH/table_001.csv,cleaned_tables/054_Environmental_Management_Plan_Medical_Gas_System_CMCH/table_001.csv,ok,5,5,4,4,0,
extracted_tables/054_Environmental_Management_Plan_Medical_Gas_System_CMCH/table_002.csv,cleaned_tables/054_Environmental_Management_Plan_Medical_Gas_System_CMCH/table_002.csv,ok,7,7,4,4,0,
extracted_tables/054_Environmental_Management_Plan_Medical_Gas_System_CMCH/table_003.csv,cleaned_tables/054_Environmental_Management_Plan_Medical_Gas_System_CMCH/table_003.csv,ok,23,23,2,2,0,
extracted_tables/054_Environmental_Management_Plan_Medical_Gas_System_CMCH/table_004.csv,cleaned_tables/054_Environmental_Management_Plan_Medical_Gas_System_CMCH/table_004.csv,ok,12,12,2,2,0,
extracted_tables/054_Environmental_Management_Plan_Medical_Gas_System_CMCH/table_005.csv,cleaned_tables/054_Environmental_Management_Plan_Medical_Gas_System_CMCH/table_005.csv,ok,11,11,2,2,0,
extracted_tables/054_Environmental_Management_Plan_Medical_Gas_System_CMCH/table_006.csv,cleaned_tables/054_Environmental_Management_Plan_Medical_Gas_System_CMCH/table_006.csv,ok,6,6,13,10,0,
extracted_tables/054_Environmental_Management_Plan_Medical_Gas_System_CMCH/table_007.csv,cleaned_tables/054_Environmental_Management_Plan_Medical_Gas_System_CMCH/table_007.csv,ok,8,8,14,11,0,
extracted_tables/054_Environmental_Management_Plan_Medical_Gas_System_CMCH/table_008.csv,cleaned_tables/054_Environmental_Management_Plan_Medical_Gas_System_CMCH/table_008.csv,ok,6,6,13,10,0,
extracted_tables/054_Environmental_Management_Plan_Medical_Gas_System_CMCH/table_009.csv,cleaned_tables/054_Environmental_Management_Plan_Medical_Gas_System_CMCH/table_009.csv,ok,43,43,15,10,0,
extracted_tables/055_Environmental_Management_Plan_Medical_Gas_System_CuMCH/table_001.csv,cleaned_tables/055_Environmental_Management_Plan_Medical_Gas_System_CuMCH/table_001.csv,ok,8,8,4,4,0,
extracted_tables/055_Environmental_Management_Plan_Medical_Gas_System_CuMCH/table_002.csv,cleaned_tables/055_Environmental_Management_Plan_Medical_Gas_System_CuMCH/table_002.csv,ok,9,9,13,10,0,
extracted_tables/055_Environmental_Management_Plan_Medical_Gas_System_CuMCH/table_003.csv,cleaned_tables/055_Environmental_Management_Plan_Medical_Gas_System_CuMCH/table_003.csv,ok,7,7,12,9,0,
extracted_tables/055_Environmental_Management_Plan_Medical_Gas_System_CuMCH/table_004.csv,cleaned_tables/055_Environmental_Management_Plan_Medical_Gas_System_CuMCH/table_004.csv,ok,9,9,13,10,0,
extracted_tables/055_Environmental_Management_Plan_Medical_Gas_System_CuMCH/table_005.csv,cleaned_tables/055_Environmental_Management_Plan_Medical_Gas_System_CuMCH/table_005.csv,ok,8,8,12,9,0,
extracted_tables/055_Environmental_Management_Plan_Medical_Gas_System_CuMCH/table_006.csv,cleaned_tables/055_Environmental_Management_Plan_Medical_Gas_System_CuMCH/table_006.csv,ok,5,5,12,8,0,
extracted_tables/055_Environmental_Management_Plan_Medical_Gas_System_CuMCH/table_007.csv,cleaned_tables/055_Environmental_Management_Plan_Medical_Gas_System_CuMCH/table_007.csv,ok,20,19,4,3,1,
extracted_tables/055_Environmental_Management_Plan_Medical_Gas_System_CuMCH/table_008.csv,cleaned_tables/055_Environmental_Management_Plan_Medical_Gas_System_CuMCH/table_008.csv,ok,9,7,6,2,2,
extracted_tables/055_Environmental_Management_Plan_Medical_Gas_System_CuMCH/table_009.csv,cleaned_tables/055_Environmental_Management_Plan_Medical_Gas_System_CuMCH/table_009.csv,ok,9,8,2,1,1,
extracted_tables/055_Environmental_Management_Plan_Medical_Gas_System_CuMCH/table_010.csv,cleaned_tables/055_Environmental_Management_Plan_Medical_Gas_System_CuMCH/table_010.csv,ok,8,7,2,1,1,
extracted_tables/055_Environmental_Management_Plan_Medical_Gas_System_CuMCH/table_011.csv,cleaned_tables/055_Environmental_Management_Plan_Medical_Gas_System_CuMCH/table_011.csv,ok,10,10,11,6,0,
extracted_tables/056_Environmental_Management_Plan_Medical_Gas_System_DMCH/table_001.csv,cleaned_tables/056_Environmental_Management_Plan_Medical_Gas_System_DMCH/table_001.csv,ok,9,9,14,11,0,
extracted_tables/056_Environmental_Management_Plan_Medical_Gas_System_DMCH/table_002.csv,cleaned_tables/056_Environmental_Management_Plan_Medical_Gas_System_DMCH/table_002.csv,ok,6,6,13,10,0,
extracted_tables/056_Environmental_Management_Plan_Medical_Gas_System_DMCH/table_003.csv,cleaned_tables/056_Environmental_Management_Plan_Medical_Gas_System_DMCH/table_003.csv,ok,9,9,14,11,0,
extracted_tables/056_Environmental_Management_Plan_Medical_Gas_System_DMCH/table_004.csv,cleaned_tables/056_Environmental_Management_Plan_Medical_Gas_System_DMCH/table_004.csv,ok,5,5,13,10,0,
extracted_tables/056_Environmental_Management_Plan_Medical_Gas_System_DMCH/table_005.csv,cleaned_tables/056_Environmental_Management_Plan_Medical_Gas_System_DMCH/table_005.csv,ok,48,46,16,10,2,
extracted_tables/057_Environmental_Management_Plan_Medical_Gas_System_KMCH/table_001.csv,cleaned_tables/057_Environmental_Management_Plan_Medical_Gas_System_KMCH/table_001.csv,ok,21,21,2,2,0,
extracted_tables/057_Environmental_Management_Plan_Medical_Gas_System_KMCH/table_002.csv,cleaned_tables/057_Environmental_Management_Plan_Medical_Gas_System_KMCH/table_002.csv,ok,14,14,2,2,0,
extracted_tables/057_Environmental_Management_Plan_Medical_Gas_System_KMCH/table_003.csv,cleaned_tables/057_Environmental_Management_Plan_Medical_Gas_System_KMCH/table_003.csv,ok,6,6,13,10,0,
extracted_tables/057_Environmental_Management_Plan_Medical_Gas_System_KMCH/table_004.csv,cleaned_tables/057_Environmental_Management_Plan_Medical_Gas_System_KMCH/table_004.csv,ok,8,8,14,11,0,
extracted_tables/057_Environmental_Management_Plan_Medical_Gas_System_KMCH/table_005.csv,cleaned_tables/057_Environmental_Management_Plan_Medical_Gas_System_KMCH/table_005.csv,ok,6,6,13,10,0,
extracted_tables/057_Environmental_Management_Plan_Medical_Gas_System_KMCH/table_006.csv,cleaned_tables/057_Environmental_Management_Plan_Medical_Gas_System_KMCH/table_006.csv,ok,41,40,15,10,1,
extracted_tables/058_Environmental_Management_Plan_Medical_Gas_System_MMCH/table_001.csv,cleaned_tables/058_Environmental_Management_Plan_Medical_Gas_System_MMCH/table_001.csv,ok,9,9,14,11,0,
extracted_tables/058_Environmental_Management_Plan_Medical_Gas_System_MMCH/table_002.csv,cleaned_tables/058_Environmental_Management_Plan_Medical_Gas_System_MMCH/table_002.csv,ok,8,8,14,11,0,
extracted_tables/058_Environmental_Management_Plan_Medical_Gas_System_MMCH/table_003.csv,cleaned_tables/058_Environmental_Management_Plan_Medical_Gas_System_MMCH/table_003.csv,ok,7,7,13,10,0,
extracted_tables/058_Environmental_Management_Plan_Medical_Gas_System_MMCH/table_004.csv,cleaned_tables/058_Environmental_Management_Plan_Medical_Gas_System_MMCH/table_004.csv,ok,6,6,13,10,0,
extracted_tables/058_Environmental_Management_Plan_Medical_Gas_System_MMCH/table_005.csv,cleaned_tables/058_Environmental_Management_Plan_Medical_Gas_System_MMCH/table_005.csv,ok,46,45,15,10,1,
extracted_tables/059_Environmental_Management_Plan_Medical_Gas_System_Mugdha/table_001.csv,cleaned_tables/059_Environmental_Management_Plan_Medical_Gas_System_Mugdha/table_001.csv,ok,10,10,15,12,0,
extracted_tables/059_Environmental_Management_Plan_Medical_Gas_System_Mugdha/table_002.csv,cleaned_tables/059_Environmental_Management_Plan_Medical_Gas_System_Mugdha/table_002.csv,ok,8,8,14,11,0,
extracted_tables/059_Environmental_Management_Plan_Medical_Gas_System_Mugdha/table_003.csv,cleaned_tables/059_Environmental_Management_Plan_Medical_Gas_System_Mugdha/table_003.csv,ok,7,7,13,10,0,
extracted_tables/059_Environmental_Management_Plan_Medical_Gas_System_Mugdha/table_004.csv,cleaned_tables/059_Environmental_Management_Plan_Medical_Gas_System_Mugdha/table_004.csv,ok,5,5,13,10,0,
extracted_tables/059_Environmental_Management_Plan_Medical_Gas_System_Mugdha/table_005.csv,cleaned_tables/059_Environmental_Management_Plan_Medical_Gas_System_Mugdha/table_005.csv,ok,42,38,15,10,4,
extracted_tables/059_Environmental_Management_Plan_Medical_Gas_System_Mugdha/table_006.csv,cleaned_tables/059_Environmental_Management_Plan_Medical_Gas_System_Mugdha/table_006.csv,ok,13,13,15,10,0,
extracted_tables/059_Environmental_Management_Plan_Medical_Gas_System_Mugdha/table_007.csv,cleaned_tables/059_Environmental_Management_Plan_Medical_Gas_System_Mugdha/table_007.csv,ok,11,7,6,2,4,
extracted_tables/060_Environmental_Management_Plan_Medical_Gas_System_SSMCH/table_001.csv,cleaned_tables/060_Environmental_Management_Plan_Medical_Gas_System_SSMCH/table_001.csv,ok,9,9,14,11,0,
extracted_tables/060_Environmental_Management_Plan_Medical_Gas_System_SSMCH/table_002.csv,cleaned_tables/060_Environmental_Management_Plan_Medical_Gas_System_SSMCH/table_002.csv,ok,8,8,14,11,0,
extracted_tables/060_Environmental_Management_Plan_Medical_Gas_System_SSMCH/table_003.csv,cleaned_tables/060_Environmental_Management_Plan_Medical_Gas_System_SSMCH/table_003.csv,ok,7,7,13,10,0,
extracted_tables/060_Environmental_Management_Plan_Medical_Gas_System_SSMCH/table_004.csv,cleaned_tables/060_Environmental_Management_Plan_Medical_Gas_System_SSMCH/table_004.csv,ok,5,5,13,10,0,
extracted_tables/060_Environmental_Management_Plan_Medical_Gas_System_SSMCH/table_005.csv,cleaned_tables/060_Environmental_Management_Plan_Medical_Gas_System_SSMCH/table_005.csv,ok,48,48,15,10,0,
extracted_tables/060_Environmental_Management_Plan_Medical_Gas_System_SSMCH/table_006.csv,cleaned_tables/060_Environmental_Management_Plan_Medical_Gas_System_SSMCH/table_006.csv,ok,11,11,16,8,0,
extracted_tables/061_Environmental_Management_Plan_Medical_Gas_RMCH/table_001.csv,cleaned_tables/061_Environmental_Management_Plan_Medical_Gas_RMCH/table_001.csv,ok,7,6,2,2,1,
extracted_tables/061_Environmental_Management_Plan_Medical_Gas_RMCH/table_002.csv,cleaned_tables/061_Environmental_Management_Plan_Medical_Gas_RMCH/table_002.csv,ok,9,9,2,2,0,
extracted_tables/061_Environmental_Management_Plan_Medical_Gas_RMCH/table_003.csv,cleaned_tables/061_Environmental_Management_Plan_Medical_Gas_RMCH/table_003.csv,ok,19,19,2,2,0,
extracted_tables/061_Environmental_Management_Plan_Medical_Gas_RMCH/table_004.csv,cleaned_tables/061_Environmental_Management_Plan_Medical_Gas_RMCH/table_004.csv,ok,5,5,2,2,0,
extracted_tables/061_Environmental_Management_Plan_Medical_Gas_RMCH/table_005.csv,cleaned_tables/061_Environmental_Management_Plan_Medical_Gas_RMCH/table_005.csv,ok,9,9,14,11,0,
extracted_tables/061_Environmental_Management_Plan_Medical_Gas_RMCH/table_006.csv,cleaned_tables/061_Environmental_Management_Plan_Medical_Gas_RMCH/table_006.csv,ok,8,8,14,11,0,
extracted_tables/061_Environmental_Management_Plan_Medical_Gas_RMCH/table_007.csv,cleaned_tables/061_Environmental_Management_Plan_Medical_Gas_RMCH/table_007.csv,ok,7,7,13,10,0,
extracted_tables/061_Environmental_Management_Plan_Medical_Gas_RMCH/table_008.csv,cleaned_tables/061_Environmental_Management_Plan_Medical_Gas_RMCH/table_008.csv,ok,5,5,13,10,0,
extracted_tables/061_Environmental_Management_Plan_Medical_Gas_RMCH/table_009.csv,cleaned_tables/061_Environmental_Management_Plan_Medical_Gas_RMCH/table_009.csv,ok,10,7,6,2,3,
extracted_tables/061_Environmental_Management_Plan_Medical_Gas_RMCH/table_010.csv,cleaned_tables/061_Environmental_Management_Plan_Medical_Gas_RMCH/table_010.csv,ok,18,18,6,3,0,
extracted_tables/062_Environmental_Management_Plan_PCR_Lab_DNCC/table_001.csv,cleaned_tables/062_Environmental_Management_Plan_PCR_Lab_DNCC/table_001.csv,ok,9,9,14,11,0,
extracted_tables/062_Environmental_Management_Plan_PCR_Lab_DNCC/table_002.csv,cleaned_tables/062_Environmental_Management_Plan_PCR_Lab_DNCC/table_002.csv,ok,8,8,14,11,0,
extracted_tables/062_Environmental_Management_Plan_PCR_Lab_DNCC/table_003.csv,cleaned_tables/062_Environmental_Management_Plan_PCR_Lab_DNCC/table_003.csv,ok,7,7,13,10,0,
extracted_tables/062_Environmental_Management_Plan_PCR_Lab_DNCC/table_004.csv,cleaned_tables/062_Environmental_Management_Plan_PCR_Lab_DNCC/table_004.csv,ok,44,42,15,10,2,
extracted_tables/062_Environmental_Management_Plan_PCR_Lab_DNCC/table_005.csv,cleaned_tables/062_Environmental_Management_Plan_PCR_Lab_DNCC/table_005.csv,ok,11,11,16,10,0,
extracted_tables/063_Environmental_Management_Plan_PCR_Lab_NIPSOM/table_001.csv,cleaned_tables/063_Environmental_Management_Plan_PCR_Lab_NIPSOM/table_001.csv,ok,9,9,14,11,0,
extracted_tables/063_Environmental_Management_Plan_PCR_Lab_NIPSOM/table_002.csv,cleaned_tables/063_Environmental_Management_Plan_PCR_Lab_NIPSOM/table_002.csv,ok,8,8,14,11,0,
extracted_tables/063_Environmental_Management_Plan_PCR_Lab_NIPSOM/table_003.csv,cleaned_tables/063_Environmental_Management_Plan_PCR_Lab_NIPSOM/table_003.csv,ok,7,7,13,10,0,
extracted_tables/063_Environmental_Management_Plan_PCR_Lab_NIPSOM/table_004.csv,cleaned_tables/063_Environmental_Management_Plan_PCR_Lab_NIPSOM/table_004.csv,ok,45,43,15,10,2,
extracted_tables/063_Environmental_Management_Plan_PCR_Lab_NIPSOM/table_005.csv,cleaned_tables/063_Environmental_Management_Plan_PCR_Lab_NIPSOM/table_005.csv,ok,10,10,16,8,0,
extracted_tables/064_Environmental_Assessment_and_Review_Framework__17_April_/table_001.csv,cleaned_tables/064_Environmental_Assessment_and_Review_Framework__17_April_/table_001.csv,ok,8,7,6,4,1,
extracted_tables/064_Environmental_Assessment_and_Review_Framework__17_April_/table_002.csv,cleaned_tables/064_Environmental_Assessment_and_Review_Framework__17_April_/table_002.csv,ok,35,34,6,5,1,
extracted_tables/064_Environmental_Assessment_and_Review_Framework__17_April_/table_003.csv,cleaned_tables/064_Environmental_Assessment_and_Review_Framework__17_April_/table_003.csv,ok,7,6,4,4,1,
extracted_tables/064_Environmental_Assessment_and_Review_Framework__17_April_/table_004.csv,cleaned_tables/064_Environmental_Assessment_and_Review_Framework__17_April_/table_004.csv,ok,14,13,6,5,1,
extracted_tables/064_Environmental_Assessment_and_Review_Framework__17_April_/table_005.csv,cleaned_tables/064_Environmental_Assessment_and_Review_Framework__17_April_/table_005.csv,ok,5,5,3,3,0,
extracted_tables/064_Environmental_Assessment_and_Review_Framework__17_April_/table_006.csv,cleaned_tables/064_Environmental_Assessment_and_Review_Framework__17_April_/table_006.csv,ok,12,11,3,3,1,
extracted_tables/064_Environmental_Assessment_and_Review_Framework__17_April_/table_007.csv,cleaned_tables/064_Environmental_Assessment_and_Review_Framework__17_April_/table_007.csv,ok,6,5,4,4,1,
extracted_tables/064_Environmental_Assessment_and_Review_Framework__17_April_/table_008.csv,cleaned_tables/064_Environmental_Assessment_and_Review_Framework__17_April_/table_008.csv,ok,5,4,3,3,1,
extracted_tables/064_Environmental_Assessment_and_Review_Framework__17_April_/table_009.csv,cleaned_tables/064_Environmental_Assessment_and_Review_Framework__17_April_/table_009.csv,ok,6,5,3,3,1,
extracted_tables/064_Environmental_Assessment_and_Review_Framework__17_April_/table_010.csv,cleaned_tables/064_Environmental_Assessment_and_Review_Framework__17_April_/table_010.csv,ok,7,6,3,3,1,
extracted_tables/064_Environmental_Assessment_and_Review_Framework__17_April_/table_011.csv,cleaned_tables/064_Environmental_Assessment_and_Review_Framework__17_April_/table_011.csv,ok,5,4,3,3,1,
extracted_tables/064_Environmental_Assessment_and_Review_Framework__17_April_/table_012.csv,cleaned_tables/064_Environmental_Assessment_and_Review_Framework__17_April_/table_012.csv,ok,16,15,2,2,1,
extracted_tables/064_Environmental_Assessment_and_Review_Framework__17_April_/table_013.csv,cleaned_tables/064_Environmental_Assessment_and_Review_Framework__17_April_/table_013.csv,ok,5,4,3,3,1,
extracted_tables/064_Environmental_Assessment_and_Review_Framework__17_April_/table_014.csv,cleaned_tables/064_Environmental_Assessment_and_Review_Framework__17_April_/table_014.csv,ok,5,4,3,3,1,
extracted_tables/064_Environmental_Assessment_and_Review_Framework__17_April_/table_015.csv,cleaned_tables/064_Environmental_Assessment_and_Review_Framework__17_April_/table_015.csv,ok,8,7,3,3,1,
extracted_tables/064_Environmental_Assessment_and_Review_Framework__17_April_/table_016.csv,cleaned_tables/064_Environmental_Assessment_and_Review_Framework__17_April_/table_016.csv,ok,8,7,3,3,1,
extracted_tables/064_Environmental_Assessment_and_Review_Framework__17_April_/table_017.csv,cleaned_tables/064_Environmental_Assessment_and_Review_Framework__17_April_/table_017.csv,ok,6,5,3,3,1,
extracted_tables/064_Environmental_Assessment_and_Review_Framework__17_April_/table_018.csv,cleaned_tables/064_Environmental_Assessment_and_Review_Framework__17_April_/table_018.csv,ok,6,5,3,3,1,
extracted_tables/064_Environmental_Assessment_and_Review_Framework__17_April_/table_019.csv,cleaned_tables/064_Environmental_Assessment_and_Review_Framework__17_April_/table_019.csv,ok,6,5,3,3,1,
extracted_tables/064_Environmental_Assessment_and_Review_Framework__17_April_/table_020.csv,cleaned_tables/064_Environmental_Assessment_and_Review_Framework__17_April_/table_020.csv,ok,7,6,3,3,1,
extracted_tables/064_Environmental_Assessment_and_Review_Framework__17_April_/table_021.csv,cleaned_tables/064_Environmental_Assessment_and_Review_Framework__17_April_/table_021.csv,ok,31,31,7,5,0,
extracted_tables/064_Environmental_Assessment_and_Review_Framework__17_April_/table_022.csv,cleaned_tables/064_Environmental_Assessment_and_Review_Framework__17_April_/table_022.csv,ok,6,5,3,3,1,
extracted_tables/064_Environmental_Assessment_and_Review_Framework__17_April_/table_023.csv,cleaned_tables/064_Environmental_Assessment_and_Review_Framework__17_April_/table_023.csv,ok,6,5,3,2,1,
extracted_tables/064_Environmental_Assessment_and_Review_Framework__17_April_/table_024.csv,cleaned_tables/064_Environmental_Assessment_and_Review_Framework__17_April_/table_024.csv,ok,5,4,3,2,1,
extracted_tables/064_Environmental_Assessment_and_Review_Framework__17_April_/table_025.csv,cleaned_tables/064_Environmental_Assessment_and_Review_Framework__17_April_/table_025.csv,ok,8,7,3,3,1,
extracted_tables/064_Environmental_Assessment_and_Review_Framework__17_April_/table_026.csv,cleaned_tables/064_Environmental_Assessment_and_Review_Framework__17_April_/table_026.csv,ok,9,8,6,6,1,
extracted_tables/064_Environmental_Assessment_and_Review_Framework__17_April_/table_027.csv,cleaned_tables/064_Environmental_Assessment_and_Review_Framework__17_April_/table_027.csv,ok,9,8,2,1,1,
extracted_tables/064_Environmental_Assessment_and_Review_Framework__17_April_/table_028.csv,cleaned_tables/064_Environmental_Assessment_and_Review_Framework__17_April_/table_028.csv,ok,10,10,12,6,0,
extracted_tables/064_Environmental_Assessment_and_Review_Framework__17_April_/table_029.csv,cleaned_tables/064_Environmental_Assessment_and_Review_Framework__17_April_/table_029.csv,ok,15,15,2,2,0,
extracted_tables/064_Environmental_Assessment_and_Review_Framework__17_April_/table_030.csv,cleaned_tables/064_Environmental_Assessment_and_Review_Framework__17_April_/table_030.csv,ok,17,17,6,6,0,
extracted_tables/064_Environmental_Assessment_and_Review_Framework__17_April_/table_031.csv,cleaned_tables/064_Environmental_Assessment_and_Review_Framework__17_April_/table_031.csv,ok,27,26,5,5,1,
extracted_tables/064_Environmental_Assessment_and_Review_Framework__17_April_/table_032.csv,cleaned_tables/064_Environmental_Assessment_and_Review_Framework__17_April_/table_032.csv,ok,29,28,5,5,1,
extracted_tables/067_Information_on_Corona_hospitals_beds_and_others_/table_001.csv,cleaned_tables/067_Information_on_Corona_hospitals_beds_and_others_/table_001.csv,ok,27,27,17,17,0,
extracted_tables/067_Information_on_Corona_hospitals_beds_and_others_/table_002.csv,cleaned_tables/067_Information_on_Corona_hospitals_beds_and_others_/table_002.csv,ok,29,28,17,16,1,
extracted_tables/067_Information_on_Corona_hospitals_beds_and_others_/table_003.csv,cleaned_tables/067_Information_on_Corona_hospitals_beds_and_others_/table_003.csv,ok,20,17,17,16,3,
extracted_tables/067_Information_on_Corona_hospitals_beds_and_others_/table_004.csv,cleaned_tables/067_Information_on_Corona_hospitals_beds_and_others_/table_004.csv,ok,53,53,17,17,0,
extracted_tables/067_Information_on_Corona_hospitals_beds_and_others_/table_005.csv,cleaned_tables/067_Information_on_Corona_hospitals_beds_and_others_/table_005.csv,ok,51,49,17,17,2,
extracted_tables/068_Press-release-of-02-05-2026_pdf/table_001.csv,cleaned_tables/068_Press-release-of-02-05-2026_pdf/table_001.csv,ok,13,12,9,5,1,
extracted_tables/068_Press-release-of-02-05-2026_pdf/table_002.csv,cleaned_tables/068_Press-release-of-02-05-2026_pdf/table_002.csv,ok,10,9,7,5,1,
extracted_tables/068_Press-release-of-02-05-2026_pdf/table_003.csv,cleaned_tables/068_Press-release-of-02-05-2026_pdf/table_003.csv,ok,6,6,8,8,0,
extracted_tables/068_Press-release-of-02-05-2026_pdf/table_004.csv,cleaned_tables/068_Press-release-of-02-05-2026_pdf/table_004.csv,ok,59,58,9,9,1,
extracted_tables/068_Press-release-of-02-05-2026_pdf/table_005.csv,cleaned_tables/068_Press-release-of-02-05-2026_pdf/table_005.csv,ok,15,15,9,9,0,
extracted_tables/068_Press-release-of-02-05-2026_pdf/table_006.csv,cleaned_tables/068_Press-release-of-02-05-2026_pdf/table_006.csv,ok,10,9,5,5,1,
extracted_tables/068_Press-release-of-02-05-2026_pdf/table_007.csv,cleaned_tables/068_Press-release-of-02-05-2026_pdf/table_007.csv,ok,26,25,6,6,1,
extracted_tables/068_Press-release-of-02-05-2026_pdf/table_008.csv,cleaned_tables/068_Press-release-of-02-05-2026_pdf/table_008.csv,ok,60,60,6,6,0,
extracted_tables/068_Press-release-of-02-05-2026_pdf/table_009.csv,cleaned_tables/068_Press-release-of-02-05-2026_pdf/table_009.csv,ok,60,60,6,6,0,
extracted_tables/068_Press-release-of-02-05-2026_pdf/table_010.csv,cleaned_tables/068_Press-release-of-02-05-2026_pdf/table_010.csv,ok,24,24,6,6,0,
extracted_tables/068_Press-release-of-02-05-2026_pdf/table_011.csv,cleaned_tables/068_Press-release-of-02-05-2026_pdf/table_011.csv,ok,10,9,4,3,1,
extracted_tables/068_Press-release-of-02-05-2026_pdf/table_012.csv,cleaned_tables/068_Press-release-of-02-05-2026_pdf/table_012.csv,ok,6,5,4,4,1,
extracted_tables/069_Covid-19_Health_Bulletin_2020/table_0001.csv,cleaned_tables/069_Covid-19_Health_Bulletin_2020/table_0001.csv,ok,14,0,3,0,14,
extracted_tables/069_Covid-19_Health_Bulletin_2020/table_0002.csv,cleaned_tables/069_Covid-19_Health_Bulletin_2020/table_0002.csv,ok,3,0,5,0,3,
extracted_tables/069_Covid-19_Health_Bulletin_2020/table_0003.csv,cleaned_tables/069_Covid-19_Health_Bulletin_2020/table_0003.csv,ok,5,0,5,0,5,
extracted_tables/069_Covid-19_Health_Bulletin_2020/table_0004.csv,cleaned_tables/069_Covid-19_Health_Bulletin_2020/table_0004.csv,ok,2,0,3,0,2,
extracted_tables/069_Covid-19_Health_Bulletin_2020/table_0005.csv,cleaned_tables/069_Covid-19_Health_Bulletin_2020/table_0005.csv,ok,16,0,13,0,16,
extracted_tables/069_Covid-19_Health_Bulletin_2020/table_0006.csv,cleaned_tables/069_Covid-19_Health_Bulletin_2020/table_0006.csv,ok,3,0,2,0,3,
extracted_tables/069_Covid-19_Health_Bulletin_2020/table_0007.csv,cleaned_tables/069_Covid-19_Health_Bulletin_2020/table_0007.csv,ok,3,0,2,0,3,
extracted_tables/071_Other_information_including_vacant_beds_in_Corona_hospitals/table_001.csv,cleaned_tables/071_Other_information_including_vacant_beds_in_Corona_hospitals/table_001.csv,ok,28,28,17,17,0,
extracted_tables/071_Other_information_including_vacant_beds_in_Corona_hospitals/table_002.csv,cleaned_tables/071_Other_information_including_vacant_beds_in_Corona_hospitals/table_002.csv,ok,28,27,17,16,1,
extracted_tables/071_Other_information_including_vacant_beds_in_Corona_hospitals/table_003.csv,cleaned_tables/071_Other_information_including_vacant_beds_in_Corona_hospitals/table_003.csv,ok,20,17,17,16,3,
extracted_tables/071_Other_information_including_vacant_beds_in_Corona_hospitals/table_004.csv,cleaned_tables/071_Other_information_including_vacant_beds_in_Corona_hospitals/table_004.csv,ok,53,53,17,17,0,
extracted_tables/071_Other_information_including_vacant_beds_in_Corona_hospitals/table_005.csv,cleaned_tables/071_Other_information_including_vacant_beds_in_Corona_hospitals/table_005.csv,ok,51,49,17,17,2,
extracted_tables/074_Hospital_Cancer_Registry_Report_2014/table_001.csv,cleaned_tables/074_Hospital_Cancer_Registry_Report_2014/table_001.csv,ok,27,26,2,2,1,
extracted_tables/074_Hospital_Cancer_Registry_Report_2014/table_002.csv,cleaned_tables/074_Hospital_Cancer_Registry_Report_2014/table_002.csv,ok,19,17,2,2,2,
extracted_tables/074_Hospital_Cancer_Registry_Report_2014/table_003.csv,cleaned_tables/074_Hospital_Cancer_Registry_Report_2014/table_003.csv,ok,29,28,2,2,1,
extracted_tables/074_Hospital_Cancer_Registry_Report_2014/table_004.csv,cleaned_tables/074_Hospital_Cancer_Registry_Report_2014/table_004.csv,ok,11,10,2,2,1,
extracted_tables/074_Hospital_Cancer_Registry_Report_2014/table_005.csv,cleaned_tables/074_Hospital_Cancer_Registry_Report_2014/table_005.csv,ok,7,0,3,0,7,
extracted_tables/074_Hospital_Cancer_Registry_Report_2014/table_006.csv,cleaned_tables/074_Hospital_Cancer_Registry_Report_2014/table_006.csv,ok,37,23,7,5,14,
extracted_tables/074_Hospital_Cancer_Registry_Report_2014/table_007.csv,cleaned_tables/074_Hospital_Cancer_Registry_Report_2014/table_007.csv,ok,60,37,10,5,23,
extracted_tables/074_Hospital_Cancer_Registry_Report_2014/table_008.csv,cleaned_tables/074_Hospital_Cancer_Registry_Report_2014/table_008.csv,ok,29,28,4,4,1,
extracted_tables/074_Hospital_Cancer_Registry_Report_2014/table_009.csv,cleaned_tables/074_Hospital_Cancer_Registry_Report_2014/table_009.csv,ok,11,10,4,4,1,
extracted_tables/074_Hospital_Cancer_Registry_Report_2014/table_010.csv,cleaned_tables/074_Hospital_Cancer_Registry_Report_2014/table_010.csv,ok,11,10,4,4,1,
extracted_tables/074_Hospital_Cancer_Registry_Report_2014/table_011.csv,cleaned_tables/074_Hospital_Cancer_Registry_Report_2014/table_011.csv,ok,11,10,4,4,1,
extracted_tables/074_Hospital_Cancer_Registry_Report_2014/table_012.csv,cleaned_tables/074_Hospital_Cancer_Registry_Report_2014/table_012.csv,ok,11,10,4,4,1,
extracted_tables/074_Hospital_Cancer_Registry_Report_2014/table_013.csv,cleaned_tables/074_Hospital_Cancer_Registry_Report_2014/table_013.csv,ok,11,10,4,4,1,
extracted_tables/074_Hospital_Cancer_Registry_Report_2014/table_014.csv,cleaned_tables/074_Hospital_Cancer_Registry_Report_2014/table_014.csv,ok,11,10,4,4,1,
extracted_tables/074_Hospital_Cancer_Registry_Report_2014/table_015.csv,cleaned_tables/074_Hospital_Cancer_Registry_Report_2014/table_015.csv,ok,11,10,4,4,1,
extracted_tables/074_Hospital_Cancer_Registry_Report_2014/table_016.csv,cleaned_tables/074_Hospital_Cancer_Registry_Report_2014/table_016.csv,ok,30,29,4,4,1,
extracted_tables/074_Hospital_Cancer_Registry_Report_2014/table_017.csv,cleaned_tables/074_Hospital_Cancer_Registry_Report_2014/table_017.csv,ok,20,20,4,4,0,
extracted_tables/074_Hospital_Cancer_Registry_Report_2014/table_018.csv,cleaned_tables/074_Hospital_Cancer_Registry_Report_2014/table_018.csv,ok,8,7,4,4,1,
extracted_tables/074_Hospital_Cancer_Registry_Report_2014/table_019.csv,cleaned_tables/074_Hospital_Cancer_Registry_Report_2014/table_019.csv,ok,30,29,4,4,1,
extracted_tables/074_Hospital_Cancer_Registry_Report_2014/table_020.csv,cleaned_tables/074_Hospital_Cancer_Registry_Report_2014/table_020.csv,ok,10,9,3,3,1,
extracted_tables/074_Hospital_Cancer_Registry_Report_2014/table_021.csv,cleaned_tables/074_Hospital_Cancer_Registry_Report_2014/table_021.csv,ok,5,4,3,3,1,
extracted_tables/074_Hospital_Cancer_Registry_Report_2014/table_022.csv,cleaned_tables/074_Hospital_Cancer_Registry_Report_2014/table_022.csv,ok,7,6,3,3,1,
extracted_tables/074_Hospital_Cancer_Registry_Report_2014/table_023.csv,cleaned_tables/074_Hospital_Cancer_Registry_Report_2014/table_023.csv,ok,11,9,4,4,2,
extracted_tables/074_Hospital_Cancer_Registry_Report_2014/table_024.csv,cleaned_tables/074_Hospital_Cancer_Registry_Report_2014/table_024.csv,ok,10,0,13,0,10,
extracted_tables/074_Hospital_Cancer_Registry_Report_2014/table_025.csv,cleaned_tables/074_Hospital_Cancer_Registry_Report_2014/table_025.csv,ok,44,43,11,11,1,
extracted_tables/074_Hospital_Cancer_Registry_Report_2014/table_026.csv,cleaned_tables/074_Hospital_Cancer_Registry_Report_2014/table_026.csv,ok,51,43,11,11,8,
extracted_tables/074_Hospital_Cancer_Registry_Report_2014/table_027.csv,cleaned_tables/074_Hospital_Cancer_Registry_Report_2014/table_027.csv,ok,59,49,11,11,10,
extracted_tables/074_Hospital_Cancer_Registry_Report_2014/table_028.csv,cleaned_tables/074_Hospital_Cancer_Registry_Report_2014/table_028.csv,ok,35,35,11,11,0,
extracted_tables/074_Hospital_Cancer_Registry_Report_2014/table_029.csv,cleaned_tables/074_Hospital_Cancer_Registry_Report_2014/table_029.csv,ok,42,41,11,11,1,
extracted_tables/074_Hospital_Cancer_Registry_Report_2014/table_030.csv,cleaned_tables/074_Hospital_Cancer_Registry_Report_2014/table_030.csv,ok,56,46,11,11,10,
extracted_tables/074_Hospital_Cancer_Registry_Report_2014/table_031.csv,cleaned_tables/074_Hospital_Cancer_Registry_Report_2014/table_031.csv,ok,57,49,11,11,8,
extracted_tables/074_Hospital_Cancer_Registry_Report_2014/table_032.csv,cleaned_tables/074_Hospital_Cancer_Registry_Report_2014/table_032.csv,ok,22,22,11,11,0,
extracted_tables/074_Hospital_Cancer_Registry_Report_2014/table_033.csv,cleaned_tables/074_Hospital_Cancer_Registry_Report_2014/table_033.csv,ok,47,47,8,8,0,
extracted_tables/074_Hospital_Cancer_Registry_Report_2014/table_034.csv,cleaned_tables/074_Hospital_Cancer_Registry_Report_2014/table_034.csv,ok,47,47,8,8,0,
extracted_tables/074_Hospital_Cancer_Registry_Report_2014/table_035.csv,cleaned_tables/074_Hospital_Cancer_Registry_Report_2014/table_035.csv,ok,48,48,8,8,0,
extracted_tables/075_Hospital_Cancer_Registry_Report_2015-2017/table_001.csv,cleaned_tables/075_Hospital_Cancer_Registry_Report_2015-2017/table_001.csv,ok,12,10,3,3,2,
extracted_tables/075_Hospital_Cancer_Registry_Report_2015-2017/table_002.csv,cleaned_tables/075_Hospital_Cancer_Registry_Report_2015-2017/table_002.csv,ok,12,10,3,3,2,
extracted_tables/075_Hospital_Cancer_Registry_Report_2015-2017/table_003.csv,cleaned_tables/075_Hospital_Cancer_Registry_Report_2015-2017/table_003.csv,ok,12,10,3,3,2,
extracted_tables/075_Hospital_Cancer_Registry_Report_2015-2017/table_004.csv,cleaned_tables/075_Hospital_Cancer_Registry_Report_2015-2017/table_004.csv,ok,15,13,3,3,2,
extracted_tables/075_Hospital_Cancer_Registry_Report_2015-2017/table_005.csv,cleaned_tables/075_Hospital_Cancer_Registry_Report_2015-2017/table_005.csv,ok,14,13,3,3,1,
extracted_tables/075_Hospital_Cancer_Registry_Report_2015-2017/table_006.csv,cleaned_tables/075_Hospital_Cancer_Registry_Report_2015-2017/table_006.csv,ok,20,18,4,4,2,
extracted_tables/075_Hospital_Cancer_Registry_Report_2015-2017/table_007.csv,cleaned_tables/075_Hospital_Cancer_Registry_Report_2015-2017/table_007.csv,ok,29,28,4,4,1,
extracted_tables/075_Hospital_Cancer_Registry_Report_2015-2017/table_008.csv,cleaned_tables/075_Hospital_Cancer_Registry_Report_2015-2017/table_008.csv,ok,11,10,4,4,1,
extracted_tables/075_Hospital_Cancer_Registry_Report_2015-2017/table_009.csv,cleaned_tables/075_Hospital_Cancer_Registry_Report_2015-2017/table_009.csv,ok,11,10,4,4,1,
extracted_tables/075_Hospital_Cancer_Registry_Report_2015-2017/table_010.csv,cleaned_tables/075_Hospital_Cancer_Registry_Report_2015-2017/table_010.csv,ok,12,10,4,4,2,
extracted_tables/075_Hospital_Cancer_Registry_Report_2015-2017/table_011.csv,cleaned_tables/075_Hospital_Cancer_Registry_Report_2015-2017/table_011.csv,ok,12,10,4,4,2,
extracted_tables/075_Hospital_Cancer_Registry_Report_2015-2017/table_012.csv,cleaned_tables/075_Hospital_Cancer_Registry_Report_2015-2017/table_012.csv,ok,12,10,4,4,2,
extracted_tables/075_Hospital_Cancer_Registry_Report_2015-2017/table_013.csv,cleaned_tables/075_Hospital_Cancer_Registry_Report_2015-2017/table_013.csv,ok,12,10,4,4,2,
extracted_tables/075_Hospital_Cancer_Registry_Report_2015-2017/table_014.csv,cleaned_tables/075_Hospital_Cancer_Registry_Report_2015-2017/table_014.csv,ok,12,10,4,4,2,
extracted_tables/075_Hospital_Cancer_Registry_Report_2015-2017/table_015.csv,cleaned_tables/075_Hospital_Cancer_Registry_Report_2015-2017/table_015.csv,ok,29,28,4,4,1,
extracted_tables/075_Hospital_Cancer_Registry_Report_2015-2017/table_016.csv,cleaned_tables/075_Hospital_Cancer_Registry_Report_2015-2017/table_016.csv,ok,15,14,4,4,1,
extracted_tables/075_Hospital_Cancer_Registry_Report_2015-2017/table_017.csv,cleaned_tables/075_Hospital_Cancer_Registry_Report_2015-2017/table_017.csv,ok,8,6,4,4,2,
extracted_tables/075_Hospital_Cancer_Registry_Report_2015-2017/table_018.csv,cleaned_tables/075_Hospital_Cancer_Registry_Report_2015-2017/table_018.csv,ok,22,21,4,4,1,
extracted_tables/075_Hospital_Cancer_Registry_Report_2015-2017/table_019.csv,cleaned_tables/075_Hospital_Cancer_Registry_Report_2015-2017/table_019.csv,ok,11,8,5,3,3,
extracted_tables/075_Hospital_Cancer_Registry_Report_2015-2017/table_020.csv,cleaned_tables/075_Hospital_Cancer_Registry_Report_2015-2017/table_020.csv,ok,6,4,3,3,2,
extracted_tables/075_Hospital_Cancer_Registry_Report_2015-2017/table_021.csv,cleaned_tables/075_Hospital_Cancer_Registry_Report_2015-2017/table_021.csv,ok,8,0,10,0,8,
extracted_tables/075_Hospital_Cancer_Registry_Report_2015-2017/table_022.csv,cleaned_tables/075_Hospital_Cancer_Registry_Report_2015-2017/table_022.csv,ok,6,4,3,3,2,
extracted_tables/075_Hospital_Cancer_Registry_Report_2015-2017/table_023.csv,cleaned_tables/075_Hospital_Cancer_Registry_Report_2015-2017/table_023.csv,ok,6,5,4,4,1,
extracted_tables/075_Hospital_Cancer_Registry_Report_2015-2017/table_024.csv,cleaned_tables/075_Hospital_Cancer_Registry_Report_2015-2017/table_024.csv,ok,38,38,11,11,0,
extracted_tables/075_Hospital_Cancer_Registry_Report_2015-2017/table_025.csv,cleaned_tables/075_Hospital_Cancer_Registry_Report_2015-2017/table_025.csv,ok,35,35,11,11,0,
extracted_tables/075_Hospital_Cancer_Registry_Report_2015-2017/table_026.csv,cleaned_tables/075_Hospital_Cancer_Registry_Report_2015-2017/table_026.csv,ok,30,30,11,11,0,
extracted_tables/075_Hospital_Cancer_Registry_Report_2015-2017/table_027.csv,cleaned_tables/075_Hospital_Cancer_Registry_Report_2015-2017/table_027.csv,ok,37,37,11,11,0,
extracted_tables/075_Hospital_Cancer_Registry_Report_2015-2017/table_028.csv,cleaned_tables/075_Hospital_Cancer_Registry_Report_2015-2017/table_028.csv,ok,38,38,11,11,0,
extracted_tables/075_Hospital_Cancer_Registry_Report_2015-2017/table_029.csv,cleaned_tables/075_Hospital_Cancer_Registry_Report_2015-2017/table_029.csv,ok,33,33,11,11,0,
extracted_tables/075_Hospital_Cancer_Registry_Report_2015-2017/table_030.csv,cleaned_tables/075_Hospital_Cancer_Registry_Report_2015-2017/table_030.csv,ok,36,35,13,12,1,
extracted_tables/075_Hospital_Cancer_Registry_Report_2015-2017/table_031.csv,cleaned_tables/075_Hospital_Cancer_Registry_Report_2015-2017/table_031.csv,ok,33,33,11,11,0,
extracted_tables/075_Hospital_Cancer_Registry_Report_2015-2017/table_032.csv,cleaned_tables/075_Hospital_Cancer_Registry_Report_2015-2017/table_032.csv,ok,46,46,8,8,0,
extracted_tables/075_Hospital_Cancer_Registry_Report_2015-2017/table_033.csv,cleaned_tables/075_Hospital_Cancer_Registry_Report_2015-2017/table_033.csv,ok,45,45,8,8,0,
extracted_tables/075_Hospital_Cancer_Registry_Report_2015-2017/table_034.csv,cleaned_tables/075_Hospital_Cancer_Registry_Report_2015-2017/table_034.csv,ok,47,47,8,8,0,
extracted_tables/075_Hospital_Cancer_Registry_Report_2015-2017/table_035.csv,cleaned_tables/075_Hospital_Cancer_Registry_Report_2015-2017/table_035.csv,ok,19,18,4,4,1,
extracted_tables/075_Hospital_Cancer_Registry_Report_2015-2017/table_036.csv,cleaned_tables/075_Hospital_Cancer_Registry_Report_2015-2017/table_036.csv,ok,29,28,4,4,1,
extracted_tables/075_Hospital_Cancer_Registry_Report_2015-2017/table_037.csv,cleaned_tables/075_Hospital_Cancer_Registry_Report_2015-2017/table_037.csv,ok,11,10,4,4,1,
extracted_tables/075_Hospital_Cancer_Registry_Report_2015-2017/table_038.csv,cleaned_tables/075_Hospital_Cancer_Registry_Report_2015-2017/table_038.csv,ok,11,10,4,4,1,
extracted_tables/075_Hospital_Cancer_Registry_Report_2015-2017/table_039.csv,cleaned_tables/075_Hospital_Cancer_Registry_Report_2015-2017/table_039.csv,ok,12,10,4,4,2,
extracted_tables/075_Hospital_Cancer_Registry_Report_2015-2017/table_040.csv,cleaned_tables/075_Hospital_Cancer_Registry_Report_2015-2017/table_040.csv,ok,12,10,4,4,2,
extracted_tables/075_Hospital_Cancer_Registry_Report_2015-2017/table_041.csv,cleaned_tables/075_Hospital_Cancer_Registry_Report_2015-2017/table_041.csv,ok,12,10,4,4,2,
extracted_tables/075_Hospital_Cancer_Registry_Report_2015-2017/table_042.csv,cleaned_tables/075_Hospital_Cancer_Registry_Report_2015-2017/table_042.csv,ok,12,10,4,4,2,
extracted_tables/075_Hospital_Cancer_Registry_Report_2015-2017/table_043.csv,cleaned_tables/075_Hospital_Cancer_Registry_Report_2015-2017/table_043.csv,ok,12,10,4,4,2,
extracted_tables/075_Hospital_Cancer_Registry_Report_2015-2017/table_044.csv,cleaned_tables/075_Hospital_Cancer_Registry_Report_2015-2017/table_044.csv,ok,26,25,6,5,1,
extracted_tables/075_Hospital_Cancer_Registry_Report_2015-2017/table_045.csv,cleaned_tables/075_Hospital_Cancer_Registry_Report_2015-2017/table_045.csv,ok,12,11,4,4,1,
extracted_tables/075_Hospital_Cancer_Registry_Report_2015-2017/table_046.csv,cleaned_tables/075_Hospital_Cancer_Registry_Report_2015-2017/table_046.csv,ok,9,7,4,4,2,
extracted_tables/075_Hospital_Cancer_Registry_Report_2015-2017/table_047.csv,cleaned_tables/075_Hospital_Cancer_Registry_Report_2015-2017/table_047.csv,ok,22,21,4,4,1,
extracted_tables/075_Hospital_Cancer_Registry_Report_2015-2017/table_048.csv,cleaned_tables/075_Hospital_Cancer_Registry_Report_2015-2017/table_048.csv,ok,9,0,13,0,9,
extracted_tables/075_Hospital_Cancer_Registry_Report_2015-2017/table_049.csv,cleaned_tables/075_Hospital_Cancer_Registry_Report_2015-2017/table_049.csv,ok,11,9,3,3,2,
extracted_tables/075_Hospital_Cancer_Registry_Report_2015-2017/table_050.csv,cleaned_tables/075_Hospital_Cancer_Registry_Report_2015-2017/table_050.csv,ok,6,5,3,3,1,
extracted_tables/075_Hospital_Cancer_Registry_Report_2015-2017/table_051.csv,cleaned_tables/075_Hospital_Cancer_Registry_Report_2015-2017/table_051.csv,ok,9,0,12,0,9,
extracted_tables/075_Hospital_Cancer_Registry_Report_2015-2017/table_052.csv,cleaned_tables/075_Hospital_Cancer_Registry_Report_2015-2017/table_052.csv,ok,6,4,3,3,2,
extracted_tables/075_Hospital_Cancer_Registry_Report_2015-2017/table_053.csv,cleaned_tables/075_Hospital_Cancer_Registry_Report_2015-2017/table_053.csv,ok,6,5,4,4,1,
extracted_tables/075_Hospital_Cancer_Registry_Report_2015-2017/table_054.csv,cleaned_tables/075_Hospital_Cancer_Registry_Report_2015-2017/table_054.csv,ok,12,0,17,0,12,
extracted_tables/075_Hospital_Cancer_Registry_Report_2015-2017/table_055.csv,cleaned_tables/075_Hospital_Cancer_Registry_Report_2015-2017/table_055.csv,ok,6,0,6,0,6,
extracted_tables/075_Hospital_Cancer_Registry_Report_2015-2017/table_056.csv,cleaned_tables/075_Hospital_Cancer_Registry_Report_2015-2017/table_056.csv,ok,7,0,10,0,7,
extracted_tables/075_Hospital_Cancer_Registry_Report_2015-2017/table_057.csv,cleaned_tables/075_Hospital_Cancer_Registry_Report_2015-2017/table_057.csv,ok,35,35,12,12,0,
extracted_tables/075_Hospital_Cancer_Registry_Report_2015-2017/table_058.csv,cleaned_tables/075_Hospital_Cancer_Registry_Report_2015-2017/table_058.csv,ok,32,32,12,12,0,
extracted_tables/075_Hospital_Cancer_Registry_Report_2015-2017/table_059.csv,cleaned_tables/075_Hospital_Cancer_Registry_Report_2015-2017/table_059.csv,ok,31,31,12,12,0,
extracted_tables/075_Hospital_Cancer_Registry_Report_2015-2017/table_060.csv,cleaned_tables/075_Hospital_Cancer_Registry_Report_2015-2017/table_060.csv,ok,35,35,12,12,0,
extracted_tables/075_Hospital_Cancer_Registry_Report_2015-2017/table_061.csv,cleaned_tables/075_Hospital_Cancer_Registry_Report_2015-2017/table_061.csv,ok,31,31,12,12,0,
extracted_tables/075_Hospital_Cancer_Registry_Report_2015-2017/table_062.csv,cleaned_tables/075_Hospital_Cancer_Registry_Report_2015-2017/table_062.csv,ok,29,29,12,12,0,
extracted_tables/075_Hospital_Cancer_Registry_Report_2015-2017/table_063.csv,cleaned_tables/075_Hospital_Cancer_Registry_Report_2015-2017/table_063.csv,ok,47,47,8,8,0,
extracted_tables/075_Hospital_Cancer_Registry_Report_2015-2017/table_064.csv,cleaned_tables/075_Hospital_Cancer_Registry_Report_2015-2017/table_064.csv,ok,47,47,8,8,0,
extracted_tables/075_Hospital_Cancer_Registry_Report_2015-2017/table_065.csv,cleaned_tables/075_Hospital_Cancer_Registry_Report_2015-2017/table_065.csv,ok,40,40,8,8,0,
extracted_tables/075_Hospital_Cancer_Registry_Report_2015-2017/table_066.csv,cleaned_tables/075_Hospital_Cancer_Registry_Report_2015-2017/table_066.csv,ok,42,42,8,8,0,
extracted_tables/075_Hospital_Cancer_Registry_Report_2015-2017/table_067.csv,cleaned_tables/075_Hospital_Cancer_Registry_Report_2015-2017/table_067.csv,ok,42,42,8,8,0,
extracted_tables/075_Hospital_Cancer_Registry_Report_2015-2017/table_068.csv,cleaned_tables/075_Hospital_Cancer_Registry_Report_2015-2017/table_068.csv,ok,40,39,8,8,1,
extracted_tables/075_Hospital_Cancer_Registry_Report_2015-2017/table_069.csv,cleaned_tables/075_Hospital_Cancer_Registry_Report_2015-2017/table_069.csv,ok,21,19,4,4,2,
extracted_tables/075_Hospital_Cancer_Registry_Report_2015-2017/table_070.csv,cleaned_tables/075_Hospital_Cancer_Registry_Report_2015-2017/table_070.csv,ok,29,28,4,4,1,
extracted_tables/075_Hospital_Cancer_Registry_Report_2015-2017/table_071.csv,cleaned_tables/075_Hospital_Cancer_Registry_Report_2015-2017/table_071.csv,ok,11,10,4,4,1,
extracted_tables/075_Hospital_Cancer_Registry_Report_2015-2017/table_072.csv,cleaned_tables/075_Hospital_Cancer_Registry_Report_2015-2017/table_072.csv,ok,11,10,4,4,1,
extracted_tables/075_Hospital_Cancer_Registry_Report_2015-2017/table_073.csv,cleaned_tables/075_Hospital_Cancer_Registry_Report_2015-2017/table_073.csv,ok,12,10,4,4,2,
extracted_tables/075_Hospital_Cancer_Registry_Report_2015-2017/table_074.csv,cleaned_tables/075_Hospital_Cancer_Registry_Report_2015-2017/table_074.csv,ok,12,10,4,4,2,
extracted_tables/075_Hospital_Cancer_Registry_Report_2015-2017/table_075.csv,cleaned_tables/075_Hospital_Cancer_Registry_Report_2015-2017/table_075.csv,ok,12,10,4,4,2,
extracted_tables/075_Hospital_Cancer_Registry_Report_2015-2017/table_076.csv,cleaned_tables/075_Hospital_Cancer_Registry_Report_2015-2017/table_076.csv,ok,12,10,4,4,2,
extracted_tables/075_Hospital_Cancer_Registry_Report_2015-2017/table_077.csv,cleaned_tables/075_Hospital_Cancer_Registry_Report_2015-2017/table_077.csv,ok,12,10,4,4,2,
extracted_tables/075_Hospital_Cancer_Registry_Report_2015-2017/table_078.csv,cleaned_tables/075_Hospital_Cancer_Registry_Report_2015-2017/table_078.csv,ok,29,28,4,4,1,
extracted_tables/075_Hospital_Cancer_Registry_Report_2015-2017/table_079.csv,cleaned_tables/075_Hospital_Cancer_Registry_Report_2015-2017/table_079.csv,ok,12,11,4,4,1,
extracted_tables/075_Hospital_Cancer_Registry_Report_2015-2017/table_080.csv,cleaned_tables/075_Hospital_Cancer_Registry_Report_2015-2017/table_080.csv,ok,7,5,4,4,2,
extracted_tables/075_Hospital_Cancer_Registry_Report_2015-2017/table_081.csv,cleaned_tables/075_Hospital_Cancer_Registry_Report_2015-2017/table_081.csv,ok,27,26,4,4,1,
extracted_tables/075_Hospital_Cancer_Registry_Report_2015-2017/table_082.csv,cleaned_tables/075_Hospital_Cancer_Registry_Report_2015-2017/table_082.csv,ok,10,8,3,3,2,
extracted_tables/075_Hospital_Cancer_Registry_Report_2015-2017/table_083.csv,cleaned_tables/075_Hospital_Cancer_Registry_Report_2015-2017/table_083.csv,ok,6,4,3,3,2,
extracted_tables/075_Hospital_Cancer_Registry_Report_2015-2017/table_084.csv,cleaned_tables/075_Hospital_Cancer_Registry_Report_2015-2017/table_084.csv,ok,6,4,3,3,2,
extracted_tables/075_Hospital_Cancer_Registry_Report_2015-2017/table_085.csv,cleaned_tables/075_Hospital_Cancer_Registry_Report_2015-2017/table_085.csv,ok,5,4,4,4,1,
extracted_tables/075_Hospital_Cancer_Registry_Report_2015-2017/table_086.csv,cleaned_tables/075_Hospital_Cancer_Registry_Report_2015-2017/table_086.csv,ok,35,35,12,12,0,
extracted_tables/075_Hospital_Cancer_Registry_Report_2015-2017/table_087.csv,cleaned_tables/075_Hospital_Cancer_Registry_Report_2015-2017/table_087.csv,ok,31,31,12,12,0,
extracted_tables/075_Hospital_Cancer_Registry_Report_2015-2017/table_088.csv,cleaned_tables/075_Hospital_Cancer_Registry_Report_2015-2017/table_088.csv,ok,31,31,12,12,0,
extracted_tables/075_Hospital_Cancer_Registry_Report_2015-2017/table_089.csv,cleaned_tables/075_Hospital_Cancer_Registry_Report_2015-2017/table_089.csv,ok,18,18,12,12,0,
extracted_tables/075_Hospital_Cancer_Registry_Report_2015-2017/table_090.csv,cleaned_tables/075_Hospital_Cancer_Registry_Report_2015-2017/table_090.csv,ok,35,35,12,12,0,
extracted_tables/075_Hospital_Cancer_Registry_Report_2015-2017/table_091.csv,cleaned_tables/075_Hospital_Cancer_Registry_Report_2015-2017/table_091.csv,ok,33,33,12,12,0,
extracted_tables/075_Hospital_Cancer_Registry_Report_2015-2017/table_092.csv,cleaned_tables/075_Hospital_Cancer_Registry_Report_2015-2017/table_092.csv,ok,36,36,12,12,0,
extracted_tables/075_Hospital_Cancer_Registry_Report_2015-2017/table_093.csv,cleaned_tables/075_Hospital_Cancer_Registry_Report_2015-2017/table_093.csv,ok,45,45,8,8,0,
extracted_tables/075_Hospital_Cancer_Registry_Report_2015-2017/table_094.csv,cleaned_tables/075_Hospital_Cancer_Registry_Report_2015-2017/table_094.csv,ok,46,46,8,8,0,
extracted_tables/075_Hospital_Cancer_Registry_Report_2015-2017/table_095.csv,cleaned_tables/075_Hospital_Cancer_Registry_Report_2015-2017/table_095.csv,ok,48,48,8,8,0,
extracted_tables/075_Hospital_Cancer_Registry_Report_2015-2017/table_096.csv,cleaned_tables/075_Hospital_Cancer_Registry_Report_2015-2017/table_096.csv,ok,45,45,8,8,0,
extracted_tables/075_Hospital_Cancer_Registry_Report_2015-2017/table_097.csv,cleaned_tables/075_Hospital_Cancer_Registry_Report_2015-2017/table_097.csv,ok,45,45,8,8,0,
extracted_tables/075_Hospital_Cancer_Registry_Report_2015-2017/table_098.csv,cleaned_tables/075_Hospital_Cancer_Registry_Report_2015-2017/table_098.csv,ok,41,41,8,8,0,
extracted_tables/078_Research_Abstract_of_Planning_Monitoring_and_Research_Operational_Plan_2021-2022/table_001.csv,cleaned_tables/078_Research_Abstract_of_Planning_Monitoring_and_Research_Operational_Plan_2021-2022/table_001.csv,ok,10,9,5,5,1,
extracted_tables/078_Research_Abstract_of_Planning_Monitoring_and_Research_Operational_Plan_2021-2022/table_002.csv,cleaned_tables/078_Research_Abstract_of_Planning_Monitoring_and_Research_Operational_Plan_2021-2022/table_002.csv,ok,8,7,5,5,1,
extracted_tables/081__-_/table_001.csv,cleaned_tables/081__-_/table_001.csv,ok,11,11,2,2,0,
extracted_tables/081__-_/table_002.csv,cleaned_tables/081__-_/table_002.csv,ok,11,10,2,2,1,
extracted_tables/081__-_/table_003.csv,cleaned_tables/081__-_/table_003.csv,ok,11,10,2,2,1,
extracted_tables/081__-_/table_004.csv,cleaned_tables/081__-_/table_004.csv,ok,13,13,2,2,0,
extracted_tables/081__-_/table_005.csv,cleaned_tables/081__-_/table_005.csv,ok,6,5,11,11,1,
extracted_tables/081__-_/table_006.csv,cleaned_tables/081__-_/table_006.csv,ok,19,18,4,4,1,
extracted_tables/081__-_/table_007.csv,cleaned_tables/081__-_/table_007.csv,ok,9,1,3,1,8,
extracted_tables/081__-_/table_008.csv,cleaned_tables/081__-_/table_008.csv,ok,8,7,10,10,1,
extracted_tables/081__-_/table_009.csv,cleaned_tables/081__-_/table_009.csv,ok,5,5,4,4,0,
extracted_tables/081__-_/table_010.csv,cleaned_tables/081__-_/table_010.csv,ok,5,5,16,16,0,
extracted_tables/081__-_/table_011.csv,cleaned_tables/081__-_/table_011.csv,ok,5,5,22,22,0,
extracted_tables/081__-_/table_012.csv,cleaned_tables/081__-_/table_012.csv,ok,10,9,2,2,1,
extracted_tables/081__-_/table_013.csv,cleaned_tables/081__-_/table_013.csv,ok,6,1,4,1,5,
extracted_tables/082_MR_bulletin_2nd_quarter_2021_/table_001.csv,cleaned_tables/082_MR_bulletin_2nd_quarter_2021_/table_001.csv,ok,9,0,3,0,9,
extracted_tables/082_MR_bulletin_2nd_quarter_2021_/table_002.csv,cleaned_tables/082_MR_bulletin_2nd_quarter_2021_/table_002.csv,ok,6,0,2,0,6,
extracted_tables/082_MR_bulletin_2nd_quarter_2021_/table_003.csv,cleaned_tables/082_MR_bulletin_2nd_quarter_2021_/table_003.csv,ok,39,0,21,0,39,
extracted_tables/082_MR_bulletin_2nd_quarter_2021_/table_004.csv,cleaned_tables/082_MR_bulletin_2nd_quarter_2021_/table_004.csv,ok,19,0,4,0,19,
extracted_tables/082_MR_bulletin_2nd_quarter_2021_/table_005.csv,cleaned_tables/082_MR_bulletin_2nd_quarter_2021_/table_005.csv,ok,49,0,11,0,49,
extracted_tables/082_MR_bulletin_2nd_quarter_2021_/table_006.csv,cleaned_tables/082_MR_bulletin_2nd_quarter_2021_/table_006.csv,ok,32,0,4,0,32,
extracted_tables/082_MR_bulletin_2nd_quarter_2021_/table_007.csv,cleaned_tables/082_MR_bulletin_2nd_quarter_2021_/table_007.csv,ok,43,0,12,0,43,
extracted_tables/082_MR_bulletin_2nd_quarter_2021_/table_008.csv,cleaned_tables/082_MR_bulletin_2nd_quarter_2021_/table_008.csv,ok,32,0,10,0,32,
extracted_tables/083_MR_Bulletin_Volume_1/table_001.csv,cleaned_tables/083_MR_Bulletin_Volume_1/table_001.csv,ok,8,7,15,6,1,
extracted_tables/083_MR_Bulletin_Volume_1/table_002.csv,cleaned_tables/083_MR_Bulletin_Volume_1/table_002.csv,ok,9,9,15,7,0,
extracted_tables/083_MR_Bulletin_Volume_1/table_003.csv,cleaned_tables/083_MR_Bulletin_Volume_1/table_003.csv,ok,9,8,3,3,1,
extracted_tables/083_MR_Bulletin_Volume_1/table_004.csv,cleaned_tables/083_MR_Bulletin_Volume_1/table_004.csv,ok,17,0,28,0,17,
extracted_tables/083_MR_Bulletin_Volume_1/table_005.csv,cleaned_tables/083_MR_Bulletin_Volume_1/table_005.csv,ok,8,0,4,0,8,
extracted_tables/083_MR_Bulletin_Volume_1/table_006.csv,cleaned_tables/083_MR_Bulletin_Volume_1/table_006.csv,ok,6,0,5,0,6,
extracted_tables/083_MR_Bulletin_Volume_1/table_007.csv,cleaned_tables/083_MR_Bulletin_Volume_1/table_007.csv,ok,54,54,18,18,0,
extracted_tables/083_MR_Bulletin_Volume_1/table_008.csv,cleaned_tables/083_MR_Bulletin_Volume_1/table_008.csv,ok,35,35,18,18,0,
extracted_tables/083_MR_Bulletin_Volume_1/table_009.csv,cleaned_tables/083_MR_Bulletin_Volume_1/table_009.csv,ok,55,55,21,21,0,
extracted_tables/083_MR_Bulletin_Volume_1/table_010.csv,cleaned_tables/083_MR_Bulletin_Volume_1/table_010.csv,ok,36,36,21,21,0,
extracted_tables/083_MR_Bulletin_Volume_1/table_011.csv,cleaned_tables/083_MR_Bulletin_Volume_1/table_011.csv,ok,55,54,15,15,1,
extracted_tables/083_MR_Bulletin_Volume_1/table_012.csv,cleaned_tables/083_MR_Bulletin_Volume_1/table_012.csv,ok,36,35,15,15,1,
extracted_tables/084_MR_Bulletin_Volume_2/table_001.csv,cleaned_tables/084_MR_Bulletin_Volume_2/table_001.csv,ok,9,8,13,6,1,
extracted_tables/084_MR_Bulletin_Volume_2/table_002.csv,cleaned_tables/084_MR_Bulletin_Volume_2/table_002.csv,ok,10,9,13,6,1,
extracted_tables/084_MR_Bulletin_Volume_2/table_003.csv,cleaned_tables/084_MR_Bulletin_Volume_2/table_003.csv,ok,10,9,3,3,1,
extracted_tables/084_MR_Bulletin_Volume_2/table_004.csv,cleaned_tables/084_MR_Bulletin_Volume_2/table_004.csv,ok,9,0,5,0,9,
extracted_tables/084_MR_Bulletin_Volume_2/table_005.csv,cleaned_tables/084_MR_Bulletin_Volume_2/table_005.csv,ok,5,0,7,0,5,
extracted_tables/084_MR_Bulletin_Volume_2/table_006.csv,cleaned_tables/084_MR_Bulletin_Volume_2/table_006.csv,ok,54,54,18,18,0,
extracted_tables/084_MR_Bulletin_Volume_2/table_007.csv,cleaned_tables/084_MR_Bulletin_Volume_2/table_007.csv,ok,35,35,18,18,0,
extracted_tables/084_MR_Bulletin_Volume_2/table_008.csv,cleaned_tables/084_MR_Bulletin_Volume_2/table_008.csv,ok,55,55,21,21,0,
extracted_tables/084_MR_Bulletin_Volume_2/table_009.csv,cleaned_tables/084_MR_Bulletin_Volume_2/table_009.csv,ok,36,36,21,21,0,
extracted_tables/084_MR_Bulletin_Volume_2/table_010.csv,cleaned_tables/084_MR_Bulletin_Volume_2/table_010.csv,ok,56,55,15,15,1,
extracted_tables/084_MR_Bulletin_Volume_2/table_011.csv,cleaned_tables/084_MR_Bulletin_Volume_2/table_011.csv,ok,37,36,15,15,1,
extracted_tables/085_MR_Bulletin_Volume_3/table_001.csv,cleaned_tables/085_MR_Bulletin_Volume_3/table_001.csv,ok,11,10,13,6,1,
extracted_tables/085_MR_Bulletin_Volume_3/table_002.csv,cleaned_tables/085_MR_Bulletin_Volume_3/table_002.csv,ok,12,11,13,6,1,
extracted_tables/085_MR_Bulletin_Volume_3/table_003.csv,cleaned_tables/085_MR_Bulletin_Volume_3/table_003.csv,ok,10,9,3,3,1,
extracted_tables/085_MR_Bulletin_Volume_3/table_004.csv,cleaned_tables/085_MR_Bulletin_Volume_3/table_004.csv,ok,5,0,2,0,5,
extracted_tables/085_MR_Bulletin_Volume_3/table_005.csv,cleaned_tables/085_MR_Bulletin_Volume_3/table_005.csv,ok,6,5,4,4,1,
extracted_tables/085_MR_Bulletin_Volume_3/table_006.csv,cleaned_tables/085_MR_Bulletin_Volume_3/table_006.csv,ok,54,54,18,18,0,
extracted_tables/085_MR_Bulletin_Volume_3/table_007.csv,cleaned_tables/085_MR_Bulletin_Volume_3/table_007.csv,ok,35,35,18,18,0,
extracted_tables/085_MR_Bulletin_Volume_3/table_008.csv,cleaned_tables/085_MR_Bulletin_Volume_3/table_008.csv,ok,57,56,15,15,1,
extracted_tables/085_MR_Bulletin_Volume_3/table_009.csv,cleaned_tables/085_MR_Bulletin_Volume_3/table_009.csv,ok,38,37,15,15,1,
extracted_tables/085_MR_Bulletin_Volume_3/table_010.csv,cleaned_tables/085_MR_Bulletin_Volume_3/table_010.csv,ok,57,56,15,15,1,
extracted_tables/085_MR_Bulletin_Volume_3/table_011.csv,cleaned_tables/085_MR_Bulletin_Volume_3/table_011.csv,ok,39,38,15,15,1,
extracted_tables/085_MR_Bulletin_Volume_3/table_012.csv,cleaned_tables/085_MR_Bulletin_Volume_3/table_012.csv,ok,12,12,8,8,0,
extracted_tables/086_Measles_Update_Till_14_05_26_/table_001.csv,cleaned_tables/086_Measles_Update_Till_14_05_26_/table_001.csv,ok,15,15,38,26,0,
extracted_tables/086_Measles_Update_Till_14_05_26_/table_002.csv,cleaned_tables/086_Measles_Update_Till_14_05_26_/table_002.csv,ok,12,12,22,16,0,
extracted_tables/086_Measles_Update_Till_14_05_26_/table_003.csv,cleaned_tables/086_Measles_Update_Till_14_05_26_/table_003.csv,ok,16,16,21,15,0,
extracted_tables/091__/table_001.csv,cleaned_tables/091__/table_001.csv,ok,7,0,5,0,7,
extracted_tables/091__/table_002.csv,cleaned_tables/091__/table_002.csv,ok,20,0,2,0,20,
extracted_tables/091__/table_003.csv,cleaned_tables/091__/table_003.csv,ok,10,0,2,0,10,
extracted_tables/091__/table_004.csv,cleaned_tables/091__/table_004.csv,ok,27,0,2,0,27,
extracted_tables/091__/table_005.csv,cleaned_tables/091__/table_005.csv,ok,20,0,3,0,20,
extracted_tables/091__/table_006.csv,cleaned_tables/091__/table_006.csv,ok,24,0,3,0,24,
extracted_tables/091__/table_007.csv,cleaned_tables/091__/table_007.csv,ok,23,0,2,0,23,
extracted_tables/092__HRH_Data_Sheet_2023/table_001.csv,cleaned_tables/092__HRH_Data_Sheet_2023/table_001.csv,ok,43,0,5,0,43,
extracted_tables/092__HRH_Data_Sheet_2023/table_002.csv,cleaned_tables/092__HRH_Data_Sheet_2023/table_002.csv,ok,34,0,3,0,34,
extracted_tables/093_Health_Labour_Market_Analysis_in_Bangladesh_2021/table_001.csv,cleaned_tables/093_Health_Labour_Market_Analysis_in_Bangladesh_2021/table_001.csv,ok,10,10,4,4,0,
extracted_tables/093_Health_Labour_Market_Analysis_in_Bangladesh_2021/table_002.csv,cleaned_tables/093_Health_Labour_Market_Analysis_in_Bangladesh_2021/table_002.csv,ok,5,5,8,8,0,
extracted_tables/093_Health_Labour_Market_Analysis_in_Bangladesh_2021/table_003.csv,cleaned_tables/093_Health_Labour_Market_Analysis_in_Bangladesh_2021/table_003.csv,ok,12,12,13,13,0,
extracted_tables/093_Health_Labour_Market_Analysis_in_Bangladesh_2021/table_004.csv,cleaned_tables/093_Health_Labour_Market_Analysis_in_Bangladesh_2021/table_004.csv,ok,12,12,10,10,0,
extracted_tables/093_Health_Labour_Market_Analysis_in_Bangladesh_2021/table_005.csv,cleaned_tables/093_Health_Labour_Market_Analysis_in_Bangladesh_2021/table_005.csv,ok,5,5,4,4,0,
extracted_tables/093_Health_Labour_Market_Analysis_in_Bangladesh_2021/table_006.csv,cleaned_tables/093_Health_Labour_Market_Analysis_in_Bangladesh_2021/table_006.csv,ok,5,5,3,3,0,
extracted_tables/093_Health_Labour_Market_Analysis_in_Bangladesh_2021/table_007.csv,cleaned_tables/093_Health_Labour_Market_Analysis_in_Bangladesh_2021/table_007.csv,ok,8,8,4,4,0,
extracted_tables/093_Health_Labour_Market_Analysis_in_Bangladesh_2021/table_008.csv,cleaned_tables/093_Health_Labour_Market_Analysis_in_Bangladesh_2021/table_008.csv,ok,9,9,4,4,0,
extracted_tables/093_Health_Labour_Market_Analysis_in_Bangladesh_2021/table_009.csv,cleaned_tables/093_Health_Labour_Market_Analysis_in_Bangladesh_2021/table_009.csv,ok,12,12,4,4,0,
extracted_tables/093_Health_Labour_Market_Analysis_in_Bangladesh_2021/table_010.csv,cleaned_tables/093_Health_Labour_Market_Analysis_in_Bangladesh_2021/table_010.csv,ok,9,9,7,7,0,
extracted_tables/093_Health_Labour_Market_Analysis_in_Bangladesh_2021/table_011.csv,cleaned_tables/093_Health_Labour_Market_Analysis_in_Bangladesh_2021/table_011.csv,ok,11,11,7,7,0,
extracted_tables/093_Health_Labour_Market_Analysis_in_Bangladesh_2021/table_012.csv,cleaned_tables/093_Health_Labour_Market_Analysis_in_Bangladesh_2021/table_012.csv,ok,5,5,8,8,0,
extracted_tables/093_Health_Labour_Market_Analysis_in_Bangladesh_2021/table_013.csv,cleaned_tables/093_Health_Labour_Market_Analysis_in_Bangladesh_2021/table_013.csv,ok,6,6,8,8,0,
extracted_tables/093_Health_Labour_Market_Analysis_in_Bangladesh_2021/table_014.csv,cleaned_tables/093_Health_Labour_Market_Analysis_in_Bangladesh_2021/table_014.csv,ok,12,12,4,4,0,
extracted_tables/093_Health_Labour_Market_Analysis_in_Bangladesh_2021/table_015.csv,cleaned_tables/093_Health_Labour_Market_Analysis_in_Bangladesh_2021/table_015.csv,ok,5,5,4,4,0,
extracted_tables/093_Health_Labour_Market_Analysis_in_Bangladesh_2021/table_016.csv,cleaned_tables/093_Health_Labour_Market_Analysis_in_Bangladesh_2021/table_016.csv,ok,11,11,5,5,0,
extracted_tables/093_Health_Labour_Market_Analysis_in_Bangladesh_2021/table_017.csv,cleaned_tables/093_Health_Labour_Market_Analysis_in_Bangladesh_2021/table_017.csv,ok,11,11,5,5,0,
extracted_tables/093_Health_Labour_Market_Analysis_in_Bangladesh_2021/table_018.csv,cleaned_tables/093_Health_Labour_Market_Analysis_in_Bangladesh_2021/table_018.csv,ok,17,16,8,7,1,
extracted_tables/093_Health_Labour_Market_Analysis_in_Bangladesh_2021/table_019.csv,cleaned_tables/093_Health_Labour_Market_Analysis_in_Bangladesh_2021/table_019.csv,ok,8,8,4,4,0,
extracted_tables/093_Health_Labour_Market_Analysis_in_Bangladesh_2021/table_020.csv,cleaned_tables/093_Health_Labour_Market_Analysis_in_Bangladesh_2021/table_020.csv,ok,11,11,4,4,0,
extracted_tables/093_Health_Labour_Market_Analysis_in_Bangladesh_2021/table_021.csv,cleaned_tables/093_Health_Labour_Market_Analysis_in_Bangladesh_2021/table_021.csv,ok,8,8,4,4,0,
extracted_tables/093_Health_Labour_Market_Analysis_in_Bangladesh_2021/table_022.csv,cleaned_tables/093_Health_Labour_Market_Analysis_in_Bangladesh_2021/table_022.csv,ok,11,11,4,4,0,
extracted_tables/093_Health_Labour_Market_Analysis_in_Bangladesh_2021/table_023.csv,cleaned_tables/093_Health_Labour_Market_Analysis_in_Bangladesh_2021/table_023.csv,ok,9,9,7,7,0,
extracted_tables/093_Health_Labour_Market_Analysis_in_Bangladesh_2021/table_024.csv,cleaned_tables/093_Health_Labour_Market_Analysis_in_Bangladesh_2021/table_024.csv,ok,7,7,7,7,0,
extracted_tables/093_Health_Labour_Market_Analysis_in_Bangladesh_2021/table_025.csv,cleaned_tables/093_Health_Labour_Market_Analysis_in_Bangladesh_2021/table_025.csv,ok,8,8,7,7,0,
extracted_tables/093_Health_Labour_Market_Analysis_in_Bangladesh_2021/table_026.csv,cleaned_tables/093_Health_Labour_Market_Analysis_in_Bangladesh_2021/table_026.csv,ok,9,9,7,7,0,
extracted_tables/093_Health_Labour_Market_Analysis_in_Bangladesh_2021/table_027.csv,cleaned_tables/093_Health_Labour_Market_Analysis_in_Bangladesh_2021/table_027.csv,ok,12,12,7,7,0,
extracted_tables/093_Health_Labour_Market_Analysis_in_Bangladesh_2021/table_028.csv,cleaned_tables/093_Health_Labour_Market_Analysis_in_Bangladesh_2021/table_028.csv,ok,8,8,4,4,0,
extracted_tables/093_Health_Labour_Market_Analysis_in_Bangladesh_2021/table_029.csv,cleaned_tables/093_Health_Labour_Market_Analysis_in_Bangladesh_2021/table_029.csv,ok,10,0,33,0,10,
extracted_tables/093_Health_Labour_Market_Analysis_in_Bangladesh_2021/table_030.csv,cleaned_tables/093_Health_Labour_Market_Analysis_in_Bangladesh_2021/table_030.csv,ok,12,12,3,3,0,
extracted_tables/093_Health_Labour_Market_Analysis_in_Bangladesh_2021/table_031.csv,cleaned_tables/093_Health_Labour_Market_Analysis_in_Bangladesh_2021/table_031.csv,ok,23,22,2,2,1,
extracted_tables/093_Health_Labour_Market_Analysis_in_Bangladesh_2021/table_032.csv,cleaned_tables/093_Health_Labour_Market_Analysis_in_Bangladesh_2021/table_032.csv,ok,9,8,2,2,1,
extracted_tables/093_Health_Labour_Market_Analysis_in_Bangladesh_2021/table_033.csv,cleaned_tables/093_Health_Labour_Market_Analysis_in_Bangladesh_2021/table_033.csv,ok,17,17,11,9,0,
extracted_tables/093_Health_Labour_Market_Analysis_in_Bangladesh_2021/table_034.csv,cleaned_tables/093_Health_Labour_Market_Analysis_in_Bangladesh_2021/table_034.csv,ok,17,17,10,9,0,
extracted_tables/093_Health_Labour_Market_Analysis_in_Bangladesh_2021/table_035.csv,cleaned_tables/093_Health_Labour_Market_Analysis_in_Bangladesh_2021/table_035.csv,ok,17,17,10,9,0,
extracted_tables/093_Health_Labour_Market_Analysis_in_Bangladesh_2021/table_036.csv,cleaned_tables/093_Health_Labour_Market_Analysis_in_Bangladesh_2021/table_036.csv,ok,17,17,10,9,0,
extracted_tables/093_Health_Labour_Market_Analysis_in_Bangladesh_2021/table_037.csv,cleaned_tables/093_Health_Labour_Market_Analysis_in_Bangladesh_2021/table_037.csv,ok,16,16,9,9,0,
extracted_tables/093_Health_Labour_Market_Analysis_in_Bangladesh_2021/table_038.csv,cleaned_tables/093_Health_Labour_Market_Analysis_in_Bangladesh_2021/table_038.csv,ok,16,16,9,9,0,
extracted_tables/093_Health_Labour_Market_Analysis_in_Bangladesh_2021/table_039.csv,cleaned_tables/093_Health_Labour_Market_Analysis_in_Bangladesh_2021/table_039.csv,ok,10,0,17,0,10,
extracted_tables/093_Health_Labour_Market_Analysis_in_Bangladesh_2021/table_040.csv,cleaned_tables/093_Health_Labour_Market_Analysis_in_Bangladesh_2021/table_040.csv,ok,16,16,9,9,0,
extracted_tables/093_Health_Labour_Market_Analysis_in_Bangladesh_2021/table_041.csv,cleaned_tables/093_Health_Labour_Market_Analysis_in_Bangladesh_2021/table_041.csv,ok,16,16,9,9,0,
extracted_tables/093_Health_Labour_Market_Analysis_in_Bangladesh_2021/table_042.csv,cleaned_tables/093_Health_Labour_Market_Analysis_in_Bangladesh_2021/table_042.csv,ok,17,17,9,9,0,
extracted_tables/093_Health_Labour_Market_Analysis_in_Bangladesh_2021/table_043.csv,cleaned_tables/093_Health_Labour_Market_Analysis_in_Bangladesh_2021/table_043.csv,ok,17,17,9,9,0,
extracted_tables/093_Health_Labour_Market_Analysis_in_Bangladesh_2021/table_044.csv,cleaned_tables/093_Health_Labour_Market_Analysis_in_Bangladesh_2021/table_044.csv,ok,16,16,9,9,0,
extracted_tables/093_Health_Labour_Market_Analysis_in_Bangladesh_2021/table_045.csv,cleaned_tables/093_Health_Labour_Market_Analysis_in_Bangladesh_2021/table_045.csv,ok,16,16,9,9,0,
extracted_tables/093_Health_Labour_Market_Analysis_in_Bangladesh_2021/table_046.csv,cleaned_tables/093_Health_Labour_Market_Analysis_in_Bangladesh_2021/table_046.csv,ok,9,0,17,0,9,
extracted_tables/093_Health_Labour_Market_Analysis_in_Bangladesh_2021/table_047.csv,cleaned_tables/093_Health_Labour_Market_Analysis_in_Bangladesh_2021/table_047.csv,ok,17,17,10,9,0,
extracted_tables/093_Health_Labour_Market_Analysis_in_Bangladesh_2021/table_048.csv,cleaned_tables/093_Health_Labour_Market_Analysis_in_Bangladesh_2021/table_048.csv,ok,16,16,9,9,0,
extracted_tables/093_Health_Labour_Market_Analysis_in_Bangladesh_2021/table_049.csv,cleaned_tables/093_Health_Labour_Market_Analysis_in_Bangladesh_2021/table_049.csv,ok,16,16,9,9,0,
extracted_tables/093_Health_Labour_Market_Analysis_in_Bangladesh_2021/table_050.csv,cleaned_tables/093_Health_Labour_Market_Analysis_in_Bangladesh_2021/table_050.csv,ok,16,16,9,9,0,
extracted_tables/093_Health_Labour_Market_Analysis_in_Bangladesh_2021/table_051.csv,cleaned_tables/093_Health_Labour_Market_Analysis_in_Bangladesh_2021/table_051.csv,ok,16,16,9,9,0,
extracted_tables/093_Health_Labour_Market_Analysis_in_Bangladesh_2021/table_052.csv,cleaned_tables/093_Health_Labour_Market_Analysis_in_Bangladesh_2021/table_052.csv,ok,16,16,9,9,0,
extracted_tables/093_Health_Labour_Market_Analysis_in_Bangladesh_2021/table_053.csv,cleaned_tables/093_Health_Labour_Market_Analysis_in_Bangladesh_2021/table_053.csv,ok,16,16,9,9,0,
extracted_tables/093_Health_Labour_Market_Analysis_in_Bangladesh_2021/table_054.csv,cleaned_tables/093_Health_Labour_Market_Analysis_in_Bangladesh_2021/table_054.csv,ok,17,17,9,9,0,
extracted_tables/093_Health_Labour_Market_Analysis_in_Bangladesh_2021/table_055.csv,cleaned_tables/093_Health_Labour_Market_Analysis_in_Bangladesh_2021/table_055.csv,ok,17,17,9,9,0,
extracted_tables/093_Health_Labour_Market_Analysis_in_Bangladesh_2021/table_056.csv,cleaned_tables/093_Health_Labour_Market_Analysis_in_Bangladesh_2021/table_056.csv,ok,17,17,9,9,0,
extracted_tables/093_Health_Labour_Market_Analysis_in_Bangladesh_2021/table_057.csv,cleaned_tables/093_Health_Labour_Market_Analysis_in_Bangladesh_2021/table_057.csv,ok,17,17,9,9,0,
extracted_tables/093_Health_Labour_Market_Analysis_in_Bangladesh_2021/table_058.csv,cleaned_tables/093_Health_Labour_Market_Analysis_in_Bangladesh_2021/table_058.csv,ok,17,17,9,9,0,
extracted_tables/093_Health_Labour_Market_Analysis_in_Bangladesh_2021/table_059.csv,cleaned_tables/093_Health_Labour_Market_Analysis_in_Bangladesh_2021/table_059.csv,ok,17,17,9,9,0,
extracted_tables/093_Health_Labour_Market_Analysis_in_Bangladesh_2021/table_060.csv,cleaned_tables/093_Health_Labour_Market_Analysis_in_Bangladesh_2021/table_060.csv,ok,16,16,9,9,0,
extracted_tables/093_Health_Labour_Market_Analysis_in_Bangladesh_2021/table_061.csv,cleaned_tables/093_Health_Labour_Market_Analysis_in_Bangladesh_2021/table_061.csv,ok,16,16,9,9,0,
extracted_tables/093_Health_Labour_Market_Analysis_in_Bangladesh_2021/table_062.csv,cleaned_tables/093_Health_Labour_Market_Analysis_in_Bangladesh_2021/table_062.csv,ok,17,17,9,9,0,
extracted_tables/093_Health_Labour_Market_Analysis_in_Bangladesh_2021/table_063.csv,cleaned_tables/093_Health_Labour_Market_Analysis_in_Bangladesh_2021/table_063.csv,ok,17,17,9,9,0,
extracted_tables/093_Health_Labour_Market_Analysis_in_Bangladesh_2021/table_064.csv,cleaned_tables/093_Health_Labour_Market_Analysis_in_Bangladesh_2021/table_064.csv,ok,17,17,9,9,0,
extracted_tables/093_Health_Labour_Market_Analysis_in_Bangladesh_2021/table_065.csv,cleaned_tables/093_Health_Labour_Market_Analysis_in_Bangladesh_2021/table_065.csv,ok,8,0,16,0,8,
extracted_tables/093_Health_Labour_Market_Analysis_in_Bangladesh_2021/table_066.csv,cleaned_tables/093_Health_Labour_Market_Analysis_in_Bangladesh_2021/table_066.csv,ok,17,17,9,9,0,
extracted_tables/093_Health_Labour_Market_Analysis_in_Bangladesh_2021/table_067.csv,cleaned_tables/093_Health_Labour_Market_Analysis_in_Bangladesh_2021/table_067.csv,ok,16,16,9,9,0,
extracted_tables/093_Health_Labour_Market_Analysis_in_Bangladesh_2021/table_068.csv,cleaned_tables/093_Health_Labour_Market_Analysis_in_Bangladesh_2021/table_068.csv,ok,16,16,9,9,0,
extracted_tables/093_Health_Labour_Market_Analysis_in_Bangladesh_2021/table_069.csv,cleaned_tables/093_Health_Labour_Market_Analysis_in_Bangladesh_2021/table_069.csv,ok,16,16,9,9,0,
extracted_tables/093_Health_Labour_Market_Analysis_in_Bangladesh_2021/table_070.csv,cleaned_tables/093_Health_Labour_Market_Analysis_in_Bangladesh_2021/table_070.csv,ok,16,16,9,9,0,
extracted_tables/093_Health_Labour_Market_Analysis_in_Bangladesh_2021/table_071.csv,cleaned_tables/093_Health_Labour_Market_Analysis_in_Bangladesh_2021/table_071.csv,ok,16,16,9,9,0,
extracted_tables/093_Health_Labour_Market_Analysis_in_Bangladesh_2021/table_072.csv,cleaned_tables/093_Health_Labour_Market_Analysis_in_Bangladesh_2021/table_072.csv,ok,8,0,11,0,8,
extracted_tables/093_Health_Labour_Market_Analysis_in_Bangladesh_2021/table_073.csv,cleaned_tables/093_Health_Labour_Market_Analysis_in_Bangladesh_2021/table_073.csv,ok,17,17,9,9,0,
extracted_tables/093_Health_Labour_Market_Analysis_in_Bangladesh_2021/table_074.csv,cleaned_tables/093_Health_Labour_Market_Analysis_in_Bangladesh_2021/table_074.csv,ok,17,17,9,9,0,
extracted_tables/093_Health_Labour_Market_Analysis_in_Bangladesh_2021/table_075.csv,cleaned_tables/093_Health_Labour_Market_Analysis_in_Bangladesh_2021/table_075.csv,ok,17,17,10,10,0,
extracted_tables/093_Health_Labour_Market_Analysis_in_Bangladesh_2021/table_076.csv,cleaned_tables/093_Health_Labour_Market_Analysis_in_Bangladesh_2021/table_076.csv,ok,17,17,9,9,0,
extracted_tables/093_Health_Labour_Market_Analysis_in_Bangladesh_2021/table_077.csv,cleaned_tables/093_Health_Labour_Market_Analysis_in_Bangladesh_2021/table_077.csv,ok,17,17,9,9,0,
extracted_tables/093_Health_Labour_Market_Analysis_in_Bangladesh_2021/table_078.csv,cleaned_tables/093_Health_Labour_Market_Analysis_in_Bangladesh_2021/table_078.csv,ok,17,17,10,10,0,
extracted_tables/093_Health_Labour_Market_Analysis_in_Bangladesh_2021/table_079.csv,cleaned_tables/093_Health_Labour_Market_Analysis_in_Bangladesh_2021/table_079.csv,ok,10,1,16,1,9,
extracted_tables/093_Health_Labour_Market_Analysis_in_Bangladesh_2021/table_080.csv,cleaned_tables/093_Health_Labour_Market_Analysis_in_Bangladesh_2021/table_080.csv,ok,10,0,16,0,10,
extracted_tables/093_Health_Labour_Market_Analysis_in_Bangladesh_2021/table_081.csv,cleaned_tables/093_Health_Labour_Market_Analysis_in_Bangladesh_2021/table_081.csv,ok,17,17,10,10,0,
extracted_tables/093_Health_Labour_Market_Analysis_in_Bangladesh_2021/table_082.csv,cleaned_tables/093_Health_Labour_Market_Analysis_in_Bangladesh_2021/table_082.csv,ok,17,17,10,10,0,
extracted_tables/093_Health_Labour_Market_Analysis_in_Bangladesh_2021/table_083.csv,cleaned_tables/093_Health_Labour_Market_Analysis_in_Bangladesh_2021/table_083.csv,ok,17,17,9,9,0,
extracted_tables/093_Health_Labour_Market_Analysis_in_Bangladesh_2021/table_084.csv,cleaned_tables/093_Health_Labour_Market_Analysis_in_Bangladesh_2021/table_084.csv,ok,17,17,10,10,0,
extracted_tables/093_Health_Labour_Market_Analysis_in_Bangladesh_2021/table_085.csv,cleaned_tables/093_Health_Labour_Market_Analysis_in_Bangladesh_2021/table_085.csv,ok,17,17,9,9,0,
extracted_tables/093_Health_Labour_Market_Analysis_in_Bangladesh_2021/table_086.csv,cleaned_tables/093_Health_Labour_Market_Analysis_in_Bangladesh_2021/table_086.csv,ok,17,17,9,9,0,
extracted_tables/093_Health_Labour_Market_Analysis_in_Bangladesh_2021/table_087.csv,cleaned_tables/093_Health_Labour_Market_Analysis_in_Bangladesh_2021/table_087.csv,ok,17,17,9,9,0,
extracted_tables/093_Health_Labour_Market_Analysis_in_Bangladesh_2021/table_088.csv,cleaned_tables/093_Health_Labour_Market_Analysis_in_Bangladesh_2021/table_088.csv,ok,17,17,9,9,0,
extracted_tables/093_Health_Labour_Market_Analysis_in_Bangladesh_2021/table_089.csv,cleaned_tables/093_Health_Labour_Market_Analysis_in_Bangladesh_2021/table_089.csv,ok,17,17,9,9,0,
extracted_tables/093_Health_Labour_Market_Analysis_in_Bangladesh_2021/table_090.csv,cleaned_tables/093_Health_Labour_Market_Analysis_in_Bangladesh_2021/table_090.csv,ok,17,17,9,9,0,
extracted_tables/093_Health_Labour_Market_Analysis_in_Bangladesh_2021/table_091.csv,cleaned_tables/093_Health_Labour_Market_Analysis_in_Bangladesh_2021/table_091.csv,ok,17,17,9,9,0,
extracted_tables/093_Health_Labour_Market_Analysis_in_Bangladesh_2021/table_092.csv,cleaned_tables/093_Health_Labour_Market_Analysis_in_Bangladesh_2021/table_092.csv,ok,17,17,9,9,0,
extracted_tables/093_Health_Labour_Market_Analysis_in_Bangladesh_2021/table_093.csv,cleaned_tables/093_Health_Labour_Market_Analysis_in_Bangladesh_2021/table_093.csv,ok,8,0,17,0,8,
extracted_tables/093_Health_Labour_Market_Analysis_in_Bangladesh_2021/table_094.csv,cleaned_tables/093_Health_Labour_Market_Analysis_in_Bangladesh_2021/table_094.csv,ok,16,16,10,9,0,
extracted_tables/093_Health_Labour_Market_Analysis_in_Bangladesh_2021/table_095.csv,cleaned_tables/093_Health_Labour_Market_Analysis_in_Bangladesh_2021/table_095.csv,ok,17,17,9,9,0,
extracted_tables/093_Health_Labour_Market_Analysis_in_Bangladesh_2021/table_096.csv,cleaned_tables/093_Health_Labour_Market_Analysis_in_Bangladesh_2021/table_096.csv,ok,16,16,9,9,0,
extracted_tables/093_Health_Labour_Market_Analysis_in_Bangladesh_2021/table_097.csv,cleaned_tables/093_Health_Labour_Market_Analysis_in_Bangladesh_2021/table_097.csv,ok,17,17,10,10,0,
extracted_tables/093_Health_Labour_Market_Analysis_in_Bangladesh_2021/table_098.csv,cleaned_tables/093_Health_Labour_Market_Analysis_in_Bangladesh_2021/table_098.csv,ok,17,17,9,9,0,
extracted_tables/093_Health_Labour_Market_Analysis_in_Bangladesh_2021/table_099.csv,cleaned_tables/093_Health_Labour_Market_Analysis_in_Bangladesh_2021/table_099.csv,ok,17,17,9,9,0,
extracted_tables/093_Health_Labour_Market_Analysis_in_Bangladesh_2021/table_100.csv,cleaned_tables/093_Health_Labour_Market_Analysis_in_Bangladesh_2021/table_100.csv,ok,6,0,17,0,6,
extracted_tables/093_Health_Labour_Market_Analysis_in_Bangladesh_2021/table_101.csv,cleaned_tables/093_Health_Labour_Market_Analysis_in_Bangladesh_2021/table_101.csv,ok,17,17,9,9,0,
extracted_tables/093_Health_Labour_Market_Analysis_in_Bangladesh_2021/table_102.csv,cleaned_tables/093_Health_Labour_Market_Analysis_in_Bangladesh_2021/table_102.csv,ok,17,17,9,9,0,
extracted_tables/093_Health_Labour_Market_Analysis_in_Bangladesh_2021/table_103.csv,cleaned_tables/093_Health_Labour_Market_Analysis_in_Bangladesh_2021/table_103.csv,ok,17,17,9,9,0,
extracted_tables/093_Health_Labour_Market_Analysis_in_Bangladesh_2021/table_104.csv,cleaned_tables/093_Health_Labour_Market_Analysis_in_Bangladesh_2021/table_104.csv,ok,17,17,9,9,0,
extracted_tables/093_Health_Labour_Market_Analysis_in_Bangladesh_2021/table_105.csv,cleaned_tables/093_Health_Labour_Market_Analysis_in_Bangladesh_2021/table_105.csv,ok,16,16,9,9,0,
extracted_tables/093_Health_Labour_Market_Analysis_in_Bangladesh_2021/table_106.csv,cleaned_tables/093_Health_Labour_Market_Analysis_in_Bangladesh_2021/table_106.csv,ok,16,16,9,9,0,
extracted_tables/093_Health_Labour_Market_Analysis_in_Bangladesh_2021/table_107.csv,cleaned_tables/093_Health_Labour_Market_Analysis_in_Bangladesh_2021/table_107.csv,ok,7,0,16,0,7,
extracted_tables/093_Health_Labour_Market_Analysis_in_Bangladesh_2021/table_108.csv,cleaned_tables/093_Health_Labour_Market_Analysis_in_Bangladesh_2021/table_108.csv,ok,17,17,9,9,0,
extracted_tables/093_Health_Labour_Market_Analysis_in_Bangladesh_2021/table_109.csv,cleaned_tables/093_Health_Labour_Market_Analysis_in_Bangladesh_2021/table_109.csv,ok,17,17,9,9,0,
extracted_tables/093_Health_Labour_Market_Analysis_in_Bangladesh_2021/table_110.csv,cleaned_tables/093_Health_Labour_Market_Analysis_in_Bangladesh_2021/table_110.csv,ok,17,17,9,9,0,
extracted_tables/093_Health_Labour_Market_Analysis_in_Bangladesh_2021/table_111.csv,cleaned_tables/093_Health_Labour_Market_Analysis_in_Bangladesh_2021/table_111.csv,ok,17,17,9,9,0,
extracted_tables/093_Health_Labour_Market_Analysis_in_Bangladesh_2021/table_112.csv,cleaned_tables/093_Health_Labour_Market_Analysis_in_Bangladesh_2021/table_112.csv,ok,17,17,9,9,0,
extracted_tables/093_Health_Labour_Market_Analysis_in_Bangladesh_2021/table_113.csv,cleaned_tables/093_Health_Labour_Market_Analysis_in_Bangladesh_2021/table_113.csv,ok,17,17,9,9,0,
extracted_tables/093_Health_Labour_Market_Analysis_in_Bangladesh_2021/table_114.csv,cleaned_tables/093_Health_Labour_Market_Analysis_in_Bangladesh_2021/table_114.csv,ok,17,17,9,9,0,
extracted_tables/093_Health_Labour_Market_Analysis_in_Bangladesh_2021/table_115.csv,cleaned_tables/093_Health_Labour_Market_Analysis_in_Bangladesh_2021/table_115.csv,ok,16,16,9,9,0,
extracted_tables/093_Health_Labour_Market_Analysis_in_Bangladesh_2021/table_116.csv,cleaned_tables/093_Health_Labour_Market_Analysis_in_Bangladesh_2021/table_116.csv,ok,17,17,9,9,0,
extracted_tables/093_Health_Labour_Market_Analysis_in_Bangladesh_2021/table_117.csv,cleaned_tables/093_Health_Labour_Market_Analysis_in_Bangladesh_2021/table_117.csv,ok,17,17,9,9,0,
extracted_tables/093_Health_Labour_Market_Analysis_in_Bangladesh_2021/table_118.csv,cleaned_tables/093_Health_Labour_Market_Analysis_in_Bangladesh_2021/table_118.csv,ok,17,17,9,9,0,
extracted_tables/093_Health_Labour_Market_Analysis_in_Bangladesh_2021/table_119.csv,cleaned_tables/093_Health_Labour_Market_Analysis_in_Bangladesh_2021/table_119.csv,ok,9,0,11,0,9,
extracted_tables/093_Health_Labour_Market_Analysis_in_Bangladesh_2021/table_120.csv,cleaned_tables/093_Health_Labour_Market_Analysis_in_Bangladesh_2021/table_120.csv,ok,11,0,11,0,11,
extracted_tables/093_Health_Labour_Market_Analysis_in_Bangladesh_2021/table_121.csv,cleaned_tables/093_Health_Labour_Market_Analysis_in_Bangladesh_2021/table_121.csv,ok,17,17,9,9,0,
extracted_tables/093_Health_Labour_Market_Analysis_in_Bangladesh_2021/table_122.csv,cleaned_tables/093_Health_Labour_Market_Analysis_in_Bangladesh_2021/table_122.csv,ok,17,17,9,9,0,
extracted_tables/093_Health_Labour_Market_Analysis_in_Bangladesh_2021/table_123.csv,cleaned_tables/093_Health_Labour_Market_Analysis_in_Bangladesh_2021/table_123.csv,ok,17,17,9,9,0,
extracted_tables/093_Health_Labour_Market_Analysis_in_Bangladesh_2021/table_124.csv,cleaned_tables/093_Health_Labour_Market_Analysis_in_Bangladesh_2021/table_124.csv,ok,17,17,9,9,0,
extracted_tables/093_Health_Labour_Market_Analysis_in_Bangladesh_2021/table_125.csv,cleaned_tables/093_Health_Labour_Market_Analysis_in_Bangladesh_2021/table_125.csv,ok,17,17,9,9,0,
extracted_tables/093_Health_Labour_Market_Analysis_in_Bangladesh_2021/table_126.csv,cleaned_tables/093_Health_Labour_Market_Analysis_in_Bangladesh_2021/table_126.csv,ok,17,17,9,9,0,
extracted_tables/093_Health_Labour_Market_Analysis_in_Bangladesh_2021/table_127.csv,cleaned_tables/093_Health_Labour_Market_Analysis_in_Bangladesh_2021/table_127.csv,ok,17,17,9,9,0,
extracted_tables/093_Health_Labour_Market_Analysis_in_Bangladesh_2021/table_128.csv,cleaned_tables/093_Health_Labour_Market_Analysis_in_Bangladesh_2021/table_128.csv,ok,17,17,9,9,0,
extracted_tables/093_Health_Labour_Market_Analysis_in_Bangladesh_2021/table_129.csv,cleaned_tables/093_Health_Labour_Market_Analysis_in_Bangladesh_2021/table_129.csv,ok,16,16,9,9,0,
extracted_tables/093_Health_Labour_Market_Analysis_in_Bangladesh_2021/table_130.csv,cleaned_tables/093_Health_Labour_Market_Analysis_in_Bangladesh_2021/table_130.csv,ok,17,17,9,9,0,
extracted_tables/093_Health_Labour_Market_Analysis_in_Bangladesh_2021/table_131.csv,cleaned_tables/093_Health_Labour_Market_Analysis_in_Bangladesh_2021/table_131.csv,ok,17,17,9,9,0,
extracted_tables/093_Health_Labour_Market_Analysis_in_Bangladesh_2021/table_132.csv,cleaned_tables/093_Health_Labour_Market_Analysis_in_Bangladesh_2021/table_132.csv,ok,17,17,9,9,0,
extracted_tables/093_Health_Labour_Market_Analysis_in_Bangladesh_2021/table_133.csv,cleaned_tables/093_Health_Labour_Market_Analysis_in_Bangladesh_2021/table_133.csv,ok,16,16,9,9,0,
extracted_tables/093_Health_Labour_Market_Analysis_in_Bangladesh_2021/table_134.csv,cleaned_tables/093_Health_Labour_Market_Analysis_in_Bangladesh_2021/table_134.csv,ok,6,1,17,1,5,
extracted_tables/093_Health_Labour_Market_Analysis_in_Bangladesh_2021/table_135.csv,cleaned_tables/093_Health_Labour_Market_Analysis_in_Bangladesh_2021/table_135.csv,ok,6,2,17,1,4,
extracted_tables/094_HRH_Data_Sheet_2022_of_HSD/table_001.csv,cleaned_tables/094_HRH_Data_Sheet_2022_of_HSD/table_001.csv,ok,39,0,5,0,39,
extracted_tables/094_HRH_Data_Sheet_2022_of_HSD/table_002.csv,cleaned_tables/094_HRH_Data_Sheet_2022_of_HSD/table_002.csv,ok,16,0,4,0,16,
extracted_tables/094_HRH_Data_Sheet_2022_of_HSD/table_003.csv,cleaned_tables/094_HRH_Data_Sheet_2022_of_HSD/table_003.csv,ok,15,0,2,0,15,
extracted_tables/094_HRH_Data_Sheet_2022_of_HSD/table_004.csv,cleaned_tables/094_HRH_Data_Sheet_2022_of_HSD/table_004.csv,ok,7,0,2,0,7,
extracted_tables/094_HRH_Data_Sheet_2022_of_HSD/table_005.csv,cleaned_tables/094_HRH_Data_Sheet_2022_of_HSD/table_005.csv,ok,14,0,4,0,14,
extracted_tables/095__HRH_Data_Sheet_2019_of_HSD/table_001.csv,cleaned_tables/095__HRH_Data_Sheet_2019_of_HSD/table_001.csv,ok,27,27,3,3,0,
extracted_tables/095__HRH_Data_Sheet_2019_of_HSD/table_002.csv,cleaned_tables/095__HRH_Data_Sheet_2019_of_HSD/table_002.csv,ok,39,39,8,8,0,
extracted_tables/095__HRH_Data_Sheet_2019_of_HSD/table_003.csv,cleaned_tables/095__HRH_Data_Sheet_2019_of_HSD/table_003.csv,ok,8,8,6,6,0,
extracted_tables/095__HRH_Data_Sheet_2019_of_HSD/table_004.csv,cleaned_tables/095__HRH_Data_Sheet_2019_of_HSD/table_004.csv,ok,23,22,8,8,1,
extracted_tables/095__HRH_Data_Sheet_2019_of_HSD/table_005.csv,cleaned_tables/095__HRH_Data_Sheet_2019_of_HSD/table_005.csv,ok,30,29,4,4,1,
extracted_tables/095__HRH_Data_Sheet_2019_of_HSD/table_006.csv,cleaned_tables/095__HRH_Data_Sheet_2019_of_HSD/table_006.csv,ok,17,16,4,4,1,
extracted_tables/095__HRH_Data_Sheet_2019_of_HSD/table_007.csv,cleaned_tables/095__HRH_Data_Sheet_2019_of_HSD/table_007.csv,ok,24,23,4,4,1,
extracted_tables/095__HRH_Data_Sheet_2019_of_HSD/table_008.csv,cleaned_tables/095__HRH_Data_Sheet_2019_of_HSD/table_008.csv,ok,8,3,8,4,5,
extracted_tables/095__HRH_Data_Sheet_2019_of_HSD/table_009.csv,cleaned_tables/095__HRH_Data_Sheet_2019_of_HSD/table_009.csv,ok,13,4,26,6,9,
extracted_tables/095__HRH_Data_Sheet_2019_of_HSD/table_010.csv,cleaned_tables/095__HRH_Data_Sheet_2019_of_HSD/table_010.csv,ok,5,4,2,2,1,
extracted_tables/098_HRD_Data_Sheet_2011_of_MOHFW/table_001.csv,cleaned_tables/098_HRD_Data_Sheet_2011_of_MOHFW/table_001.csv,ok,19,18,3,3,1,
extracted_tables/098_HRD_Data_Sheet_2011_of_MOHFW/table_002.csv,cleaned_tables/098_HRD_Data_Sheet_2011_of_MOHFW/table_002.csv,ok,17,16,3,3,1,
extracted_tables/098_HRD_Data_Sheet_2011_of_MOHFW/table_003.csv,cleaned_tables/098_HRD_Data_Sheet_2011_of_MOHFW/table_003.csv,ok,11,10,3,3,1,
extracted_tables/098_HRD_Data_Sheet_2011_of_MOHFW/table_004.csv,cleaned_tables/098_HRD_Data_Sheet_2011_of_MOHFW/table_004.csv,ok,22,21,12,12,1,
extracted_tables/098_HRD_Data_Sheet_2011_of_MOHFW/table_005.csv,cleaned_tables/098_HRD_Data_Sheet_2011_of_MOHFW/table_005.csv,ok,9,8,6,6,1,
extracted_tables/098_HRD_Data_Sheet_2011_of_MOHFW/table_006.csv,cleaned_tables/098_HRD_Data_Sheet_2011_of_MOHFW/table_006.csv,ok,8,7,3,3,1,
extracted_tables/098_HRD_Data_Sheet_2011_of_MOHFW/table_007.csv,cleaned_tables/098_HRD_Data_Sheet_2011_of_MOHFW/table_007.csv,ok,8,7,5,5,1,
extracted_tables/098_HRD_Data_Sheet_2011_of_MOHFW/table_008.csv,cleaned_tables/098_HRD_Data_Sheet_2011_of_MOHFW/table_008.csv,ok,7,6,4,4,1,
extracted_tables/098_HRD_Data_Sheet_2011_of_MOHFW/table_009.csv,cleaned_tables/098_HRD_Data_Sheet_2011_of_MOHFW/table_009.csv,ok,7,6,7,7,1,
extracted_tables/098_HRD_Data_Sheet_2011_of_MOHFW/table_010.csv,cleaned_tables/098_HRD_Data_Sheet_2011_of_MOHFW/table_010.csv,ok,13,12,5,5,1,
extracted_tables/098_HRD_Data_Sheet_2011_of_MOHFW/table_011.csv,cleaned_tables/098_HRD_Data_Sheet_2011_of_MOHFW/table_011.csv,ok,10,9,7,7,1,
extracted_tables/098_HRD_Data_Sheet_2011_of_MOHFW/table_012.csv,cleaned_tables/098_HRD_Data_Sheet_2011_of_MOHFW/table_012.csv,ok,12,12,6,6,0,
extracted_tables/098_HRD_Data_Sheet_2011_of_MOHFW/table_013.csv,cleaned_tables/098_HRD_Data_Sheet_2011_of_MOHFW/table_013.csv,ok,7,7,5,5,0,
extracted_tables/098_HRD_Data_Sheet_2011_of_MOHFW/table_014.csv,cleaned_tables/098_HRD_Data_Sheet_2011_of_MOHFW/table_014.csv,ok,12,12,4,4,0,
extracted_tables/100_Pregnancy_History_Information/table_001.csv,cleaned_tables/100_Pregnancy_History_Information/table_001.csv,ok,6,3,2,1,3,
extracted_tables/100_Pregnancy_History_Information/table_002.csv,cleaned_tables/100_Pregnancy_History_Information/table_002.csv,ok,6,3,2,1,3,
extracted_tables/100_Pregnancy_History_Information/table_003.csv,cleaned_tables/100_Pregnancy_History_Information/table_003.csv,ok,6,3,2,1,3,
extracted_tables/100_Pregnancy_History_Information/table_004.csv,cleaned_tables/100_Pregnancy_History_Information/table_004.csv,ok,6,3,2,1,3,
extracted_tables/102_Cancer_J_Bangladesh_Vol_5_No_2/table_001.csv,cleaned_tables/102_Cancer_J_Bangladesh_Vol_5_No_2/table_001.csv,ok,11,1,7,1,10,
extracted_tables/104_Yearbook_2023/table_0001.csv,cleaned_tables/104_Yearbook_2023/table_0001.csv,ok,3,2,2,1,1,
extracted_tables/104_Yearbook_2023/table_0002.csv,cleaned_tables/104_Yearbook_2023/table_0002.csv,ok,27,26,3,3,1,
extracted_tables/104_Yearbook_2023/table_0003.csv,cleaned_tables/104_Yearbook_2023/table_0003.csv,ok,2,1,3,1,1,
extracted_tables/104_Yearbook_2023/table_0004.csv,cleaned_tables/104_Yearbook_2023/table_0004.csv,ok,5,2,12,2,3,
extracted_tables/104_Yearbook_2023/table_0005.csv,cleaned_tables/104_Yearbook_2023/table_0005.csv,ok,3,1,3,1,2,
extracted_tables/104_Yearbook_2023/table_0006.csv,cleaned_tables/104_Yearbook_2023/table_0006.csv,ok,7,6,4,3,1,
extracted_tables/104_Yearbook_2023/table_0007.csv,cleaned_tables/104_Yearbook_2023/table_0007.csv,ok,8,8,7,5,0,
extracted_tables/104_Yearbook_2023/table_0008.csv,cleaned_tables/104_Yearbook_2023/table_0008.csv,ok,7,6,5,4,1,
extracted_tables/104_Yearbook_2023/table_0009.csv,cleaned_tables/104_Yearbook_2023/table_0009.csv,ok,7,6,5,3,1,
extracted_tables/104_Yearbook_2023/table_0010.csv,cleaned_tables/104_Yearbook_2023/table_0010.csv,ok,14,14,3,3,0,
extracted_tables/104_Yearbook_2023/table_0011.csv,cleaned_tables/104_Yearbook_2023/table_0011.csv,ok,13,13,7,6,0,
extracted_tables/104_Yearbook_2023/table_0012.csv,cleaned_tables/104_Yearbook_2023/table_0012.csv,ok,3,1,3,1,2,
extracted_tables/104_Yearbook_2023/table_0013.csv,cleaned_tables/104_Yearbook_2023/table_0013.csv,ok,15,14,4,3,1,
extracted_tables/104_Yearbook_2023/table_0014.csv,cleaned_tables/104_Yearbook_2023/table_0014.csv,ok,14,14,8,7,0,
extracted_tables/104_Yearbook_2023/table_0015.csv,cleaned_tables/104_Yearbook_2023/table_0015.csv,ok,14,13,3,2,1,
extracted_tables/104_Yearbook_2023/table_0016.csv,cleaned_tables/104_Yearbook_2023/table_0016.csv,ok,14,14,8,6,0,
extracted_tables/104_Yearbook_2023/table_0017.csv,cleaned_tables/104_Yearbook_2023/table_0017.csv,ok,3,1,3,1,2,
extracted_tables/104_Yearbook_2023/table_0018.csv,cleaned_tables/104_Yearbook_2023/table_0018.csv,ok,16,15,17,16,1,
extracted_tables/104_Yearbook_2023/table_0019.csv,cleaned_tables/104_Yearbook_2023/table_0019.csv,ok,3,1,3,1,2,
extracted_tables/104_Yearbook_2023/table_0020.csv,cleaned_tables/104_Yearbook_2023/table_0020.csv,ok,9,8,3,2,1,
extracted_tables/104_Yearbook_2023/table_0021.csv,cleaned_tables/104_Yearbook_2023/table_0021.csv,ok,5,4,3,2,1,
extracted_tables/104_Yearbook_2023/table_0022.csv,cleaned_tables/104_Yearbook_2023/table_0022.csv,ok,14,14,9,9,0,
extracted_tables/104_Yearbook_2023/table_0023.csv,cleaned_tables/104_Yearbook_2023/table_0023.csv,ok,3,1,3,1,2,
extracted_tables/104_Yearbook_2023/table_0024.csv,cleaned_tables/104_Yearbook_2023/table_0024.csv,ok,16,15,5,5,1,
extracted_tables/104_Yearbook_2023/table_0025.csv,cleaned_tables/104_Yearbook_2023/table_0025.csv,ok,2,1,2,1,1,
extracted_tables/104_Yearbook_2023/table_0026.csv,cleaned_tables/104_Yearbook_2023/table_0026.csv,ok,15,10,3,2,5,
extracted_tables/104_Yearbook_2023/table_0027.csv,cleaned_tables/104_Yearbook_2023/table_0027.csv,ok,8,7,3,2,1,
extracted_tables/104_Yearbook_2023/table_0028.csv,cleaned_tables/104_Yearbook_2023/table_0028.csv,ok,2,1,2,1,1,
extracted_tables/104_Yearbook_2023/table_0029.csv,cleaned_tables/104_Yearbook_2023/table_0029.csv,ok,15,15,8,6,0,
extracted_tables/104_Yearbook_2023/table_0030.csv,cleaned_tables/104_Yearbook_2023/table_0030.csv,ok,2,1,7,7,1,
extracted_tables/104_Yearbook_2023/table_0031.csv,cleaned_tables/104_Yearbook_2023/table_0031.csv,ok,2,1,2,1,1,
extracted_tables/104_Yearbook_2023/table_0032.csv,cleaned_tables/104_Yearbook_2023/table_0032.csv,ok,2,1,2,1,1,
extracted_tables/104_Yearbook_2023/table_0033.csv,cleaned_tables/104_Yearbook_2023/table_0033.csv,ok,8,7,3,2,1,
extracted_tables/104_Yearbook_2023/table_0034.csv,cleaned_tables/104_Yearbook_2023/table_0034.csv,ok,16,16,14,14,0,
extracted_tables/104_Yearbook_2023/table_0035.csv,cleaned_tables/104_Yearbook_2023/table_0035.csv,ok,2,1,2,1,1,
extracted_tables/104_Yearbook_2023/table_0036.csv,cleaned_tables/104_Yearbook_2023/table_0036.csv,ok,9,8,3,2,1,
extracted_tables/104_Yearbook_2023/table_0037.csv,cleaned_tables/104_Yearbook_2023/table_0037.csv,ok,7,6,3,2,1,
extracted_tables/104_Yearbook_2023/table_0038.csv,cleaned_tables/104_Yearbook_2023/table_0038.csv,ok,2,1,2,1,1,
extracted_tables/104_Yearbook_2023/table_0039.csv,cleaned_tables/104_Yearbook_2023/table_0039.csv,ok,16,15,6,6,1,
extracted_tables/104_Yearbook_2023/table_0040.csv,cleaned_tables/104_Yearbook_2023/table_0040.csv,ok,15,15,8,6,0,
extracted_tables/104_Yearbook_2023/table_0041.csv,cleaned_tables/104_Yearbook_2023/table_0041.csv,ok,34,32,14,14,2,
extracted_tables/104_Yearbook_2023/table_0042.csv,cleaned_tables/104_Yearbook_2023/table_0042.csv,ok,2,1,2,1,1,
extracted_tables/104_Yearbook_2023/table_0043.csv,cleaned_tables/104_Yearbook_2023/table_0043.csv,ok,17,16,7,7,1,
extracted_tables/104_Yearbook_2023/table_0044.csv,cleaned_tables/104_Yearbook_2023/table_0044.csv,ok,8,7,3,2,1,
extracted_tables/104_Yearbook_2023/table_0045.csv,cleaned_tables/104_Yearbook_2023/table_0045.csv,ok,2,1,2,1,1,
extracted_tables/104_Yearbook_2023/table_0046.csv,cleaned_tables/104_Yearbook_2023/table_0046.csv,ok,18,17,18,16,1,
extracted_tables/104_Yearbook_2023/table_0047.csv,cleaned_tables/104_Yearbook_2023/table_0047.csv,ok,8,7,3,2,1,
extracted_tables/104_Yearbook_2023/table_0048.csv,cleaned_tables/104_Yearbook_2023/table_0048.csv,ok,2,1,2,1,1,
extracted_tables/104_Yearbook_2023/table_0049.csv,cleaned_tables/104_Yearbook_2023/table_0049.csv,ok,4,3,3,2,1,
extracted_tables/104_Yearbook_2023/table_0050.csv,cleaned_tables/104_Yearbook_2023/table_0050.csv,ok,3,2,3,2,1,
extracted_tables/104_Yearbook_2023/table_0051.csv,cleaned_tables/104_Yearbook_2023/table_0051.csv,ok,6,6,3,3,0,
extracted_tables/104_Yearbook_2023/table_0052.csv,cleaned_tables/104_Yearbook_2023/table_0052.csv,ok,5,5,3,3,0,
extracted_tables/104_Yearbook_2023/table_0053.csv,cleaned_tables/104_Yearbook_2023/table_0053.csv,ok,3,3,6,6,0,
extracted_tables/104_Yearbook_2023/table_0054.csv,cleaned_tables/104_Yearbook_2023/table_0054.csv,ok,2,1,2,1,1,
extracted_tables/104_Yearbook_2023/table_0055.csv,cleaned_tables/104_Yearbook_2023/table_0055.csv,ok,2,1,2,1,1,
extracted_tables/104_Yearbook_2023/table_0056.csv,cleaned_tables/104_Yearbook_2023/table_0056.csv,ok,14,14,3,3,0,
extracted_tables/104_Yearbook_2023/table_0057.csv,cleaned_tables/104_Yearbook_2023/table_0057.csv,ok,2,1,2,1,1,
extracted_tables/104_Yearbook_2023/table_0058.csv,cleaned_tables/104_Yearbook_2023/table_0058.csv,ok,9,8,3,2,1,
extracted_tables/104_Yearbook_2023/table_0059.csv,cleaned_tables/104_Yearbook_2023/table_0059.csv,ok,2,1,3,2,1,
extracted_tables/104_Yearbook_2023/table_0060.csv,cleaned_tables/104_Yearbook_2023/table_0060.csv,ok,4,3,3,2,1,
extracted_tables/104_Yearbook_2023/table_0061.csv,cleaned_tables/104_Yearbook_2023/table_0061.csv,ok,2,1,2,1,1,
extracted_tables/104_Yearbook_2023/table_0062.csv,cleaned_tables/104_Yearbook_2023/table_0062.csv,ok,2,1,3,3,1,
extracted_tables/104_Yearbook_2023/table_0063.csv,cleaned_tables/104_Yearbook_2023/table_0063.csv,ok,2,1,3,3,1,
extracted_tables/104_Yearbook_2023/table_0064.csv,cleaned_tables/104_Yearbook_2023/table_0064.csv,ok,4,3,4,4,1,
extracted_tables/104_Yearbook_2023/table_0065.csv,cleaned_tables/104_Yearbook_2023/table_0065.csv,ok,2,1,4,3,1,
extracted_tables/104_Yearbook_2023/table_0066.csv,cleaned_tables/104_Yearbook_2023/table_0066.csv,ok,2,1,2,1,1,
extracted_tables/104_Yearbook_2023/table_0067.csv,cleaned_tables/104_Yearbook_2023/table_0067.csv,ok,5,4,4,4,1,
extracted_tables/104_Yearbook_2023/table_0068.csv,cleaned_tables/104_Yearbook_2023/table_0068.csv,ok,9,8,3,2,1,
extracted_tables/104_Yearbook_2023/table_0069.csv,cleaned_tables/104_Yearbook_2023/table_0069.csv,ok,2,1,2,1,1,
extracted_tables/104_Yearbook_2023/table_0070.csv,cleaned_tables/104_Yearbook_2023/table_0070.csv,ok,9,8,3,2,1,
extracted_tables/104_Yearbook_2023/table_0071.csv,cleaned_tables/104_Yearbook_2023/table_0071.csv,ok,6,5,3,2,1,
extracted_tables/104_Yearbook_2023/table_0072.csv,cleaned_tables/104_Yearbook_2023/table_0072.csv,ok,2,1,2,1,1,
extracted_tables/104_Yearbook_2023/table_0073.csv,cleaned_tables/104_Yearbook_2023/table_0073.csv,ok,7,6,3,3,1,
extracted_tables/104_Yearbook_2023/table_0074.csv,cleaned_tables/104_Yearbook_2023/table_0074.csv,ok,8,7,5,3,1,
extracted_tables/104_Yearbook_2023/table_0075.csv,cleaned_tables/104_Yearbook_2023/table_0075.csv,ok,2,1,2,1,1,
extracted_tables/104_Yearbook_2023/table_0076.csv,cleaned_tables/104_Yearbook_2023/table_0076.csv,ok,2,1,5,3,1,
extracted_tables/104_Yearbook_2023/table_0077.csv,cleaned_tables/104_Yearbook_2023/table_0077.csv,ok,2,1,2,1,1,
extracted_tables/104_Yearbook_2023/table_0078.csv,cleaned_tables/104_Yearbook_2023/table_0078.csv,ok,9,8,3,2,1,
extracted_tables/104_Yearbook_2023/table_0079.csv,cleaned_tables/104_Yearbook_2023/table_0079.csv,ok,9,8,3,2,1,
extracted_tables/104_Yearbook_2023/table_0080.csv,cleaned_tables/104_Yearbook_2023/table_0080.csv,ok,2,1,2,1,1,
extracted_tables/104_Yearbook_2023/table_0081.csv,cleaned_tables/104_Yearbook_2023/table_0081.csv,ok,10,9,4,3,1,
extracted_tables/104_Yearbook_2023/table_0082.csv,cleaned_tables/104_Yearbook_2023/table_0082.csv,ok,16,15,4,4,1,
extracted_tables/104_Yearbook_2023/table_0083.csv,cleaned_tables/104_Yearbook_2023/table_0083.csv,ok,2,1,2,1,1,
extracted_tables/104_Yearbook_2023/table_0084.csv,cleaned_tables/104_Yearbook_2023/table_0084.csv,ok,2,1,2,1,1,
extracted_tables/104_Yearbook_2023/table_0085.csv,cleaned_tables/104_Yearbook_2023/table_0085.csv,ok,13,7,17,10,6,
extracted_tables/104_Yearbook_2023/table_0086.csv,cleaned_tables/104_Yearbook_2023/table_0086.csv,ok,18,17,4,4,1,
extracted_tables/104_Yearbook_2023/table_0087.csv,cleaned_tables/104_Yearbook_2023/table_0087.csv,ok,2,1,2,1,1,
extracted_tables/104_Yearbook_2023/table_0088.csv,cleaned_tables/104_Yearbook_2023/table_0088.csv,ok,2,1,2,1,1,
extracted_tables/104_Yearbook_2023/table_0089.csv,cleaned_tables/104_Yearbook_2023/table_0089.csv,ok,17,16,3,3,1,
extracted_tables/104_Yearbook_2023/table_0090.csv,cleaned_tables/104_Yearbook_2023/table_0090.csv,ok,2,1,2,1,1,
extracted_tables/104_Yearbook_2023/table_0091.csv,cleaned_tables/104_Yearbook_2023/table_0091.csv,ok,10,9,3,3,1,
extracted_tables/104_Yearbook_2023/table_0092.csv,cleaned_tables/104_Yearbook_2023/table_0092.csv,ok,9,8,3,2,1,
extracted_tables/104_Yearbook_2023/table_0093.csv,cleaned_tables/104_Yearbook_2023/table_0093.csv,ok,2,1,2,1,1,
extracted_tables/104_Yearbook_2023/table_0094.csv,cleaned_tables/104_Yearbook_2023/table_0094.csv,ok,10,9,4,3,1,
extracted_tables/104_Yearbook_2023/table_0095.csv,cleaned_tables/104_Yearbook_2023/table_0095.csv,ok,5,4,3,2,1,
extracted_tables/104_Yearbook_2023/table_0096.csv,cleaned_tables/104_Yearbook_2023/table_0096.csv,ok,2,1,2,1,1,
extracted_tables/104_Yearbook_2023/table_0097.csv,cleaned_tables/104_Yearbook_2023/table_0097.csv,ok,2,1,2,1,1,
extracted_tables/104_Yearbook_2023/table_0098.csv,cleaned_tables/104_Yearbook_2023/table_0098.csv,ok,2,1,2,1,1,
extracted_tables/104_Yearbook_2023/table_0099.csv,cleaned_tables/104_Yearbook_2023/table_0099.csv,ok,14,13,10,8,1,
extracted_tables/104_Yearbook_2023/table_0100.csv,cleaned_tables/104_Yearbook_2023/table_0100.csv,ok,2,1,2,1,1,
extracted_tables/104_Yearbook_2023/table_0101.csv,cleaned_tables/104_Yearbook_2023/table_0101.csv,ok,9,8,3,2,1,
extracted_tables/104_Yearbook_2023/table_0102.csv,cleaned_tables/104_Yearbook_2023/table_0102.csv,ok,4,3,3,2,1,
extracted_tables/104_Yearbook_2023/table_0103.csv,cleaned_tables/104_Yearbook_2023/table_0103.csv,ok,14,13,18,18,1,
extracted_tables/104_Yearbook_2023/table_0104.csv,cleaned_tables/104_Yearbook_2023/table_0104.csv,ok,2,1,2,1,1,
extracted_tables/104_Yearbook_2023/table_0105.csv,cleaned_tables/104_Yearbook_2023/table_0105.csv,ok,7,6,3,3,1,
extracted_tables/104_Yearbook_2023/table_0106.csv,cleaned_tables/104_Yearbook_2023/table_0106.csv,ok,9,8,3,2,1,
extracted_tables/104_Yearbook_2023/table_0107.csv,cleaned_tables/104_Yearbook_2023/table_0107.csv,ok,2,1,2,1,1,
extracted_tables/104_Yearbook_2023/table_0108.csv,cleaned_tables/104_Yearbook_2023/table_0108.csv,ok,3,2,3,2,1,
extracted_tables/104_Yearbook_2023/table_0109.csv,cleaned_tables/104_Yearbook_2023/table_0109.csv,ok,21,20,15,15,1,
extracted_tables/104_Yearbook_2023/table_0110.csv,cleaned_tables/104_Yearbook_2023/table_0110.csv,ok,2,1,2,1,1,
extracted_tables/104_Yearbook_2023/table_0111.csv,cleaned_tables/104_Yearbook_2023/table_0111.csv,ok,11,11,2,2,0,
extracted_tables/104_Yearbook_2023/table_0112.csv,cleaned_tables/104_Yearbook_2023/table_0112.csv,ok,11,11,3,3,0,
extracted_tables/104_Yearbook_2023/table_0113.csv,cleaned_tables/104_Yearbook_2023/table_0113.csv,ok,2,1,2,1,1,
extracted_tables/104_Yearbook_2023/table_0114.csv,cleaned_tables/104_Yearbook_2023/table_0114.csv,ok,9,8,3,2,1,
extracted_tables/104_Yearbook_2023/table_0115.csv,cleaned_tables/104_Yearbook_2023/table_0115.csv,ok,2,1,2,1,1,
extracted_tables/104_Yearbook_2023/table_0116.csv,cleaned_tables/104_Yearbook_2023/table_0116.csv,ok,9,8,5,2,1,
extracted_tables/104_Yearbook_2023/table_0117.csv,cleaned_tables/104_Yearbook_2023/table_0117.csv,ok,5,5,2,2,0,
extracted_tables/104_Yearbook_2023/table_0118.csv,cleaned_tables/104_Yearbook_2023/table_0118.csv,ok,4,3,2,2,1,
extracted_tables/104_Yearbook_2023/table_0119.csv,cleaned_tables/104_Yearbook_2023/table_0119.csv,ok,6,5,5,5,1,
extracted_tables/104_Yearbook_2023/table_0120.csv,cleaned_tables/104_Yearbook_2023/table_0120.csv,ok,2,1,2,1,1,
extracted_tables/104_Yearbook_2023/table_0121.csv,cleaned_tables/104_Yearbook_2023/table_0121.csv,ok,17,16,7,5,1,
extracted_tables/104_Yearbook_2023/table_0122.csv,cleaned_tables/104_Yearbook_2023/table_0122.csv,ok,13,12,5,4,1,
extracted_tables/104_Yearbook_2023/table_0123.csv,cleaned_tables/104_Yearbook_2023/table_0123.csv,ok,2,1,2,1,1,
extracted_tables/104_Yearbook_2023/table_0124.csv,cleaned_tables/104_Yearbook_2023/table_0124.csv,ok,7,6,5,4,1,
extracted_tables/104_Yearbook_2023/table_0125.csv,cleaned_tables/104_Yearbook_2023/table_0125.csv,ok,2,1,2,1,1,
extracted_tables/104_Yearbook_2023/table_0126.csv,cleaned_tables/104_Yearbook_2023/table_0126.csv,ok,5,5,3,3,0,
extracted_tables/104_Yearbook_2023/table_0127.csv,cleaned_tables/104_Yearbook_2023/table_0127.csv,ok,4,4,4,4,0,
extracted_tables/104_Yearbook_2023/table_0128.csv,cleaned_tables/104_Yearbook_2023/table_0128.csv,ok,8,8,2,2,0,
extracted_tables/104_Yearbook_2023/table_0129.csv,cleaned_tables/104_Yearbook_2023/table_0129.csv,ok,8,8,2,2,0,
extracted_tables/104_Yearbook_2023/table_0130.csv,cleaned_tables/104_Yearbook_2023/table_0130.csv,ok,2,1,2,1,1,
extracted_tables/104_Yearbook_2023/table_0131.csv,cleaned_tables/104_Yearbook_2023/table_0131.csv,ok,7,6,3,2,1,
extracted_tables/104_Yearbook_2023/table_0132.csv,cleaned_tables/104_Yearbook_2023/table_0132.csv,ok,2,1,2,1,1,
extracted_tables/104_Yearbook_2023/table_0133.csv,cleaned_tables/104_Yearbook_2023/table_0133.csv,ok,15,14,12,12,1,
extracted_tables/104_Yearbook_2023/table_0134.csv,cleaned_tables/104_Yearbook_2023/table_0134.csv,ok,5,4,3,2,1,
extracted_tables/104_Yearbook_2023/table_0135.csv,cleaned_tables/104_Yearbook_2023/table_0135.csv,ok,2,1,2,1,1,
extracted_tables/104_Yearbook_2023/table_0136.csv,cleaned_tables/104_Yearbook_2023/table_0136.csv,ok,9,8,3,2,1,
extracted_tables/104_Yearbook_2023/table_0137.csv,cleaned_tables/104_Yearbook_2023/table_0137.csv,ok,2,1,3,2,1,
extracted_tables/104_Yearbook_2023/table_0138.csv,cleaned_tables/104_Yearbook_2023/table_0138.csv,ok,6,5,3,2,1,
extracted_tables/104_Yearbook_2023/table_0139.csv,cleaned_tables/104_Yearbook_2023/table_0139.csv,ok,2,1,2,1,1,
extracted_tables/104_Yearbook_2023/table_0140.csv,cleaned_tables/104_Yearbook_2023/table_0140.csv,ok,3,2,3,2,1,
extracted_tables/104_Yearbook_2023/table_0141.csv,cleaned_tables/104_Yearbook_2023/table_0141.csv,ok,2,2,13,13,0,
extracted_tables/104_Yearbook_2023/table_0142.csv,cleaned_tables/104_Yearbook_2023/table_0142.csv,ok,2,1,14,12,1,
extracted_tables/104_Yearbook_2023/table_0143.csv,cleaned_tables/104_Yearbook_2023/table_0143.csv,ok,4,3,3,3,1,
extracted_tables/104_Yearbook_2023/table_0144.csv,cleaned_tables/104_Yearbook_2023/table_0144.csv,ok,6,5,3,3,1,
extracted_tables/104_Yearbook_2023/table_0145.csv,cleaned_tables/104_Yearbook_2023/table_0145.csv,ok,7,6,6,6,1,
extracted_tables/104_Yearbook_2023/table_0146.csv,cleaned_tables/104_Yearbook_2023/table_0146.csv,ok,2,1,2,1,1,
extracted_tables/104_Yearbook_2023/table_0147.csv,cleaned_tables/104_Yearbook_2023/table_0147.csv,ok,8,7,6,5,1,
extracted_tables/104_Yearbook_2023/table_0148.csv,cleaned_tables/104_Yearbook_2023/table_0148.csv,ok,11,10,4,3,1,
extracted_tables/104_Yearbook_2023/table_0149.csv,cleaned_tables/104_Yearbook_2023/table_0149.csv,ok,2,1,2,1,1,
extracted_tables/104_Yearbook_2023/table_0150.csv,cleaned_tables/104_Yearbook_2023/table_0150.csv,ok,2,1,2,1,1,
extracted_tables/104_Yearbook_2023/table_0151.csv,cleaned_tables/104_Yearbook_2023/table_0151.csv,ok,3,2,6,5,1,
extracted_tables/104_Yearbook_2023/table_0152.csv,cleaned_tables/104_Yearbook_2023/table_0152.csv,ok,5,4,3,2,1,
extracted_tables/104_Yearbook_2023/table_0153.csv,cleaned_tables/104_Yearbook_2023/table_0153.csv,ok,2,1,2,1,1,
extracted_tables/104_Yearbook_2023/table_0154.csv,cleaned_tables/104_Yearbook_2023/table_0154.csv,ok,9,8,3,2,1,
extracted_tables/104_Yearbook_2023/table_0155.csv,cleaned_tables/104_Yearbook_2023/table_0155.csv,ok,6,5,3,2,1,
extracted_tables/104_Yearbook_2023/table_0156.csv,cleaned_tables/104_Yearbook_2023/table_0156.csv,ok,2,1,2,1,1,
extracted_tables/104_Yearbook_2023/table_0157.csv,cleaned_tables/104_Yearbook_2023/table_0157.csv,ok,3,1,2,1,2,
extracted_tables/104_Yearbook_2023/table_0158.csv,cleaned_tables/104_Yearbook_2023/table_0158.csv,ok,2,1,2,1,1,
extracted_tables/104_Yearbook_2023/table_0159.csv,cleaned_tables/104_Yearbook_2023/table_0159.csv,ok,2,1,3,2,1,
extracted_tables/104_Yearbook_2023/table_0160.csv,cleaned_tables/104_Yearbook_2023/table_0160.csv,ok,2,1,2,1,1,
extracted_tables/104_Yearbook_2023/table_0161.csv,cleaned_tables/104_Yearbook_2023/table_0161.csv,ok,2,1,3,2,1,
extracted_tables/104_Yearbook_2023/table_0162.csv,cleaned_tables/104_Yearbook_2023/table_0162.csv,ok,2,1,2,1,1,
extracted_tables/104_Yearbook_2023/table_0163.csv,cleaned_tables/104_Yearbook_2023/table_0163.csv,ok,3,1,2,1,2,
extracted_tables/104_Yearbook_2023/table_0164.csv,cleaned_tables/104_Yearbook_2023/table_0164.csv,ok,2,1,2,1,1,
extracted_tables/104_Yearbook_2023/table_0165.csv,cleaned_tables/104_Yearbook_2023/table_0165.csv,ok,2,1,3,2,1,
extracted_tables/104_Yearbook_2023/table_0166.csv,cleaned_tables/104_Yearbook_2023/table_0166.csv,ok,14,13,4,4,1,
extracted_tables/104_Yearbook_2023/table_0167.csv,cleaned_tables/104_Yearbook_2023/table_0167.csv,ok,8,7,16,15,1,
extracted_tables/104_Yearbook_2023/table_0168.csv,cleaned_tables/104_Yearbook_2023/table_0168.csv,ok,2,1,2,1,1,
extracted_tables/104_Yearbook_2023/table_0169.csv,cleaned_tables/104_Yearbook_2023/table_0169.csv,ok,14,13,3,3,1,
extracted_tables/104_Yearbook_2023/table_0170.csv,cleaned_tables/104_Yearbook_2023/table_0170.csv,ok,12,11,17,15,1,
extracted_tables/104_Yearbook_2023/table_0171.csv,cleaned_tables/104_Yearbook_2023/table_0171.csv,ok,2,1,2,1,1,
extracted_tables/104_Yearbook_2023/table_0172.csv,cleaned_tables/104_Yearbook_2023/table_0172.csv,ok,10,9,4,3,1,
extracted_tables/104_Yearbook_2023/table_0173.csv,cleaned_tables/104_Yearbook_2023/table_0173.csv,ok,2,1,3,2,1,
extracted_tables/104_Yearbook_2023/table_0174.csv,cleaned_tables/104_Yearbook_2023/table_0174.csv,ok,2,1,2,1,1,
extracted_tables/104_Yearbook_2023/table_0175.csv,cleaned_tables/104_Yearbook_2023/table_0175.csv,ok,3,1,2,1,2,
extracted_tables/104_Yearbook_2023/table_0176.csv,cleaned_tables/104_Yearbook_2023/table_0176.csv,ok,14,13,8,6,1,
extracted_tables/104_Yearbook_2023/table_0177.csv,cleaned_tables/104_Yearbook_2023/table_0177.csv,ok,2,1,2,1,1,
extracted_tables/104_Yearbook_2023/table_0178.csv,cleaned_tables/104_Yearbook_2023/table_0178.csv,ok,4,3,5,4,1,
extracted_tables/104_Yearbook_2023/table_0179.csv,cleaned_tables/104_Yearbook_2023/table_0179.csv,ok,6,5,3,2,1,
extracted_tables/104_Yearbook_2023/table_0180.csv,cleaned_tables/104_Yearbook_2023/table_0180.csv,ok,3,1,3,1,2,
extracted_tables/104_Yearbook_2023/table_0181.csv,cleaned_tables/104_Yearbook_2023/table_0181.csv,ok,6,5,4,4,1,
extracted_tables/104_Yearbook_2023/table_0182.csv,cleaned_tables/104_Yearbook_2023/table_0182.csv,ok,2,1,3,3,1,
extracted_tables/104_Yearbook_2023/table_0183.csv,cleaned_tables/104_Yearbook_2023/table_0183.csv,ok,14,13,7,5,1,
extracted_tables/104_Yearbook_2023/table_0184.csv,cleaned_tables/104_Yearbook_2023/table_0184.csv,ok,2,1,3,2,1,
extracted_tables/104_Yearbook_2023/table_0185.csv,cleaned_tables/104_Yearbook_2023/table_0185.csv,ok,3,1,3,1,2,
extracted_tables/104_Yearbook_2023/table_0186.csv,cleaned_tables/104_Yearbook_2023/table_0186.csv,ok,2,1,3,2,1,
extracted_tables/104_Yearbook_2023/table_0187.csv,cleaned_tables/104_Yearbook_2023/table_0187.csv,ok,2,1,3,1,1,
extracted_tables/104_Yearbook_2023/table_0188.csv,cleaned_tables/104_Yearbook_2023/table_0188.csv,ok,3,1,3,1,2,
extracted_tables/104_Yearbook_2023/table_0189.csv,cleaned_tables/104_Yearbook_2023/table_0189.csv,ok,2,1,2,1,1,
extracted_tables/104_Yearbook_2023/table_0190.csv,cleaned_tables/104_Yearbook_2023/table_0190.csv,ok,2,1,3,2,1,
extracted_tables/104_Yearbook_2023/table_0191.csv,cleaned_tables/104_Yearbook_2023/table_0191.csv,ok,3,1,3,1,2,
extracted_tables/104_Yearbook_2023/table_0192.csv,cleaned_tables/104_Yearbook_2023/table_0192.csv,ok,2,1,5,3,1,
extracted_tables/104_Yearbook_2023/table_0193.csv,cleaned_tables/104_Yearbook_2023/table_0193.csv,ok,14,13,11,11,1,
extracted_tables/104_Yearbook_2023/table_0194.csv,cleaned_tables/104_Yearbook_2023/table_0194.csv,ok,3,1,3,1,2,
extracted_tables/104_Yearbook_2023/table_0195.csv,cleaned_tables/104_Yearbook_2023/table_0195.csv,ok,10,9,4,3,1,
extracted_tables/104_Yearbook_2023/table_0196.csv,cleaned_tables/104_Yearbook_2023/table_0196.csv,ok,9,8,3,2,1,
extracted_tables/104_Yearbook_2023/table_0197.csv,cleaned_tables/104_Yearbook_2023/table_0197.csv,ok,2,1,2,1,1,
extracted_tables/104_Yearbook_2023/table_0198.csv,cleaned_tables/104_Yearbook_2023/table_0198.csv,ok,9,8,3,2,1,
extracted_tables/104_Yearbook_2023/table_0199.csv,cleaned_tables/104_Yearbook_2023/table_0199.csv,ok,9,8,3,2,1,
extracted_tables/104_Yearbook_2023/table_0200.csv,cleaned_tables/104_Yearbook_2023/table_0200.csv,ok,3,1,3,1,2,
extracted_tables/104_Yearbook_2023/table_0201.csv,cleaned_tables/104_Yearbook_2023/table_0201.csv,ok,10,9,4,3,1,
extracted_tables/104_Yearbook_2023/table_0202.csv,cleaned_tables/104_Yearbook_2023/table_0202.csv,ok,4,3,3,2,1,
extracted_tables/104_Yearbook_2023/table_0203.csv,cleaned_tables/104_Yearbook_2023/table_0203.csv,ok,2,1,2,1,1,
extracted_tables/104_Yearbook_2023/table_0204.csv,cleaned_tables/104_Yearbook_2023/table_0204.csv,ok,12,3,26,5,9,
extracted_tables/104_Yearbook_2023/table_0205.csv,cleaned_tables/104_Yearbook_2023/table_0205.csv,ok,2,1,2,1,1,
extracted_tables/104_Yearbook_2023/table_0206.csv,cleaned_tables/104_Yearbook_2023/table_0206.csv,ok,14,13,5,5,1,
extracted_tables/104_Yearbook_2023/table_0207.csv,cleaned_tables/104_Yearbook_2023/table_0207.csv,ok,5,4,3,2,1,
extracted_tables/104_Yearbook_2023/table_0208.csv,cleaned_tables/104_Yearbook_2023/table_0208.csv,ok,9,8,3,2,1,
extracted_tables/104_Yearbook_2023/table_0209.csv,cleaned_tables/104_Yearbook_2023/table_0209.csv,ok,2,1,2,1,1,
extracted_tables/104_Yearbook_2023/table_0210.csv,cleaned_tables/104_Yearbook_2023/table_0210.csv,ok,9,8,3,2,1,
extracted_tables/104_Yearbook_2023/table_0211.csv,cleaned_tables/104_Yearbook_2023/table_0211.csv,ok,5,4,3,2,1,
extracted_tables/104_Yearbook_2023/table_0212.csv,cleaned_tables/104_Yearbook_2023/table_0212.csv,ok,2,1,2,1,1,
extracted_tables/104_Yearbook_2023/table_0213.csv,cleaned_tables/104_Yearbook_2023/table_0213.csv,ok,2,1,2,1,1,
extracted_tables/104_Yearbook_2023/table_0214.csv,cleaned_tables/104_Yearbook_2023/table_0214.csv,ok,9,8,3,2,1,
extracted_tables/104_Yearbook_2023/table_0215.csv,cleaned_tables/104_Yearbook_2023/table_0215.csv,ok,2,1,2,1,1,
extracted_tables/104_Yearbook_2023/table_0216.csv,cleaned_tables/104_Yearbook_2023/table_0216.csv,ok,10,9,4,3,1,
extracted_tables/104_Yearbook_2023/table_0217.csv,cleaned_tables/104_Yearbook_2023/table_0217.csv,ok,9,8,3,2,1,
extracted_tables/104_Yearbook_2023/table_0218.csv,cleaned_tables/104_Yearbook_2023/table_0218.csv,ok,2,1,2,1,1,
extracted_tables/104_Yearbook_2023/table_0219.csv,cleaned_tables/104_Yearbook_2023/table_0219.csv,ok,10,9,4,3,1,
extracted_tables/104_Yearbook_2023/table_0220.csv,cleaned_tables/104_Yearbook_2023/table_0220.csv,ok,4,3,3,2,1,
extracted_tables/104_Yearbook_2023/table_0221.csv,cleaned_tables/104_Yearbook_2023/table_0221.csv,ok,3,2,3,2,1,
extracted_tables/104_Yearbook_2023/table_0222.csv,cleaned_tables/104_Yearbook_2023/table_0222.csv,ok,2,1,2,1,1,
extracted_tables/104_Yearbook_2023/table_0223.csv,cleaned_tables/104_Yearbook_2023/table_0223.csv,ok,20,19,16,16,1,
extracted_tables/104_Yearbook_2023/table_0224.csv,cleaned_tables/104_Yearbook_2023/table_0224.csv,ok,2,1,2,1,1,
extracted_tables/104_Yearbook_2023/table_0225.csv,cleaned_tables/104_Yearbook_2023/table_0225.csv,ok,8,7,3,3,1,
extracted_tables/104_Yearbook_2023/table_0226.csv,cleaned_tables/104_Yearbook_2023/table_0226.csv,ok,6,5,6,3,1,
extracted_tables/104_Yearbook_2023/table_0227.csv,cleaned_tables/104_Yearbook_2023/table_0227.csv,ok,4,3,5,4,1,
extracted_tables/104_Yearbook_2023/table_0228.csv,cleaned_tables/104_Yearbook_2023/table_0228.csv,ok,6,5,2,2,1,
extracted_tables/104_Yearbook_2023/table_0229.csv,cleaned_tables/104_Yearbook_2023/table_0229.csv,ok,11,10,3,3,1,
extracted_tables/104_Yearbook_2023/table_0230.csv,cleaned_tables/104_Yearbook_2023/table_0230.csv,ok,2,1,2,1,1,
extracted_tables/104_Yearbook_2023/table_0231.csv,cleaned_tables/104_Yearbook_2023/table_0231.csv,ok,15,14,4,4,1,
extracted_tables/104_Yearbook_2023/table_0232.csv,cleaned_tables/104_Yearbook_2023/table_0232.csv,ok,2,1,2,1,1,
extracted_tables/104_Yearbook_2023/table_0233.csv,cleaned_tables/104_Yearbook_2023/table_0233.csv,ok,29,28,7,6,1,
extracted_tables/104_Yearbook_2023/table_0234.csv,cleaned_tables/104_Yearbook_2023/table_0234.csv,ok,2,1,2,1,1,
extracted_tables/104_Yearbook_2023/table_0235.csv,cleaned_tables/104_Yearbook_2023/table_0235.csv,ok,46,41,8,7,5,
extracted_tables/104_Yearbook_2023/table_0236.csv,cleaned_tables/104_Yearbook_2023/table_0236.csv,ok,2,1,2,1,1,
extracted_tables/104_Yearbook_2023/table_0237.csv,cleaned_tables/104_Yearbook_2023/table_0237.csv,ok,9,8,3,2,1,
extracted_tables/104_Yearbook_2023/table_0238.csv,cleaned_tables/104_Yearbook_2023/table_0238.csv,ok,4,3,3,2,1,
extracted_tables/104_Yearbook_2023/table_0239.csv,cleaned_tables/104_Yearbook_2023/table_0239.csv,ok,2,1,2,1,1,
extracted_tables/104_Yearbook_2023/table_0240.csv,cleaned_tables/104_Yearbook_2023/table_0240.csv,ok,13,12,9,9,1,
extracted_tables/104_Yearbook_2023/table_0241.csv,cleaned_tables/104_Yearbook_2023/table_0241.csv,ok,2,1,2,1,1,
extracted_tables/104_Yearbook_2023/table_0242.csv,cleaned_tables/104_Yearbook_2023/table_0242.csv,ok,2,1,3,1,1,
extracted_tables/104_Yearbook_2023/table_0243.csv,cleaned_tables/104_Yearbook_2023/table_0243.csv,ok,2,1,2,1,1,
extracted_tables/104_Yearbook_2023/table_0244.csv,cleaned_tables/104_Yearbook_2023/table_0244.csv,ok,3,1,5,2,2,
extracted_tables/104_Yearbook_2023/table_0245.csv,cleaned_tables/104_Yearbook_2023/table_0245.csv,ok,2,1,2,2,1,
extracted_tables/104_Yearbook_2023/table_0246.csv,cleaned_tables/104_Yearbook_2023/table_0246.csv,ok,2,1,2,1,1,
extracted_tables/104_Yearbook_2023/table_0247.csv,cleaned_tables/104_Yearbook_2023/table_0247.csv,ok,14,13,4,4,1,
extracted_tables/104_Yearbook_2023/table_0248.csv,cleaned_tables/104_Yearbook_2023/table_0248.csv,ok,4,3,3,2,1,
extracted_tables/104_Yearbook_2023/table_0249.csv,cleaned_tables/104_Yearbook_2023/table_0249.csv,ok,3,1,4,1,2,
extracted_tables/105_Cancer_J_Bangladesh_Vol_4_No_2/table_001.csv,cleaned_tables/105_Cancer_J_Bangladesh_Vol_4_No_2/table_001.csv,ok,10,1,7,1,9,
extracted_tables/105_Cancer_J_Bangladesh_Vol_4_No_2/table_002.csv,cleaned_tables/105_Cancer_J_Bangladesh_Vol_4_No_2/table_002.csv,ok,7,2,6,5,5,
extracted_tables/105_Cancer_J_Bangladesh_Vol_4_No_2/table_003.csv,cleaned_tables/105_Cancer_J_Bangladesh_Vol_4_No_2/table_003.csv,ok,8,3,11,2,5,
extracted_tables/105_Cancer_J_Bangladesh_Vol_4_No_2/table_004.csv,cleaned_tables/105_Cancer_J_Bangladesh_Vol_4_No_2/table_004.csv,ok,11,3,9,4,8,
extracted_tables/107_Cancer_J_Bangladesh_Vol_3_No_1/table_001.csv,cleaned_tables/107_Cancer_J_Bangladesh_Vol_3_No_1/table_001.csv,ok,6,2,3,1,4,
extracted_tables/107_Cancer_J_Bangladesh_Vol_3_No_1/table_002.csv,cleaned_tables/107_Cancer_J_Bangladesh_Vol_3_No_1/table_002.csv,ok,10,5,8,6,5,
extracted_tables/107_Cancer_J_Bangladesh_Vol_3_No_1/table_003.csv,cleaned_tables/107_Cancer_J_Bangladesh_Vol_3_No_1/table_003.csv,ok,12,4,12,10,8,
extracted_tables/110_Cancer_J_Bangladesh_Vol_2_No_1_January_2021/table_001.csv,cleaned_tables/110_Cancer_J_Bangladesh_Vol_2_No_1_January_2021/table_001.csv,ok,7,1,9,1,6,
extracted_tables/110_Cancer_J_Bangladesh_Vol_2_No_1_January_2021/table_002.csv,cleaned_tables/110_Cancer_J_Bangladesh_Vol_2_No_1_January_2021/table_002.csv,ok,10,0,6,0,10,
extracted_tables/111_Cancer_J_Bangladesh_Vol_1_No_1_July_2020/table_001.csv,cleaned_tables/111_Cancer_J_Bangladesh_Vol_1_No_1_July_2020/table_001.csv,ok,5,0,6,0,5,
