source_file,pipeline_file,quality_status,classification,target_sql_table,mapping_status,load_eligible,loaded_rows,decision_reason
derived_mapping_output,cleaned_tables/114_DGHS_Active_Facility_Registry/HealthFacility.csv,accepted_mapped,health_facility,HealthFacility,loaded_by_migration_006,yes,39434,explicit_verified_mapping
derived_mapping_output,cleaned_tables/114_DGHS_Active_Facility_Registry/Laboratory.csv,accepted_mapped,laboratory,Laboratory,loaded_by_migration_006,yes,9694,explicit_verified_mapping
derived_mapping_output,cleaned_tables/116_Bangladesh_ICD11_Condition_ValueSet/Disease.csv,accepted_mapped,disease_reference,Disease,loaded_by_migration_006,yes,18508,explicit_verified_mapping
derived_mapping_output,cleaned_tables/117_Bangladesh_Vaccine_Value_Set/VaccineReference.csv,accepted_mapped,vaccine_reference,Vaccination,excluded,no,0,terminology_has_no_patient_or_event_date
derived_mapping_output,cleaned_tables/118_Bangladesh_Open_Data_Doctor_Directory/Designation.csv,accepted_mapped,human_resource,Designation,loaded_by_migration_006,yes,54,explicit_verified_mapping
extracted_tables/003_bangladesh-country-fact-sheet/table_001.csv,quarantined_tables/003_bangladesh-country-fact-sheet/table_001.csv,review_required,unclassified,,blocked_quality_gate,no,0,table_requires_review_or_was_rejected
extracted_tables/003_bangladesh-country-fact-sheet/table_002.csv,quarantined_tables/003_bangladesh-country-fact-sheet/table_002.csv,review_required,unclassified,,blocked_quality_gate,no,0,table_requires_review_or_was_rejected
extracted_tables/003_bangladesh-country-fact-sheet/table_003.csv,quarantined_tables/003_bangladesh-country-fact-sheet/table_003.csv,review_required,unclassified,,blocked_quality_gate,no,0,table_requires_review_or_was_rejected
extracted_tables/003_bangladesh-country-fact-sheet/table_004.csv,quarantined_tables/003_bangladesh-country-fact-sheet/table_004.csv,review_required,unclassified,,blocked_quality_gate,no,0,table_requires_review_or_was_rejected
extracted_tables/003_bangladesh-country-fact-sheet/table_005.csv,quarantined_tables/003_bangladesh-country-fact-sheet/table_005.csv,review_required,unclassified,,blocked_quality_gate,no,0,table_requires_review_or_was_rejected
extracted_tables/003_bangladesh-country-fact-sheet/table_006.csv,quarantined_tables/003_bangladesh-country-fact-sheet/table_006.csv,review_required,unclassified,,blocked_quality_gate,no,0,table_requires_review_or_was_rejected
extracted_tables/010_Joint_UNICEF_Bangladesh_Government_of_Bangladesh_Nutrition_Programme_MidTerm_Evaluation_2017-2020/table_001.csv,quarantined_tables/010_Joint_UNICEF_Bangladesh_Government_of_Bangladesh_Nutrition_Programme_MidTerm_Evaluation_2017-2020/table_001.csv,review_required,unclassified,,blocked_quality_gate,no,0,table_requires_review_or_was_rejected
extracted_tables/010_Joint_UNICEF_Bangladesh_Government_of_Bangladesh_Nutrition_Programme_MidTerm_Evaluation_2017-2020/table_002.csv,quarantined_tables/010_Joint_UNICEF_Bangladesh_Government_of_Bangladesh_Nutrition_Programme_MidTerm_Evaluation_2017-2020/table_002.csv,review_required,unclassified,,blocked_quality_gate,no,0,table_requires_review_or_was_rejected
extracted_tables/010_Joint_UNICEF_Bangladesh_Government_of_Bangladesh_Nutrition_Programme_MidTerm_Evaluation_2017-2020/table_003.csv,quarantined_tables/010_Joint_UNICEF_Bangladesh_Government_of_Bangladesh_Nutrition_Programme_MidTerm_Evaluation_2017-2020/table_003.csv,review_required,unclassified,,blocked_quality_gate,no,0,table_requires_review_or_was_rejected
extracted_tables/010_Joint_UNICEF_Bangladesh_Government_of_Bangladesh_Nutrition_Programme_MidTerm_Evaluation_2017-2020/table_004.csv,quarantined_tables/010_Joint_UNICEF_Bangladesh_Government_of_Bangladesh_Nutrition_Programme_MidTerm_Evaluation_2017-2020/table_004.csv,review_required,unclassified,,blocked_quality_gate,no,0,table_requires_review_or_was_rejected
extracted_tables/010_Joint_UNICEF_Bangladesh_Government_of_Bangladesh_Nutrition_Programme_MidTerm_Evaluation_2017-2020/table_005.csv,quarantined_tables/010_Joint_UNICEF_Bangladesh_Government_of_Bangladesh_Nutrition_Programme_MidTerm_Evaluation_2017-2020/table_005.csv,review_required,unclassified,,blocked_quality_gate,no,0,table_requires_review_or_was_rejected
extracted_tables/010_Joint_UNICEF_Bangladesh_Government_of_Bangladesh_Nutrition_Programme_MidTerm_Evaluation_2017-2020/table_006.csv,quarantined_tables/010_Joint_UNICEF_Bangladesh_Government_of_Bangladesh_Nutrition_Programme_MidTerm_Evaluation_2017-2020/table_006.csv,review_required,unclassified,,blocked_quality_gate,no,0,table_requires_review_or_was_rejected
extracted_tables/010_Joint_UNICEF_Bangladesh_Government_of_Bangladesh_Nutrition_Programme_MidTerm_Evaluation_2017-2020/table_007.csv,quarantined_tables/010_Joint_UNICEF_Bangladesh_Government_of_Bangladesh_Nutrition_Programme_MidTerm_Evaluation_2017-2020/table_007.csv,review_required,unclassified,,blocked_quality_gate,no,0,table_requires_review_or_was_rejected
extracted_tables/010_Joint_UNICEF_Bangladesh_Government_of_Bangladesh_Nutrition_Programme_MidTerm_Evaluation_2017-2020/table_008.csv,quarantined_tables/010_Joint_UNICEF_Bangladesh_Government_of_Bangladesh_Nutrition_Programme_MidTerm_Evaluation_2017-2020/table_008.csv,review_required,unclassified,,blocked_quality_gate,no,0,table_requires_review_or_was_rejected
extracted_tables/010_Joint_UNICEF_Bangladesh_Government_of_Bangladesh_Nutrition_Programme_MidTerm_Evaluation_2017-2020/table_009.csv,quarantined_tables/010_Joint_UNICEF_Bangladesh_Government_of_Bangladesh_Nutrition_Programme_MidTerm_Evaluation_2017-2020/table_009.csv,review_required,unclassified,,blocked_quality_gate,no,0,table_requires_review_or_was_rejected
extracted_tables/010_Joint_UNICEF_Bangladesh_Government_of_Bangladesh_Nutrition_Programme_MidTerm_Evaluation_2017-2020/table_010.csv,quarantined_tables/010_Joint_UNICEF_Bangladesh_Government_of_Bangladesh_Nutrition_Programme_MidTerm_Evaluation_2017-2020/table_010.csv,review_required,unclassified,,blocked_quality_gate,no,0,table_requires_review_or_was_rejected
extracted_tables/010_Joint_UNICEF_Bangladesh_Government_of_Bangladesh_Nutrition_Programme_MidTerm_Evaluation_2017-2020/table_011.csv,quarantined_tables/010_Joint_UNICEF_Bangladesh_Government_of_Bangladesh_Nutrition_Programme_MidTerm_Evaluation_2017-2020/table_011.csv,review_required,unclassified,,blocked_quality_gate,no,0,table_requires_review_or_was_rejected
extracted_tables/010_Joint_UNICEF_Bangladesh_Government_of_Bangladesh_Nutrition_Programme_MidTerm_Evaluation_2017-2020/table_012.csv,quarantined_tables/010_Joint_UNICEF_Bangladesh_Government_of_Bangladesh_Nutrition_Programme_MidTerm_Evaluation_2017-2020/table_012.csv,review_required,unclassified,,blocked_quality_gate,no,0,table_requires_review_or_was_rejected
extracted_tables/010_Joint_UNICEF_Bangladesh_Government_of_Bangladesh_Nutrition_Programme_MidTerm_Evaluation_2017-2020/table_013.csv,quarantined_tables/010_Joint_UNICEF_Bangladesh_Government_of_Bangladesh_Nutrition_Programme_MidTerm_Evaluation_2017-2020/table_013.csv,review_required,unclassified,,blocked_quality_gate,no,0,table_requires_review_or_was_rejected
extracted_tables/010_Joint_UNICEF_Bangladesh_Government_of_Bangladesh_Nutrition_Programme_MidTerm_Evaluation_2017-2020/table_014.csv,quarantined_tables/010_Joint_UNICEF_Bangladesh_Government_of_Bangladesh_Nutrition_Programme_MidTerm_Evaluation_2017-2020/table_014.csv,review_required,unclassified,,blocked_quality_gate,no,0,table_requires_review_or_was_rejected
extracted_tables/010_Joint_UNICEF_Bangladesh_Government_of_Bangladesh_Nutrition_Programme_MidTerm_Evaluation_2017-2020/table_015.csv,quarantined_tables/010_Joint_UNICEF_Bangladesh_Government_of_Bangladesh_Nutrition_Programme_MidTerm_Evaluation_2017-2020/table_015.csv,review_required,unclassified,,blocked_quality_gate,no,0,table_requires_review_or_was_rejected
extracted_tables/010_Joint_UNICEF_Bangladesh_Government_of_Bangladesh_Nutrition_Programme_MidTerm_Evaluation_2017-2020/table_016.csv,quarantined_tables/010_Joint_UNICEF_Bangladesh_Government_of_Bangladesh_Nutrition_Programme_MidTerm_Evaluation_2017-2020/table_016.csv,rejected,unclassified,,blocked_quality_gate,no,0,table_requires_review_or_was_rejected
extracted_tables/010_Joint_UNICEF_Bangladesh_Government_of_Bangladesh_Nutrition_Programme_MidTerm_Evaluation_2017-2020/table_017.csv,quarantined_tables/010_Joint_UNICEF_Bangladesh_Government_of_Bangladesh_Nutrition_Programme_MidTerm_Evaluation_2017-2020/table_017.csv,review_required,unclassified,,blocked_quality_gate,no,0,table_requires_review_or_was_rejected
extracted_tables/010_Joint_UNICEF_Bangladesh_Government_of_Bangladesh_Nutrition_Programme_MidTerm_Evaluation_2017-2020/table_018.csv,quarantined_tables/010_Joint_UNICEF_Bangladesh_Government_of_Bangladesh_Nutrition_Programme_MidTerm_Evaluation_2017-2020/table_018.csv,review_required,unclassified,,blocked_quality_gate,no,0,table_requires_review_or_was_rejected
extracted_tables/010_Joint_UNICEF_Bangladesh_Government_of_Bangladesh_Nutrition_Programme_MidTerm_Evaluation_2017-2020/table_019.csv,quarantined_tables/010_Joint_UNICEF_Bangladesh_Government_of_Bangladesh_Nutrition_Programme_MidTerm_Evaluation_2017-2020/table_019.csv,review_required,unclassified,,blocked_quality_gate,no,0,table_requires_review_or_was_rejected
extracted_tables/010_Joint_UNICEF_Bangladesh_Government_of_Bangladesh_Nutrition_Programme_MidTerm_Evaluation_2017-2020/table_020.csv,quarantined_tables/010_Joint_UNICEF_Bangladesh_Government_of_Bangladesh_Nutrition_Programme_MidTerm_Evaluation_2017-2020/table_020.csv,review_required,unclassified,,blocked_quality_gate,no,0,table_requires_review_or_was_rejected
extracted_tables/010_Joint_UNICEF_Bangladesh_Government_of_Bangladesh_Nutrition_Programme_MidTerm_Evaluation_2017-2020/table_021.csv,quarantined_tables/010_Joint_UNICEF_Bangladesh_Government_of_Bangladesh_Nutrition_Programme_MidTerm_Evaluation_2017-2020/table_021.csv,review_required,unclassified,,blocked_quality_gate,no,0,table_requires_review_or_was_rejected
extracted_tables/010_Joint_UNICEF_Bangladesh_Government_of_Bangladesh_Nutrition_Programme_MidTerm_Evaluation_2017-2020/table_022.csv,quarantined_tables/010_Joint_UNICEF_Bangladesh_Government_of_Bangladesh_Nutrition_Programme_MidTerm_Evaluation_2017-2020/table_022.csv,review_required,unclassified,,blocked_quality_gate,no,0,table_requires_review_or_was_rejected
extracted_tables/021_Prevention_and_Management_of_Mental_Health_Conditions_in_Bangladesh/table_001.csv,quarantined_tables/021_Prevention_and_Management_of_Mental_Health_Conditions_in_Bangladesh/table_001.csv,review_required,unclassified,,blocked_quality_gate,no,0,table_requires_review_or_was_rejected
extracted_tables/021_Prevention_and_Management_of_Mental_Health_Conditions_in_Bangladesh/table_002.csv,quarantined_tables/021_Prevention_and_Management_of_Mental_Health_Conditions_in_Bangladesh/table_002.csv,rejected,unclassified,,blocked_quality_gate,no,0,table_requires_review_or_was_rejected
extracted_tables/021_Prevention_and_Management_of_Mental_Health_Conditions_in_Bangladesh/table_003.csv,quarantined_tables/021_Prevention_and_Management_of_Mental_Health_Conditions_in_Bangladesh/table_003.csv,review_required,unclassified,,blocked_quality_gate,no,0,table_requires_review_or_was_rejected
extracted_tables/021_Prevention_and_Management_of_Mental_Health_Conditions_in_Bangladesh/table_004.csv,quarantined_tables/021_Prevention_and_Management_of_Mental_Health_Conditions_in_Bangladesh/table_004.csv,rejected,unclassified,,blocked_quality_gate,no,0,table_requires_review_or_was_rejected
extracted_tables/021_Prevention_and_Management_of_Mental_Health_Conditions_in_Bangladesh/table_005.csv,quarantined_tables/021_Prevention_and_Management_of_Mental_Health_Conditions_in_Bangladesh/table_005.csv,rejected,unclassified,,blocked_quality_gate,no,0,table_requires_review_or_was_rejected
extracted_tables/021_Prevention_and_Management_of_Mental_Health_Conditions_in_Bangladesh/table_006.csv,quarantined_tables/021_Prevention_and_Management_of_Mental_Health_Conditions_in_Bangladesh/table_006.csv,rejected,unclassified,,blocked_quality_gate,no,0,table_requires_review_or_was_rejected
extracted_tables/021_Prevention_and_Management_of_Mental_Health_Conditions_in_Bangladesh/table_007.csv,quarantined_tables/021_Prevention_and_Management_of_Mental_Health_Conditions_in_Bangladesh/table_007.csv,rejected,unclassified,,blocked_quality_gate,no,0,table_requires_review_or_was_rejected
extracted_tables/021_Prevention_and_Management_of_Mental_Health_Conditions_in_Bangladesh/table_008.csv,quarantined_tables/021_Prevention_and_Management_of_Mental_Health_Conditions_in_Bangladesh/table_008.csv,rejected,unclassified,,blocked_quality_gate,no,0,table_requires_review_or_was_rejected
extracted_tables/021_Prevention_and_Management_of_Mental_Health_Conditions_in_Bangladesh/table_009.csv,quarantined_tables/021_Prevention_and_Management_of_Mental_Health_Conditions_in_Bangladesh/table_009.csv,rejected,unclassified,,blocked_quality_gate,no,0,table_requires_review_or_was_rejected
extracted_tables/021_Prevention_and_Management_of_Mental_Health_Conditions_in_Bangladesh/table_010.csv,quarantined_tables/021_Prevention_and_Management_of_Mental_Health_Conditions_in_Bangladesh/table_010.csv,rejected,unclassified,,blocked_quality_gate,no,0,table_requires_review_or_was_rejected
extracted_tables/021_Prevention_and_Management_of_Mental_Health_Conditions_in_Bangladesh/table_011.csv,quarantined_tables/021_Prevention_and_Management_of_Mental_Health_Conditions_in_Bangladesh/table_011.csv,rejected,unclassified,,blocked_quality_gate,no,0,table_requires_review_or_was_rejected
extracted_tables/021_Prevention_and_Management_of_Mental_Health_Conditions_in_Bangladesh/table_012.csv,quarantined_tables/021_Prevention_and_Management_of_Mental_Health_Conditions_in_Bangladesh/table_012.csv,rejected,unclassified,,blocked_quality_gate,no,0,table_requires_review_or_was_rejected
extracted_tables/021_Prevention_and_Management_of_Mental_Health_Conditions_in_Bangladesh/table_013.csv,quarantined_tables/021_Prevention_and_Management_of_Mental_Health_Conditions_in_Bangladesh/table_013.csv,rejected,unclassified,,blocked_quality_gate,no,0,table_requires_review_or_was_rejected
extracted_tables/021_Prevention_and_Management_of_Mental_Health_Conditions_in_Bangladesh/table_014.csv,quarantined_tables/021_Prevention_and_Management_of_Mental_Health_Conditions_in_Bangladesh/table_014.csv,rejected,unclassified,,blocked_quality_gate,no,0,table_requires_review_or_was_rejected
extracted_tables/021_Prevention_and_Management_of_Mental_Health_Conditions_in_Bangladesh/table_015.csv,quarantined_tables/021_Prevention_and_Management_of_Mental_Health_Conditions_in_Bangladesh/table_015.csv,rejected,unclassified,,blocked_quality_gate,no,0,table_requires_review_or_was_rejected
extracted_tables/021_Prevention_and_Management_of_Mental_Health_Conditions_in_Bangladesh/table_016.csv,quarantined_tables/021_Prevention_and_Management_of_Mental_Health_Conditions_in_Bangladesh/table_016.csv,rejected,unclassified,,blocked_quality_gate,no,0,table_requires_review_or_was_rejected
extracted_tables/021_Prevention_and_Management_of_Mental_Health_Conditions_in_Bangladesh/table_017.csv,quarantined_tables/021_Prevention_and_Management_of_Mental_Health_Conditions_in_Bangladesh/table_017.csv,rejected,unclassified,,blocked_quality_gate,no,0,table_requires_review_or_was_rejected
extracted_tables/021_Prevention_and_Management_of_Mental_Health_Conditions_in_Bangladesh/table_018.csv,quarantined_tables/021_Prevention_and_Management_of_Mental_Health_Conditions_in_Bangladesh/table_018.csv,rejected,unclassified,,blocked_quality_gate,no,0,table_requires_review_or_was_rejected
extracted_tables/021_Prevention_and_Management_of_Mental_Health_Conditions_in_Bangladesh/table_019.csv,quarantined_tables/021_Prevention_and_Management_of_Mental_Health_Conditions_in_Bangladesh/table_019.csv,rejected,unclassified,,blocked_quality_gate,no,0,table_requires_review_or_was_rejected
extracted_tables/022_UNFPA_Country_Programme_Document_for_Bangladesh_2022-2026/table_001.csv,quarantined_tables/022_UNFPA_Country_Programme_Document_for_Bangladesh_2022-2026/table_001.csv,review_required,unclassified,,blocked_quality_gate,no,0,table_requires_review_or_was_rejected
extracted_tables/022_UNFPA_Country_Programme_Document_for_Bangladesh_2022-2026/table_002.csv,quarantined_tables/022_UNFPA_Country_Programme_Document_for_Bangladesh_2022-2026/table_002.csv,review_required,unclassified,,blocked_quality_gate,no,0,table_requires_review_or_was_rejected
extracted_tables/022_UNFPA_Country_Programme_Document_for_Bangladesh_2022-2026/table_003.csv,quarantined_tables/022_UNFPA_Country_Programme_Document_for_Bangladesh_2022-2026/table_003.csv,review_required,unclassified,,blocked_quality_gate,no,0,table_requires_review_or_was_rejected
extracted_tables/022_UNFPA_Country_Programme_Document_for_Bangladesh_2022-2026/table_004.csv,quarantined_tables/022_UNFPA_Country_Programme_Document_for_Bangladesh_2022-2026/table_004.csv,review_required,unclassified,,blocked_quality_gate,no,0,table_requires_review_or_was_rejected
extracted_tables/023_UNFPA_Country_Programme_Document_for_Bangladesh_2017-2020/table_001.csv,quarantined_tables/023_UNFPA_Country_Programme_Document_for_Bangladesh_2017-2020/table_001.csv,review_required,unclassified,,blocked_quality_gate,no,0,table_requires_review_or_was_rejected
extracted_tables/023_UNFPA_Country_Programme_Document_for_Bangladesh_2017-2020/table_002.csv,quarantined_tables/023_UNFPA_Country_Programme_Document_for_Bangladesh_2017-2020/table_002.csv,review_required,unclassified,,blocked_quality_gate,no,0,table_requires_review_or_was_rejected
extracted_tables/023_UNFPA_Country_Programme_Document_for_Bangladesh_2017-2020/table_003.csv,quarantined_tables/023_UNFPA_Country_Programme_Document_for_Bangladesh_2017-2020/table_003.csv,review_required,unclassified,,blocked_quality_gate,no,0,table_requires_review_or_was_rejected
extracted_tables/025_UNFPA_Final_Country_Programme_Document_for_Bangladesh_2012-2016/table_001.csv,quarantined_tables/025_UNFPA_Final_Country_Programme_Document_for_Bangladesh_2012-2016/table_001.csv,review_required,unclassified,,blocked_quality_gate,no,0,table_requires_review_or_was_rejected
extracted_tables/025_UNFPA_Final_Country_Programme_Document_for_Bangladesh_2012-2016/table_002.csv,quarantined_tables/025_UNFPA_Final_Country_Programme_Document_for_Bangladesh_2012-2016/table_002.csv,review_required,unclassified,,blocked_quality_gate,no,0,table_requires_review_or_was_rejected
extracted_tables/025_UNFPA_Final_Country_Programme_Document_for_Bangladesh_2012-2016/table_003.csv,quarantined_tables/025_UNFPA_Final_Country_Programme_Document_for_Bangladesh_2012-2016/table_003.csv,review_required,unclassified,,blocked_quality_gate,no,0,table_requires_review_or_was_rejected
extracted_tables/027_Health_Bulletin_2023/table_0001.csv,quarantined_tables/027_Health_Bulletin_2023/table_0001.csv,rejected,unclassified,,blocked_quality_gate,no,0,table_requires_review_or_was_rejected
extracted_tables/027_Health_Bulletin_2023/table_0002.csv,quarantined_tables/027_Health_Bulletin_2023/table_0002.csv,review_required,unclassified,,blocked_quality_gate,no,0,table_requires_review_or_was_rejected
extracted_tables/027_Health_Bulletin_2023/table_0003.csv,quarantined_tables/027_Health_Bulletin_2023/table_0003.csv,review_required,unclassified,,blocked_quality_gate,no,0,table_requires_review_or_was_rejected
extracted_tables/027_Health_Bulletin_2023/table_0004.csv,quarantined_tables/027_Health_Bulletin_2023/table_0004.csv,review_required,unclassified,,blocked_quality_gate,no,0,table_requires_review_or_was_rejected
extracted_tables/027_Health_Bulletin_2023/table_0005.csv,quarantined_tables/027_Health_Bulletin_2023/table_0005.csv,review_required,unclassified,,blocked_quality_gate,no,0,table_requires_review_or_was_rejected
extracted_tables/027_Health_Bulletin_2023/table_0006.csv,quarantined_tables/027_Health_Bulletin_2023/table_0006.csv,review_required,unclassified,,blocked_quality_gate,no,0,table_requires_review_or_was_rejected
extracted_tables/027_Health_Bulletin_2023/table_0007.csv,quarantined_tables/027_Health_Bulletin_2023/table_0007.csv,review_required,unclassified,,blocked_quality_gate,no,0,table_requires_review_or_was_rejected
extracted_tables/027_Health_Bulletin_2023/table_0008.csv,quarantined_tables/027_Health_Bulletin_2023/table_0008.csv,rejected,unclassified,,blocked_quality_gate,no,0,table_requires_review_or_was_rejected
extracted_tables/027_Health_Bulletin_2023/table_0009.csv,quarantined_tables/027_Health_Bulletin_2023/table_0009.csv,review_required,unclassified,,blocked_quality_gate,no,0,table_requires_review_or_was_rejected
extracted_tables/027_Health_Bulletin_2023/table_0010.csv,quarantined_tables/027_Health_Bulletin_2023/table_0010.csv,review_required,unclassified,,blocked_quality_gate,no,0,table_requires_review_or_was_rejected
extracted_tables/027_Health_Bulletin_2023/table_0011.csv,quarantined_tables/027_Health_Bulletin_2023/table_0011.csv,review_required,unclassified,,blocked_quality_gate,no,0,table_requires_review_or_was_rejected
extracted_tables/027_Health_Bulletin_2023/table_0012.csv,quarantined_tables/027_Health_Bulletin_2023/table_0012.csv,review_required,unclassified,,blocked_quality_gate,no,0,table_requires_review_or_was_rejected
extracted_tables/027_Health_Bulletin_2023/table_0013.csv,quarantined_tables/027_Health_Bulletin_2023/table_0013.csv,review_required,unclassified,,blocked_quality_gate,no,0,table_requires_review_or_was_rejected
extracted_tables/027_Health_Bulletin_2023/table_0014.csv,quarantined_tables/027_Health_Bulletin_2023/table_0014.csv,review_required,unclassified,,blocked_quality_gate,no,0,table_requires_review_or_was_rejected
extracted_tables/027_Health_Bulletin_2023/table_0015.csv,quarantined_tables/027_Health_Bulletin_2023/table_0015.csv,review_required,unclassified,,blocked_quality_gate,no,0,table_requires_review_or_was_rejected
extracted_tables/027_Health_Bulletin_2023/table_0016.csv,quarantined_tables/027_Health_Bulletin_2023/table_0016.csv,review_required,unclassified,,blocked_quality_gate,no,0,table_requires_review_or_was_rejected
extracted_tables/027_Health_Bulletin_2023/table_0017.csv,quarantined_tables/027_Health_Bulletin_2023/table_0017.csv,review_required,unclassified,,blocked_quality_gate,no,0,table_requires_review_or_was_rejected
extracted_tables/027_Health_Bulletin_2023/table_0018.csv,quarantined_tables/027_Health_Bulletin_2023/table_0018.csv,review_required,unclassified,,blocked_quality_gate,no,0,table_requires_review_or_was_rejected
extracted_tables/027_Health_Bulletin_2023/table_0019.csv,quarantined_tables/027_Health_Bulletin_2023/table_0019.csv,review_required,unclassified,,blocked_quality_gate,no,0,table_requires_review_or_was_rejected
extracted_tables/027_Health_Bulletin_2023/table_0020.csv,quarantined_tables/027_Health_Bulletin_2023/table_0020.csv,review_required,unclassified,,blocked_quality_gate,no,0,table_requires_review_or_was_rejected
extracted_tables/027_Health_Bulletin_2023/table_0021.csv,quarantined_tables/027_Health_Bulletin_2023/table_0021.csv,review_required,unclassified,,blocked_quality_gate,no,0,table_requires_review_or_was_rejected
extracted_tables/027_Health_Bulletin_2023/table_0022.csv,quarantined_tables/027_Health_Bulletin_2023/table_0022.csv,review_required,unclassified,,blocked_quality_gate,no,0,table_requires_review_or_was_rejected
extracted_tables/027_Health_Bulletin_2023/table_0023.csv,quarantined_tables/027_Health_Bulletin_2023/table_0023.csv,review_required,unclassified,,blocked_quality_gate,no,0,table_requires_review_or_was_rejected
extracted_tables/027_Health_Bulletin_2023/table_0024.csv,quarantined_tables/027_Health_Bulletin_2023/table_0024.csv,rejected,unclassified,,blocked_quality_gate,no,0,table_requires_review_or_was_rejected
extracted_tables/027_Health_Bulletin_2023/table_0025.csv,quarantined_tables/027_Health_Bulletin_2023/table_0025.csv,rejected,unclassified,,blocked_quality_gate,no,0,table_requires_review_or_was_rejected
extracted_tables/027_Health_Bulletin_2023/table_0026.csv,quarantined_tables/027_Health_Bulletin_2023/table_0026.csv,review_required,unclassified,,blocked_quality_gate,no,0,table_requires_review_or_was_rejected
extracted_tables/027_Health_Bulletin_2023/table_0027.csv,quarantined_tables/027_Health_Bulletin_2023/table_0027.csv,review_required,unclassified,,blocked_quality_gate,no,0,table_requires_review_or_was_rejected
extracted_tables/027_Health_Bulletin_2023/table_0028.csv,quarantined_tables/027_Health_Bulletin_2023/table_0028.csv,rejected,unclassified,,blocked_quality_gate,no,0,table_requires_review_or_was_rejected
extracted_tables/027_Health_Bulletin_2023/table_0029.csv,quarantined_tables/027_Health_Bulletin_2023/table_0029.csv,review_required,unclassified,,blocked_quality_gate,no,0,table_requires_review_or_was_rejected
extracted_tables/027_Health_Bulletin_2023/table_0030.csv,quarantined_tables/027_Health_Bulletin_2023/table_0030.csv,review_required,unclassified,,blocked_quality_gate,no,0,table_requires_review_or_was_rejected
extracted_tables/027_Health_Bulletin_2023/table_0031.csv,quarantined_tables/027_Health_Bulletin_2023/table_0031.csv,rejected,unclassified,,blocked_quality_gate,no,0,table_requires_review_or_was_rejected
extracted_tables/027_Health_Bulletin_2023/table_0032.csv,quarantined_tables/027_Health_Bulletin_2023/table_0032.csv,review_required,unclassified,,blocked_quality_gate,no,0,table_requires_review_or_was_rejected
extracted_tables/027_Health_Bulletin_2023/table_0033.csv,quarantined_tables/027_Health_Bulletin_2023/table_0033.csv,review_required,unclassified,,blocked_quality_gate,no,0,table_requires_review_or_was_rejected
extracted_tables/027_Health_Bulletin_2023/table_0034.csv,quarantined_tables/027_Health_Bulletin_2023/table_0034.csv,rejected,unclassified,,blocked_quality_gate,no,0,table_requires_review_or_was_rejected
extracted_tables/027_Health_Bulletin_2023/table_0035.csv,quarantined_tables/027_Health_Bulletin_2023/table_0035.csv,rejected,unclassified,,blocked_quality_gate,no,0,table_requires_review_or_was_rejected
extracted_tables/027_Health_Bulletin_2023/table_0036.csv,quarantined_tables/027_Health_Bulletin_2023/table_0036.csv,rejected,unclassified,,blocked_quality_gate,no,0,table_requires_review_or_was_rejected
extracted_tables/027_Health_Bulletin_2023/table_0037.csv,quarantined_tables/027_Health_Bulletin_2023/table_0037.csv,rejected,unclassified,,blocked_quality_gate,no,0,table_requires_review_or_was_rejected
extracted_tables/027_Health_Bulletin_2023/table_0038.csv,quarantined_tables/027_Health_Bulletin_2023/table_0038.csv,rejected,unclassified,,blocked_quality_gate,no,0,table_requires_review_or_was_rejected
extracted_tables/027_Health_Bulletin_2023/table_0039.csv,quarantined_tables/027_Health_Bulletin_2023/table_0039.csv,rejected,unclassified,,blocked_quality_gate,no,0,table_requires_review_or_was_rejected
extracted_tables/027_Health_Bulletin_2023/table_0040.csv,quarantined_tables/027_Health_Bulletin_2023/table_0040.csv,rejected,unclassified,,blocked_quality_gate,no,0,table_requires_review_or_was_rejected
extracted_tables/027_Health_Bulletin_2023/table_0041.csv,quarantined_tables/027_Health_Bulletin_2023/table_0041.csv,review_required,unclassified,,blocked_quality_gate,no,0,table_requires_review_or_was_rejected
extracted_tables/027_Health_Bulletin_2023/table_0042.csv,quarantined_tables/027_Health_Bulletin_2023/table_0042.csv,review_required,unclassified,,blocked_quality_gate,no,0,table_requires_review_or_was_rejected
extracted_tables/027_Health_Bulletin_2023/table_0043.csv,quarantined_tables/027_Health_Bulletin_2023/table_0043.csv,review_required,unclassified,,blocked_quality_gate,no,0,table_requires_review_or_was_rejected
extracted_tables/027_Health_Bulletin_2023/table_0044.csv,quarantined_tables/027_Health_Bulletin_2023/table_0044.csv,rejected,unclassified,,blocked_quality_gate,no,0,table_requires_review_or_was_rejected
extracted_tables/027_Health_Bulletin_2023/table_0045.csv,quarantined_tables/027_Health_Bulletin_2023/table_0045.csv,rejected,unclassified,,blocked_quality_gate,no,0,table_requires_review_or_was_rejected
extracted_tables/027_Health_Bulletin_2023/table_0046.csv,quarantined_tables/027_Health_Bulletin_2023/table_0046.csv,rejected,unclassified,,blocked_quality_gate,no,0,table_requires_review_or_was_rejected
extracted_tables/027_Health_Bulletin_2023/table_0047.csv,quarantined_tables/027_Health_Bulletin_2023/table_0047.csv,review_required,unclassified,,blocked_quality_gate,no,0,table_requires_review_or_was_rejected
extracted_tables/027_Health_Bulletin_2023/table_0048.csv,quarantined_tables/027_Health_Bulletin_2023/table_0048.csv,review_required,unclassified,,blocked_quality_gate,no,0,table_requires_review_or_was_rejected
extracted_tables/027_Health_Bulletin_2023/table_0049.csv,quarantined_tables/027_Health_Bulletin_2023/table_0049.csv,review_required,unclassified,,blocked_quality_gate,no,0,table_requires_review_or_was_rejected
extracted_tables/027_Health_Bulletin_2023/table_0050.csv,quarantined_tables/027_Health_Bulletin_2023/table_0050.csv,review_required,unclassified,,blocked_quality_gate,no,0,table_requires_review_or_was_rejected
extracted_tables/027_Health_Bulletin_2023/table_0051.csv,quarantined_tables/027_Health_Bulletin_2023/table_0051.csv,review_required,unclassified,,blocked_quality_gate,no,0,table_requires_review_or_was_rejected
extracted_tables/027_Health_Bulletin_2023/table_0052.csv,quarantined_tables/027_Health_Bulletin_2023/table_0052.csv,review_required,unclassified,,blocked_quality_gate,no,0,table_requires_review_or_was_rejected
extracted_tables/027_Health_Bulletin_2023/table_0053.csv,quarantined_tables/027_Health_Bulletin_2023/table_0053.csv,review_required,unclassified,,blocked_quality_gate,no,0,table_requires_review_or_was_rejected
extracted_tables/027_Health_Bulletin_2023/table_0054.csv,quarantined_tables/027_Health_Bulletin_2023/table_0054.csv,review_required,unclassified,,blocked_quality_gate,no,0,table_requires_review_or_was_rejected
extracted_tables/027_Health_Bulletin_2023/table_0055.csv,quarantined_tables/027_Health_Bulletin_2023/table_0055.csv,rejected,unclassified,,blocked_quality_gate,no,0,table_requires_review_or_was_rejected
extracted_tables/027_Health_Bulletin_2023/table_0056.csv,quarantined_tables/027_Health_Bulletin_2023/table_0056.csv,review_required,unclassified,,blocked_quality_gate,no,0,table_requires_review_or_was_rejected
extracted_tables/027_Health_Bulletin_2023/table_0057.csv,quarantined_tables/027_Health_Bulletin_2023/table_0057.csv,review_required,unclassified,,blocked_quality_gate,no,0,table_requires_review_or_was_rejected
extracted_tables/027_Health_Bulletin_2023/table_0058.csv,quarantined_tables/027_Health_Bulletin_2023/table_0058.csv,review_required,unclassified,,blocked_quality_gate,no,0,table_requires_review_or_was_rejected
extracted_tables/027_Health_Bulletin_2023/table_0059.csv,quarantined_tables/027_Health_Bulletin_2023/table_0059.csv,review_required,unclassified,,blocked_quality_gate,no,0,table_requires_review_or_was_rejected
extracted_tables/027_Health_Bulletin_2023/table_0060.csv,quarantined_tables/027_Health_Bulletin_2023/table_0060.csv,review_required,unclassified,,blocked_quality_gate,no,0,table_requires_review_or_was_rejected
extracted_tables/027_Health_Bulletin_2023/table_0061.csv,quarantined_tables/027_Health_Bulletin_2023/table_0061.csv,review_required,unclassified,,blocked_quality_gate,no,0,table_requires_review_or_was_rejected
extracted_tables/027_Health_Bulletin_2023/table_0062.csv,quarantined_tables/027_Health_Bulletin_2023/table_0062.csv,review_required,unclassified,,blocked_quality_gate,no,0,table_requires_review_or_was_rejected
extracted_tables/027_Health_Bulletin_2023/table_0063.csv,quarantined_tables/027_Health_Bulletin_2023/table_0063.csv,review_required,unclassified,,blocked_quality_gate,no,0,table_requires_review_or_was_rejected
extracted_tables/027_Health_Bulletin_2023/table_0064.csv,quarantined_tables/027_Health_Bulletin_2023/table_0064.csv,review_required,unclassified,,blocked_quality_gate,no,0,table_requires_review_or_was_rejected
extracted_tables/027_Health_Bulletin_2023/table_0065.csv,quarantined_tables/027_Health_Bulletin_2023/table_0065.csv,review_required,unclassified,,blocked_quality_gate,no,0,table_requires_review_or_was_rejected
extracted_tables/027_Health_Bulletin_2023/table_0066.csv,quarantined_tables/027_Health_Bulletin_2023/table_0066.csv,rejected,unclassified,,blocked_quality_gate,no,0,table_requires_review_or_was_rejected
extracted_tables/027_Health_Bulletin_2023/table_0067.csv,quarantined_tables/027_Health_Bulletin_2023/table_0067.csv,review_required,unclassified,,blocked_quality_gate,no,0,table_requires_review_or_was_rejected
extracted_tables/027_Health_Bulletin_2023/table_0068.csv,quarantined_tables/027_Health_Bulletin_2023/table_0068.csv,review_required,unclassified,,blocked_quality_gate,no,0,table_requires_review_or_was_rejected
extracted_tables/027_Health_Bulletin_2023/table_0069.csv,quarantined_tables/027_Health_Bulletin_2023/table_0069.csv,review_required,unclassified,,blocked_quality_gate,no,0,table_requires_review_or_was_rejected
extracted_tables/027_Health_Bulletin_2023/table_0070.csv,quarantined_tables/027_Health_Bulletin_2023/table_0070.csv,review_required,unclassified,,blocked_quality_gate,no,0,table_requires_review_or_was_rejected
extracted_tables/027_Health_Bulletin_2023/table_0071.csv,quarantined_tables/027_Health_Bulletin_2023/table_0071.csv,review_required,unclassified,,blocked_quality_gate,no,0,table_requires_review_or_was_rejected
extracted_tables/027_Health_Bulletin_2023/table_0072.csv,quarantined_tables/027_Health_Bulletin_2023/table_0072.csv,review_required,unclassified,,blocked_quality_gate,no,0,table_requires_review_or_was_rejected
extracted_tables/027_Health_Bulletin_2023/table_0073.csv,quarantined_tables/027_Health_Bulletin_2023/table_0073.csv,review_required,unclassified,,blocked_quality_gate,no,0,table_requires_review_or_was_rejected
extracted_tables/027_Health_Bulletin_2023/table_0074.csv,quarantined_tables/027_Health_Bulletin_2023/table_0074.csv,review_required,unclassified,,blocked_quality_gate,no,0,table_requires_review_or_was_rejected
extracted_tables/027_Health_Bulletin_2023/table_0075.csv,quarantined_tables/027_Health_Bulletin_2023/table_0075.csv,review_required,unclassified,,blocked_quality_gate,no,0,table_requires_review_or_was_rejected
extracted_tables/027_Health_Bulletin_2023/table_0076.csv,quarantined_tables/027_Health_Bulletin_2023/table_0076.csv,review_required,unclassified,,blocked_quality_gate,no,0,table_requires_review_or_was_rejected
extracted_tables/027_Health_Bulletin_2023/table_0077.csv,quarantined_tables/027_Health_Bulletin_2023/table_0077.csv,review_required,unclassified,,blocked_quality_gate,no,0,table_requires_review_or_was_rejected
extracted_tables/027_Health_Bulletin_2023/table_0078.csv,quarantined_tables/027_Health_Bulletin_2023/table_0078.csv,review_required,unclassified,,blocked_quality_gate,no,0,table_requires_review_or_was_rejected
extracted_tables/027_Health_Bulletin_2023/table_0079.csv,quarantined_tables/027_Health_Bulletin_2023/table_0079.csv,rejected,unclassified,,blocked_quality_gate,no,0,table_requires_review_or_was_rejected
extracted_tables/027_Health_Bulletin_2023/table_0080.csv,quarantined_tables/027_Health_Bulletin_2023/table_0080.csv,review_required,unclassified,,blocked_quality_gate,no,0,table_requires_review_or_was_rejected
extracted_tables/027_Health_Bulletin_2023/table_0081.csv,quarantined_tables/027_Health_Bulletin_2023/table_0081.csv,review_required,unclassified,,blocked_quality_gate,no,0,table_requires_review_or_was_rejected
extracted_tables/027_Health_Bulletin_2023/table_0082.csv,quarantined_tables/027_Health_Bulletin_2023/table_0082.csv,review_required,unclassified,,blocked_quality_gate,no,0,table_requires_review_or_was_rejected
extracted_tables/027_Health_Bulletin_2023/table_0083.csv,quarantined_tables/027_Health_Bulletin_2023/table_0083.csv,review_required,unclassified,,blocked_quality_gate,no,0,table_requires_review_or_was_rejected
extracted_tables/027_Health_Bulletin_2023/table_0084.csv,quarantined_tables/027_Health_Bulletin_2023/table_0084.csv,review_required,unclassified,,blocked_quality_gate,no,0,table_requires_review_or_was_rejected
extracted_tables/027_Health_Bulletin_2023/table_0085.csv,quarantined_tables/027_Health_Bulletin_2023/table_0085.csv,review_required,unclassified,,blocked_quality_gate,no,0,table_requires_review_or_was_rejected
extracted_tables/027_Health_Bulletin_2023/table_0086.csv,quarantined_tables/027_Health_Bulletin_2023/table_0086.csv,review_required,unclassified,,blocked_quality_gate,no,0,table_requires_review_or_was_rejected
extracted_tables/027_Health_Bulletin_2023/table_0087.csv,quarantined_tables/027_Health_Bulletin_2023/table_0087.csv,review_required,unclassified,,blocked_quality_gate,no,0,table_requires_review_or_was_rejected
extracted_tables/027_Health_Bulletin_2023/table_0088.csv,quarantined_tables/027_Health_Bulletin_2023/table_0088.csv,review_required,unclassified,,blocked_quality_gate,no,0,table_requires_review_or_was_rejected
extracted_tables/027_Health_Bulletin_2023/table_0089.csv,quarantined_tables/027_Health_Bulletin_2023/table_0089.csv,review_required,unclassified,,blocked_quality_gate,no,0,table_requires_review_or_was_rejected
extracted_tables/027_Health_Bulletin_2023/table_0090.csv,quarantined_tables/027_Health_Bulletin_2023/table_0090.csv,review_required,unclassified,,blocked_quality_gate,no,0,table_requires_review_or_was_rejected
extracted_tables/027_Health_Bulletin_2023/table_0091.csv,quarantined_tables/027_Health_Bulletin_2023/table_0091.csv,review_required,unclassified,,blocked_quality_gate,no,0,table_requires_review_or_was_rejected
extracted_tables/027_Health_Bulletin_2023/table_0092.csv,quarantined_tables/027_Health_Bulletin_2023/table_0092.csv,review_required,unclassified,,blocked_quality_gate,no,0,table_requires_review_or_was_rejected
extracted_tables/027_Health_Bulletin_2023/table_0093.csv,quarantined_tables/027_Health_Bulletin_2023/table_0093.csv,review_required,unclassified,,blocked_quality_gate,no,0,table_requires_review_or_was_rejected
extracted_tables/027_Health_Bulletin_2023/table_0094.csv,quarantined_tables/027_Health_Bulletin_2023/table_0094.csv,review_required,unclassified,,blocked_quality_gate,no,0,table_requires_review_or_was_rejected
extracted_tables/027_Health_Bulletin_2023/table_0095.csv,quarantined_tables/027_Health_Bulletin_2023/table_0095.csv,review_required,unclassified,,blocked_quality_gate,no,0,table_requires_review_or_was_rejected
extracted_tables/027_Health_Bulletin_2023/table_0096.csv,quarantined_tables/027_Health_Bulletin_2023/table_0096.csv,review_required,unclassified,,blocked_quality_gate,no,0,table_requires_review_or_was_rejected
extracted_tables/027_Health_Bulletin_2023/table_0097.csv,quarantined_tables/027_Health_Bulletin_2023/table_0097.csv,review_required,unclassified,,blocked_quality_gate,no,0,table_requires_review_or_was_rejected
extracted_tables/027_Health_Bulletin_2023/table_0098.csv,quarantined_tables/027_Health_Bulletin_2023/table_0098.csv,review_required,unclassified,,blocked_quality_gate,no,0,table_requires_review_or_was_rejected
extracted_tables/027_Health_Bulletin_2023/table_0099.csv,quarantined_tables/027_Health_Bulletin_2023/table_0099.csv,review_required,unclassified,,blocked_quality_gate,no,0,table_requires_review_or_was_rejected
extracted_tables/027_Health_Bulletin_2023/table_0100.csv,quarantined_tables/027_Health_Bulletin_2023/table_0100.csv,review_required,unclassified,,blocked_quality_gate,no,0,table_requires_review_or_was_rejected
extracted_tables/027_Health_Bulletin_2023/table_0101.csv,quarantined_tables/027_Health_Bulletin_2023/table_0101.csv,review_required,unclassified,,blocked_quality_gate,no,0,table_requires_review_or_was_rejected
extracted_tables/027_Health_Bulletin_2023/table_0102.csv,quarantined_tables/027_Health_Bulletin_2023/table_0102.csv,review_required,unclassified,,blocked_quality_gate,no,0,table_requires_review_or_was_rejected
extracted_tables/027_Health_Bulletin_2023/table_0103.csv,quarantined_tables/027_Health_Bulletin_2023/table_0103.csv,review_required,unclassified,,blocked_quality_gate,no,0,table_requires_review_or_was_rejected
extracted_tables/027_Health_Bulletin_2023/table_0104.csv,quarantined_tables/027_Health_Bulletin_2023/table_0104.csv,review_required,unclassified,,blocked_quality_gate,no,0,table_requires_review_or_was_rejected
extracted_tables/027_Health_Bulletin_2023/table_0105.csv,quarantined_tables/027_Health_Bulletin_2023/table_0105.csv,review_required,unclassified,,blocked_quality_gate,no,0,table_requires_review_or_was_rejected
extracted_tables/027_Health_Bulletin_2023/table_0106.csv,quarantined_tables/027_Health_Bulletin_2023/table_0106.csv,review_required,unclassified,,blocked_quality_gate,no,0,table_requires_review_or_was_rejected
extracted_tables/027_Health_Bulletin_2023/table_0107.csv,quarantined_tables/027_Health_Bulletin_2023/table_0107.csv,review_required,unclassified,,blocked_quality_gate,no,0,table_requires_review_or_was_rejected
extracted_tables/027_Health_Bulletin_2023/table_0108.csv,quarantined_tables/027_Health_Bulletin_2023/table_0108.csv,review_required,unclassified,,blocked_quality_gate,no,0,table_requires_review_or_was_rejected
extracted_tables/027_Health_Bulletin_2023/table_0109.csv,quarantined_tables/027_Health_Bulletin_2023/table_0109.csv,review_required,unclassified,,blocked_quality_gate,no,0,table_requires_review_or_was_rejected
extracted_tables/027_Health_Bulletin_2023/table_0110.csv,quarantined_tables/027_Health_Bulletin_2023/table_0110.csv,review_required,unclassified,,blocked_quality_gate,no,0,table_requires_review_or_was_rejected
extracted_tables/027_Health_Bulletin_2023/table_0111.csv,quarantined_tables/027_Health_Bulletin_2023/table_0111.csv,review_required,unclassified,,blocked_quality_gate,no,0,table_requires_review_or_was_rejected
extracted_tables/027_Health_Bulletin_2023/table_0112.csv,quarantined_tables/027_Health_Bulletin_2023/table_0112.csv,review_required,unclassified,,blocked_quality_gate,no,0,table_requires_review_or_was_rejected
extracted_tables/027_Health_Bulletin_2023/table_0113.csv,quarantined_tables/027_Health_Bulletin_2023/table_0113.csv,review_required,unclassified,,blocked_quality_gate,no,0,table_requires_review_or_was_rejected
extracted_tables/027_Health_Bulletin_2023/table_0114.csv,quarantined_tables/027_Health_Bulletin_2023/table_0114.csv,review_required,unclassified,,blocked_quality_gate,no,0,table_requires_review_or_was_rejected
extracted_tables/027_Health_Bulletin_2023/table_0115.csv,quarantined_tables/027_Health_Bulletin_2023/table_0115.csv,review_required,unclassified,,blocked_quality_gate,no,0,table_requires_review_or_was_rejected
extracted_tables/027_Health_Bulletin_2023/table_0116.csv,quarantined_tables/027_Health_Bulletin_2023/table_0116.csv,review_required,unclassified,,blocked_quality_gate,no,0,table_requires_review_or_was_rejected
extracted_tables/027_Health_Bulletin_2023/table_0117.csv,quarantined_tables/027_Health_Bulletin_2023/table_0117.csv,review_required,unclassified,,blocked_quality_gate,no,0,table_requires_review_or_was_rejected
extracted_tables/027_Health_Bulletin_2023/table_0118.csv,quarantined_tables/027_Health_Bulletin_2023/table_0118.csv,review_required,unclassified,,blocked_quality_gate,no,0,table_requires_review_or_was_rejected
extracted_tables/027_Health_Bulletin_2023/table_0119.csv,quarantined_tables/027_Health_Bulletin_2023/table_0119.csv,review_required,unclassified,,blocked_quality_gate,no,0,table_requires_review_or_was_rejected
extracted_tables/027_Health_Bulletin_2023/table_0120.csv,quarantined_tables/027_Health_Bulletin_2023/table_0120.csv,review_required,unclassified,,blocked_quality_gate,no,0,table_requires_review_or_was_rejected
extracted_tables/027_Health_Bulletin_2023/table_0121.csv,quarantined_tables/027_Health_Bulletin_2023/table_0121.csv,review_required,unclassified,,blocked_quality_gate,no,0,table_requires_review_or_was_rejected
extracted_tables/027_Health_Bulletin_2023/table_0122.csv,quarantined_tables/027_Health_Bulletin_2023/table_0122.csv,review_required,unclassified,,blocked_quality_gate,no,0,table_requires_review_or_was_rejected
extracted_tables/027_Health_Bulletin_2023/table_0123.csv,quarantined_tables/027_Health_Bulletin_2023/table_0123.csv,review_required,unclassified,,blocked_quality_gate,no,0,table_requires_review_or_was_rejected
extracted_tables/027_Health_Bulletin_2023/table_0124.csv,quarantined_tables/027_Health_Bulletin_2023/table_0124.csv,review_required,unclassified,,blocked_quality_gate,no,0,table_requires_review_or_was_rejected
extracted_tables/027_Health_Bulletin_2023/table_0125.csv,quarantined_tables/027_Health_Bulletin_2023/table_0125.csv,review_required,unclassified,,blocked_quality_gate,no,0,table_requires_review_or_was_rejected
extracted_tables/027_Health_Bulletin_2023/table_0126.csv,quarantined_tables/027_Health_Bulletin_2023/table_0126.csv,review_required,unclassified,,blocked_quality_gate,no,0,table_requires_review_or_was_rejected
extracted_tables/027_Health_Bulletin_2023/table_0127.csv,quarantined_tables/027_Health_Bulletin_2023/table_0127.csv,review_required,unclassified,,blocked_quality_gate,no,0,table_requires_review_or_was_rejected
extracted_tables/027_Health_Bulletin_2023/table_0128.csv,quarantined_tables/027_Health_Bulletin_2023/table_0128.csv,review_required,unclassified,,blocked_quality_gate,no,0,table_requires_review_or_was_rejected
extracted_tables/027_Health_Bulletin_2023/table_0129.csv,quarantined_tables/027_Health_Bulletin_2023/table_0129.csv,review_required,unclassified,,blocked_quality_gate,no,0,table_requires_review_or_was_rejected
extracted_tables/027_Health_Bulletin_2023/table_0130.csv,quarantined_tables/027_Health_Bulletin_2023/table_0130.csv,review_required,unclassified,,blocked_quality_gate,no,0,table_requires_review_or_was_rejected
extracted_tables/027_Health_Bulletin_2023/table_0131.csv,quarantined_tables/027_Health_Bulletin_2023/table_0131.csv,review_required,unclassified,,blocked_quality_gate,no,0,table_requires_review_or_was_rejected
extracted_tables/027_Health_Bulletin_2023/table_0132.csv,quarantined_tables/027_Health_Bulletin_2023/table_0132.csv,review_required,unclassified,,blocked_quality_gate,no,0,table_requires_review_or_was_rejected
extracted_tables/027_Health_Bulletin_2023/table_0133.csv,quarantined_tables/027_Health_Bulletin_2023/table_0133.csv,review_required,unclassified,,blocked_quality_gate,no,0,table_requires_review_or_was_rejected
extracted_tables/027_Health_Bulletin_2023/table_0134.csv,quarantined_tables/027_Health_Bulletin_2023/table_0134.csv,review_required,unclassified,,blocked_quality_gate,no,0,table_requires_review_or_was_rejected
extracted_tables/027_Health_Bulletin_2023/table_0135.csv,quarantined_tables/027_Health_Bulletin_2023/table_0135.csv,review_required,unclassified,,blocked_quality_gate,no,0,table_requires_review_or_was_rejected
extracted_tables/027_Health_Bulletin_2023/table_0136.csv,quarantined_tables/027_Health_Bulletin_2023/table_0136.csv,review_required,unclassified,,blocked_quality_gate,no,0,table_requires_review_or_was_rejected
extracted_tables/027_Health_Bulletin_2023/table_0137.csv,quarantined_tables/027_Health_Bulletin_2023/table_0137.csv,review_required,unclassified,,blocked_quality_gate,no,0,table_requires_review_or_was_rejected
extracted_tables/027_Health_Bulletin_2023/table_0138.csv,quarantined_tables/027_Health_Bulletin_2023/table_0138.csv,review_required,unclassified,,blocked_quality_gate,no,0,table_requires_review_or_was_rejected
extracted_tables/027_Health_Bulletin_2023/table_0139.csv,quarantined_tables/027_Health_Bulletin_2023/table_0139.csv,rejected,unclassified,,blocked_quality_gate,no,0,table_requires_review_or_was_rejected
extracted_tables/027_Health_Bulletin_2023/table_0140.csv,quarantined_tables/027_Health_Bulletin_2023/table_0140.csv,review_required,unclassified,,blocked_quality_gate,no,0,table_requires_review_or_was_rejected
extracted_tables/027_Health_Bulletin_2023/table_0141.csv,quarantined_tables/027_Health_Bulletin_2023/table_0141.csv,rejected,unclassified,,blocked_quality_gate,no,0,table_requires_review_or_was_rejected
extracted_tables/027_Health_Bulletin_2023/table_0142.csv,quarantined_tables/027_Health_Bulletin_2023/table_0142.csv,review_required,unclassified,,blocked_quality_gate,no,0,table_requires_review_or_was_rejected
extracted_tables/027_Health_Bulletin_2023/table_0143.csv,quarantined_tables/027_Health_Bulletin_2023/table_0143.csv,review_required,unclassified,,blocked_quality_gate,no,0,table_requires_review_or_was_rejected
extracted_tables/027_Health_Bulletin_2023/table_0144.csv,quarantined_tables/027_Health_Bulletin_2023/table_0144.csv,review_required,unclassified,,blocked_quality_gate,no,0,table_requires_review_or_was_rejected
extracted_tables/027_Health_Bulletin_2023/table_0145.csv,quarantined_tables/027_Health_Bulletin_2023/table_0145.csv,review_required,unclassified,,blocked_quality_gate,no,0,table_requires_review_or_was_rejected
extracted_tables/027_Health_Bulletin_2023/table_0146.csv,quarantined_tables/027_Health_Bulletin_2023/table_0146.csv,review_required,unclassified,,blocked_quality_gate,no,0,table_requires_review_or_was_rejected
extracted_tables/027_Health_Bulletin_2023/table_0147.csv,quarantined_tables/027_Health_Bulletin_2023/table_0147.csv,review_required,unclassified,,blocked_quality_gate,no,0,table_requires_review_or_was_rejected
extracted_tables/027_Health_Bulletin_2023/table_0148.csv,quarantined_tables/027_Health_Bulletin_2023/table_0148.csv,review_required,unclassified,,blocked_quality_gate,no,0,table_requires_review_or_was_rejected
extracted_tables/027_Health_Bulletin_2023/table_0149.csv,quarantined_tables/027_Health_Bulletin_2023/table_0149.csv,review_required,unclassified,,blocked_quality_gate,no,0,table_requires_review_or_was_rejected
extracted_tables/027_Health_Bulletin_2023/table_0150.csv,quarantined_tables/027_Health_Bulletin_2023/table_0150.csv,review_required,unclassified,,blocked_quality_gate,no,0,table_requires_review_or_was_rejected
extracted_tables/027_Health_Bulletin_2023/table_0151.csv,quarantined_tables/027_Health_Bulletin_2023/table_0151.csv,review_required,unclassified,,blocked_quality_gate,no,0,table_requires_review_or_was_rejected
extracted_tables/027_Health_Bulletin_2023/table_0152.csv,quarantined_tables/027_Health_Bulletin_2023/table_0152.csv,review_required,unclassified,,blocked_quality_gate,no,0,table_requires_review_or_was_rejected
extracted_tables/027_Health_Bulletin_2023/table_0153.csv,quarantined_tables/027_Health_Bulletin_2023/table_0153.csv,review_required,unclassified,,blocked_quality_gate,no,0,table_requires_review_or_was_rejected
extracted_tables/027_Health_Bulletin_2023/table_0154.csv,quarantined_tables/027_Health_Bulletin_2023/table_0154.csv,review_required,unclassified,,blocked_quality_gate,no,0,table_requires_review_or_was_rejected
extracted_tables/027_Health_Bulletin_2023/table_0155.csv,quarantined_tables/027_Health_Bulletin_2023/table_0155.csv,review_required,unclassified,,blocked_quality_gate,no,0,table_requires_review_or_was_rejected
extracted_tables/027_Health_Bulletin_2023/table_0156.csv,quarantined_tables/027_Health_Bulletin_2023/table_0156.csv,review_required,unclassified,,blocked_quality_gate,no,0,table_requires_review_or_was_rejected
extracted_tables/027_Health_Bulletin_2023/table_0157.csv,quarantined_tables/027_Health_Bulletin_2023/table_0157.csv,review_required,unclassified,,blocked_quality_gate,no,0,table_requires_review_or_was_rejected
extracted_tables/027_Health_Bulletin_2023/table_0158.csv,quarantined_tables/027_Health_Bulletin_2023/table_0158.csv,review_required,unclassified,,blocked_quality_gate,no,0,table_requires_review_or_was_rejected
extracted_tables/027_Health_Bulletin_2023/table_0159.csv,quarantined_tables/027_Health_Bulletin_2023/table_0159.csv,review_required,unclassified,,blocked_quality_gate,no,0,table_requires_review_or_was_rejected
extracted_tables/027_Health_Bulletin_2023/table_0160.csv,quarantined_tables/027_Health_Bulletin_2023/table_0160.csv,rejected,unclassified,,blocked_quality_gate,no,0,table_requires_review_or_was_rejected
extracted_tables/027_Health_Bulletin_2023/table_0161.csv,quarantined_tables/027_Health_Bulletin_2023/table_0161.csv,review_required,unclassified,,blocked_quality_gate,no,0,table_requires_review_or_was_rejected
extracted_tables/027_Health_Bulletin_2023/table_0162.csv,quarantined_tables/027_Health_Bulletin_2023/table_0162.csv,rejected,unclassified,,blocked_quality_gate,no,0,table_requires_review_or_was_rejected
extracted_tables/027_Health_Bulletin_2023/table_0163.csv,quarantined_tables/027_Health_Bulletin_2023/table_0163.csv,review_required,unclassified,,blocked_quality_gate,no,0,table_requires_review_or_was_rejected
extracted_tables/027_Health_Bulletin_2023/table_0164.csv,quarantined_tables/027_Health_Bulletin_2023/table_0164.csv,review_required,unclassified,,blocked_quality_gate,no,0,table_requires_review_or_was_rejected
extracted_tables/027_Health_Bulletin_2023/table_0165.csv,quarantined_tables/027_Health_Bulletin_2023/table_0165.csv,review_required,unclassified,,blocked_quality_gate,no,0,table_requires_review_or_was_rejected
extracted_tables/027_Health_Bulletin_2023/table_0166.csv,quarantined_tables/027_Health_Bulletin_2023/table_0166.csv,review_required,unclassified,,blocked_quality_gate,no,0,table_requires_review_or_was_rejected
extracted_tables/027_Health_Bulletin_2023/table_0167.csv,quarantined_tables/027_Health_Bulletin_2023/table_0167.csv,review_required,unclassified,,blocked_quality_gate,no,0,table_requires_review_or_was_rejected
extracted_tables/027_Health_Bulletin_2023/table_0168.csv,quarantined_tables/027_Health_Bulletin_2023/table_0168.csv,review_required,unclassified,,blocked_quality_gate,no,0,table_requires_review_or_was_rejected
extracted_tables/027_Health_Bulletin_2023/table_0169.csv,quarantined_tables/027_Health_Bulletin_2023/table_0169.csv,review_required,unclassified,,blocked_quality_gate,no,0,table_requires_review_or_was_rejected
extracted_tables/027_Health_Bulletin_2023/table_0170.csv,quarantined_tables/027_Health_Bulletin_2023/table_0170.csv,review_required,unclassified,,blocked_quality_gate,no,0,table_requires_review_or_was_rejected
extracted_tables/027_Health_Bulletin_2023/table_0171.csv,quarantined_tables/027_Health_Bulletin_2023/table_0171.csv,review_required,unclassified,,blocked_quality_gate,no,0,table_requires_review_or_was_rejected
extracted_tables/027_Health_Bulletin_2023/table_0172.csv,quarantined_tables/027_Health_Bulletin_2023/table_0172.csv,review_required,unclassified,,blocked_quality_gate,no,0,table_requires_review_or_was_rejected
extracted_tables/027_Health_Bulletin_2023/table_0173.csv,quarantined_tables/027_Health_Bulletin_2023/table_0173.csv,review_required,unclassified,,blocked_quality_gate,no,0,table_requires_review_or_was_rejected
extracted_tables/027_Health_Bulletin_2023/table_0174.csv,quarantined_tables/027_Health_Bulletin_2023/table_0174.csv,review_required,unclassified,,blocked_quality_gate,no,0,table_requires_review_or_was_rejected
extracted_tables/027_Health_Bulletin_2023/table_0175.csv,quarantined_tables/027_Health_Bulletin_2023/table_0175.csv,review_required,unclassified,,blocked_quality_gate,no,0,table_requires_review_or_was_rejected
extracted_tables/027_Health_Bulletin_2023/table_0176.csv,quarantined_tables/027_Health_Bulletin_2023/table_0176.csv,review_required,unclassified,,blocked_quality_gate,no,0,table_requires_review_or_was_rejected
extracted_tables/027_Health_Bulletin_2023/table_0177.csv,quarantined_tables/027_Health_Bulletin_2023/table_0177.csv,rejected,unclassified,,blocked_quality_gate,no,0,table_requires_review_or_was_rejected
extracted_tables/027_Health_Bulletin_2023/table_0178.csv,quarantined_tables/027_Health_Bulletin_2023/table_0178.csv,review_required,unclassified,,blocked_quality_gate,no,0,table_requires_review_or_was_rejected
extracted_tables/027_Health_Bulletin_2023/table_0179.csv,quarantined_tables/027_Health_Bulletin_2023/table_0179.csv,review_required,unclassified,,blocked_quality_gate,no,0,table_requires_review_or_was_rejected
extracted_tables/027_Health_Bulletin_2023/table_0180.csv,quarantined_tables/027_Health_Bulletin_2023/table_0180.csv,review_required,unclassified,,blocked_quality_gate,no,0,table_requires_review_or_was_rejected
extracted_tables/027_Health_Bulletin_2023/table_0181.csv,quarantined_tables/027_Health_Bulletin_2023/table_0181.csv,review_required,unclassified,,blocked_quality_gate,no,0,table_requires_review_or_was_rejected
extracted_tables/027_Health_Bulletin_2023/table_0182.csv,quarantined_tables/027_Health_Bulletin_2023/table_0182.csv,review_required,unclassified,,blocked_quality_gate,no,0,table_requires_review_or_was_rejected
extracted_tables/027_Health_Bulletin_2023/table_0183.csv,quarantined_tables/027_Health_Bulletin_2023/table_0183.csv,review_required,unclassified,,blocked_quality_gate,no,0,table_requires_review_or_was_rejected
extracted_tables/027_Health_Bulletin_2023/table_0184.csv,quarantined_tables/027_Health_Bulletin_2023/table_0184.csv,review_required,unclassified,,blocked_quality_gate,no,0,table_requires_review_or_was_rejected
extracted_tables/027_Health_Bulletin_2023/table_0185.csv,quarantined_tables/027_Health_Bulletin_2023/table_0185.csv,review_required,unclassified,,blocked_quality_gate,no,0,table_requires_review_or_was_rejected
extracted_tables/027_Health_Bulletin_2023/table_0186.csv,quarantined_tables/027_Health_Bulletin_2023/table_0186.csv,review_required,unclassified,,blocked_quality_gate,no,0,table_requires_review_or_was_rejected
extracted_tables/028_Health_Bulletin_2022/table_0001.csv,quarantined_tables/028_Health_Bulletin_2022/table_0001.csv,rejected,unclassified,,blocked_quality_gate,no,0,table_requires_review_or_was_rejected
extracted_tables/028_Health_Bulletin_2022/table_0002.csv,quarantined_tables/028_Health_Bulletin_2022/table_0002.csv,rejected,unclassified,,blocked_quality_gate,no,0,table_requires_review_or_was_rejected
extracted_tables/028_Health_Bulletin_2022/table_0003.csv,quarantined_tables/028_Health_Bulletin_2022/table_0003.csv,review_required,unclassified,,blocked_quality_gate,no,0,table_requires_review_or_was_rejected
extracted_tables/028_Health_Bulletin_2022/table_0004.csv,quarantined_tables/028_Health_Bulletin_2022/table_0004.csv,review_required,unclassified,,blocked_quality_gate,no,0,table_requires_review_or_was_rejected
extracted_tables/028_Health_Bulletin_2022/table_0005.csv,quarantined_tables/028_Health_Bulletin_2022/table_0005.csv,review_required,unclassified,,blocked_quality_gate,no,0,table_requires_review_or_was_rejected
extracted_tables/028_Health_Bulletin_2022/table_0006.csv,quarantined_tables/028_Health_Bulletin_2022/table_0006.csv,review_required,unclassified,,blocked_quality_gate,no,0,table_requires_review_or_was_rejected
extracted_tables/028_Health_Bulletin_2022/table_0007.csv,quarantined_tables/028_Health_Bulletin_2022/table_0007.csv,review_required,unclassified,,blocked_quality_gate,no,0,table_requires_review_or_was_rejected
extracted_tables/028_Health_Bulletin_2022/table_0008.csv,quarantined_tables/028_Health_Bulletin_2022/table_0008.csv,review_required,unclassified,,blocked_quality_gate,no,0,table_requires_review_or_was_rejected
extracted_tables/028_Health_Bulletin_2022/table_0009.csv,quarantined_tables/028_Health_Bulletin_2022/table_0009.csv,review_required,unclassified,,blocked_quality_gate,no,0,table_requires_review_or_was_rejected
extracted_tables/028_Health_Bulletin_2022/table_0010.csv,quarantined_tables/028_Health_Bulletin_2022/table_0010.csv,review_required,unclassified,,blocked_quality_gate,no,0,table_requires_review_or_was_rejected
extracted_tables/028_Health_Bulletin_2022/table_0011.csv,quarantined_tables/028_Health_Bulletin_2022/table_0011.csv,review_required,unclassified,,blocked_quality_gate,no,0,table_requires_review_or_was_rejected
extracted_tables/028_Health_Bulletin_2022/table_0012.csv,quarantined_tables/028_Health_Bulletin_2022/table_0012.csv,review_required,unclassified,,blocked_quality_gate,no,0,table_requires_review_or_was_rejected
extracted_tables/028_Health_Bulletin_2022/table_0013.csv,quarantined_tables/028_Health_Bulletin_2022/table_0013.csv,review_required,unclassified,,blocked_quality_gate,no,0,table_requires_review_or_was_rejected
extracted_tables/028_Health_Bulletin_2022/table_0014.csv,quarantined_tables/028_Health_Bulletin_2022/table_0014.csv,review_required,unclassified,,blocked_quality_gate,no,0,table_requires_review_or_was_rejected
extracted_tables/028_Health_Bulletin_2022/table_0015.csv,quarantined_tables/028_Health_Bulletin_2022/table_0015.csv,review_required,unclassified,,blocked_quality_gate,no,0,table_requires_review_or_was_rejected
extracted_tables/028_Health_Bulletin_2022/table_0016.csv,quarantined_tables/028_Health_Bulletin_2022/table_0016.csv,review_required,unclassified,,blocked_quality_gate,no,0,table_requires_review_or_was_rejected
extracted_tables/028_Health_Bulletin_2022/table_0017.csv,quarantined_tables/028_Health_Bulletin_2022/table_0017.csv,review_required,unclassified,,blocked_quality_gate,no,0,table_requires_review_or_was_rejected
extracted_tables/028_Health_Bulletin_2022/table_0018.csv,quarantined_tables/028_Health_Bulletin_2022/table_0018.csv,review_required,unclassified,,blocked_quality_gate,no,0,table_requires_review_or_was_rejected
extracted_tables/028_Health_Bulletin_2022/table_0019.csv,quarantined_tables/028_Health_Bulletin_2022/table_0019.csv,review_required,unclassified,,blocked_quality_gate,no,0,table_requires_review_or_was_rejected
extracted_tables/028_Health_Bulletin_2022/table_0020.csv,quarantined_tables/028_Health_Bulletin_2022/table_0020.csv,review_required,unclassified,,blocked_quality_gate,no,0,table_requires_review_or_was_rejected
extracted_tables/028_Health_Bulletin_2022/table_0021.csv,quarantined_tables/028_Health_Bulletin_2022/table_0021.csv,review_required,unclassified,,blocked_quality_gate,no,0,table_requires_review_or_was_rejected
extracted_tables/028_Health_Bulletin_2022/table_0022.csv,quarantined_tables/028_Health_Bulletin_2022/table_0022.csv,review_required,unclassified,,blocked_quality_gate,no,0,table_requires_review_or_was_rejected
extracted_tables/028_Health_Bulletin_2022/table_0023.csv,quarantined_tables/028_Health_Bulletin_2022/table_0023.csv,review_required,unclassified,,blocked_quality_gate,no,0,table_requires_review_or_was_rejected
extracted_tables/028_Health_Bulletin_2022/table_0024.csv,quarantined_tables/028_Health_Bulletin_2022/table_0024.csv,rejected,unclassified,,blocked_quality_gate,no,0,table_requires_review_or_was_rejected
extracted_tables/028_Health_Bulletin_2022/table_0025.csv,quarantined_tables/028_Health_Bulletin_2022/table_0025.csv,rejected,unclassified,,blocked_quality_gate,no,0,table_requires_review_or_was_rejected
extracted_tables/028_Health_Bulletin_2022/table_0026.csv,quarantined_tables/028_Health_Bulletin_2022/table_0026.csv,review_required,unclassified,,blocked_quality_gate,no,0,table_requires_review_or_was_rejected
extracted_tables/028_Health_Bulletin_2022/table_0027.csv,quarantined_tables/028_Health_Bulletin_2022/table_0027.csv,review_required,unclassified,,blocked_quality_gate,no,0,table_requires_review_or_was_rejected
extracted_tables/028_Health_Bulletin_2022/table_0028.csv,quarantined_tables/028_Health_Bulletin_2022/table_0028.csv,review_required,unclassified,,blocked_quality_gate,no,0,table_requires_review_or_was_rejected
extracted_tables/028_Health_Bulletin_2022/table_0029.csv,quarantined_tables/028_Health_Bulletin_2022/table_0029.csv,review_required,unclassified,,blocked_quality_gate,no,0,table_requires_review_or_was_rejected
extracted_tables/028_Health_Bulletin_2022/table_0030.csv,quarantined_tables/028_Health_Bulletin_2022/table_0030.csv,review_required,unclassified,,blocked_quality_gate,no,0,table_requires_review_or_was_rejected
extracted_tables/028_Health_Bulletin_2022/table_0031.csv,quarantined_tables/028_Health_Bulletin_2022/table_0031.csv,review_required,unclassified,,blocked_quality_gate,no,0,table_requires_review_or_was_rejected
extracted_tables/028_Health_Bulletin_2022/table_0032.csv,quarantined_tables/028_Health_Bulletin_2022/table_0032.csv,rejected,unclassified,,blocked_quality_gate,no,0,table_requires_review_or_was_rejected
extracted_tables/028_Health_Bulletin_2022/table_0033.csv,quarantined_tables/028_Health_Bulletin_2022/table_0033.csv,review_required,unclassified,,blocked_quality_gate,no,0,table_requires_review_or_was_rejected
extracted_tables/028_Health_Bulletin_2022/table_0034.csv,quarantined_tables/028_Health_Bulletin_2022/table_0034.csv,rejected,unclassified,,blocked_quality_gate,no,0,table_requires_review_or_was_rejected
extracted_tables/028_Health_Bulletin_2022/table_0035.csv,quarantined_tables/028_Health_Bulletin_2022/table_0035.csv,rejected,unclassified,,blocked_quality_gate,no,0,table_requires_review_or_was_rejected
extracted_tables/028_Health_Bulletin_2022/table_0036.csv,quarantined_tables/028_Health_Bulletin_2022/table_0036.csv,review_required,unclassified,,blocked_quality_gate,no,0,table_requires_review_or_was_rejected
extracted_tables/028_Health_Bulletin_2022/table_0037.csv,quarantined_tables/028_Health_Bulletin_2022/table_0037.csv,review_required,unclassified,,blocked_quality_gate,no,0,table_requires_review_or_was_rejected
extracted_tables/028_Health_Bulletin_2022/table_0038.csv,quarantined_tables/028_Health_Bulletin_2022/table_0038.csv,rejected,unclassified,,blocked_quality_gate,no,0,table_requires_review_or_was_rejected
extracted_tables/028_Health_Bulletin_2022/table_0039.csv,quarantined_tables/028_Health_Bulletin_2022/table_0039.csv,rejected,unclassified,,blocked_quality_gate,no,0,table_requires_review_or_was_rejected
extracted_tables/028_Health_Bulletin_2022/table_0040.csv,quarantined_tables/028_Health_Bulletin_2022/table_0040.csv,rejected,unclassified,,blocked_quality_gate,no,0,table_requires_review_or_was_rejected
extracted_tables/028_Health_Bulletin_2022/table_0041.csv,quarantined_tables/028_Health_Bulletin_2022/table_0041.csv,rejected,unclassified,,blocked_quality_gate,no,0,table_requires_review_or_was_rejected
extracted_tables/028_Health_Bulletin_2022/table_0042.csv,quarantined_tables/028_Health_Bulletin_2022/table_0042.csv,rejected,unclassified,,blocked_quality_gate,no,0,table_requires_review_or_was_rejected
extracted_tables/028_Health_Bulletin_2022/table_0043.csv,quarantined_tables/028_Health_Bulletin_2022/table_0043.csv,rejected,unclassified,,blocked_quality_gate,no,0,table_requires_review_or_was_rejected
extracted_tables/028_Health_Bulletin_2022/table_0044.csv,quarantined_tables/028_Health_Bulletin_2022/table_0044.csv,rejected,unclassified,,blocked_quality_gate,no,0,table_requires_review_or_was_rejected
extracted_tables/028_Health_Bulletin_2022/table_0045.csv,quarantined_tables/028_Health_Bulletin_2022/table_0045.csv,rejected,unclassified,,blocked_quality_gate,no,0,table_requires_review_or_was_rejected
extracted_tables/028_Health_Bulletin_2022/table_0046.csv,quarantined_tables/028_Health_Bulletin_2022/table_0046.csv,rejected,unclassified,,blocked_quality_gate,no,0,table_requires_review_or_was_rejected
extracted_tables/028_Health_Bulletin_2022/table_0047.csv,quarantined_tables/028_Health_Bulletin_2022/table_0047.csv,rejected,unclassified,,blocked_quality_gate,no,0,table_requires_review_or_was_rejected
extracted_tables/028_Health_Bulletin_2022/table_0048.csv,quarantined_tables/028_Health_Bulletin_2022/table_0048.csv,rejected,unclassified,,blocked_quality_gate,no,0,table_requires_review_or_was_rejected
extracted_tables/028_Health_Bulletin_2022/table_0049.csv,quarantined_tables/028_Health_Bulletin_2022/table_0049.csv,rejected,unclassified,,blocked_quality_gate,no,0,table_requires_review_or_was_rejected
extracted_tables/028_Health_Bulletin_2022/table_0050.csv,quarantined_tables/028_Health_Bulletin_2022/table_0050.csv,review_required,unclassified,,blocked_quality_gate,no,0,table_requires_review_or_was_rejected
extracted_tables/028_Health_Bulletin_2022/table_0051.csv,quarantined_tables/028_Health_Bulletin_2022/table_0051.csv,review_required,unclassified,,blocked_quality_gate,no,0,table_requires_review_or_was_rejected
extracted_tables/028_Health_Bulletin_2022/table_0052.csv,quarantined_tables/028_Health_Bulletin_2022/table_0052.csv,review_required,unclassified,,blocked_quality_gate,no,0,table_requires_review_or_was_rejected
extracted_tables/028_Health_Bulletin_2022/table_0053.csv,quarantined_tables/028_Health_Bulletin_2022/table_0053.csv,review_required,unclassified,,blocked_quality_gate,no,0,table_requires_review_or_was_rejected
extracted_tables/028_Health_Bulletin_2022/table_0054.csv,quarantined_tables/028_Health_Bulletin_2022/table_0054.csv,review_required,unclassified,,blocked_quality_gate,no,0,table_requires_review_or_was_rejected
extracted_tables/028_Health_Bulletin_2022/table_0055.csv,quarantined_tables/028_Health_Bulletin_2022/table_0055.csv,review_required,unclassified,,blocked_quality_gate,no,0,table_requires_review_or_was_rejected
extracted_tables/028_Health_Bulletin_2022/table_0056.csv,quarantined_tables/028_Health_Bulletin_2022/table_0056.csv,review_required,unclassified,,blocked_quality_gate,no,0,table_requires_review_or_was_rejected
extracted_tables/028_Health_Bulletin_2022/table_0057.csv,quarantined_tables/028_Health_Bulletin_2022/table_0057.csv,review_required,unclassified,,blocked_quality_gate,no,0,table_requires_review_or_was_rejected
extracted_tables/028_Health_Bulletin_2022/table_0058.csv,quarantined_tables/028_Health_Bulletin_2022/table_0058.csv,review_required,unclassified,,blocked_quality_gate,no,0,table_requires_review_or_was_rejected
extracted_tables/028_Health_Bulletin_2022/table_0059.csv,quarantined_tables/028_Health_Bulletin_2022/table_0059.csv,review_required,unclassified,,blocked_quality_gate,no,0,table_requires_review_or_was_rejected
extracted_tables/028_Health_Bulletin_2022/table_0060.csv,quarantined_tables/028_Health_Bulletin_2022/table_0060.csv,review_required,unclassified,,blocked_quality_gate,no,0,table_requires_review_or_was_rejected
extracted_tables/028_Health_Bulletin_2022/table_0061.csv,quarantined_tables/028_Health_Bulletin_2022/table_0061.csv,review_required,unclassified,,blocked_quality_gate,no,0,table_requires_review_or_was_rejected
extracted_tables/028_Health_Bulletin_2022/table_0062.csv,quarantined_tables/028_Health_Bulletin_2022/table_0062.csv,review_required,unclassified,,blocked_quality_gate,no,0,table_requires_review_or_was_rejected
extracted_tables/028_Health_Bulletin_2022/table_0063.csv,quarantined_tables/028_Health_Bulletin_2022/table_0063.csv,review_required,unclassified,,blocked_quality_gate,no,0,table_requires_review_or_was_rejected
extracted_tables/028_Health_Bulletin_2022/table_0064.csv,quarantined_tables/028_Health_Bulletin_2022/table_0064.csv,review_required,unclassified,,blocked_quality_gate,no,0,table_requires_review_or_was_rejected
extracted_tables/028_Health_Bulletin_2022/table_0065.csv,quarantined_tables/028_Health_Bulletin_2022/table_0065.csv,review_required,unclassified,,blocked_quality_gate,no,0,table_requires_review_or_was_rejected
extracted_tables/028_Health_Bulletin_2022/table_0066.csv,quarantined_tables/028_Health_Bulletin_2022/table_0066.csv,review_required,unclassified,,blocked_quality_gate,no,0,table_requires_review_or_was_rejected
extracted_tables/028_Health_Bulletin_2022/table_0067.csv,quarantined_tables/028_Health_Bulletin_2022/table_0067.csv,review_required,unclassified,,blocked_quality_gate,no,0,table_requires_review_or_was_rejected
extracted_tables/028_Health_Bulletin_2022/table_0068.csv,quarantined_tables/028_Health_Bulletin_2022/table_0068.csv,review_required,unclassified,,blocked_quality_gate,no,0,table_requires_review_or_was_rejected
extracted_tables/028_Health_Bulletin_2022/table_0069.csv,quarantined_tables/028_Health_Bulletin_2022/table_0069.csv,review_required,unclassified,,blocked_quality_gate,no,0,table_requires_review_or_was_rejected
extracted_tables/028_Health_Bulletin_2022/table_0070.csv,quarantined_tables/028_Health_Bulletin_2022/table_0070.csv,review_required,unclassified,,blocked_quality_gate,no,0,table_requires_review_or_was_rejected
extracted_tables/028_Health_Bulletin_2022/table_0071.csv,quarantined_tables/028_Health_Bulletin_2022/table_0071.csv,review_required,unclassified,,blocked_quality_gate,no,0,table_requires_review_or_was_rejected
extracted_tables/028_Health_Bulletin_2022/table_0072.csv,quarantined_tables/028_Health_Bulletin_2022/table_0072.csv,review_required,unclassified,,blocked_quality_gate,no,0,table_requires_review_or_was_rejected
extracted_tables/028_Health_Bulletin_2022/table_0073.csv,quarantined_tables/028_Health_Bulletin_2022/table_0073.csv,review_required,unclassified,,blocked_quality_gate,no,0,table_requires_review_or_was_rejected
extracted_tables/028_Health_Bulletin_2022/table_0074.csv,quarantined_tables/028_Health_Bulletin_2022/table_0074.csv,review_required,unclassified,,blocked_quality_gate,no,0,table_requires_review_or_was_rejected
extracted_tables/028_Health_Bulletin_2022/table_0075.csv,quarantined_tables/028_Health_Bulletin_2022/table_0075.csv,review_required,unclassified,,blocked_quality_gate,no,0,table_requires_review_or_was_rejected
extracted_tables/028_Health_Bulletin_2022/table_0076.csv,quarantined_tables/028_Health_Bulletin_2022/table_0076.csv,review_required,unclassified,,blocked_quality_gate,no,0,table_requires_review_or_was_rejected
extracted_tables/028_Health_Bulletin_2022/table_0077.csv,quarantined_tables/028_Health_Bulletin_2022/table_0077.csv,review_required,unclassified,,blocked_quality_gate,no,0,table_requires_review_or_was_rejected
extracted_tables/028_Health_Bulletin_2022/table_0078.csv,quarantined_tables/028_Health_Bulletin_2022/table_0078.csv,review_required,unclassified,,blocked_quality_gate,no,0,table_requires_review_or_was_rejected
extracted_tables/028_Health_Bulletin_2022/table_0079.csv,quarantined_tables/028_Health_Bulletin_2022/table_0079.csv,review_required,unclassified,,blocked_quality_gate,no,0,table_requires_review_or_was_rejected
extracted_tables/028_Health_Bulletin_2022/table_0080.csv,quarantined_tables/028_Health_Bulletin_2022/table_0080.csv,rejected,unclassified,,blocked_quality_gate,no,0,table_requires_review_or_was_rejected
extracted_tables/028_Health_Bulletin_2022/table_0081.csv,quarantined_tables/028_Health_Bulletin_2022/table_0081.csv,rejected,unclassified,,blocked_quality_gate,no,0,table_requires_review_or_was_rejected
extracted_tables/028_Health_Bulletin_2022/table_0082.csv,quarantined_tables/028_Health_Bulletin_2022/table_0082.csv,rejected,unclassified,,blocked_quality_gate,no,0,table_requires_review_or_was_rejected
extracted_tables/028_Health_Bulletin_2022/table_0083.csv,quarantined_tables/028_Health_Bulletin_2022/table_0083.csv,rejected,unclassified,,blocked_quality_gate,no,0,table_requires_review_or_was_rejected
extracted_tables/028_Health_Bulletin_2022/table_0084.csv,quarantined_tables/028_Health_Bulletin_2022/table_0084.csv,review_required,unclassified,,blocked_quality_gate,no,0,table_requires_review_or_was_rejected
extracted_tables/028_Health_Bulletin_2022/table_0085.csv,quarantined_tables/028_Health_Bulletin_2022/table_0085.csv,rejected,unclassified,,blocked_quality_gate,no,0,table_requires_review_or_was_rejected
extracted_tables/028_Health_Bulletin_2022/table_0086.csv,quarantined_tables/028_Health_Bulletin_2022/table_0086.csv,rejected,unclassified,,blocked_quality_gate,no,0,table_requires_review_or_was_rejected
extracted_tables/028_Health_Bulletin_2022/table_0087.csv,quarantined_tables/028_Health_Bulletin_2022/table_0087.csv,rejected,unclassified,,blocked_quality_gate,no,0,table_requires_review_or_was_rejected
extracted_tables/028_Health_Bulletin_2022/table_0088.csv,quarantined_tables/028_Health_Bulletin_2022/table_0088.csv,rejected,unclassified,,blocked_quality_gate,no,0,table_requires_review_or_was_rejected
extracted_tables/028_Health_Bulletin_2022/table_0089.csv,quarantined_tables/028_Health_Bulletin_2022/table_0089.csv,rejected,unclassified,,blocked_quality_gate,no,0,table_requires_review_or_was_rejected
extracted_tables/028_Health_Bulletin_2022/table_0090.csv,quarantined_tables/028_Health_Bulletin_2022/table_0090.csv,rejected,unclassified,,blocked_quality_gate,no,0,table_requires_review_or_was_rejected
extracted_tables/028_Health_Bulletin_2022/table_0091.csv,quarantined_tables/028_Health_Bulletin_2022/table_0091.csv,rejected,unclassified,,blocked_quality_gate,no,0,table_requires_review_or_was_rejected
extracted_tables/028_Health_Bulletin_2022/table_0092.csv,quarantined_tables/028_Health_Bulletin_2022/table_0092.csv,rejected,unclassified,,blocked_quality_gate,no,0,table_requires_review_or_was_rejected
extracted_tables/028_Health_Bulletin_2022/table_0093.csv,quarantined_tables/028_Health_Bulletin_2022/table_0093.csv,rejected,unclassified,,blocked_quality_gate,no,0,table_requires_review_or_was_rejected
extracted_tables/028_Health_Bulletin_2022/table_0094.csv,quarantined_tables/028_Health_Bulletin_2022/table_0094.csv,rejected,unclassified,,blocked_quality_gate,no,0,table_requires_review_or_was_rejected
extracted_tables/028_Health_Bulletin_2022/table_0095.csv,quarantined_tables/028_Health_Bulletin_2022/table_0095.csv,rejected,unclassified,,blocked_quality_gate,no,0,table_requires_review_or_was_rejected
extracted_tables/028_Health_Bulletin_2022/table_0096.csv,quarantined_tables/028_Health_Bulletin_2022/table_0096.csv,rejected,unclassified,,blocked_quality_gate,no,0,table_requires_review_or_was_rejected
extracted_tables/028_Health_Bulletin_2022/table_0097.csv,quarantined_tables/028_Health_Bulletin_2022/table_0097.csv,rejected,unclassified,,blocked_quality_gate,no,0,table_requires_review_or_was_rejected
extracted_tables/028_Health_Bulletin_2022/table_0098.csv,quarantined_tables/028_Health_Bulletin_2022/table_0098.csv,review_required,unclassified,,blocked_quality_gate,no,0,table_requires_review_or_was_rejected
extracted_tables/028_Health_Bulletin_2022/table_0099.csv,quarantined_tables/028_Health_Bulletin_2022/table_0099.csv,review_required,unclassified,,blocked_quality_gate,no,0,table_requires_review_or_was_rejected
extracted_tables/028_Health_Bulletin_2022/table_0100.csv,quarantined_tables/028_Health_Bulletin_2022/table_0100.csv,review_required,unclassified,,blocked_quality_gate,no,0,table_requires_review_or_was_rejected
extracted_tables/028_Health_Bulletin_2022/table_0101.csv,quarantined_tables/028_Health_Bulletin_2022/table_0101.csv,review_required,unclassified,,blocked_quality_gate,no,0,table_requires_review_or_was_rejected
extracted_tables/028_Health_Bulletin_2022/table_0102.csv,quarantined_tables/028_Health_Bulletin_2022/table_0102.csv,review_required,unclassified,,blocked_quality_gate,no,0,table_requires_review_or_was_rejected
extracted_tables/028_Health_Bulletin_2022/table_0103.csv,quarantined_tables/028_Health_Bulletin_2022/table_0103.csv,rejected,unclassified,,blocked_quality_gate,no,0,table_requires_review_or_was_rejected
extracted_tables/028_Health_Bulletin_2022/table_0104.csv,quarantined_tables/028_Health_Bulletin_2022/table_0104.csv,review_required,unclassified,,blocked_quality_gate,no,0,table_requires_review_or_was_rejected
extracted_tables/028_Health_Bulletin_2022/table_0105.csv,quarantined_tables/028_Health_Bulletin_2022/table_0105.csv,review_required,unclassified,,blocked_quality_gate,no,0,table_requires_review_or_was_rejected
extracted_tables/028_Health_Bulletin_2022/table_0106.csv,quarantined_tables/028_Health_Bulletin_2022/table_0106.csv,review_required,unclassified,,blocked_quality_gate,no,0,table_requires_review_or_was_rejected
extracted_tables/028_Health_Bulletin_2022/table_0107.csv,quarantined_tables/028_Health_Bulletin_2022/table_0107.csv,review_required,unclassified,,blocked_quality_gate,no,0,table_requires_review_or_was_rejected
extracted_tables/028_Health_Bulletin_2022/table_0108.csv,quarantined_tables/028_Health_Bulletin_2022/table_0108.csv,review_required,unclassified,,blocked_quality_gate,no,0,table_requires_review_or_was_rejected
extracted_tables/028_Health_Bulletin_2022/table_0109.csv,quarantined_tables/028_Health_Bulletin_2022/table_0109.csv,review_required,unclassified,,blocked_quality_gate,no,0,table_requires_review_or_was_rejected
extracted_tables/028_Health_Bulletin_2022/table_0110.csv,quarantined_tables/028_Health_Bulletin_2022/table_0110.csv,review_required,unclassified,,blocked_quality_gate,no,0,table_requires_review_or_was_rejected
extracted_tables/028_Health_Bulletin_2022/table_0111.csv,quarantined_tables/028_Health_Bulletin_2022/table_0111.csv,review_required,unclassified,,blocked_quality_gate,no,0,table_requires_review_or_was_rejected
extracted_tables/028_Health_Bulletin_2022/table_0112.csv,quarantined_tables/028_Health_Bulletin_2022/table_0112.csv,review_required,unclassified,,blocked_quality_gate,no,0,table_requires_review_or_was_rejected
extracted_tables/028_Health_Bulletin_2022/table_0113.csv,quarantined_tables/028_Health_Bulletin_2022/table_0113.csv,review_required,unclassified,,blocked_quality_gate,no,0,table_requires_review_or_was_rejected
extracted_tables/028_Health_Bulletin_2022/table_0114.csv,quarantined_tables/028_Health_Bulletin_2022/table_0114.csv,review_required,unclassified,,blocked_quality_gate,no,0,table_requires_review_or_was_rejected
extracted_tables/028_Health_Bulletin_2022/table_0115.csv,quarantined_tables/028_Health_Bulletin_2022/table_0115.csv,review_required,unclassified,,blocked_quality_gate,no,0,table_requires_review_or_was_rejected
extracted_tables/028_Health_Bulletin_2022/table_0116.csv,quarantined_tables/028_Health_Bulletin_2022/table_0116.csv,review_required,unclassified,,blocked_quality_gate,no,0,table_requires_review_or_was_rejected
extracted_tables/028_Health_Bulletin_2022/table_0117.csv,quarantined_tables/028_Health_Bulletin_2022/table_0117.csv,review_required,unclassified,,blocked_quality_gate,no,0,table_requires_review_or_was_rejected
extracted_tables/028_Health_Bulletin_2022/table_0118.csv,quarantined_tables/028_Health_Bulletin_2022/table_0118.csv,review_required,unclassified,,blocked_quality_gate,no,0,table_requires_review_or_was_rejected
extracted_tables/028_Health_Bulletin_2022/table_0119.csv,quarantined_tables/028_Health_Bulletin_2022/table_0119.csv,review_required,unclassified,,blocked_quality_gate,no,0,table_requires_review_or_was_rejected
extracted_tables/028_Health_Bulletin_2022/table_0120.csv,quarantined_tables/028_Health_Bulletin_2022/table_0120.csv,review_required,unclassified,,blocked_quality_gate,no,0,table_requires_review_or_was_rejected
extracted_tables/028_Health_Bulletin_2022/table_0121.csv,quarantined_tables/028_Health_Bulletin_2022/table_0121.csv,review_required,unclassified,,blocked_quality_gate,no,0,table_requires_review_or_was_rejected
extracted_tables/028_Health_Bulletin_2022/table_0122.csv,quarantined_tables/028_Health_Bulletin_2022/table_0122.csv,review_required,unclassified,,blocked_quality_gate,no,0,table_requires_review_or_was_rejected
extracted_tables/028_Health_Bulletin_2022/table_0123.csv,quarantined_tables/028_Health_Bulletin_2022/table_0123.csv,review_required,unclassified,,blocked_quality_gate,no,0,table_requires_review_or_was_rejected
extracted_tables/028_Health_Bulletin_2022/table_0124.csv,quarantined_tables/028_Health_Bulletin_2022/table_0124.csv,review_required,unclassified,,blocked_quality_gate,no,0,table_requires_review_or_was_rejected
extracted_tables/028_Health_Bulletin_2022/table_0125.csv,quarantined_tables/028_Health_Bulletin_2022/table_0125.csv,review_required,unclassified,,blocked_quality_gate,no,0,table_requires_review_or_was_rejected
extracted_tables/028_Health_Bulletin_2022/table_0126.csv,quarantined_tables/028_Health_Bulletin_2022/table_0126.csv,review_required,unclassified,,blocked_quality_gate,no,0,table_requires_review_or_was_rejected
extracted_tables/028_Health_Bulletin_2022/table_0127.csv,quarantined_tables/028_Health_Bulletin_2022/table_0127.csv,rejected,unclassified,,blocked_quality_gate,no,0,table_requires_review_or_was_rejected
extracted_tables/028_Health_Bulletin_2022/table_0128.csv,quarantined_tables/028_Health_Bulletin_2022/table_0128.csv,review_required,unclassified,,blocked_quality_gate,no,0,table_requires_review_or_was_rejected
extracted_tables/028_Health_Bulletin_2022/table_0129.csv,quarantined_tables/028_Health_Bulletin_2022/table_0129.csv,review_required,unclassified,,blocked_quality_gate,no,0,table_requires_review_or_was_rejected
extracted_tables/028_Health_Bulletin_2022/table_0130.csv,quarantined_tables/028_Health_Bulletin_2022/table_0130.csv,rejected,unclassified,,blocked_quality_gate,no,0,table_requires_review_or_was_rejected
extracted_tables/028_Health_Bulletin_2022/table_0131.csv,quarantined_tables/028_Health_Bulletin_2022/table_0131.csv,review_required,unclassified,,blocked_quality_gate,no,0,table_requires_review_or_was_rejected
extracted_tables/028_Health_Bulletin_2022/table_0132.csv,quarantined_tables/028_Health_Bulletin_2022/table_0132.csv,rejected,unclassified,,blocked_quality_gate,no,0,table_requires_review_or_was_rejected
extracted_tables/028_Health_Bulletin_2022/table_0133.csv,quarantined_tables/028_Health_Bulletin_2022/table_0133.csv,review_required,unclassified,,blocked_quality_gate,no,0,table_requires_review_or_was_rejected
extracted_tables/028_Health_Bulletin_2022/table_0134.csv,quarantined_tables/028_Health_Bulletin_2022/table_0134.csv,review_required,unclassified,,blocked_quality_gate,no,0,table_requires_review_or_was_rejected
extracted_tables/028_Health_Bulletin_2022/table_0135.csv,quarantined_tables/028_Health_Bulletin_2022/table_0135.csv,review_required,unclassified,,blocked_quality_gate,no,0,table_requires_review_or_was_rejected
extracted_tables/028_Health_Bulletin_2022/table_0136.csv,quarantined_tables/028_Health_Bulletin_2022/table_0136.csv,review_required,unclassified,,blocked_quality_gate,no,0,table_requires_review_or_was_rejected
extracted_tables/028_Health_Bulletin_2022/table_0137.csv,quarantined_tables/028_Health_Bulletin_2022/table_0137.csv,review_required,unclassified,,blocked_quality_gate,no,0,table_requires_review_or_was_rejected
extracted_tables/028_Health_Bulletin_2022/table_0138.csv,quarantined_tables/028_Health_Bulletin_2022/table_0138.csv,review_required,unclassified,,blocked_quality_gate,no,0,table_requires_review_or_was_rejected
extracted_tables/028_Health_Bulletin_2022/table_0139.csv,quarantined_tables/028_Health_Bulletin_2022/table_0139.csv,review_required,unclassified,,blocked_quality_gate,no,0,table_requires_review_or_was_rejected
extracted_tables/028_Health_Bulletin_2022/table_0140.csv,quarantined_tables/028_Health_Bulletin_2022/table_0140.csv,rejected,unclassified,,blocked_quality_gate,no,0,table_requires_review_or_was_rejected
extracted_tables/028_Health_Bulletin_2022/table_0141.csv,quarantined_tables/028_Health_Bulletin_2022/table_0141.csv,review_required,unclassified,,blocked_quality_gate,no,0,table_requires_review_or_was_rejected
extracted_tables/028_Health_Bulletin_2022/table_0142.csv,quarantined_tables/028_Health_Bulletin_2022/table_0142.csv,review_required,unclassified,,blocked_quality_gate,no,0,table_requires_review_or_was_rejected
extracted_tables/028_Health_Bulletin_2022/table_0143.csv,quarantined_tables/028_Health_Bulletin_2022/table_0143.csv,review_required,unclassified,,blocked_quality_gate,no,0,table_requires_review_or_was_rejected
extracted_tables/028_Health_Bulletin_2022/table_0144.csv,quarantined_tables/028_Health_Bulletin_2022/table_0144.csv,review_required,unclassified,,blocked_quality_gate,no,0,table_requires_review_or_was_rejected
extracted_tables/028_Health_Bulletin_2022/table_0145.csv,quarantined_tables/028_Health_Bulletin_2022/table_0145.csv,review_required,unclassified,,blocked_quality_gate,no,0,table_requires_review_or_was_rejected
extracted_tables/028_Health_Bulletin_2022/table_0146.csv,quarantined_tables/028_Health_Bulletin_2022/table_0146.csv,review_required,unclassified,,blocked_quality_gate,no,0,table_requires_review_or_was_rejected
extracted_tables/028_Health_Bulletin_2022/table_0147.csv,quarantined_tables/028_Health_Bulletin_2022/table_0147.csv,rejected,unclassified,,blocked_quality_gate,no,0,table_requires_review_or_was_rejected
extracted_tables/028_Health_Bulletin_2022/table_0148.csv,quarantined_tables/028_Health_Bulletin_2022/table_0148.csv,rejected,unclassified,,blocked_quality_gate,no,0,table_requires_review_or_was_rejected
extracted_tables/028_Health_Bulletin_2022/table_0149.csv,quarantined_tables/028_Health_Bulletin_2022/table_0149.csv,review_required,unclassified,,blocked_quality_gate,no,0,table_requires_review_or_was_rejected
extracted_tables/028_Health_Bulletin_2022/table_0150.csv,quarantined_tables/028_Health_Bulletin_2022/table_0150.csv,review_required,unclassified,,blocked_quality_gate,no,0,table_requires_review_or_was_rejected
extracted_tables/028_Health_Bulletin_2022/table_0151.csv,quarantined_tables/028_Health_Bulletin_2022/table_0151.csv,review_required,unclassified,,blocked_quality_gate,no,0,table_requires_review_or_was_rejected
extracted_tables/028_Health_Bulletin_2022/table_0152.csv,quarantined_tables/028_Health_Bulletin_2022/table_0152.csv,review_required,unclassified,,blocked_quality_gate,no,0,table_requires_review_or_was_rejected
extracted_tables/028_Health_Bulletin_2022/table_0153.csv,quarantined_tables/028_Health_Bulletin_2022/table_0153.csv,review_required,unclassified,,blocked_quality_gate,no,0,table_requires_review_or_was_rejected
extracted_tables/028_Health_Bulletin_2022/table_0154.csv,quarantined_tables/028_Health_Bulletin_2022/table_0154.csv,review_required,unclassified,,blocked_quality_gate,no,0,table_requires_review_or_was_rejected
extracted_tables/028_Health_Bulletin_2022/table_0155.csv,quarantined_tables/028_Health_Bulletin_2022/table_0155.csv,review_required,unclassified,,blocked_quality_gate,no,0,table_requires_review_or_was_rejected
extracted_tables/028_Health_Bulletin_2022/table_0156.csv,quarantined_tables/028_Health_Bulletin_2022/table_0156.csv,review_required,unclassified,,blocked_quality_gate,no,0,table_requires_review_or_was_rejected
extracted_tables/028_Health_Bulletin_2022/table_0157.csv,quarantined_tables/028_Health_Bulletin_2022/table_0157.csv,review_required,unclassified,,blocked_quality_gate,no,0,table_requires_review_or_was_rejected
extracted_tables/028_Health_Bulletin_2022/table_0158.csv,quarantined_tables/028_Health_Bulletin_2022/table_0158.csv,review_required,unclassified,,blocked_quality_gate,no,0,table_requires_review_or_was_rejected
extracted_tables/028_Health_Bulletin_2022/table_0159.csv,quarantined_tables/028_Health_Bulletin_2022/table_0159.csv,review_required,unclassified,,blocked_quality_gate,no,0,table_requires_review_or_was_rejected
extracted_tables/028_Health_Bulletin_2022/table_0160.csv,quarantined_tables/028_Health_Bulletin_2022/table_0160.csv,review_required,unclassified,,blocked_quality_gate,no,0,table_requires_review_or_was_rejected
extracted_tables/028_Health_Bulletin_2022/table_0161.csv,quarantined_tables/028_Health_Bulletin_2022/table_0161.csv,review_required,unclassified,,blocked_quality_gate,no,0,table_requires_review_or_was_rejected
extracted_tables/028_Health_Bulletin_2022/table_0162.csv,quarantined_tables/028_Health_Bulletin_2022/table_0162.csv,review_required,unclassified,,blocked_quality_gate,no,0,table_requires_review_or_was_rejected
extracted_tables/028_Health_Bulletin_2022/table_0163.csv,quarantined_tables/028_Health_Bulletin_2022/table_0163.csv,review_required,unclassified,,blocked_quality_gate,no,0,table_requires_review_or_was_rejected
extracted_tables/028_Health_Bulletin_2022/table_0164.csv,quarantined_tables/028_Health_Bulletin_2022/table_0164.csv,review_required,unclassified,,blocked_quality_gate,no,0,table_requires_review_or_was_rejected
extracted_tables/028_Health_Bulletin_2022/table_0165.csv,quarantined_tables/028_Health_Bulletin_2022/table_0165.csv,review_required,unclassified,,blocked_quality_gate,no,0,table_requires_review_or_was_rejected
extracted_tables/028_Health_Bulletin_2022/table_0166.csv,quarantined_tables/028_Health_Bulletin_2022/table_0166.csv,review_required,unclassified,,blocked_quality_gate,no,0,table_requires_review_or_was_rejected
extracted_tables/028_Health_Bulletin_2022/table_0167.csv,quarantined_tables/028_Health_Bulletin_2022/table_0167.csv,review_required,unclassified,,blocked_quality_gate,no,0,table_requires_review_or_was_rejected
extracted_tables/028_Health_Bulletin_2022/table_0168.csv,quarantined_tables/028_Health_Bulletin_2022/table_0168.csv,review_required,unclassified,,blocked_quality_gate,no,0,table_requires_review_or_was_rejected
extracted_tables/028_Health_Bulletin_2022/table_0169.csv,quarantined_tables/028_Health_Bulletin_2022/table_0169.csv,review_required,unclassified,,blocked_quality_gate,no,0,table_requires_review_or_was_rejected
extracted_tables/028_Health_Bulletin_2022/table_0170.csv,quarantined_tables/028_Health_Bulletin_2022/table_0170.csv,review_required,unclassified,,blocked_quality_gate,no,0,table_requires_review_or_was_rejected
extracted_tables/028_Health_Bulletin_2022/table_0171.csv,quarantined_tables/028_Health_Bulletin_2022/table_0171.csv,review_required,unclassified,,blocked_quality_gate,no,0,table_requires_review_or_was_rejected
extracted_tables/028_Health_Bulletin_2022/table_0172.csv,quarantined_tables/028_Health_Bulletin_2022/table_0172.csv,review_required,unclassified,,blocked_quality_gate,no,0,table_requires_review_or_was_rejected
extracted_tables/028_Health_Bulletin_2022/table_0173.csv,quarantined_tables/028_Health_Bulletin_2022/table_0173.csv,review_required,unclassified,,blocked_quality_gate,no,0,table_requires_review_or_was_rejected
extracted_tables/028_Health_Bulletin_2022/table_0174.csv,quarantined_tables/028_Health_Bulletin_2022/table_0174.csv,rejected,unclassified,,blocked_quality_gate,no,0,table_requires_review_or_was_rejected
extracted_tables/028_Health_Bulletin_2022/table_0175.csv,quarantined_tables/028_Health_Bulletin_2022/table_0175.csv,rejected,unclassified,,blocked_quality_gate,no,0,table_requires_review_or_was_rejected
extracted_tables/028_Health_Bulletin_2022/table_0176.csv,quarantined_tables/028_Health_Bulletin_2022/table_0176.csv,rejected,unclassified,,blocked_quality_gate,no,0,table_requires_review_or_was_rejected
extracted_tables/028_Health_Bulletin_2022/table_0177.csv,quarantined_tables/028_Health_Bulletin_2022/table_0177.csv,rejected,unclassified,,blocked_quality_gate,no,0,table_requires_review_or_was_rejected
extracted_tables/028_Health_Bulletin_2022/table_0178.csv,quarantined_tables/028_Health_Bulletin_2022/table_0178.csv,rejected,unclassified,,blocked_quality_gate,no,0,table_requires_review_or_was_rejected
extracted_tables/028_Health_Bulletin_2022/table_0179.csv,quarantined_tables/028_Health_Bulletin_2022/table_0179.csv,rejected,unclassified,,blocked_quality_gate,no,0,table_requires_review_or_was_rejected
extracted_tables/028_Health_Bulletin_2022/table_0180.csv,quarantined_tables/028_Health_Bulletin_2022/table_0180.csv,review_required,unclassified,,blocked_quality_gate,no,0,table_requires_review_or_was_rejected
extracted_tables/028_Health_Bulletin_2022/table_0181.csv,quarantined_tables/028_Health_Bulletin_2022/table_0181.csv,rejected,unclassified,,blocked_quality_gate,no,0,table_requires_review_or_was_rejected
extracted_tables/028_Health_Bulletin_2022/table_0182.csv,quarantined_tables/028_Health_Bulletin_2022/table_0182.csv,rejected,unclassified,,blocked_quality_gate,no,0,table_requires_review_or_was_rejected
extracted_tables/028_Health_Bulletin_2022/table_0183.csv,quarantined_tables/028_Health_Bulletin_2022/table_0183.csv,rejected,unclassified,,blocked_quality_gate,no,0,table_requires_review_or_was_rejected
extracted_tables/028_Health_Bulletin_2022/table_0184.csv,quarantined_tables/028_Health_Bulletin_2022/table_0184.csv,review_required,unclassified,,blocked_quality_gate,no,0,table_requires_review_or_was_rejected
extracted_tables/028_Health_Bulletin_2022/table_0185.csv,quarantined_tables/028_Health_Bulletin_2022/table_0185.csv,rejected,unclassified,,blocked_quality_gate,no,0,table_requires_review_or_was_rejected
extracted_tables/028_Health_Bulletin_2022/table_0186.csv,quarantined_tables/028_Health_Bulletin_2022/table_0186.csv,rejected,unclassified,,blocked_quality_gate,no,0,table_requires_review_or_was_rejected
extracted_tables/028_Health_Bulletin_2022/table_0187.csv,quarantined_tables/028_Health_Bulletin_2022/table_0187.csv,review_required,unclassified,,blocked_quality_gate,no,0,table_requires_review_or_was_rejected
extracted_tables/028_Health_Bulletin_2022/table_0188.csv,quarantined_tables/028_Health_Bulletin_2022/table_0188.csv,rejected,unclassified,,blocked_quality_gate,no,0,table_requires_review_or_was_rejected
extracted_tables/028_Health_Bulletin_2022/table_0189.csv,quarantined_tables/028_Health_Bulletin_2022/table_0189.csv,rejected,unclassified,,blocked_quality_gate,no,0,table_requires_review_or_was_rejected
extracted_tables/028_Health_Bulletin_2022/table_0190.csv,quarantined_tables/028_Health_Bulletin_2022/table_0190.csv,review_required,unclassified,,blocked_quality_gate,no,0,table_requires_review_or_was_rejected
extracted_tables/028_Health_Bulletin_2022/table_0191.csv,quarantined_tables/028_Health_Bulletin_2022/table_0191.csv,review_required,unclassified,,blocked_quality_gate,no,0,table_requires_review_or_was_rejected
extracted_tables/028_Health_Bulletin_2022/table_0192.csv,quarantined_tables/028_Health_Bulletin_2022/table_0192.csv,rejected,unclassified,,blocked_quality_gate,no,0,table_requires_review_or_was_rejected
extracted_tables/028_Health_Bulletin_2022/table_0193.csv,quarantined_tables/028_Health_Bulletin_2022/table_0193.csv,rejected,unclassified,,blocked_quality_gate,no,0,table_requires_review_or_was_rejected
extracted_tables/028_Health_Bulletin_2022/table_0194.csv,quarantined_tables/028_Health_Bulletin_2022/table_0194.csv,rejected,unclassified,,blocked_quality_gate,no,0,table_requires_review_or_was_rejected
extracted_tables/028_Health_Bulletin_2022/table_0195.csv,quarantined_tables/028_Health_Bulletin_2022/table_0195.csv,rejected,unclassified,,blocked_quality_gate,no,0,table_requires_review_or_was_rejected
extracted_tables/028_Health_Bulletin_2022/table_0196.csv,quarantined_tables/028_Health_Bulletin_2022/table_0196.csv,rejected,unclassified,,blocked_quality_gate,no,0,table_requires_review_or_was_rejected
extracted_tables/028_Health_Bulletin_2022/table_0197.csv,quarantined_tables/028_Health_Bulletin_2022/table_0197.csv,rejected,unclassified,,blocked_quality_gate,no,0,table_requires_review_or_was_rejected
extracted_tables/028_Health_Bulletin_2022/table_0198.csv,quarantined_tables/028_Health_Bulletin_2022/table_0198.csv,rejected,unclassified,,blocked_quality_gate,no,0,table_requires_review_or_was_rejected
extracted_tables/028_Health_Bulletin_2022/table_0199.csv,quarantined_tables/028_Health_Bulletin_2022/table_0199.csv,review_required,unclassified,,blocked_quality_gate,no,0,table_requires_review_or_was_rejected
extracted_tables/028_Health_Bulletin_2022/table_0200.csv,quarantined_tables/028_Health_Bulletin_2022/table_0200.csv,review_required,unclassified,,blocked_quality_gate,no,0,table_requires_review_or_was_rejected
extracted_tables/028_Health_Bulletin_2022/table_0201.csv,quarantined_tables/028_Health_Bulletin_2022/table_0201.csv,review_required,unclassified,,blocked_quality_gate,no,0,table_requires_review_or_was_rejected
extracted_tables/028_Health_Bulletin_2022/table_0202.csv,quarantined_tables/028_Health_Bulletin_2022/table_0202.csv,review_required,unclassified,,blocked_quality_gate,no,0,table_requires_review_or_was_rejected
extracted_tables/028_Health_Bulletin_2022/table_0203.csv,quarantined_tables/028_Health_Bulletin_2022/table_0203.csv,review_required,unclassified,,blocked_quality_gate,no,0,table_requires_review_or_was_rejected
extracted_tables/028_Health_Bulletin_2022/table_0204.csv,quarantined_tables/028_Health_Bulletin_2022/table_0204.csv,review_required,unclassified,,blocked_quality_gate,no,0,table_requires_review_or_was_rejected
extracted_tables/028_Health_Bulletin_2022/table_0205.csv,quarantined_tables/028_Health_Bulletin_2022/table_0205.csv,review_required,unclassified,,blocked_quality_gate,no,0,table_requires_review_or_was_rejected
extracted_tables/028_Health_Bulletin_2022/table_0206.csv,quarantined_tables/028_Health_Bulletin_2022/table_0206.csv,review_required,unclassified,,blocked_quality_gate,no,0,table_requires_review_or_was_rejected
extracted_tables/028_Health_Bulletin_2022/table_0207.csv,quarantined_tables/028_Health_Bulletin_2022/table_0207.csv,review_required,unclassified,,blocked_quality_gate,no,0,table_requires_review_or_was_rejected
extracted_tables/028_Health_Bulletin_2022/table_0208.csv,quarantined_tables/028_Health_Bulletin_2022/table_0208.csv,review_required,unclassified,,blocked_quality_gate,no,0,table_requires_review_or_was_rejected
extracted_tables/028_Health_Bulletin_2022/table_0209.csv,quarantined_tables/028_Health_Bulletin_2022/table_0209.csv,review_required,unclassified,,blocked_quality_gate,no,0,table_requires_review_or_was_rejected
extracted_tables/028_Health_Bulletin_2022/table_0210.csv,quarantined_tables/028_Health_Bulletin_2022/table_0210.csv,review_required,unclassified,,blocked_quality_gate,no,0,table_requires_review_or_was_rejected
extracted_tables/028_Health_Bulletin_2022/table_0211.csv,quarantined_tables/028_Health_Bulletin_2022/table_0211.csv,review_required,unclassified,,blocked_quality_gate,no,0,table_requires_review_or_was_rejected
extracted_tables/028_Health_Bulletin_2022/table_0212.csv,quarantined_tables/028_Health_Bulletin_2022/table_0212.csv,review_required,unclassified,,blocked_quality_gate,no,0,table_requires_review_or_was_rejected
extracted_tables/028_Health_Bulletin_2022/table_0213.csv,quarantined_tables/028_Health_Bulletin_2022/table_0213.csv,review_required,unclassified,,blocked_quality_gate,no,0,table_requires_review_or_was_rejected
extracted_tables/028_Health_Bulletin_2022/table_0214.csv,quarantined_tables/028_Health_Bulletin_2022/table_0214.csv,review_required,unclassified,,blocked_quality_gate,no,0,table_requires_review_or_was_rejected
extracted_tables/028_Health_Bulletin_2022/table_0215.csv,quarantined_tables/028_Health_Bulletin_2022/table_0215.csv,review_required,unclassified,,blocked_quality_gate,no,0,table_requires_review_or_was_rejected
extracted_tables/028_Health_Bulletin_2022/table_0216.csv,quarantined_tables/028_Health_Bulletin_2022/table_0216.csv,review_required,unclassified,,blocked_quality_gate,no,0,table_requires_review_or_was_rejected
extracted_tables/028_Health_Bulletin_2022/table_0217.csv,quarantined_tables/028_Health_Bulletin_2022/table_0217.csv,review_required,unclassified,,blocked_quality_gate,no,0,table_requires_review_or_was_rejected
extracted_tables/028_Health_Bulletin_2022/table_0218.csv,quarantined_tables/028_Health_Bulletin_2022/table_0218.csv,review_required,unclassified,,blocked_quality_gate,no,0,table_requires_review_or_was_rejected
extracted_tables/028_Health_Bulletin_2022/table_0219.csv,quarantined_tables/028_Health_Bulletin_2022/table_0219.csv,review_required,unclassified,,blocked_quality_gate,no,0,table_requires_review_or_was_rejected
extracted_tables/028_Health_Bulletin_2022/table_0220.csv,quarantined_tables/028_Health_Bulletin_2022/table_0220.csv,rejected,unclassified,,blocked_quality_gate,no,0,table_requires_review_or_was_rejected
extracted_tables/028_Health_Bulletin_2022/table_0221.csv,quarantined_tables/028_Health_Bulletin_2022/table_0221.csv,review_required,unclassified,,blocked_quality_gate,no,0,table_requires_review_or_was_rejected
extracted_tables/028_Health_Bulletin_2022/table_0222.csv,quarantined_tables/028_Health_Bulletin_2022/table_0222.csv,rejected,unclassified,,blocked_quality_gate,no,0,table_requires_review_or_was_rejected
extracted_tables/028_Health_Bulletin_2022/table_0223.csv,quarantined_tables/028_Health_Bulletin_2022/table_0223.csv,review_required,unclassified,,blocked_quality_gate,no,0,table_requires_review_or_was_rejected
extracted_tables/028_Health_Bulletin_2022/table_0224.csv,quarantined_tables/028_Health_Bulletin_2022/table_0224.csv,review_required,unclassified,,blocked_quality_gate,no,0,table_requires_review_or_was_rejected
extracted_tables/028_Health_Bulletin_2022/table_0225.csv,quarantined_tables/028_Health_Bulletin_2022/table_0225.csv,review_required,unclassified,,blocked_quality_gate,no,0,table_requires_review_or_was_rejected
extracted_tables/028_Health_Bulletin_2022/table_0226.csv,quarantined_tables/028_Health_Bulletin_2022/table_0226.csv,rejected,unclassified,,blocked_quality_gate,no,0,table_requires_review_or_was_rejected
extracted_tables/028_Health_Bulletin_2022/table_0227.csv,quarantined_tables/028_Health_Bulletin_2022/table_0227.csv,rejected,unclassified,,blocked_quality_gate,no,0,table_requires_review_or_was_rejected
extracted_tables/028_Health_Bulletin_2022/table_0228.csv,quarantined_tables/028_Health_Bulletin_2022/table_0228.csv,review_required,unclassified,,blocked_quality_gate,no,0,table_requires_review_or_was_rejected
extracted_tables/028_Health_Bulletin_2022/table_0229.csv,quarantined_tables/028_Health_Bulletin_2022/table_0229.csv,review_required,unclassified,,blocked_quality_gate,no,0,table_requires_review_or_was_rejected
extracted_tables/028_Health_Bulletin_2022/table_0230.csv,quarantined_tables/028_Health_Bulletin_2022/table_0230.csv,review_required,unclassified,,blocked_quality_gate,no,0,table_requires_review_or_was_rejected
extracted_tables/028_Health_Bulletin_2022/table_0231.csv,quarantined_tables/028_Health_Bulletin_2022/table_0231.csv,review_required,unclassified,,blocked_quality_gate,no,0,table_requires_review_or_was_rejected
extracted_tables/028_Health_Bulletin_2022/table_0232.csv,quarantined_tables/028_Health_Bulletin_2022/table_0232.csv,review_required,unclassified,,blocked_quality_gate,no,0,table_requires_review_or_was_rejected
extracted_tables/028_Health_Bulletin_2022/table_0233.csv,quarantined_tables/028_Health_Bulletin_2022/table_0233.csv,review_required,unclassified,,blocked_quality_gate,no,0,table_requires_review_or_was_rejected
extracted_tables/028_Health_Bulletin_2022/table_0234.csv,quarantined_tables/028_Health_Bulletin_2022/table_0234.csv,review_required,unclassified,,blocked_quality_gate,no,0,table_requires_review_or_was_rejected
extracted_tables/028_Health_Bulletin_2022/table_0235.csv,quarantined_tables/028_Health_Bulletin_2022/table_0235.csv,review_required,unclassified,,blocked_quality_gate,no,0,table_requires_review_or_was_rejected
extracted_tables/028_Health_Bulletin_2022/table_0236.csv,quarantined_tables/028_Health_Bulletin_2022/table_0236.csv,review_required,unclassified,,blocked_quality_gate,no,0,table_requires_review_or_was_rejected
extracted_tables/028_Health_Bulletin_2022/table_0237.csv,quarantined_tables/028_Health_Bulletin_2022/table_0237.csv,review_required,unclassified,,blocked_quality_gate,no,0,table_requires_review_or_was_rejected
extracted_tables/028_Health_Bulletin_2022/table_0238.csv,quarantined_tables/028_Health_Bulletin_2022/table_0238.csv,review_required,unclassified,,blocked_quality_gate,no,0,table_requires_review_or_was_rejected
extracted_tables/028_Health_Bulletin_2022/table_0239.csv,quarantined_tables/028_Health_Bulletin_2022/table_0239.csv,review_required,unclassified,,blocked_quality_gate,no,0,table_requires_review_or_was_rejected
extracted_tables/028_Health_Bulletin_2022/table_0240.csv,quarantined_tables/028_Health_Bulletin_2022/table_0240.csv,review_required,unclassified,,blocked_quality_gate,no,0,table_requires_review_or_was_rejected
extracted_tables/028_Health_Bulletin_2022/table_0241.csv,quarantined_tables/028_Health_Bulletin_2022/table_0241.csv,review_required,unclassified,,blocked_quality_gate,no,0,table_requires_review_or_was_rejected
extracted_tables/028_Health_Bulletin_2022/table_0242.csv,quarantined_tables/028_Health_Bulletin_2022/table_0242.csv,review_required,unclassified,,blocked_quality_gate,no,0,table_requires_review_or_was_rejected
extracted_tables/028_Health_Bulletin_2022/table_0243.csv,quarantined_tables/028_Health_Bulletin_2022/table_0243.csv,rejected,unclassified,,blocked_quality_gate,no,0,table_requires_review_or_was_rejected
extracted_tables/029_Health_Bulletin_2021/table_0001.csv,quarantined_tables/029_Health_Bulletin_2021/table_0001.csv,review_required,unclassified,,blocked_quality_gate,no,0,table_requires_review_or_was_rejected
extracted_tables/029_Health_Bulletin_2021/table_0002.csv,quarantined_tables/029_Health_Bulletin_2021/table_0002.csv,review_required,unclassified,,blocked_quality_gate,no,0,table_requires_review_or_was_rejected
extracted_tables/029_Health_Bulletin_2021/table_0003.csv,quarantined_tables/029_Health_Bulletin_2021/table_0003.csv,review_required,unclassified,,blocked_quality_gate,no,0,table_requires_review_or_was_rejected
extracted_tables/029_Health_Bulletin_2021/table_0004.csv,quarantined_tables/029_Health_Bulletin_2021/table_0004.csv,review_required,unclassified,,blocked_quality_gate,no,0,table_requires_review_or_was_rejected
extracted_tables/029_Health_Bulletin_2021/table_0005.csv,quarantined_tables/029_Health_Bulletin_2021/table_0005.csv,review_required,unclassified,,blocked_quality_gate,no,0,table_requires_review_or_was_rejected
extracted_tables/029_Health_Bulletin_2021/table_0006.csv,quarantined_tables/029_Health_Bulletin_2021/table_0006.csv,review_required,unclassified,,blocked_quality_gate,no,0,table_requires_review_or_was_rejected
extracted_tables/029_Health_Bulletin_2021/table_0007.csv,quarantined_tables/029_Health_Bulletin_2021/table_0007.csv,review_required,unclassified,,blocked_quality_gate,no,0,table_requires_review_or_was_rejected
extracted_tables/029_Health_Bulletin_2021/table_0008.csv,quarantined_tables/029_Health_Bulletin_2021/table_0008.csv,review_required,unclassified,,blocked_quality_gate,no,0,table_requires_review_or_was_rejected
extracted_tables/029_Health_Bulletin_2021/table_0009.csv,quarantined_tables/029_Health_Bulletin_2021/table_0009.csv,review_required,unclassified,,blocked_quality_gate,no,0,table_requires_review_or_was_rejected
extracted_tables/029_Health_Bulletin_2021/table_0010.csv,quarantined_tables/029_Health_Bulletin_2021/table_0010.csv,review_required,unclassified,,blocked_quality_gate,no,0,table_requires_review_or_was_rejected
extracted_tables/029_Health_Bulletin_2021/table_0011.csv,quarantined_tables/029_Health_Bulletin_2021/table_0011.csv,rejected,unclassified,,blocked_quality_gate,no,0,table_requires_review_or_was_rejected
extracted_tables/029_Health_Bulletin_2021/table_0012.csv,quarantined_tables/029_Health_Bulletin_2021/table_0012.csv,review_required,unclassified,,blocked_quality_gate,no,0,table_requires_review_or_was_rejected
extracted_tables/029_Health_Bulletin_2021/table_0013.csv,quarantined_tables/029_Health_Bulletin_2021/table_0013.csv,review_required,unclassified,,blocked_quality_gate,no,0,table_requires_review_or_was_rejected
extracted_tables/029_Health_Bulletin_2021/table_0014.csv,quarantined_tables/029_Health_Bulletin_2021/table_0014.csv,review_required,unclassified,,blocked_quality_gate,no,0,table_requires_review_or_was_rejected
extracted_tables/029_Health_Bulletin_2021/table_0015.csv,quarantined_tables/029_Health_Bulletin_2021/table_0015.csv,review_required,unclassified,,blocked_quality_gate,no,0,table_requires_review_or_was_rejected
extracted_tables/029_Health_Bulletin_2021/table_0016.csv,quarantined_tables/029_Health_Bulletin_2021/table_0016.csv,review_required,unclassified,,blocked_quality_gate,no,0,table_requires_review_or_was_rejected
extracted_tables/029_Health_Bulletin_2021/table_0017.csv,quarantined_tables/029_Health_Bulletin_2021/table_0017.csv,review_required,unclassified,,blocked_quality_gate,no,0,table_requires_review_or_was_rejected
extracted_tables/029_Health_Bulletin_2021/table_0018.csv,quarantined_tables/029_Health_Bulletin_2021/table_0018.csv,review_required,unclassified,,blocked_quality_gate,no,0,table_requires_review_or_was_rejected
extracted_tables/029_Health_Bulletin_2021/table_0019.csv,quarantined_tables/029_Health_Bulletin_2021/table_0019.csv,review_required,unclassified,,blocked_quality_gate,no,0,table_requires_review_or_was_rejected
extracted_tables/029_Health_Bulletin_2021/table_0020.csv,quarantined_tables/029_Health_Bulletin_2021/table_0020.csv,review_required,unclassified,,blocked_quality_gate,no,0,table_requires_review_or_was_rejected
extracted_tables/029_Health_Bulletin_2021/table_0021.csv,quarantined_tables/029_Health_Bulletin_2021/table_0021.csv,rejected,unclassified,,blocked_quality_gate,no,0,table_requires_review_or_was_rejected
extracted_tables/029_Health_Bulletin_2021/table_0022.csv,quarantined_tables/029_Health_Bulletin_2021/table_0022.csv,rejected,unclassified,,blocked_quality_gate,no,0,table_requires_review_or_was_rejected
extracted_tables/029_Health_Bulletin_2021/table_0023.csv,quarantined_tables/029_Health_Bulletin_2021/table_0023.csv,review_required,unclassified,,blocked_quality_gate,no,0,table_requires_review_or_was_rejected
extracted_tables/029_Health_Bulletin_2021/table_0024.csv,quarantined_tables/029_Health_Bulletin_2021/table_0024.csv,review_required,unclassified,,blocked_quality_gate,no,0,table_requires_review_or_was_rejected
extracted_tables/029_Health_Bulletin_2021/table_0025.csv,quarantined_tables/029_Health_Bulletin_2021/table_0025.csv,review_required,unclassified,,blocked_quality_gate,no,0,table_requires_review_or_was_rejected
extracted_tables/029_Health_Bulletin_2021/table_0026.csv,quarantined_tables/029_Health_Bulletin_2021/table_0026.csv,review_required,unclassified,,blocked_quality_gate,no,0,table_requires_review_or_was_rejected
extracted_tables/029_Health_Bulletin_2021/table_0027.csv,quarantined_tables/029_Health_Bulletin_2021/table_0027.csv,review_required,unclassified,,blocked_quality_gate,no,0,table_requires_review_or_was_rejected
extracted_tables/029_Health_Bulletin_2021/table_0028.csv,quarantined_tables/029_Health_Bulletin_2021/table_0028.csv,review_required,unclassified,,blocked_quality_gate,no,0,table_requires_review_or_was_rejected
extracted_tables/029_Health_Bulletin_2021/table_0029.csv,quarantined_tables/029_Health_Bulletin_2021/table_0029.csv,review_required,unclassified,,blocked_quality_gate,no,0,table_requires_review_or_was_rejected
extracted_tables/029_Health_Bulletin_2021/table_0030.csv,quarantined_tables/029_Health_Bulletin_2021/table_0030.csv,review_required,unclassified,,blocked_quality_gate,no,0,table_requires_review_or_was_rejected
extracted_tables/029_Health_Bulletin_2021/table_0031.csv,quarantined_tables/029_Health_Bulletin_2021/table_0031.csv,rejected,unclassified,,blocked_quality_gate,no,0,table_requires_review_or_was_rejected
extracted_tables/029_Health_Bulletin_2021/table_0032.csv,quarantined_tables/029_Health_Bulletin_2021/table_0032.csv,review_required,unclassified,,blocked_quality_gate,no,0,table_requires_review_or_was_rejected
extracted_tables/029_Health_Bulletin_2021/table_0033.csv,quarantined_tables/029_Health_Bulletin_2021/table_0033.csv,review_required,unclassified,,blocked_quality_gate,no,0,table_requires_review_or_was_rejected
extracted_tables/029_Health_Bulletin_2021/table_0034.csv,quarantined_tables/029_Health_Bulletin_2021/table_0034.csv,review_required,unclassified,,blocked_quality_gate,no,0,table_requires_review_or_was_rejected
extracted_tables/029_Health_Bulletin_2021/table_0035.csv,quarantined_tables/029_Health_Bulletin_2021/table_0035.csv,review_required,unclassified,,blocked_quality_gate,no,0,table_requires_review_or_was_rejected
extracted_tables/029_Health_Bulletin_2021/table_0036.csv,quarantined_tables/029_Health_Bulletin_2021/table_0036.csv,review_required,unclassified,,blocked_quality_gate,no,0,table_requires_review_or_was_rejected
extracted_tables/029_Health_Bulletin_2021/table_0037.csv,quarantined_tables/029_Health_Bulletin_2021/table_0037.csv,review_required,unclassified,,blocked_quality_gate,no,0,table_requires_review_or_was_rejected
extracted_tables/029_Health_Bulletin_2021/table_0038.csv,quarantined_tables/029_Health_Bulletin_2021/table_0038.csv,review_required,unclassified,,blocked_quality_gate,no,0,table_requires_review_or_was_rejected
extracted_tables/029_Health_Bulletin_2021/table_0039.csv,quarantined_tables/029_Health_Bulletin_2021/table_0039.csv,review_required,unclassified,,blocked_quality_gate,no,0,table_requires_review_or_was_rejected
extracted_tables/029_Health_Bulletin_2021/table_0040.csv,quarantined_tables/029_Health_Bulletin_2021/table_0040.csv,review_required,unclassified,,blocked_quality_gate,no,0,table_requires_review_or_was_rejected
extracted_tables/029_Health_Bulletin_2021/table_0041.csv,quarantined_tables/029_Health_Bulletin_2021/table_0041.csv,review_required,unclassified,,blocked_quality_gate,no,0,table_requires_review_or_was_rejected
extracted_tables/029_Health_Bulletin_2021/table_0042.csv,quarantined_tables/029_Health_Bulletin_2021/table_0042.csv,review_required,unclassified,,blocked_quality_gate,no,0,table_requires_review_or_was_rejected
extracted_tables/029_Health_Bulletin_2021/table_0043.csv,quarantined_tables/029_Health_Bulletin_2021/table_0043.csv,review_required,unclassified,,blocked_quality_gate,no,0,table_requires_review_or_was_rejected
extracted_tables/029_Health_Bulletin_2021/table_0044.csv,quarantined_tables/029_Health_Bulletin_2021/table_0044.csv,review_required,unclassified,,blocked_quality_gate,no,0,table_requires_review_or_was_rejected
extracted_tables/029_Health_Bulletin_2021/table_0045.csv,quarantined_tables/029_Health_Bulletin_2021/table_0045.csv,review_required,unclassified,,blocked_quality_gate,no,0,table_requires_review_or_was_rejected
extracted_tables/029_Health_Bulletin_2021/table_0046.csv,quarantined_tables/029_Health_Bulletin_2021/table_0046.csv,review_required,unclassified,,blocked_quality_gate,no,0,table_requires_review_or_was_rejected
extracted_tables/029_Health_Bulletin_2021/table_0047.csv,quarantined_tables/029_Health_Bulletin_2021/table_0047.csv,review_required,unclassified,,blocked_quality_gate,no,0,table_requires_review_or_was_rejected
extracted_tables/029_Health_Bulletin_2021/table_0048.csv,quarantined_tables/029_Health_Bulletin_2021/table_0048.csv,review_required,unclassified,,blocked_quality_gate,no,0,table_requires_review_or_was_rejected
extracted_tables/029_Health_Bulletin_2021/table_0049.csv,quarantined_tables/029_Health_Bulletin_2021/table_0049.csv,review_required,unclassified,,blocked_quality_gate,no,0,table_requires_review_or_was_rejected
extracted_tables/029_Health_Bulletin_2021/table_0050.csv,quarantined_tables/029_Health_Bulletin_2021/table_0050.csv,review_required,unclassified,,blocked_quality_gate,no,0,table_requires_review_or_was_rejected
extracted_tables/029_Health_Bulletin_2021/table_0051.csv,quarantined_tables/029_Health_Bulletin_2021/table_0051.csv,review_required,unclassified,,blocked_quality_gate,no,0,table_requires_review_or_was_rejected
extracted_tables/029_Health_Bulletin_2021/table_0052.csv,quarantined_tables/029_Health_Bulletin_2021/table_0052.csv,review_required,unclassified,,blocked_quality_gate,no,0,table_requires_review_or_was_rejected
extracted_tables/029_Health_Bulletin_2021/table_0053.csv,quarantined_tables/029_Health_Bulletin_2021/table_0053.csv,review_required,unclassified,,blocked_quality_gate,no,0,table_requires_review_or_was_rejected
extracted_tables/029_Health_Bulletin_2021/table_0054.csv,quarantined_tables/029_Health_Bulletin_2021/table_0054.csv,review_required,unclassified,,blocked_quality_gate,no,0,table_requires_review_or_was_rejected
extracted_tables/029_Health_Bulletin_2021/table_0055.csv,quarantined_tables/029_Health_Bulletin_2021/table_0055.csv,review_required,unclassified,,blocked_quality_gate,no,0,table_requires_review_or_was_rejected
extracted_tables/029_Health_Bulletin_2021/table_0056.csv,quarantined_tables/029_Health_Bulletin_2021/table_0056.csv,review_required,unclassified,,blocked_quality_gate,no,0,table_requires_review_or_was_rejected
extracted_tables/029_Health_Bulletin_2021/table_0057.csv,quarantined_tables/029_Health_Bulletin_2021/table_0057.csv,review_required,unclassified,,blocked_quality_gate,no,0,table_requires_review_or_was_rejected
extracted_tables/029_Health_Bulletin_2021/table_0058.csv,quarantined_tables/029_Health_Bulletin_2021/table_0058.csv,review_required,unclassified,,blocked_quality_gate,no,0,table_requires_review_or_was_rejected
extracted_tables/029_Health_Bulletin_2021/table_0059.csv,quarantined_tables/029_Health_Bulletin_2021/table_0059.csv,review_required,unclassified,,blocked_quality_gate,no,0,table_requires_review_or_was_rejected
extracted_tables/029_Health_Bulletin_2021/table_0060.csv,quarantined_tables/029_Health_Bulletin_2021/table_0060.csv,review_required,unclassified,,blocked_quality_gate,no,0,table_requires_review_or_was_rejected
extracted_tables/029_Health_Bulletin_2021/table_0061.csv,quarantined_tables/029_Health_Bulletin_2021/table_0061.csv,review_required,unclassified,,blocked_quality_gate,no,0,table_requires_review_or_was_rejected
extracted_tables/029_Health_Bulletin_2021/table_0062.csv,quarantined_tables/029_Health_Bulletin_2021/table_0062.csv,rejected,unclassified,,blocked_quality_gate,no,0,table_requires_review_or_was_rejected
extracted_tables/029_Health_Bulletin_2021/table_0063.csv,quarantined_tables/029_Health_Bulletin_2021/table_0063.csv,review_required,unclassified,,blocked_quality_gate,no,0,table_requires_review_or_was_rejected
extracted_tables/029_Health_Bulletin_2021/table_0064.csv,quarantined_tables/029_Health_Bulletin_2021/table_0064.csv,review_required,unclassified,,blocked_quality_gate,no,0,table_requires_review_or_was_rejected
extracted_tables/029_Health_Bulletin_2021/table_0065.csv,quarantined_tables/029_Health_Bulletin_2021/table_0065.csv,review_required,unclassified,,blocked_quality_gate,no,0,table_requires_review_or_was_rejected
extracted_tables/029_Health_Bulletin_2021/table_0066.csv,quarantined_tables/029_Health_Bulletin_2021/table_0066.csv,review_required,unclassified,,blocked_quality_gate,no,0,table_requires_review_or_was_rejected
extracted_tables/029_Health_Bulletin_2021/table_0067.csv,quarantined_tables/029_Health_Bulletin_2021/table_0067.csv,review_required,unclassified,,blocked_quality_gate,no,0,table_requires_review_or_was_rejected
extracted_tables/029_Health_Bulletin_2021/table_0068.csv,quarantined_tables/029_Health_Bulletin_2021/table_0068.csv,review_required,unclassified,,blocked_quality_gate,no,0,table_requires_review_or_was_rejected
extracted_tables/029_Health_Bulletin_2021/table_0069.csv,quarantined_tables/029_Health_Bulletin_2021/table_0069.csv,review_required,unclassified,,blocked_quality_gate,no,0,table_requires_review_or_was_rejected
extracted_tables/029_Health_Bulletin_2021/table_0070.csv,quarantined_tables/029_Health_Bulletin_2021/table_0070.csv,review_required,unclassified,,blocked_quality_gate,no,0,table_requires_review_or_was_rejected
extracted_tables/029_Health_Bulletin_2021/table_0071.csv,quarantined_tables/029_Health_Bulletin_2021/table_0071.csv,review_required,unclassified,,blocked_quality_gate,no,0,table_requires_review_or_was_rejected
extracted_tables/029_Health_Bulletin_2021/table_0072.csv,quarantined_tables/029_Health_Bulletin_2021/table_0072.csv,rejected,unclassified,,blocked_quality_gate,no,0,table_requires_review_or_was_rejected
extracted_tables/029_Health_Bulletin_2021/table_0073.csv,quarantined_tables/029_Health_Bulletin_2021/table_0073.csv,review_required,unclassified,,blocked_quality_gate,no,0,table_requires_review_or_was_rejected
extracted_tables/029_Health_Bulletin_2021/table_0074.csv,quarantined_tables/029_Health_Bulletin_2021/table_0074.csv,review_required,unclassified,,blocked_quality_gate,no,0,table_requires_review_or_was_rejected
extracted_tables/029_Health_Bulletin_2021/table_0075.csv,quarantined_tables/029_Health_Bulletin_2021/table_0075.csv,rejected,unclassified,,blocked_quality_gate,no,0,table_requires_review_or_was_rejected
extracted_tables/029_Health_Bulletin_2021/table_0076.csv,quarantined_tables/029_Health_Bulletin_2021/table_0076.csv,rejected,unclassified,,blocked_quality_gate,no,0,table_requires_review_or_was_rejected
extracted_tables/029_Health_Bulletin_2021/table_0077.csv,quarantined_tables/029_Health_Bulletin_2021/table_0077.csv,review_required,unclassified,,blocked_quality_gate,no,0,table_requires_review_or_was_rejected
extracted_tables/029_Health_Bulletin_2021/table_0078.csv,quarantined_tables/029_Health_Bulletin_2021/table_0078.csv,review_required,unclassified,,blocked_quality_gate,no,0,table_requires_review_or_was_rejected
extracted_tables/029_Health_Bulletin_2021/table_0079.csv,quarantined_tables/029_Health_Bulletin_2021/table_0079.csv,review_required,unclassified,,blocked_quality_gate,no,0,table_requires_review_or_was_rejected
extracted_tables/029_Health_Bulletin_2021/table_0080.csv,quarantined_tables/029_Health_Bulletin_2021/table_0080.csv,review_required,unclassified,,blocked_quality_gate,no,0,table_requires_review_or_was_rejected
extracted_tables/029_Health_Bulletin_2021/table_0081.csv,quarantined_tables/029_Health_Bulletin_2021/table_0081.csv,review_required,unclassified,,blocked_quality_gate,no,0,table_requires_review_or_was_rejected
extracted_tables/029_Health_Bulletin_2021/table_0082.csv,quarantined_tables/029_Health_Bulletin_2021/table_0082.csv,review_required,unclassified,,blocked_quality_gate,no,0,table_requires_review_or_was_rejected
extracted_tables/029_Health_Bulletin_2021/table_0083.csv,quarantined_tables/029_Health_Bulletin_2021/table_0083.csv,review_required,unclassified,,blocked_quality_gate,no,0,table_requires_review_or_was_rejected
extracted_tables/029_Health_Bulletin_2021/table_0084.csv,quarantined_tables/029_Health_Bulletin_2021/table_0084.csv,review_required,unclassified,,blocked_quality_gate,no,0,table_requires_review_or_was_rejected
extracted_tables/029_Health_Bulletin_2021/table_0085.csv,quarantined_tables/029_Health_Bulletin_2021/table_0085.csv,review_required,unclassified,,blocked_quality_gate,no,0,table_requires_review_or_was_rejected
extracted_tables/029_Health_Bulletin_2021/table_0086.csv,quarantined_tables/029_Health_Bulletin_2021/table_0086.csv,review_required,unclassified,,blocked_quality_gate,no,0,table_requires_review_or_was_rejected
extracted_tables/029_Health_Bulletin_2021/table_0087.csv,quarantined_tables/029_Health_Bulletin_2021/table_0087.csv,review_required,unclassified,,blocked_quality_gate,no,0,table_requires_review_or_was_rejected
extracted_tables/029_Health_Bulletin_2021/table_0088.csv,quarantined_tables/029_Health_Bulletin_2021/table_0088.csv,review_required,unclassified,,blocked_quality_gate,no,0,table_requires_review_or_was_rejected
extracted_tables/029_Health_Bulletin_2021/table_0089.csv,quarantined_tables/029_Health_Bulletin_2021/table_0089.csv,review_required,unclassified,,blocked_quality_gate,no,0,table_requires_review_or_was_rejected
extracted_tables/029_Health_Bulletin_2021/table_0090.csv,quarantined_tables/029_Health_Bulletin_2021/table_0090.csv,review_required,unclassified,,blocked_quality_gate,no,0,table_requires_review_or_was_rejected
extracted_tables/029_Health_Bulletin_2021/table_0091.csv,quarantined_tables/029_Health_Bulletin_2021/table_0091.csv,review_required,unclassified,,blocked_quality_gate,no,0,table_requires_review_or_was_rejected
extracted_tables/029_Health_Bulletin_2021/table_0092.csv,quarantined_tables/029_Health_Bulletin_2021/table_0092.csv,review_required,unclassified,,blocked_quality_gate,no,0,table_requires_review_or_was_rejected
extracted_tables/029_Health_Bulletin_2021/table_0093.csv,quarantined_tables/029_Health_Bulletin_2021/table_0093.csv,review_required,unclassified,,blocked_quality_gate,no,0,table_requires_review_or_was_rejected
extracted_tables/029_Health_Bulletin_2021/table_0094.csv,quarantined_tables/029_Health_Bulletin_2021/table_0094.csv,review_required,unclassified,,blocked_quality_gate,no,0,table_requires_review_or_was_rejected
extracted_tables/029_Health_Bulletin_2021/table_0095.csv,quarantined_tables/029_Health_Bulletin_2021/table_0095.csv,review_required,unclassified,,blocked_quality_gate,no,0,table_requires_review_or_was_rejected
extracted_tables/029_Health_Bulletin_2021/table_0096.csv,quarantined_tables/029_Health_Bulletin_2021/table_0096.csv,review_required,unclassified,,blocked_quality_gate,no,0,table_requires_review_or_was_rejected
extracted_tables/029_Health_Bulletin_2021/table_0097.csv,quarantined_tables/029_Health_Bulletin_2021/table_0097.csv,review_required,unclassified,,blocked_quality_gate,no,0,table_requires_review_or_was_rejected
extracted_tables/029_Health_Bulletin_2021/table_0098.csv,quarantined_tables/029_Health_Bulletin_2021/table_0098.csv,review_required,unclassified,,blocked_quality_gate,no,0,table_requires_review_or_was_rejected
extracted_tables/029_Health_Bulletin_2021/table_0099.csv,quarantined_tables/029_Health_Bulletin_2021/table_0099.csv,review_required,unclassified,,blocked_quality_gate,no,0,table_requires_review_or_was_rejected
extracted_tables/029_Health_Bulletin_2021/table_0100.csv,quarantined_tables/029_Health_Bulletin_2021/table_0100.csv,review_required,unclassified,,blocked_quality_gate,no,0,table_requires_review_or_was_rejected
extracted_tables/029_Health_Bulletin_2021/table_0101.csv,quarantined_tables/029_Health_Bulletin_2021/table_0101.csv,review_required,unclassified,,blocked_quality_gate,no,0,table_requires_review_or_was_rejected
extracted_tables/029_Health_Bulletin_2021/table_0102.csv,quarantined_tables/029_Health_Bulletin_2021/table_0102.csv,review_required,unclassified,,blocked_quality_gate,no,0,table_requires_review_or_was_rejected
extracted_tables/029_Health_Bulletin_2021/table_0103.csv,quarantined_tables/029_Health_Bulletin_2021/table_0103.csv,review_required,unclassified,,blocked_quality_gate,no,0,table_requires_review_or_was_rejected
extracted_tables/029_Health_Bulletin_2021/table_0104.csv,quarantined_tables/029_Health_Bulletin_2021/table_0104.csv,review_required,unclassified,,blocked_quality_gate,no,0,table_requires_review_or_was_rejected
extracted_tables/029_Health_Bulletin_2021/table_0105.csv,quarantined_tables/029_Health_Bulletin_2021/table_0105.csv,review_required,unclassified,,blocked_quality_gate,no,0,table_requires_review_or_was_rejected
extracted_tables/029_Health_Bulletin_2021/table_0106.csv,quarantined_tables/029_Health_Bulletin_2021/table_0106.csv,review_required,unclassified,,blocked_quality_gate,no,0,table_requires_review_or_was_rejected
extracted_tables/029_Health_Bulletin_2021/table_0107.csv,quarantined_tables/029_Health_Bulletin_2021/table_0107.csv,review_required,unclassified,,blocked_quality_gate,no,0,table_requires_review_or_was_rejected
extracted_tables/029_Health_Bulletin_2021/table_0108.csv,quarantined_tables/029_Health_Bulletin_2021/table_0108.csv,review_required,unclassified,,blocked_quality_gate,no,0,table_requires_review_or_was_rejected
extracted_tables/029_Health_Bulletin_2021/table_0109.csv,quarantined_tables/029_Health_Bulletin_2021/table_0109.csv,review_required,unclassified,,blocked_quality_gate,no,0,table_requires_review_or_was_rejected
extracted_tables/029_Health_Bulletin_2021/table_0110.csv,quarantined_tables/029_Health_Bulletin_2021/table_0110.csv,review_required,unclassified,,blocked_quality_gate,no,0,table_requires_review_or_was_rejected
extracted_tables/029_Health_Bulletin_2021/table_0111.csv,quarantined_tables/029_Health_Bulletin_2021/table_0111.csv,review_required,unclassified,,blocked_quality_gate,no,0,table_requires_review_or_was_rejected
extracted_tables/029_Health_Bulletin_2021/table_0112.csv,quarantined_tables/029_Health_Bulletin_2021/table_0112.csv,rejected,unclassified,,blocked_quality_gate,no,0,table_requires_review_or_was_rejected
extracted_tables/029_Health_Bulletin_2021/table_0113.csv,quarantined_tables/029_Health_Bulletin_2021/table_0113.csv,review_required,unclassified,,blocked_quality_gate,no,0,table_requires_review_or_was_rejected
extracted_tables/029_Health_Bulletin_2021/table_0114.csv,quarantined_tables/029_Health_Bulletin_2021/table_0114.csv,review_required,unclassified,,blocked_quality_gate,no,0,table_requires_review_or_was_rejected
extracted_tables/029_Health_Bulletin_2021/table_0115.csv,quarantined_tables/029_Health_Bulletin_2021/table_0115.csv,rejected,unclassified,,blocked_quality_gate,no,0,table_requires_review_or_was_rejected
extracted_tables/029_Health_Bulletin_2021/table_0116.csv,quarantined_tables/029_Health_Bulletin_2021/table_0116.csv,rejected,unclassified,,blocked_quality_gate,no,0,table_requires_review_or_was_rejected
extracted_tables/029_Health_Bulletin_2021/table_0117.csv,quarantined_tables/029_Health_Bulletin_2021/table_0117.csv,review_required,unclassified,,blocked_quality_gate,no,0,table_requires_review_or_was_rejected
extracted_tables/029_Health_Bulletin_2021/table_0118.csv,quarantined_tables/029_Health_Bulletin_2021/table_0118.csv,rejected,unclassified,,blocked_quality_gate,no,0,table_requires_review_or_was_rejected
extracted_tables/029_Health_Bulletin_2021/table_0119.csv,quarantined_tables/029_Health_Bulletin_2021/table_0119.csv,review_required,unclassified,,blocked_quality_gate,no,0,table_requires_review_or_was_rejected
extracted_tables/029_Health_Bulletin_2021/table_0120.csv,quarantined_tables/029_Health_Bulletin_2021/table_0120.csv,rejected,unclassified,,blocked_quality_gate,no,0,table_requires_review_or_was_rejected
extracted_tables/029_Health_Bulletin_2021/table_0121.csv,quarantined_tables/029_Health_Bulletin_2021/table_0121.csv,review_required,unclassified,,blocked_quality_gate,no,0,table_requires_review_or_was_rejected
extracted_tables/029_Health_Bulletin_2021/table_0122.csv,quarantined_tables/029_Health_Bulletin_2021/table_0122.csv,rejected,unclassified,,blocked_quality_gate,no,0,table_requires_review_or_was_rejected
extracted_tables/029_Health_Bulletin_2021/table_0123.csv,quarantined_tables/029_Health_Bulletin_2021/table_0123.csv,rejected,unclassified,,blocked_quality_gate,no,0,table_requires_review_or_was_rejected
extracted_tables/029_Health_Bulletin_2021/table_0124.csv,quarantined_tables/029_Health_Bulletin_2021/table_0124.csv,rejected,unclassified,,blocked_quality_gate,no,0,table_requires_review_or_was_rejected
extracted_tables/029_Health_Bulletin_2021/table_0125.csv,quarantined_tables/029_Health_Bulletin_2021/table_0125.csv,rejected,unclassified,,blocked_quality_gate,no,0,table_requires_review_or_was_rejected
extracted_tables/029_Health_Bulletin_2021/table_0126.csv,quarantined_tables/029_Health_Bulletin_2021/table_0126.csv,rejected,unclassified,,blocked_quality_gate,no,0,table_requires_review_or_was_rejected
extracted_tables/029_Health_Bulletin_2021/table_0127.csv,quarantined_tables/029_Health_Bulletin_2021/table_0127.csv,rejected,unclassified,,blocked_quality_gate,no,0,table_requires_review_or_was_rejected
extracted_tables/029_Health_Bulletin_2021/table_0128.csv,quarantined_tables/029_Health_Bulletin_2021/table_0128.csv,rejected,unclassified,,blocked_quality_gate,no,0,table_requires_review_or_was_rejected
extracted_tables/029_Health_Bulletin_2021/table_0129.csv,quarantined_tables/029_Health_Bulletin_2021/table_0129.csv,rejected,unclassified,,blocked_quality_gate,no,0,table_requires_review_or_was_rejected
extracted_tables/029_Health_Bulletin_2021/table_0130.csv,quarantined_tables/029_Health_Bulletin_2021/table_0130.csv,rejected,unclassified,,blocked_quality_gate,no,0,table_requires_review_or_was_rejected
extracted_tables/029_Health_Bulletin_2021/table_0131.csv,quarantined_tables/029_Health_Bulletin_2021/table_0131.csv,rejected,unclassified,,blocked_quality_gate,no,0,table_requires_review_or_was_rejected
extracted_tables/029_Health_Bulletin_2021/table_0132.csv,quarantined_tables/029_Health_Bulletin_2021/table_0132.csv,rejected,unclassified,,blocked_quality_gate,no,0,table_requires_review_or_was_rejected
extracted_tables/029_Health_Bulletin_2021/table_0133.csv,quarantined_tables/029_Health_Bulletin_2021/table_0133.csv,review_required,unclassified,,blocked_quality_gate,no,0,table_requires_review_or_was_rejected
extracted_tables/029_Health_Bulletin_2021/table_0134.csv,quarantined_tables/029_Health_Bulletin_2021/table_0134.csv,review_required,unclassified,,blocked_quality_gate,no,0,table_requires_review_or_was_rejected
extracted_tables/029_Health_Bulletin_2021/table_0135.csv,quarantined_tables/029_Health_Bulletin_2021/table_0135.csv,review_required,unclassified,,blocked_quality_gate,no,0,table_requires_review_or_was_rejected
extracted_tables/029_Health_Bulletin_2021/table_0136.csv,quarantined_tables/029_Health_Bulletin_2021/table_0136.csv,review_required,unclassified,,blocked_quality_gate,no,0,table_requires_review_or_was_rejected
extracted_tables/029_Health_Bulletin_2021/table_0137.csv,quarantined_tables/029_Health_Bulletin_2021/table_0137.csv,review_required,unclassified,,blocked_quality_gate,no,0,table_requires_review_or_was_rejected
extracted_tables/029_Health_Bulletin_2021/table_0138.csv,quarantined_tables/029_Health_Bulletin_2021/table_0138.csv,review_required,unclassified,,blocked_quality_gate,no,0,table_requires_review_or_was_rejected
extracted_tables/029_Health_Bulletin_2021/table_0139.csv,quarantined_tables/029_Health_Bulletin_2021/table_0139.csv,review_required,unclassified,,blocked_quality_gate,no,0,table_requires_review_or_was_rejected
extracted_tables/029_Health_Bulletin_2021/table_0140.csv,quarantined_tables/029_Health_Bulletin_2021/table_0140.csv,review_required,unclassified,,blocked_quality_gate,no,0,table_requires_review_or_was_rejected
extracted_tables/029_Health_Bulletin_2021/table_0141.csv,quarantined_tables/029_Health_Bulletin_2021/table_0141.csv,review_required,unclassified,,blocked_quality_gate,no,0,table_requires_review_or_was_rejected
extracted_tables/029_Health_Bulletin_2021/table_0142.csv,quarantined_tables/029_Health_Bulletin_2021/table_0142.csv,review_required,unclassified,,blocked_quality_gate,no,0,table_requires_review_or_was_rejected
extracted_tables/029_Health_Bulletin_2021/table_0143.csv,quarantined_tables/029_Health_Bulletin_2021/table_0143.csv,review_required,unclassified,,blocked_quality_gate,no,0,table_requires_review_or_was_rejected
extracted_tables/029_Health_Bulletin_2021/table_0144.csv,quarantined_tables/029_Health_Bulletin_2021/table_0144.csv,review_required,unclassified,,blocked_quality_gate,no,0,table_requires_review_or_was_rejected
extracted_tables/029_Health_Bulletin_2021/table_0145.csv,quarantined_tables/029_Health_Bulletin_2021/table_0145.csv,review_required,unclassified,,blocked_quality_gate,no,0,table_requires_review_or_was_rejected
extracted_tables/029_Health_Bulletin_2021/table_0146.csv,quarantined_tables/029_Health_Bulletin_2021/table_0146.csv,review_required,unclassified,,blocked_quality_gate,no,0,table_requires_review_or_was_rejected
extracted_tables/029_Health_Bulletin_2021/table_0147.csv,quarantined_tables/029_Health_Bulletin_2021/table_0147.csv,review_required,unclassified,,blocked_quality_gate,no,0,table_requires_review_or_was_rejected
extracted_tables/029_Health_Bulletin_2021/table_0148.csv,quarantined_tables/029_Health_Bulletin_2021/table_0148.csv,review_required,unclassified,,blocked_quality_gate,no,0,table_requires_review_or_was_rejected
extracted_tables/029_Health_Bulletin_2021/table_0149.csv,quarantined_tables/029_Health_Bulletin_2021/table_0149.csv,review_required,unclassified,,blocked_quality_gate,no,0,table_requires_review_or_was_rejected
extracted_tables/029_Health_Bulletin_2021/table_0150.csv,quarantined_tables/029_Health_Bulletin_2021/table_0150.csv,review_required,unclassified,,blocked_quality_gate,no,0,table_requires_review_or_was_rejected
extracted_tables/029_Health_Bulletin_2021/table_0151.csv,quarantined_tables/029_Health_Bulletin_2021/table_0151.csv,review_required,unclassified,,blocked_quality_gate,no,0,table_requires_review_or_was_rejected
extracted_tables/029_Health_Bulletin_2021/table_0152.csv,quarantined_tables/029_Health_Bulletin_2021/table_0152.csv,review_required,unclassified,,blocked_quality_gate,no,0,table_requires_review_or_was_rejected
extracted_tables/029_Health_Bulletin_2021/table_0153.csv,quarantined_tables/029_Health_Bulletin_2021/table_0153.csv,review_required,unclassified,,blocked_quality_gate,no,0,table_requires_review_or_was_rejected
extracted_tables/029_Health_Bulletin_2021/table_0154.csv,quarantined_tables/029_Health_Bulletin_2021/table_0154.csv,review_required,unclassified,,blocked_quality_gate,no,0,table_requires_review_or_was_rejected
extracted_tables/029_Health_Bulletin_2021/table_0155.csv,quarantined_tables/029_Health_Bulletin_2021/table_0155.csv,review_required,unclassified,,blocked_quality_gate,no,0,table_requires_review_or_was_rejected
extracted_tables/029_Health_Bulletin_2021/table_0156.csv,quarantined_tables/029_Health_Bulletin_2021/table_0156.csv,review_required,unclassified,,blocked_quality_gate,no,0,table_requires_review_or_was_rejected
extracted_tables/029_Health_Bulletin_2021/table_0157.csv,quarantined_tables/029_Health_Bulletin_2021/table_0157.csv,review_required,unclassified,,blocked_quality_gate,no,0,table_requires_review_or_was_rejected
extracted_tables/029_Health_Bulletin_2021/table_0158.csv,quarantined_tables/029_Health_Bulletin_2021/table_0158.csv,review_required,unclassified,,blocked_quality_gate,no,0,table_requires_review_or_was_rejected
extracted_tables/029_Health_Bulletin_2021/table_0159.csv,quarantined_tables/029_Health_Bulletin_2021/table_0159.csv,review_required,unclassified,,blocked_quality_gate,no,0,table_requires_review_or_was_rejected
extracted_tables/029_Health_Bulletin_2021/table_0160.csv,quarantined_tables/029_Health_Bulletin_2021/table_0160.csv,review_required,unclassified,,blocked_quality_gate,no,0,table_requires_review_or_was_rejected
extracted_tables/029_Health_Bulletin_2021/table_0161.csv,quarantined_tables/029_Health_Bulletin_2021/table_0161.csv,review_required,unclassified,,blocked_quality_gate,no,0,table_requires_review_or_was_rejected
extracted_tables/029_Health_Bulletin_2021/table_0162.csv,quarantined_tables/029_Health_Bulletin_2021/table_0162.csv,review_required,unclassified,,blocked_quality_gate,no,0,table_requires_review_or_was_rejected
extracted_tables/029_Health_Bulletin_2021/table_0163.csv,quarantined_tables/029_Health_Bulletin_2021/table_0163.csv,review_required,unclassified,,blocked_quality_gate,no,0,table_requires_review_or_was_rejected
extracted_tables/029_Health_Bulletin_2021/table_0164.csv,quarantined_tables/029_Health_Bulletin_2021/table_0164.csv,review_required,unclassified,,blocked_quality_gate,no,0,table_requires_review_or_was_rejected
extracted_tables/029_Health_Bulletin_2021/table_0165.csv,quarantined_tables/029_Health_Bulletin_2021/table_0165.csv,review_required,unclassified,,blocked_quality_gate,no,0,table_requires_review_or_was_rejected
extracted_tables/029_Health_Bulletin_2021/table_0166.csv,quarantined_tables/029_Health_Bulletin_2021/table_0166.csv,review_required,unclassified,,blocked_quality_gate,no,0,table_requires_review_or_was_rejected
extracted_tables/029_Health_Bulletin_2021/table_0167.csv,quarantined_tables/029_Health_Bulletin_2021/table_0167.csv,review_required,unclassified,,blocked_quality_gate,no,0,table_requires_review_or_was_rejected
extracted_tables/029_Health_Bulletin_2021/table_0168.csv,quarantined_tables/029_Health_Bulletin_2021/table_0168.csv,review_required,unclassified,,blocked_quality_gate,no,0,table_requires_review_or_was_rejected
extracted_tables/029_Health_Bulletin_2021/table_0169.csv,quarantined_tables/029_Health_Bulletin_2021/table_0169.csv,review_required,unclassified,,blocked_quality_gate,no,0,table_requires_review_or_was_rejected
extracted_tables/029_Health_Bulletin_2021/table_0170.csv,quarantined_tables/029_Health_Bulletin_2021/table_0170.csv,rejected,unclassified,,blocked_quality_gate,no,0,table_requires_review_or_was_rejected
extracted_tables/029_Health_Bulletin_2021/table_0171.csv,quarantined_tables/029_Health_Bulletin_2021/table_0171.csv,review_required,unclassified,,blocked_quality_gate,no,0,table_requires_review_or_was_rejected
extracted_tables/029_Health_Bulletin_2021/table_0172.csv,quarantined_tables/029_Health_Bulletin_2021/table_0172.csv,review_required,unclassified,,blocked_quality_gate,no,0,table_requires_review_or_was_rejected
extracted_tables/029_Health_Bulletin_2021/table_0173.csv,quarantined_tables/029_Health_Bulletin_2021/table_0173.csv,review_required,unclassified,,blocked_quality_gate,no,0,table_requires_review_or_was_rejected
extracted_tables/029_Health_Bulletin_2021/table_0174.csv,quarantined_tables/029_Health_Bulletin_2021/table_0174.csv,review_required,unclassified,,blocked_quality_gate,no,0,table_requires_review_or_was_rejected
extracted_tables/029_Health_Bulletin_2021/table_0175.csv,quarantined_tables/029_Health_Bulletin_2021/table_0175.csv,review_required,unclassified,,blocked_quality_gate,no,0,table_requires_review_or_was_rejected
extracted_tables/029_Health_Bulletin_2021/table_0176.csv,quarantined_tables/029_Health_Bulletin_2021/table_0176.csv,review_required,unclassified,,blocked_quality_gate,no,0,table_requires_review_or_was_rejected
extracted_tables/029_Health_Bulletin_2021/table_0177.csv,quarantined_tables/029_Health_Bulletin_2021/table_0177.csv,review_required,unclassified,,blocked_quality_gate,no,0,table_requires_review_or_was_rejected
extracted_tables/029_Health_Bulletin_2021/table_0178.csv,quarantined_tables/029_Health_Bulletin_2021/table_0178.csv,review_required,unclassified,,blocked_quality_gate,no,0,table_requires_review_or_was_rejected
extracted_tables/029_Health_Bulletin_2021/table_0179.csv,quarantined_tables/029_Health_Bulletin_2021/table_0179.csv,review_required,unclassified,,blocked_quality_gate,no,0,table_requires_review_or_was_rejected
extracted_tables/029_Health_Bulletin_2021/table_0180.csv,quarantined_tables/029_Health_Bulletin_2021/table_0180.csv,review_required,unclassified,,blocked_quality_gate,no,0,table_requires_review_or_was_rejected
extracted_tables/029_Health_Bulletin_2021/table_0181.csv,quarantined_tables/029_Health_Bulletin_2021/table_0181.csv,review_required,unclassified,,blocked_quality_gate,no,0,table_requires_review_or_was_rejected
extracted_tables/029_Health_Bulletin_2021/table_0182.csv,quarantined_tables/029_Health_Bulletin_2021/table_0182.csv,review_required,unclassified,,blocked_quality_gate,no,0,table_requires_review_or_was_rejected
extracted_tables/029_Health_Bulletin_2021/table_0183.csv,quarantined_tables/029_Health_Bulletin_2021/table_0183.csv,review_required,unclassified,,blocked_quality_gate,no,0,table_requires_review_or_was_rejected
extracted_tables/029_Health_Bulletin_2021/table_0184.csv,quarantined_tables/029_Health_Bulletin_2021/table_0184.csv,review_required,unclassified,,blocked_quality_gate,no,0,table_requires_review_or_was_rejected
extracted_tables/029_Health_Bulletin_2021/table_0185.csv,quarantined_tables/029_Health_Bulletin_2021/table_0185.csv,review_required,unclassified,,blocked_quality_gate,no,0,table_requires_review_or_was_rejected
extracted_tables/029_Health_Bulletin_2021/table_0186.csv,quarantined_tables/029_Health_Bulletin_2021/table_0186.csv,review_required,unclassified,,blocked_quality_gate,no,0,table_requires_review_or_was_rejected
extracted_tables/029_Health_Bulletin_2021/table_0187.csv,quarantined_tables/029_Health_Bulletin_2021/table_0187.csv,review_required,unclassified,,blocked_quality_gate,no,0,table_requires_review_or_was_rejected
extracted_tables/029_Health_Bulletin_2021/table_0188.csv,quarantined_tables/029_Health_Bulletin_2021/table_0188.csv,review_required,unclassified,,blocked_quality_gate,no,0,table_requires_review_or_was_rejected
extracted_tables/029_Health_Bulletin_2021/table_0189.csv,quarantined_tables/029_Health_Bulletin_2021/table_0189.csv,review_required,unclassified,,blocked_quality_gate,no,0,table_requires_review_or_was_rejected
extracted_tables/029_Health_Bulletin_2021/table_0190.csv,quarantined_tables/029_Health_Bulletin_2021/table_0190.csv,review_required,unclassified,,blocked_quality_gate,no,0,table_requires_review_or_was_rejected
extracted_tables/029_Health_Bulletin_2021/table_0191.csv,quarantined_tables/029_Health_Bulletin_2021/table_0191.csv,review_required,unclassified,,blocked_quality_gate,no,0,table_requires_review_or_was_rejected
extracted_tables/030_Health_Bulletin_2020/table_0001.csv,quarantined_tables/030_Health_Bulletin_2020/table_0001.csv,review_required,unclassified,,blocked_quality_gate,no,0,table_requires_review_or_was_rejected
extracted_tables/030_Health_Bulletin_2020/table_0002.csv,quarantined_tables/030_Health_Bulletin_2020/table_0002.csv,review_required,unclassified,,blocked_quality_gate,no,0,table_requires_review_or_was_rejected
extracted_tables/030_Health_Bulletin_2020/table_0003.csv,quarantined_tables/030_Health_Bulletin_2020/table_0003.csv,review_required,unclassified,,blocked_quality_gate,no,0,table_requires_review_or_was_rejected
extracted_tables/030_Health_Bulletin_2020/table_0004.csv,quarantined_tables/030_Health_Bulletin_2020/table_0004.csv,review_required,unclassified,,blocked_quality_gate,no,0,table_requires_review_or_was_rejected
extracted_tables/030_Health_Bulletin_2020/table_0005.csv,quarantined_tables/030_Health_Bulletin_2020/table_0005.csv,review_required,unclassified,,blocked_quality_gate,no,0,table_requires_review_or_was_rejected
extracted_tables/030_Health_Bulletin_2020/table_0006.csv,quarantined_tables/030_Health_Bulletin_2020/table_0006.csv,review_required,unclassified,,blocked_quality_gate,no,0,table_requires_review_or_was_rejected
extracted_tables/030_Health_Bulletin_2020/table_0007.csv,quarantined_tables/030_Health_Bulletin_2020/table_0007.csv,review_required,unclassified,,blocked_quality_gate,no,0,table_requires_review_or_was_rejected
extracted_tables/030_Health_Bulletin_2020/table_0008.csv,quarantined_tables/030_Health_Bulletin_2020/table_0008.csv,review_required,unclassified,,blocked_quality_gate,no,0,table_requires_review_or_was_rejected
extracted_tables/030_Health_Bulletin_2020/table_0009.csv,quarantined_tables/030_Health_Bulletin_2020/table_0009.csv,review_required,unclassified,,blocked_quality_gate,no,0,table_requires_review_or_was_rejected
extracted_tables/030_Health_Bulletin_2020/table_0010.csv,quarantined_tables/030_Health_Bulletin_2020/table_0010.csv,review_required,unclassified,,blocked_quality_gate,no,0,table_requires_review_or_was_rejected
extracted_tables/030_Health_Bulletin_2020/table_0011.csv,quarantined_tables/030_Health_Bulletin_2020/table_0011.csv,review_required,unclassified,,blocked_quality_gate,no,0,table_requires_review_or_was_rejected
extracted_tables/030_Health_Bulletin_2020/table_0012.csv,quarantined_tables/030_Health_Bulletin_2020/table_0012.csv,review_required,unclassified,,blocked_quality_gate,no,0,table_requires_review_or_was_rejected
extracted_tables/030_Health_Bulletin_2020/table_0013.csv,quarantined_tables/030_Health_Bulletin_2020/table_0013.csv,review_required,unclassified,,blocked_quality_gate,no,0,table_requires_review_or_was_rejected
extracted_tables/030_Health_Bulletin_2020/table_0014.csv,quarantined_tables/030_Health_Bulletin_2020/table_0014.csv,review_required,unclassified,,blocked_quality_gate,no,0,table_requires_review_or_was_rejected
extracted_tables/030_Health_Bulletin_2020/table_0015.csv,quarantined_tables/030_Health_Bulletin_2020/table_0015.csv,review_required,unclassified,,blocked_quality_gate,no,0,table_requires_review_or_was_rejected
extracted_tables/030_Health_Bulletin_2020/table_0016.csv,quarantined_tables/030_Health_Bulletin_2020/table_0016.csv,review_required,unclassified,,blocked_quality_gate,no,0,table_requires_review_or_was_rejected
extracted_tables/030_Health_Bulletin_2020/table_0017.csv,quarantined_tables/030_Health_Bulletin_2020/table_0017.csv,review_required,unclassified,,blocked_quality_gate,no,0,table_requires_review_or_was_rejected
extracted_tables/030_Health_Bulletin_2020/table_0018.csv,quarantined_tables/030_Health_Bulletin_2020/table_0018.csv,review_required,unclassified,,blocked_quality_gate,no,0,table_requires_review_or_was_rejected
extracted_tables/030_Health_Bulletin_2020/table_0019.csv,quarantined_tables/030_Health_Bulletin_2020/table_0019.csv,review_required,unclassified,,blocked_quality_gate,no,0,table_requires_review_or_was_rejected
extracted_tables/030_Health_Bulletin_2020/table_0020.csv,quarantined_tables/030_Health_Bulletin_2020/table_0020.csv,review_required,unclassified,,blocked_quality_gate,no,0,table_requires_review_or_was_rejected
extracted_tables/030_Health_Bulletin_2020/table_0021.csv,quarantined_tables/030_Health_Bulletin_2020/table_0021.csv,review_required,unclassified,,blocked_quality_gate,no,0,table_requires_review_or_was_rejected
extracted_tables/030_Health_Bulletin_2020/table_0022.csv,quarantined_tables/030_Health_Bulletin_2020/table_0022.csv,review_required,unclassified,,blocked_quality_gate,no,0,table_requires_review_or_was_rejected
extracted_tables/030_Health_Bulletin_2020/table_0023.csv,quarantined_tables/030_Health_Bulletin_2020/table_0023.csv,review_required,unclassified,,blocked_quality_gate,no,0,table_requires_review_or_was_rejected
extracted_tables/030_Health_Bulletin_2020/table_0024.csv,quarantined_tables/030_Health_Bulletin_2020/table_0024.csv,review_required,unclassified,,blocked_quality_gate,no,0,table_requires_review_or_was_rejected
extracted_tables/030_Health_Bulletin_2020/table_0025.csv,quarantined_tables/030_Health_Bulletin_2020/table_0025.csv,review_required,unclassified,,blocked_quality_gate,no,0,table_requires_review_or_was_rejected
extracted_tables/030_Health_Bulletin_2020/table_0026.csv,quarantined_tables/030_Health_Bulletin_2020/table_0026.csv,review_required,unclassified,,blocked_quality_gate,no,0,table_requires_review_or_was_rejected
extracted_tables/030_Health_Bulletin_2020/table_0027.csv,quarantined_tables/030_Health_Bulletin_2020/table_0027.csv,review_required,unclassified,,blocked_quality_gate,no,0,table_requires_review_or_was_rejected
extracted_tables/030_Health_Bulletin_2020/table_0028.csv,quarantined_tables/030_Health_Bulletin_2020/table_0028.csv,review_required,unclassified,,blocked_quality_gate,no,0,table_requires_review_or_was_rejected
extracted_tables/030_Health_Bulletin_2020/table_0029.csv,quarantined_tables/030_Health_Bulletin_2020/table_0029.csv,rejected,unclassified,,blocked_quality_gate,no,0,table_requires_review_or_was_rejected
extracted_tables/030_Health_Bulletin_2020/table_0030.csv,quarantined_tables/030_Health_Bulletin_2020/table_0030.csv,review_required,unclassified,,blocked_quality_gate,no,0,table_requires_review_or_was_rejected
extracted_tables/030_Health_Bulletin_2020/table_0031.csv,quarantined_tables/030_Health_Bulletin_2020/table_0031.csv,review_required,unclassified,,blocked_quality_gate,no,0,table_requires_review_or_was_rejected
extracted_tables/030_Health_Bulletin_2020/table_0032.csv,quarantined_tables/030_Health_Bulletin_2020/table_0032.csv,review_required,unclassified,,blocked_quality_gate,no,0,table_requires_review_or_was_rejected
extracted_tables/030_Health_Bulletin_2020/table_0033.csv,quarantined_tables/030_Health_Bulletin_2020/table_0033.csv,review_required,unclassified,,blocked_quality_gate,no,0,table_requires_review_or_was_rejected
extracted_tables/030_Health_Bulletin_2020/table_0034.csv,quarantined_tables/030_Health_Bulletin_2020/table_0034.csv,review_required,unclassified,,blocked_quality_gate,no,0,table_requires_review_or_was_rejected
extracted_tables/030_Health_Bulletin_2020/table_0035.csv,quarantined_tables/030_Health_Bulletin_2020/table_0035.csv,review_required,unclassified,,blocked_quality_gate,no,0,table_requires_review_or_was_rejected
extracted_tables/030_Health_Bulletin_2020/table_0036.csv,quarantined_tables/030_Health_Bulletin_2020/table_0036.csv,review_required,unclassified,,blocked_quality_gate,no,0,table_requires_review_or_was_rejected
extracted_tables/030_Health_Bulletin_2020/table_0037.csv,quarantined_tables/030_Health_Bulletin_2020/table_0037.csv,review_required,unclassified,,blocked_quality_gate,no,0,table_requires_review_or_was_rejected
extracted_tables/030_Health_Bulletin_2020/table_0038.csv,quarantined_tables/030_Health_Bulletin_2020/table_0038.csv,rejected,unclassified,,blocked_quality_gate,no,0,table_requires_review_or_was_rejected
extracted_tables/030_Health_Bulletin_2020/table_0039.csv,quarantined_tables/030_Health_Bulletin_2020/table_0039.csv,rejected,unclassified,,blocked_quality_gate,no,0,table_requires_review_or_was_rejected
extracted_tables/030_Health_Bulletin_2020/table_0040.csv,quarantined_tables/030_Health_Bulletin_2020/table_0040.csv,rejected,unclassified,,blocked_quality_gate,no,0,table_requires_review_or_was_rejected
extracted_tables/030_Health_Bulletin_2020/table_0041.csv,quarantined_tables/030_Health_Bulletin_2020/table_0041.csv,rejected,unclassified,,blocked_quality_gate,no,0,table_requires_review_or_was_rejected
extracted_tables/030_Health_Bulletin_2020/table_0042.csv,quarantined_tables/030_Health_Bulletin_2020/table_0042.csv,rejected,unclassified,,blocked_quality_gate,no,0,table_requires_review_or_was_rejected
extracted_tables/030_Health_Bulletin_2020/table_0043.csv,quarantined_tables/030_Health_Bulletin_2020/table_0043.csv,review_required,unclassified,,blocked_quality_gate,no,0,table_requires_review_or_was_rejected
extracted_tables/030_Health_Bulletin_2020/table_0044.csv,quarantined_tables/030_Health_Bulletin_2020/table_0044.csv,review_required,unclassified,,blocked_quality_gate,no,0,table_requires_review_or_was_rejected
extracted_tables/030_Health_Bulletin_2020/table_0045.csv,quarantined_tables/030_Health_Bulletin_2020/table_0045.csv,review_required,unclassified,,blocked_quality_gate,no,0,table_requires_review_or_was_rejected
extracted_tables/030_Health_Bulletin_2020/table_0046.csv,quarantined_tables/030_Health_Bulletin_2020/table_0046.csv,rejected,unclassified,,blocked_quality_gate,no,0,table_requires_review_or_was_rejected
extracted_tables/030_Health_Bulletin_2020/table_0047.csv,quarantined_tables/030_Health_Bulletin_2020/table_0047.csv,review_required,unclassified,,blocked_quality_gate,no,0,table_requires_review_or_was_rejected
extracted_tables/030_Health_Bulletin_2020/table_0048.csv,quarantined_tables/030_Health_Bulletin_2020/table_0048.csv,review_required,unclassified,,blocked_quality_gate,no,0,table_requires_review_or_was_rejected
extracted_tables/030_Health_Bulletin_2020/table_0049.csv,quarantined_tables/030_Health_Bulletin_2020/table_0049.csv,review_required,unclassified,,blocked_quality_gate,no,0,table_requires_review_or_was_rejected
extracted_tables/030_Health_Bulletin_2020/table_0050.csv,quarantined_tables/030_Health_Bulletin_2020/table_0050.csv,review_required,unclassified,,blocked_quality_gate,no,0,table_requires_review_or_was_rejected
extracted_tables/030_Health_Bulletin_2020/table_0051.csv,quarantined_tables/030_Health_Bulletin_2020/table_0051.csv,review_required,unclassified,,blocked_quality_gate,no,0,table_requires_review_or_was_rejected
extracted_tables/030_Health_Bulletin_2020/table_0052.csv,quarantined_tables/030_Health_Bulletin_2020/table_0052.csv,review_required,unclassified,,blocked_quality_gate,no,0,table_requires_review_or_was_rejected
extracted_tables/030_Health_Bulletin_2020/table_0053.csv,quarantined_tables/030_Health_Bulletin_2020/table_0053.csv,review_required,unclassified,,blocked_quality_gate,no,0,table_requires_review_or_was_rejected
extracted_tables/030_Health_Bulletin_2020/table_0054.csv,quarantined_tables/030_Health_Bulletin_2020/table_0054.csv,review_required,unclassified,,blocked_quality_gate,no,0,table_requires_review_or_was_rejected
extracted_tables/030_Health_Bulletin_2020/table_0055.csv,quarantined_tables/030_Health_Bulletin_2020/table_0055.csv,review_required,unclassified,,blocked_quality_gate,no,0,table_requires_review_or_was_rejected
extracted_tables/030_Health_Bulletin_2020/table_0056.csv,quarantined_tables/030_Health_Bulletin_2020/table_0056.csv,review_required,unclassified,,blocked_quality_gate,no,0,table_requires_review_or_was_rejected
extracted_tables/030_Health_Bulletin_2020/table_0057.csv,quarantined_tables/030_Health_Bulletin_2020/table_0057.csv,review_required,unclassified,,blocked_quality_gate,no,0,table_requires_review_or_was_rejected
extracted_tables/030_Health_Bulletin_2020/table_0058.csv,quarantined_tables/030_Health_Bulletin_2020/table_0058.csv,review_required,unclassified,,blocked_quality_gate,no,0,table_requires_review_or_was_rejected
extracted_tables/030_Health_Bulletin_2020/table_0059.csv,quarantined_tables/030_Health_Bulletin_2020/table_0059.csv,rejected,unclassified,,blocked_quality_gate,no,0,table_requires_review_or_was_rejected
extracted_tables/030_Health_Bulletin_2020/table_0060.csv,quarantined_tables/030_Health_Bulletin_2020/table_0060.csv,review_required,unclassified,,blocked_quality_gate,no,0,table_requires_review_or_was_rejected
extracted_tables/030_Health_Bulletin_2020/table_0061.csv,quarantined_tables/030_Health_Bulletin_2020/table_0061.csv,review_required,unclassified,,blocked_quality_gate,no,0,table_requires_review_or_was_rejected
extracted_tables/030_Health_Bulletin_2020/table_0062.csv,quarantined_tables/030_Health_Bulletin_2020/table_0062.csv,review_required,unclassified,,blocked_quality_gate,no,0,table_requires_review_or_was_rejected
extracted_tables/030_Health_Bulletin_2020/table_0063.csv,quarantined_tables/030_Health_Bulletin_2020/table_0063.csv,review_required,unclassified,,blocked_quality_gate,no,0,table_requires_review_or_was_rejected
extracted_tables/030_Health_Bulletin_2020/table_0064.csv,quarantined_tables/030_Health_Bulletin_2020/table_0064.csv,review_required,unclassified,,blocked_quality_gate,no,0,table_requires_review_or_was_rejected
extracted_tables/030_Health_Bulletin_2020/table_0065.csv,quarantined_tables/030_Health_Bulletin_2020/table_0065.csv,review_required,unclassified,,blocked_quality_gate,no,0,table_requires_review_or_was_rejected
extracted_tables/030_Health_Bulletin_2020/table_0066.csv,quarantined_tables/030_Health_Bulletin_2020/table_0066.csv,review_required,unclassified,,blocked_quality_gate,no,0,table_requires_review_or_was_rejected
extracted_tables/030_Health_Bulletin_2020/table_0067.csv,quarantined_tables/030_Health_Bulletin_2020/table_0067.csv,review_required,unclassified,,blocked_quality_gate,no,0,table_requires_review_or_was_rejected
extracted_tables/030_Health_Bulletin_2020/table_0068.csv,quarantined_tables/030_Health_Bulletin_2020/table_0068.csv,rejected,unclassified,,blocked_quality_gate,no,0,table_requires_review_or_was_rejected
extracted_tables/030_Health_Bulletin_2020/table_0069.csv,quarantined_tables/030_Health_Bulletin_2020/table_0069.csv,rejected,unclassified,,blocked_quality_gate,no,0,table_requires_review_or_was_rejected
extracted_tables/030_Health_Bulletin_2020/table_0070.csv,quarantined_tables/030_Health_Bulletin_2020/table_0070.csv,review_required,unclassified,,blocked_quality_gate,no,0,table_requires_review_or_was_rejected
extracted_tables/030_Health_Bulletin_2020/table_0071.csv,quarantined_tables/030_Health_Bulletin_2020/table_0071.csv,review_required,unclassified,,blocked_quality_gate,no,0,table_requires_review_or_was_rejected
extracted_tables/030_Health_Bulletin_2020/table_0072.csv,quarantined_tables/030_Health_Bulletin_2020/table_0072.csv,review_required,unclassified,,blocked_quality_gate,no,0,table_requires_review_or_was_rejected
extracted_tables/030_Health_Bulletin_2020/table_0073.csv,quarantined_tables/030_Health_Bulletin_2020/table_0073.csv,review_required,unclassified,,blocked_quality_gate,no,0,table_requires_review_or_was_rejected
extracted_tables/030_Health_Bulletin_2020/table_0074.csv,quarantined_tables/030_Health_Bulletin_2020/table_0074.csv,review_required,unclassified,,blocked_quality_gate,no,0,table_requires_review_or_was_rejected
extracted_tables/030_Health_Bulletin_2020/table_0075.csv,quarantined_tables/030_Health_Bulletin_2020/table_0075.csv,review_required,unclassified,,blocked_quality_gate,no,0,table_requires_review_or_was_rejected
extracted_tables/030_Health_Bulletin_2020/table_0076.csv,quarantined_tables/030_Health_Bulletin_2020/table_0076.csv,review_required,unclassified,,blocked_quality_gate,no,0,table_requires_review_or_was_rejected
extracted_tables/030_Health_Bulletin_2020/table_0077.csv,quarantined_tables/030_Health_Bulletin_2020/table_0077.csv,review_required,unclassified,,blocked_quality_gate,no,0,table_requires_review_or_was_rejected
extracted_tables/030_Health_Bulletin_2020/table_0078.csv,quarantined_tables/030_Health_Bulletin_2020/table_0078.csv,review_required,unclassified,,blocked_quality_gate,no,0,table_requires_review_or_was_rejected
extracted_tables/030_Health_Bulletin_2020/table_0079.csv,quarantined_tables/030_Health_Bulletin_2020/table_0079.csv,review_required,unclassified,,blocked_quality_gate,no,0,table_requires_review_or_was_rejected
extracted_tables/030_Health_Bulletin_2020/table_0080.csv,quarantined_tables/030_Health_Bulletin_2020/table_0080.csv,review_required,unclassified,,blocked_quality_gate,no,0,table_requires_review_or_was_rejected
extracted_tables/030_Health_Bulletin_2020/table_0081.csv,quarantined_tables/030_Health_Bulletin_2020/table_0081.csv,review_required,unclassified,,blocked_quality_gate,no,0,table_requires_review_or_was_rejected
extracted_tables/030_Health_Bulletin_2020/table_0082.csv,quarantined_tables/030_Health_Bulletin_2020/table_0082.csv,review_required,unclassified,,blocked_quality_gate,no,0,table_requires_review_or_was_rejected
extracted_tables/030_Health_Bulletin_2020/table_0083.csv,quarantined_tables/030_Health_Bulletin_2020/table_0083.csv,review_required,unclassified,,blocked_quality_gate,no,0,table_requires_review_or_was_rejected
extracted_tables/030_Health_Bulletin_2020/table_0084.csv,quarantined_tables/030_Health_Bulletin_2020/table_0084.csv,review_required,unclassified,,blocked_quality_gate,no,0,table_requires_review_or_was_rejected
extracted_tables/030_Health_Bulletin_2020/table_0085.csv,quarantined_tables/030_Health_Bulletin_2020/table_0085.csv,review_required,unclassified,,blocked_quality_gate,no,0,table_requires_review_or_was_rejected
extracted_tables/030_Health_Bulletin_2020/table_0086.csv,quarantined_tables/030_Health_Bulletin_2020/table_0086.csv,review_required,unclassified,,blocked_quality_gate,no,0,table_requires_review_or_was_rejected
extracted_tables/030_Health_Bulletin_2020/table_0087.csv,quarantined_tables/030_Health_Bulletin_2020/table_0087.csv,review_required,unclassified,,blocked_quality_gate,no,0,table_requires_review_or_was_rejected
extracted_tables/030_Health_Bulletin_2020/table_0088.csv,quarantined_tables/030_Health_Bulletin_2020/table_0088.csv,review_required,unclassified,,blocked_quality_gate,no,0,table_requires_review_or_was_rejected
extracted_tables/030_Health_Bulletin_2020/table_0089.csv,quarantined_tables/030_Health_Bulletin_2020/table_0089.csv,review_required,unclassified,,blocked_quality_gate,no,0,table_requires_review_or_was_rejected
extracted_tables/030_Health_Bulletin_2020/table_0090.csv,quarantined_tables/030_Health_Bulletin_2020/table_0090.csv,review_required,unclassified,,blocked_quality_gate,no,0,table_requires_review_or_was_rejected
extracted_tables/030_Health_Bulletin_2020/table_0091.csv,quarantined_tables/030_Health_Bulletin_2020/table_0091.csv,review_required,unclassified,,blocked_quality_gate,no,0,table_requires_review_or_was_rejected
extracted_tables/030_Health_Bulletin_2020/table_0092.csv,quarantined_tables/030_Health_Bulletin_2020/table_0092.csv,review_required,unclassified,,blocked_quality_gate,no,0,table_requires_review_or_was_rejected
extracted_tables/030_Health_Bulletin_2020/table_0093.csv,quarantined_tables/030_Health_Bulletin_2020/table_0093.csv,review_required,unclassified,,blocked_quality_gate,no,0,table_requires_review_or_was_rejected
extracted_tables/030_Health_Bulletin_2020/table_0094.csv,quarantined_tables/030_Health_Bulletin_2020/table_0094.csv,review_required,unclassified,,blocked_quality_gate,no,0,table_requires_review_or_was_rejected
extracted_tables/030_Health_Bulletin_2020/table_0095.csv,quarantined_tables/030_Health_Bulletin_2020/table_0095.csv,review_required,unclassified,,blocked_quality_gate,no,0,table_requires_review_or_was_rejected
extracted_tables/030_Health_Bulletin_2020/table_0096.csv,quarantined_tables/030_Health_Bulletin_2020/table_0096.csv,review_required,unclassified,,blocked_quality_gate,no,0,table_requires_review_or_was_rejected
extracted_tables/030_Health_Bulletin_2020/table_0097.csv,quarantined_tables/030_Health_Bulletin_2020/table_0097.csv,rejected,unclassified,,blocked_quality_gate,no,0,table_requires_review_or_was_rejected
extracted_tables/030_Health_Bulletin_2020/table_0098.csv,quarantined_tables/030_Health_Bulletin_2020/table_0098.csv,review_required,unclassified,,blocked_quality_gate,no,0,table_requires_review_or_was_rejected
extracted_tables/030_Health_Bulletin_2020/table_0099.csv,quarantined_tables/030_Health_Bulletin_2020/table_0099.csv,rejected,unclassified,,blocked_quality_gate,no,0,table_requires_review_or_was_rejected
extracted_tables/030_Health_Bulletin_2020/table_0100.csv,quarantined_tables/030_Health_Bulletin_2020/table_0100.csv,review_required,unclassified,,blocked_quality_gate,no,0,table_requires_review_or_was_rejected
extracted_tables/030_Health_Bulletin_2020/table_0101.csv,quarantined_tables/030_Health_Bulletin_2020/table_0101.csv,review_required,unclassified,,blocked_quality_gate,no,0,table_requires_review_or_was_rejected
extracted_tables/030_Health_Bulletin_2020/table_0102.csv,quarantined_tables/030_Health_Bulletin_2020/table_0102.csv,review_required,unclassified,,blocked_quality_gate,no,0,table_requires_review_or_was_rejected
extracted_tables/030_Health_Bulletin_2020/table_0103.csv,quarantined_tables/030_Health_Bulletin_2020/table_0103.csv,review_required,unclassified,,blocked_quality_gate,no,0,table_requires_review_or_was_rejected
extracted_tables/030_Health_Bulletin_2020/table_0104.csv,quarantined_tables/030_Health_Bulletin_2020/table_0104.csv,review_required,unclassified,,blocked_quality_gate,no,0,table_requires_review_or_was_rejected
extracted_tables/030_Health_Bulletin_2020/table_0105.csv,quarantined_tables/030_Health_Bulletin_2020/table_0105.csv,review_required,unclassified,,blocked_quality_gate,no,0,table_requires_review_or_was_rejected
extracted_tables/030_Health_Bulletin_2020/table_0106.csv,quarantined_tables/030_Health_Bulletin_2020/table_0106.csv,review_required,unclassified,,blocked_quality_gate,no,0,table_requires_review_or_was_rejected
extracted_tables/030_Health_Bulletin_2020/table_0107.csv,quarantined_tables/030_Health_Bulletin_2020/table_0107.csv,review_required,unclassified,,blocked_quality_gate,no,0,table_requires_review_or_was_rejected
extracted_tables/030_Health_Bulletin_2020/table_0108.csv,quarantined_tables/030_Health_Bulletin_2020/table_0108.csv,review_required,unclassified,,blocked_quality_gate,no,0,table_requires_review_or_was_rejected
extracted_tables/030_Health_Bulletin_2020/table_0109.csv,quarantined_tables/030_Health_Bulletin_2020/table_0109.csv,review_required,unclassified,,blocked_quality_gate,no,0,table_requires_review_or_was_rejected
extracted_tables/030_Health_Bulletin_2020/table_0110.csv,quarantined_tables/030_Health_Bulletin_2020/table_0110.csv,review_required,unclassified,,blocked_quality_gate,no,0,table_requires_review_or_was_rejected
extracted_tables/030_Health_Bulletin_2020/table_0111.csv,quarantined_tables/030_Health_Bulletin_2020/table_0111.csv,review_required,unclassified,,blocked_quality_gate,no,0,table_requires_review_or_was_rejected
extracted_tables/030_Health_Bulletin_2020/table_0112.csv,quarantined_tables/030_Health_Bulletin_2020/table_0112.csv,review_required,unclassified,,blocked_quality_gate,no,0,table_requires_review_or_was_rejected
extracted_tables/030_Health_Bulletin_2020/table_0113.csv,quarantined_tables/030_Health_Bulletin_2020/table_0113.csv,review_required,unclassified,,blocked_quality_gate,no,0,table_requires_review_or_was_rejected
extracted_tables/030_Health_Bulletin_2020/table_0114.csv,quarantined_tables/030_Health_Bulletin_2020/table_0114.csv,rejected,unclassified,,blocked_quality_gate,no,0,table_requires_review_or_was_rejected
extracted_tables/030_Health_Bulletin_2020/table_0115.csv,quarantined_tables/030_Health_Bulletin_2020/table_0115.csv,rejected,unclassified,,blocked_quality_gate,no,0,table_requires_review_or_was_rejected
extracted_tables/030_Health_Bulletin_2020/table_0116.csv,quarantined_tables/030_Health_Bulletin_2020/table_0116.csv,review_required,unclassified,,blocked_quality_gate,no,0,table_requires_review_or_was_rejected
extracted_tables/030_Health_Bulletin_2020/table_0117.csv,quarantined_tables/030_Health_Bulletin_2020/table_0117.csv,review_required,unclassified,,blocked_quality_gate,no,0,table_requires_review_or_was_rejected
extracted_tables/030_Health_Bulletin_2020/table_0118.csv,quarantined_tables/030_Health_Bulletin_2020/table_0118.csv,rejected,unclassified,,blocked_quality_gate,no,0,table_requires_review_or_was_rejected
extracted_tables/030_Health_Bulletin_2020/table_0119.csv,quarantined_tables/030_Health_Bulletin_2020/table_0119.csv,review_required,unclassified,,blocked_quality_gate,no,0,table_requires_review_or_was_rejected
extracted_tables/030_Health_Bulletin_2020/table_0120.csv,quarantined_tables/030_Health_Bulletin_2020/table_0120.csv,review_required,unclassified,,blocked_quality_gate,no,0,table_requires_review_or_was_rejected
extracted_tables/030_Health_Bulletin_2020/table_0121.csv,quarantined_tables/030_Health_Bulletin_2020/table_0121.csv,review_required,unclassified,,blocked_quality_gate,no,0,table_requires_review_or_was_rejected
extracted_tables/030_Health_Bulletin_2020/table_0122.csv,quarantined_tables/030_Health_Bulletin_2020/table_0122.csv,review_required,unclassified,,blocked_quality_gate,no,0,table_requires_review_or_was_rejected
extracted_tables/030_Health_Bulletin_2020/table_0123.csv,quarantined_tables/030_Health_Bulletin_2020/table_0123.csv,review_required,unclassified,,blocked_quality_gate,no,0,table_requires_review_or_was_rejected
extracted_tables/030_Health_Bulletin_2020/table_0124.csv,quarantined_tables/030_Health_Bulletin_2020/table_0124.csv,review_required,unclassified,,blocked_quality_gate,no,0,table_requires_review_or_was_rejected
extracted_tables/030_Health_Bulletin_2020/table_0125.csv,quarantined_tables/030_Health_Bulletin_2020/table_0125.csv,review_required,unclassified,,blocked_quality_gate,no,0,table_requires_review_or_was_rejected
extracted_tables/030_Health_Bulletin_2020/table_0126.csv,quarantined_tables/030_Health_Bulletin_2020/table_0126.csv,review_required,unclassified,,blocked_quality_gate,no,0,table_requires_review_or_was_rejected
extracted_tables/030_Health_Bulletin_2020/table_0127.csv,quarantined_tables/030_Health_Bulletin_2020/table_0127.csv,review_required,unclassified,,blocked_quality_gate,no,0,table_requires_review_or_was_rejected
extracted_tables/030_Health_Bulletin_2020/table_0128.csv,quarantined_tables/030_Health_Bulletin_2020/table_0128.csv,review_required,unclassified,,blocked_quality_gate,no,0,table_requires_review_or_was_rejected
extracted_tables/030_Health_Bulletin_2020/table_0129.csv,quarantined_tables/030_Health_Bulletin_2020/table_0129.csv,review_required,unclassified,,blocked_quality_gate,no,0,table_requires_review_or_was_rejected
extracted_tables/030_Health_Bulletin_2020/table_0130.csv,quarantined_tables/030_Health_Bulletin_2020/table_0130.csv,review_required,unclassified,,blocked_quality_gate,no,0,table_requires_review_or_was_rejected
extracted_tables/030_Health_Bulletin_2020/table_0131.csv,quarantined_tables/030_Health_Bulletin_2020/table_0131.csv,review_required,unclassified,,blocked_quality_gate,no,0,table_requires_review_or_was_rejected
extracted_tables/030_Health_Bulletin_2020/table_0132.csv,quarantined_tables/030_Health_Bulletin_2020/table_0132.csv,review_required,unclassified,,blocked_quality_gate,no,0,table_requires_review_or_was_rejected
extracted_tables/030_Health_Bulletin_2020/table_0133.csv,quarantined_tables/030_Health_Bulletin_2020/table_0133.csv,review_required,unclassified,,blocked_quality_gate,no,0,table_requires_review_or_was_rejected
extracted_tables/030_Health_Bulletin_2020/table_0134.csv,quarantined_tables/030_Health_Bulletin_2020/table_0134.csv,review_required,unclassified,,blocked_quality_gate,no,0,table_requires_review_or_was_rejected
extracted_tables/030_Health_Bulletin_2020/table_0135.csv,quarantined_tables/030_Health_Bulletin_2020/table_0135.csv,review_required,unclassified,,blocked_quality_gate,no,0,table_requires_review_or_was_rejected
extracted_tables/030_Health_Bulletin_2020/table_0136.csv,quarantined_tables/030_Health_Bulletin_2020/table_0136.csv,review_required,unclassified,,blocked_quality_gate,no,0,table_requires_review_or_was_rejected
extracted_tables/030_Health_Bulletin_2020/table_0137.csv,quarantined_tables/030_Health_Bulletin_2020/table_0137.csv,review_required,unclassified,,blocked_quality_gate,no,0,table_requires_review_or_was_rejected
extracted_tables/030_Health_Bulletin_2020/table_0138.csv,quarantined_tables/030_Health_Bulletin_2020/table_0138.csv,review_required,unclassified,,blocked_quality_gate,no,0,table_requires_review_or_was_rejected
extracted_tables/030_Health_Bulletin_2020/table_0139.csv,quarantined_tables/030_Health_Bulletin_2020/table_0139.csv,review_required,unclassified,,blocked_quality_gate,no,0,table_requires_review_or_was_rejected
extracted_tables/030_Health_Bulletin_2020/table_0140.csv,quarantined_tables/030_Health_Bulletin_2020/table_0140.csv,review_required,unclassified,,blocked_quality_gate,no,0,table_requires_review_or_was_rejected
extracted_tables/030_Health_Bulletin_2020/table_0141.csv,quarantined_tables/030_Health_Bulletin_2020/table_0141.csv,review_required,unclassified,,blocked_quality_gate,no,0,table_requires_review_or_was_rejected
extracted_tables/030_Health_Bulletin_2020/table_0142.csv,quarantined_tables/030_Health_Bulletin_2020/table_0142.csv,review_required,unclassified,,blocked_quality_gate,no,0,table_requires_review_or_was_rejected
extracted_tables/030_Health_Bulletin_2020/table_0143.csv,quarantined_tables/030_Health_Bulletin_2020/table_0143.csv,review_required,unclassified,,blocked_quality_gate,no,0,table_requires_review_or_was_rejected
extracted_tables/030_Health_Bulletin_2020/table_0144.csv,quarantined_tables/030_Health_Bulletin_2020/table_0144.csv,review_required,unclassified,,blocked_quality_gate,no,0,table_requires_review_or_was_rejected
extracted_tables/030_Health_Bulletin_2020/table_0145.csv,quarantined_tables/030_Health_Bulletin_2020/table_0145.csv,review_required,unclassified,,blocked_quality_gate,no,0,table_requires_review_or_was_rejected
extracted_tables/030_Health_Bulletin_2020/table_0146.csv,quarantined_tables/030_Health_Bulletin_2020/table_0146.csv,review_required,unclassified,,blocked_quality_gate,no,0,table_requires_review_or_was_rejected
extracted_tables/030_Health_Bulletin_2020/table_0147.csv,quarantined_tables/030_Health_Bulletin_2020/table_0147.csv,review_required,unclassified,,blocked_quality_gate,no,0,table_requires_review_or_was_rejected
extracted_tables/030_Health_Bulletin_2020/table_0148.csv,quarantined_tables/030_Health_Bulletin_2020/table_0148.csv,review_required,unclassified,,blocked_quality_gate,no,0,table_requires_review_or_was_rejected
extracted_tables/030_Health_Bulletin_2020/table_0149.csv,quarantined_tables/030_Health_Bulletin_2020/table_0149.csv,review_required,unclassified,,blocked_quality_gate,no,0,table_requires_review_or_was_rejected
extracted_tables/030_Health_Bulletin_2020/table_0150.csv,quarantined_tables/030_Health_Bulletin_2020/table_0150.csv,review_required,unclassified,,blocked_quality_gate,no,0,table_requires_review_or_was_rejected
extracted_tables/030_Health_Bulletin_2020/table_0151.csv,quarantined_tables/030_Health_Bulletin_2020/table_0151.csv,review_required,unclassified,,blocked_quality_gate,no,0,table_requires_review_or_was_rejected
extracted_tables/030_Health_Bulletin_2020/table_0152.csv,quarantined_tables/030_Health_Bulletin_2020/table_0152.csv,review_required,unclassified,,blocked_quality_gate,no,0,table_requires_review_or_was_rejected
extracted_tables/030_Health_Bulletin_2020/table_0153.csv,quarantined_tables/030_Health_Bulletin_2020/table_0153.csv,review_required,unclassified,,blocked_quality_gate,no,0,table_requires_review_or_was_rejected
extracted_tables/030_Health_Bulletin_2020/table_0154.csv,quarantined_tables/030_Health_Bulletin_2020/table_0154.csv,review_required,unclassified,,blocked_quality_gate,no,0,table_requires_review_or_was_rejected
extracted_tables/030_Health_Bulletin_2020/table_0155.csv,quarantined_tables/030_Health_Bulletin_2020/table_0155.csv,review_required,unclassified,,blocked_quality_gate,no,0,table_requires_review_or_was_rejected
extracted_tables/030_Health_Bulletin_2020/table_0156.csv,quarantined_tables/030_Health_Bulletin_2020/table_0156.csv,review_required,unclassified,,blocked_quality_gate,no,0,table_requires_review_or_was_rejected
extracted_tables/030_Health_Bulletin_2020/table_0157.csv,quarantined_tables/030_Health_Bulletin_2020/table_0157.csv,review_required,unclassified,,blocked_quality_gate,no,0,table_requires_review_or_was_rejected
extracted_tables/030_Health_Bulletin_2020/table_0158.csv,quarantined_tables/030_Health_Bulletin_2020/table_0158.csv,review_required,unclassified,,blocked_quality_gate,no,0,table_requires_review_or_was_rejected
extracted_tables/030_Health_Bulletin_2020/table_0159.csv,quarantined_tables/030_Health_Bulletin_2020/table_0159.csv,review_required,unclassified,,blocked_quality_gate,no,0,table_requires_review_or_was_rejected
extracted_tables/030_Health_Bulletin_2020/table_0160.csv,quarantined_tables/030_Health_Bulletin_2020/table_0160.csv,review_required,unclassified,,blocked_quality_gate,no,0,table_requires_review_or_was_rejected
extracted_tables/030_Health_Bulletin_2020/table_0161.csv,quarantined_tables/030_Health_Bulletin_2020/table_0161.csv,review_required,unclassified,,blocked_quality_gate,no,0,table_requires_review_or_was_rejected
extracted_tables/030_Health_Bulletin_2020/table_0162.csv,quarantined_tables/030_Health_Bulletin_2020/table_0162.csv,review_required,unclassified,,blocked_quality_gate,no,0,table_requires_review_or_was_rejected
extracted_tables/030_Health_Bulletin_2020/table_0163.csv,quarantined_tables/030_Health_Bulletin_2020/table_0163.csv,review_required,unclassified,,blocked_quality_gate,no,0,table_requires_review_or_was_rejected
extracted_tables/030_Health_Bulletin_2020/table_0164.csv,quarantined_tables/030_Health_Bulletin_2020/table_0164.csv,review_required,unclassified,,blocked_quality_gate,no,0,table_requires_review_or_was_rejected
extracted_tables/030_Health_Bulletin_2020/table_0165.csv,quarantined_tables/030_Health_Bulletin_2020/table_0165.csv,review_required,unclassified,,blocked_quality_gate,no,0,table_requires_review_or_was_rejected
extracted_tables/030_Health_Bulletin_2020/table_0166.csv,quarantined_tables/030_Health_Bulletin_2020/table_0166.csv,review_required,unclassified,,blocked_quality_gate,no,0,table_requires_review_or_was_rejected
extracted_tables/030_Health_Bulletin_2020/table_0167.csv,quarantined_tables/030_Health_Bulletin_2020/table_0167.csv,review_required,unclassified,,blocked_quality_gate,no,0,table_requires_review_or_was_rejected
extracted_tables/030_Health_Bulletin_2020/table_0168.csv,quarantined_tables/030_Health_Bulletin_2020/table_0168.csv,review_required,unclassified,,blocked_quality_gate,no,0,table_requires_review_or_was_rejected
extracted_tables/030_Health_Bulletin_2020/table_0169.csv,quarantined_tables/030_Health_Bulletin_2020/table_0169.csv,review_required,unclassified,,blocked_quality_gate,no,0,table_requires_review_or_was_rejected
extracted_tables/030_Health_Bulletin_2020/table_0170.csv,quarantined_tables/030_Health_Bulletin_2020/table_0170.csv,review_required,unclassified,,blocked_quality_gate,no,0,table_requires_review_or_was_rejected
extracted_tables/030_Health_Bulletin_2020/table_0171.csv,quarantined_tables/030_Health_Bulletin_2020/table_0171.csv,review_required,unclassified,,blocked_quality_gate,no,0,table_requires_review_or_was_rejected
extracted_tables/030_Health_Bulletin_2020/table_0172.csv,quarantined_tables/030_Health_Bulletin_2020/table_0172.csv,review_required,unclassified,,blocked_quality_gate,no,0,table_requires_review_or_was_rejected
extracted_tables/030_Health_Bulletin_2020/table_0173.csv,quarantined_tables/030_Health_Bulletin_2020/table_0173.csv,review_required,unclassified,,blocked_quality_gate,no,0,table_requires_review_or_was_rejected
extracted_tables/030_Health_Bulletin_2020/table_0174.csv,quarantined_tables/030_Health_Bulletin_2020/table_0174.csv,review_required,unclassified,,blocked_quality_gate,no,0,table_requires_review_or_was_rejected
extracted_tables/030_Health_Bulletin_2020/table_0175.csv,quarantined_tables/030_Health_Bulletin_2020/table_0175.csv,review_required,unclassified,,blocked_quality_gate,no,0,table_requires_review_or_was_rejected
extracted_tables/030_Health_Bulletin_2020/table_0176.csv,quarantined_tables/030_Health_Bulletin_2020/table_0176.csv,review_required,unclassified,,blocked_quality_gate,no,0,table_requires_review_or_was_rejected
extracted_tables/030_Health_Bulletin_2020/table_0177.csv,quarantined_tables/030_Health_Bulletin_2020/table_0177.csv,review_required,unclassified,,blocked_quality_gate,no,0,table_requires_review_or_was_rejected
extracted_tables/030_Health_Bulletin_2020/table_0178.csv,quarantined_tables/030_Health_Bulletin_2020/table_0178.csv,review_required,unclassified,,blocked_quality_gate,no,0,table_requires_review_or_was_rejected
extracted_tables/030_Health_Bulletin_2020/table_0179.csv,quarantined_tables/030_Health_Bulletin_2020/table_0179.csv,review_required,unclassified,,blocked_quality_gate,no,0,table_requires_review_or_was_rejected
extracted_tables/030_Health_Bulletin_2020/table_0180.csv,quarantined_tables/030_Health_Bulletin_2020/table_0180.csv,review_required,unclassified,,blocked_quality_gate,no,0,table_requires_review_or_was_rejected
extracted_tables/030_Health_Bulletin_2020/table_0181.csv,quarantined_tables/030_Health_Bulletin_2020/table_0181.csv,review_required,unclassified,,blocked_quality_gate,no,0,table_requires_review_or_was_rejected
extracted_tables/030_Health_Bulletin_2020/table_0182.csv,quarantined_tables/030_Health_Bulletin_2020/table_0182.csv,review_required,unclassified,,blocked_quality_gate,no,0,table_requires_review_or_was_rejected
extracted_tables/030_Health_Bulletin_2020/table_0183.csv,quarantined_tables/030_Health_Bulletin_2020/table_0183.csv,review_required,unclassified,,blocked_quality_gate,no,0,table_requires_review_or_was_rejected
extracted_tables/030_Health_Bulletin_2020/table_0184.csv,quarantined_tables/030_Health_Bulletin_2020/table_0184.csv,review_required,unclassified,,blocked_quality_gate,no,0,table_requires_review_or_was_rejected
extracted_tables/030_Health_Bulletin_2020/table_0185.csv,quarantined_tables/030_Health_Bulletin_2020/table_0185.csv,review_required,unclassified,,blocked_quality_gate,no,0,table_requires_review_or_was_rejected
extracted_tables/030_Health_Bulletin_2020/table_0186.csv,quarantined_tables/030_Health_Bulletin_2020/table_0186.csv,review_required,unclassified,,blocked_quality_gate,no,0,table_requires_review_or_was_rejected
extracted_tables/030_Health_Bulletin_2020/table_0187.csv,quarantined_tables/030_Health_Bulletin_2020/table_0187.csv,review_required,unclassified,,blocked_quality_gate,no,0,table_requires_review_or_was_rejected
extracted_tables/030_Health_Bulletin_2020/table_0188.csv,quarantined_tables/030_Health_Bulletin_2020/table_0188.csv,rejected,unclassified,,blocked_quality_gate,no,0,table_requires_review_or_was_rejected
extracted_tables/030_Health_Bulletin_2020/table_0189.csv,quarantined_tables/030_Health_Bulletin_2020/table_0189.csv,rejected,unclassified,,blocked_quality_gate,no,0,table_requires_review_or_was_rejected
extracted_tables/030_Health_Bulletin_2020/table_0190.csv,quarantined_tables/030_Health_Bulletin_2020/table_0190.csv,rejected,unclassified,,blocked_quality_gate,no,0,table_requires_review_or_was_rejected
extracted_tables/030_Health_Bulletin_2020/table_0191.csv,quarantined_tables/030_Health_Bulletin_2020/table_0191.csv,rejected,unclassified,,blocked_quality_gate,no,0,table_requires_review_or_was_rejected
extracted_tables/030_Health_Bulletin_2020/table_0192.csv,quarantined_tables/030_Health_Bulletin_2020/table_0192.csv,review_required,unclassified,,blocked_quality_gate,no,0,table_requires_review_or_was_rejected
extracted_tables/030_Health_Bulletin_2020/table_0193.csv,quarantined_tables/030_Health_Bulletin_2020/table_0193.csv,review_required,unclassified,,blocked_quality_gate,no,0,table_requires_review_or_was_rejected
extracted_tables/030_Health_Bulletin_2020/table_0194.csv,quarantined_tables/030_Health_Bulletin_2020/table_0194.csv,review_required,unclassified,,blocked_quality_gate,no,0,table_requires_review_or_was_rejected
extracted_tables/030_Health_Bulletin_2020/table_0195.csv,quarantined_tables/030_Health_Bulletin_2020/table_0195.csv,review_required,unclassified,,blocked_quality_gate,no,0,table_requires_review_or_was_rejected
extracted_tables/030_Health_Bulletin_2020/table_0196.csv,quarantined_tables/030_Health_Bulletin_2020/table_0196.csv,review_required,unclassified,,blocked_quality_gate,no,0,table_requires_review_or_was_rejected
extracted_tables/030_Health_Bulletin_2020/table_0197.csv,quarantined_tables/030_Health_Bulletin_2020/table_0197.csv,review_required,unclassified,,blocked_quality_gate,no,0,table_requires_review_or_was_rejected
extracted_tables/030_Health_Bulletin_2020/table_0198.csv,quarantined_tables/030_Health_Bulletin_2020/table_0198.csv,review_required,unclassified,,blocked_quality_gate,no,0,table_requires_review_or_was_rejected
extracted_tables/030_Health_Bulletin_2020/table_0199.csv,quarantined_tables/030_Health_Bulletin_2020/table_0199.csv,review_required,unclassified,,blocked_quality_gate,no,0,table_requires_review_or_was_rejected
extracted_tables/030_Health_Bulletin_2020/table_0200.csv,quarantined_tables/030_Health_Bulletin_2020/table_0200.csv,review_required,unclassified,,blocked_quality_gate,no,0,table_requires_review_or_was_rejected
extracted_tables/030_Health_Bulletin_2020/table_0201.csv,quarantined_tables/030_Health_Bulletin_2020/table_0201.csv,review_required,unclassified,,blocked_quality_gate,no,0,table_requires_review_or_was_rejected
extracted_tables/030_Health_Bulletin_2020/table_0202.csv,quarantined_tables/030_Health_Bulletin_2020/table_0202.csv,review_required,unclassified,,blocked_quality_gate,no,0,table_requires_review_or_was_rejected
extracted_tables/030_Health_Bulletin_2020/table_0203.csv,quarantined_tables/030_Health_Bulletin_2020/table_0203.csv,rejected,unclassified,,blocked_quality_gate,no,0,table_requires_review_or_was_rejected
extracted_tables/030_Health_Bulletin_2020/table_0204.csv,quarantined_tables/030_Health_Bulletin_2020/table_0204.csv,rejected,unclassified,,blocked_quality_gate,no,0,table_requires_review_or_was_rejected
extracted_tables/030_Health_Bulletin_2020/table_0205.csv,quarantined_tables/030_Health_Bulletin_2020/table_0205.csv,review_required,unclassified,,blocked_quality_gate,no,0,table_requires_review_or_was_rejected
extracted_tables/030_Health_Bulletin_2020/table_0206.csv,quarantined_tables/030_Health_Bulletin_2020/table_0206.csv,review_required,unclassified,,blocked_quality_gate,no,0,table_requires_review_or_was_rejected
extracted_tables/030_Health_Bulletin_2020/table_0207.csv,quarantined_tables/030_Health_Bulletin_2020/table_0207.csv,review_required,unclassified,,blocked_quality_gate,no,0,table_requires_review_or_was_rejected
extracted_tables/030_Health_Bulletin_2020/table_0208.csv,quarantined_tables/030_Health_Bulletin_2020/table_0208.csv,review_required,unclassified,,blocked_quality_gate,no,0,table_requires_review_or_was_rejected
extracted_tables/030_Health_Bulletin_2020/table_0209.csv,quarantined_tables/030_Health_Bulletin_2020/table_0209.csv,review_required,unclassified,,blocked_quality_gate,no,0,table_requires_review_or_was_rejected
extracted_tables/030_Health_Bulletin_2020/table_0210.csv,quarantined_tables/030_Health_Bulletin_2020/table_0210.csv,review_required,unclassified,,blocked_quality_gate,no,0,table_requires_review_or_was_rejected
extracted_tables/030_Health_Bulletin_2020/table_0211.csv,quarantined_tables/030_Health_Bulletin_2020/table_0211.csv,review_required,unclassified,,blocked_quality_gate,no,0,table_requires_review_or_was_rejected
extracted_tables/030_Health_Bulletin_2020/table_0212.csv,quarantined_tables/030_Health_Bulletin_2020/table_0212.csv,review_required,unclassified,,blocked_quality_gate,no,0,table_requires_review_or_was_rejected
extracted_tables/030_Health_Bulletin_2020/table_0213.csv,quarantined_tables/030_Health_Bulletin_2020/table_0213.csv,review_required,unclassified,,blocked_quality_gate,no,0,table_requires_review_or_was_rejected
extracted_tables/030_Health_Bulletin_2020/table_0214.csv,quarantined_tables/030_Health_Bulletin_2020/table_0214.csv,review_required,unclassified,,blocked_quality_gate,no,0,table_requires_review_or_was_rejected
extracted_tables/030_Health_Bulletin_2020/table_0215.csv,quarantined_tables/030_Health_Bulletin_2020/table_0215.csv,review_required,unclassified,,blocked_quality_gate,no,0,table_requires_review_or_was_rejected
extracted_tables/031_Health_Bulletin_2019/table_0001.csv,quarantined_tables/031_Health_Bulletin_2019/table_0001.csv,review_required,unclassified,,blocked_quality_gate,no,0,table_requires_review_or_was_rejected
extracted_tables/031_Health_Bulletin_2019/table_0002.csv,quarantined_tables/031_Health_Bulletin_2019/table_0002.csv,review_required,unclassified,,blocked_quality_gate,no,0,table_requires_review_or_was_rejected
extracted_tables/031_Health_Bulletin_2019/table_0003.csv,quarantined_tables/031_Health_Bulletin_2019/table_0003.csv,review_required,unclassified,,blocked_quality_gate,no,0,table_requires_review_or_was_rejected
extracted_tables/031_Health_Bulletin_2019/table_0004.csv,quarantined_tables/031_Health_Bulletin_2019/table_0004.csv,review_required,unclassified,,blocked_quality_gate,no,0,table_requires_review_or_was_rejected
extracted_tables/031_Health_Bulletin_2019/table_0005.csv,quarantined_tables/031_Health_Bulletin_2019/table_0005.csv,review_required,unclassified,,blocked_quality_gate,no,0,table_requires_review_or_was_rejected
extracted_tables/031_Health_Bulletin_2019/table_0006.csv,quarantined_tables/031_Health_Bulletin_2019/table_0006.csv,review_required,unclassified,,blocked_quality_gate,no,0,table_requires_review_or_was_rejected
extracted_tables/031_Health_Bulletin_2019/table_0007.csv,quarantined_tables/031_Health_Bulletin_2019/table_0007.csv,review_required,unclassified,,blocked_quality_gate,no,0,table_requires_review_or_was_rejected
extracted_tables/031_Health_Bulletin_2019/table_0008.csv,quarantined_tables/031_Health_Bulletin_2019/table_0008.csv,review_required,unclassified,,blocked_quality_gate,no,0,table_requires_review_or_was_rejected
extracted_tables/031_Health_Bulletin_2019/table_0009.csv,quarantined_tables/031_Health_Bulletin_2019/table_0009.csv,review_required,unclassified,,blocked_quality_gate,no,0,table_requires_review_or_was_rejected
extracted_tables/031_Health_Bulletin_2019/table_0010.csv,quarantined_tables/031_Health_Bulletin_2019/table_0010.csv,rejected,unclassified,,blocked_quality_gate,no,0,table_requires_review_or_was_rejected
extracted_tables/031_Health_Bulletin_2019/table_0011.csv,quarantined_tables/031_Health_Bulletin_2019/table_0011.csv,rejected,unclassified,,blocked_quality_gate,no,0,table_requires_review_or_was_rejected
extracted_tables/031_Health_Bulletin_2019/table_0012.csv,quarantined_tables/031_Health_Bulletin_2019/table_0012.csv,review_required,unclassified,,blocked_quality_gate,no,0,table_requires_review_or_was_rejected
extracted_tables/031_Health_Bulletin_2019/table_0013.csv,quarantined_tables/031_Health_Bulletin_2019/table_0013.csv,review_required,unclassified,,blocked_quality_gate,no,0,table_requires_review_or_was_rejected
extracted_tables/031_Health_Bulletin_2019/table_0014.csv,quarantined_tables/031_Health_Bulletin_2019/table_0014.csv,rejected,unclassified,,blocked_quality_gate,no,0,table_requires_review_or_was_rejected
extracted_tables/031_Health_Bulletin_2019/table_0015.csv,quarantined_tables/031_Health_Bulletin_2019/table_0015.csv,rejected,unclassified,,blocked_quality_gate,no,0,table_requires_review_or_was_rejected
extracted_tables/031_Health_Bulletin_2019/table_0016.csv,quarantined_tables/031_Health_Bulletin_2019/table_0016.csv,rejected,unclassified,,blocked_quality_gate,no,0,table_requires_review_or_was_rejected
extracted_tables/031_Health_Bulletin_2019/table_0017.csv,quarantined_tables/031_Health_Bulletin_2019/table_0017.csv,rejected,unclassified,,blocked_quality_gate,no,0,table_requires_review_or_was_rejected
extracted_tables/031_Health_Bulletin_2019/table_0018.csv,quarantined_tables/031_Health_Bulletin_2019/table_0018.csv,rejected,unclassified,,blocked_quality_gate,no,0,table_requires_review_or_was_rejected
extracted_tables/031_Health_Bulletin_2019/table_0019.csv,quarantined_tables/031_Health_Bulletin_2019/table_0019.csv,rejected,unclassified,,blocked_quality_gate,no,0,table_requires_review_or_was_rejected
extracted_tables/031_Health_Bulletin_2019/table_0020.csv,quarantined_tables/031_Health_Bulletin_2019/table_0020.csv,rejected,unclassified,,blocked_quality_gate,no,0,table_requires_review_or_was_rejected
extracted_tables/031_Health_Bulletin_2019/table_0021.csv,quarantined_tables/031_Health_Bulletin_2019/table_0021.csv,rejected,unclassified,,blocked_quality_gate,no,0,table_requires_review_or_was_rejected
extracted_tables/031_Health_Bulletin_2019/table_0022.csv,quarantined_tables/031_Health_Bulletin_2019/table_0022.csv,review_required,unclassified,,blocked_quality_gate,no,0,table_requires_review_or_was_rejected
extracted_tables/031_Health_Bulletin_2019/table_0023.csv,quarantined_tables/031_Health_Bulletin_2019/table_0023.csv,review_required,unclassified,,blocked_quality_gate,no,0,table_requires_review_or_was_rejected
extracted_tables/031_Health_Bulletin_2019/table_0024.csv,quarantined_tables/031_Health_Bulletin_2019/table_0024.csv,rejected,unclassified,,blocked_quality_gate,no,0,table_requires_review_or_was_rejected
extracted_tables/031_Health_Bulletin_2019/table_0025.csv,quarantined_tables/031_Health_Bulletin_2019/table_0025.csv,review_required,unclassified,,blocked_quality_gate,no,0,table_requires_review_or_was_rejected
extracted_tables/031_Health_Bulletin_2019/table_0026.csv,quarantined_tables/031_Health_Bulletin_2019/table_0026.csv,review_required,unclassified,,blocked_quality_gate,no,0,table_requires_review_or_was_rejected
extracted_tables/031_Health_Bulletin_2019/table_0027.csv,quarantined_tables/031_Health_Bulletin_2019/table_0027.csv,rejected,unclassified,,blocked_quality_gate,no,0,table_requires_review_or_was_rejected
extracted_tables/031_Health_Bulletin_2019/table_0028.csv,quarantined_tables/031_Health_Bulletin_2019/table_0028.csv,review_required,unclassified,,blocked_quality_gate,no,0,table_requires_review_or_was_rejected
extracted_tables/031_Health_Bulletin_2019/table_0029.csv,quarantined_tables/031_Health_Bulletin_2019/table_0029.csv,rejected,unclassified,,blocked_quality_gate,no,0,table_requires_review_or_was_rejected
extracted_tables/031_Health_Bulletin_2019/table_0030.csv,quarantined_tables/031_Health_Bulletin_2019/table_0030.csv,rejected,unclassified,,blocked_quality_gate,no,0,table_requires_review_or_was_rejected
extracted_tables/031_Health_Bulletin_2019/table_0031.csv,quarantined_tables/031_Health_Bulletin_2019/table_0031.csv,review_required,unclassified,,blocked_quality_gate,no,0,table_requires_review_or_was_rejected
extracted_tables/031_Health_Bulletin_2019/table_0032.csv,quarantined_tables/031_Health_Bulletin_2019/table_0032.csv,rejected,unclassified,,blocked_quality_gate,no,0,table_requires_review_or_was_rejected
extracted_tables/031_Health_Bulletin_2019/table_0033.csv,quarantined_tables/031_Health_Bulletin_2019/table_0033.csv,rejected,unclassified,,blocked_quality_gate,no,0,table_requires_review_or_was_rejected
extracted_tables/031_Health_Bulletin_2019/table_0034.csv,quarantined_tables/031_Health_Bulletin_2019/table_0034.csv,rejected,unclassified,,blocked_quality_gate,no,0,table_requires_review_or_was_rejected
extracted_tables/031_Health_Bulletin_2019/table_0035.csv,quarantined_tables/031_Health_Bulletin_2019/table_0035.csv,review_required,unclassified,,blocked_quality_gate,no,0,table_requires_review_or_was_rejected
extracted_tables/031_Health_Bulletin_2019/table_0036.csv,quarantined_tables/031_Health_Bulletin_2019/table_0036.csv,review_required,unclassified,,blocked_quality_gate,no,0,table_requires_review_or_was_rejected
extracted_tables/031_Health_Bulletin_2019/table_0037.csv,quarantined_tables/031_Health_Bulletin_2019/table_0037.csv,rejected,unclassified,,blocked_quality_gate,no,0,table_requires_review_or_was_rejected
extracted_tables/031_Health_Bulletin_2019/table_0038.csv,quarantined_tables/031_Health_Bulletin_2019/table_0038.csv,rejected,unclassified,,blocked_quality_gate,no,0,table_requires_review_or_was_rejected
extracted_tables/031_Health_Bulletin_2019/table_0039.csv,quarantined_tables/031_Health_Bulletin_2019/table_0039.csv,rejected,unclassified,,blocked_quality_gate,no,0,table_requires_review_or_was_rejected
extracted_tables/031_Health_Bulletin_2019/table_0040.csv,quarantined_tables/031_Health_Bulletin_2019/table_0040.csv,rejected,unclassified,,blocked_quality_gate,no,0,table_requires_review_or_was_rejected
extracted_tables/031_Health_Bulletin_2019/table_0041.csv,quarantined_tables/031_Health_Bulletin_2019/table_0041.csv,rejected,unclassified,,blocked_quality_gate,no,0,table_requires_review_or_was_rejected
extracted_tables/031_Health_Bulletin_2019/table_0042.csv,quarantined_tables/031_Health_Bulletin_2019/table_0042.csv,rejected,unclassified,,blocked_quality_gate,no,0,table_requires_review_or_was_rejected
extracted_tables/031_Health_Bulletin_2019/table_0043.csv,quarantined_tables/031_Health_Bulletin_2019/table_0043.csv,rejected,unclassified,,blocked_quality_gate,no,0,table_requires_review_or_was_rejected
extracted_tables/031_Health_Bulletin_2019/table_0044.csv,quarantined_tables/031_Health_Bulletin_2019/table_0044.csv,rejected,unclassified,,blocked_quality_gate,no,0,table_requires_review_or_was_rejected
extracted_tables/031_Health_Bulletin_2019/table_0045.csv,quarantined_tables/031_Health_Bulletin_2019/table_0045.csv,rejected,unclassified,,blocked_quality_gate,no,0,table_requires_review_or_was_rejected
extracted_tables/031_Health_Bulletin_2019/table_0046.csv,quarantined_tables/031_Health_Bulletin_2019/table_0046.csv,rejected,unclassified,,blocked_quality_gate,no,0,table_requires_review_or_was_rejected
extracted_tables/031_Health_Bulletin_2019/table_0047.csv,quarantined_tables/031_Health_Bulletin_2019/table_0047.csv,rejected,unclassified,,blocked_quality_gate,no,0,table_requires_review_or_was_rejected
extracted_tables/031_Health_Bulletin_2019/table_0048.csv,quarantined_tables/031_Health_Bulletin_2019/table_0048.csv,rejected,unclassified,,blocked_quality_gate,no,0,table_requires_review_or_was_rejected
extracted_tables/031_Health_Bulletin_2019/table_0049.csv,quarantined_tables/031_Health_Bulletin_2019/table_0049.csv,review_required,unclassified,,blocked_quality_gate,no,0,table_requires_review_or_was_rejected
extracted_tables/031_Health_Bulletin_2019/table_0050.csv,quarantined_tables/031_Health_Bulletin_2019/table_0050.csv,review_required,unclassified,,blocked_quality_gate,no,0,table_requires_review_or_was_rejected
extracted_tables/031_Health_Bulletin_2019/table_0051.csv,quarantined_tables/031_Health_Bulletin_2019/table_0051.csv,review_required,unclassified,,blocked_quality_gate,no,0,table_requires_review_or_was_rejected
extracted_tables/031_Health_Bulletin_2019/table_0052.csv,quarantined_tables/031_Health_Bulletin_2019/table_0052.csv,review_required,unclassified,,blocked_quality_gate,no,0,table_requires_review_or_was_rejected
extracted_tables/031_Health_Bulletin_2019/table_0053.csv,quarantined_tables/031_Health_Bulletin_2019/table_0053.csv,review_required,unclassified,,blocked_quality_gate,no,0,table_requires_review_or_was_rejected
extracted_tables/031_Health_Bulletin_2019/table_0054.csv,quarantined_tables/031_Health_Bulletin_2019/table_0054.csv,review_required,unclassified,,blocked_quality_gate,no,0,table_requires_review_or_was_rejected
extracted_tables/031_Health_Bulletin_2019/table_0055.csv,quarantined_tables/031_Health_Bulletin_2019/table_0055.csv,review_required,unclassified,,blocked_quality_gate,no,0,table_requires_review_or_was_rejected
extracted_tables/031_Health_Bulletin_2019/table_0056.csv,quarantined_tables/031_Health_Bulletin_2019/table_0056.csv,review_required,unclassified,,blocked_quality_gate,no,0,table_requires_review_or_was_rejected
extracted_tables/031_Health_Bulletin_2019/table_0057.csv,quarantined_tables/031_Health_Bulletin_2019/table_0057.csv,rejected,unclassified,,blocked_quality_gate,no,0,table_requires_review_or_was_rejected
extracted_tables/031_Health_Bulletin_2019/table_0058.csv,quarantined_tables/031_Health_Bulletin_2019/table_0058.csv,review_required,unclassified,,blocked_quality_gate,no,0,table_requires_review_or_was_rejected
extracted_tables/031_Health_Bulletin_2019/table_0059.csv,quarantined_tables/031_Health_Bulletin_2019/table_0059.csv,rejected,unclassified,,blocked_quality_gate,no,0,table_requires_review_or_was_rejected
extracted_tables/031_Health_Bulletin_2019/table_0060.csv,quarantined_tables/031_Health_Bulletin_2019/table_0060.csv,review_required,unclassified,,blocked_quality_gate,no,0,table_requires_review_or_was_rejected
extracted_tables/031_Health_Bulletin_2019/table_0061.csv,quarantined_tables/031_Health_Bulletin_2019/table_0061.csv,rejected,unclassified,,blocked_quality_gate,no,0,table_requires_review_or_was_rejected
extracted_tables/031_Health_Bulletin_2019/table_0062.csv,quarantined_tables/031_Health_Bulletin_2019/table_0062.csv,rejected,unclassified,,blocked_quality_gate,no,0,table_requires_review_or_was_rejected
extracted_tables/031_Health_Bulletin_2019/table_0063.csv,quarantined_tables/031_Health_Bulletin_2019/table_0063.csv,rejected,unclassified,,blocked_quality_gate,no,0,table_requires_review_or_was_rejected
extracted_tables/031_Health_Bulletin_2019/table_0064.csv,quarantined_tables/031_Health_Bulletin_2019/table_0064.csv,rejected,unclassified,,blocked_quality_gate,no,0,table_requires_review_or_was_rejected
extracted_tables/031_Health_Bulletin_2019/table_0065.csv,quarantined_tables/031_Health_Bulletin_2019/table_0065.csv,review_required,unclassified,,blocked_quality_gate,no,0,table_requires_review_or_was_rejected
extracted_tables/031_Health_Bulletin_2019/table_0066.csv,quarantined_tables/031_Health_Bulletin_2019/table_0066.csv,review_required,unclassified,,blocked_quality_gate,no,0,table_requires_review_or_was_rejected
extracted_tables/031_Health_Bulletin_2019/table_0067.csv,quarantined_tables/031_Health_Bulletin_2019/table_0067.csv,review_required,unclassified,,blocked_quality_gate,no,0,table_requires_review_or_was_rejected
extracted_tables/031_Health_Bulletin_2019/table_0068.csv,quarantined_tables/031_Health_Bulletin_2019/table_0068.csv,review_required,unclassified,,blocked_quality_gate,no,0,table_requires_review_or_was_rejected
extracted_tables/031_Health_Bulletin_2019/table_0069.csv,quarantined_tables/031_Health_Bulletin_2019/table_0069.csv,review_required,unclassified,,blocked_quality_gate,no,0,table_requires_review_or_was_rejected
extracted_tables/031_Health_Bulletin_2019/table_0070.csv,quarantined_tables/031_Health_Bulletin_2019/table_0070.csv,rejected,unclassified,,blocked_quality_gate,no,0,table_requires_review_or_was_rejected
extracted_tables/031_Health_Bulletin_2019/table_0071.csv,quarantined_tables/031_Health_Bulletin_2019/table_0071.csv,review_required,unclassified,,blocked_quality_gate,no,0,table_requires_review_or_was_rejected
extracted_tables/031_Health_Bulletin_2019/table_0072.csv,quarantined_tables/031_Health_Bulletin_2019/table_0072.csv,review_required,unclassified,,blocked_quality_gate,no,0,table_requires_review_or_was_rejected
extracted_tables/032_Health_Bulletin_2018/table_0001.csv,quarantined_tables/032_Health_Bulletin_2018/table_0001.csv,rejected,unclassified,,blocked_quality_gate,no,0,table_requires_review_or_was_rejected
extracted_tables/032_Health_Bulletin_2018/table_0002.csv,quarantined_tables/032_Health_Bulletin_2018/table_0002.csv,review_required,unclassified,,blocked_quality_gate,no,0,table_requires_review_or_was_rejected
extracted_tables/032_Health_Bulletin_2018/table_0003.csv,quarantined_tables/032_Health_Bulletin_2018/table_0003.csv,rejected,unclassified,,blocked_quality_gate,no,0,table_requires_review_or_was_rejected
extracted_tables/032_Health_Bulletin_2018/table_0004.csv,quarantined_tables/032_Health_Bulletin_2018/table_0004.csv,review_required,unclassified,,blocked_quality_gate,no,0,table_requires_review_or_was_rejected
extracted_tables/032_Health_Bulletin_2018/table_0005.csv,quarantined_tables/032_Health_Bulletin_2018/table_0005.csv,rejected,unclassified,,blocked_quality_gate,no,0,table_requires_review_or_was_rejected
extracted_tables/032_Health_Bulletin_2018/table_0006.csv,quarantined_tables/032_Health_Bulletin_2018/table_0006.csv,rejected,unclassified,,blocked_quality_gate,no,0,table_requires_review_or_was_rejected
extracted_tables/032_Health_Bulletin_2018/table_0007.csv,quarantined_tables/032_Health_Bulletin_2018/table_0007.csv,review_required,unclassified,,blocked_quality_gate,no,0,table_requires_review_or_was_rejected
extracted_tables/032_Health_Bulletin_2018/table_0008.csv,quarantined_tables/032_Health_Bulletin_2018/table_0008.csv,rejected,unclassified,,blocked_quality_gate,no,0,table_requires_review_or_was_rejected
extracted_tables/032_Health_Bulletin_2018/table_0009.csv,quarantined_tables/032_Health_Bulletin_2018/table_0009.csv,review_required,unclassified,,blocked_quality_gate,no,0,table_requires_review_or_was_rejected
extracted_tables/032_Health_Bulletin_2018/table_0010.csv,quarantined_tables/032_Health_Bulletin_2018/table_0010.csv,rejected,unclassified,,blocked_quality_gate,no,0,table_requires_review_or_was_rejected
extracted_tables/032_Health_Bulletin_2018/table_0011.csv,quarantined_tables/032_Health_Bulletin_2018/table_0011.csv,review_required,unclassified,,blocked_quality_gate,no,0,table_requires_review_or_was_rejected
extracted_tables/032_Health_Bulletin_2018/table_0012.csv,quarantined_tables/032_Health_Bulletin_2018/table_0012.csv,rejected,unclassified,,blocked_quality_gate,no,0,table_requires_review_or_was_rejected
extracted_tables/032_Health_Bulletin_2018/table_0013.csv,quarantined_tables/032_Health_Bulletin_2018/table_0013.csv,rejected,unclassified,,blocked_quality_gate,no,0,table_requires_review_or_was_rejected
extracted_tables/032_Health_Bulletin_2018/table_0014.csv,quarantined_tables/032_Health_Bulletin_2018/table_0014.csv,rejected,unclassified,,blocked_quality_gate,no,0,table_requires_review_or_was_rejected
extracted_tables/032_Health_Bulletin_2018/table_0015.csv,quarantined_tables/032_Health_Bulletin_2018/table_0015.csv,rejected,unclassified,,blocked_quality_gate,no,0,table_requires_review_or_was_rejected
extracted_tables/032_Health_Bulletin_2018/table_0016.csv,quarantined_tables/032_Health_Bulletin_2018/table_0016.csv,rejected,unclassified,,blocked_quality_gate,no,0,table_requires_review_or_was_rejected
extracted_tables/032_Health_Bulletin_2018/table_0017.csv,quarantined_tables/032_Health_Bulletin_2018/table_0017.csv,rejected,unclassified,,blocked_quality_gate,no,0,table_requires_review_or_was_rejected
extracted_tables/032_Health_Bulletin_2018/table_0018.csv,quarantined_tables/032_Health_Bulletin_2018/table_0018.csv,rejected,unclassified,,blocked_quality_gate,no,0,table_requires_review_or_was_rejected
extracted_tables/032_Health_Bulletin_2018/table_0019.csv,quarantined_tables/032_Health_Bulletin_2018/table_0019.csv,rejected,unclassified,,blocked_quality_gate,no,0,table_requires_review_or_was_rejected
extracted_tables/032_Health_Bulletin_2018/table_0020.csv,quarantined_tables/032_Health_Bulletin_2018/table_0020.csv,rejected,unclassified,,blocked_quality_gate,no,0,table_requires_review_or_was_rejected
extracted_tables/032_Health_Bulletin_2018/table_0021.csv,quarantined_tables/032_Health_Bulletin_2018/table_0021.csv,rejected,unclassified,,blocked_quality_gate,no,0,table_requires_review_or_was_rejected
extracted_tables/032_Health_Bulletin_2018/table_0022.csv,quarantined_tables/032_Health_Bulletin_2018/table_0022.csv,rejected,unclassified,,blocked_quality_gate,no,0,table_requires_review_or_was_rejected
extracted_tables/032_Health_Bulletin_2018/table_0023.csv,quarantined_tables/032_Health_Bulletin_2018/table_0023.csv,rejected,unclassified,,blocked_quality_gate,no,0,table_requires_review_or_was_rejected
extracted_tables/032_Health_Bulletin_2018/table_0024.csv,quarantined_tables/032_Health_Bulletin_2018/table_0024.csv,rejected,unclassified,,blocked_quality_gate,no,0,table_requires_review_or_was_rejected
extracted_tables/032_Health_Bulletin_2018/table_0025.csv,quarantined_tables/032_Health_Bulletin_2018/table_0025.csv,rejected,unclassified,,blocked_quality_gate,no,0,table_requires_review_or_was_rejected
extracted_tables/032_Health_Bulletin_2018/table_0026.csv,quarantined_tables/032_Health_Bulletin_2018/table_0026.csv,review_required,unclassified,,blocked_quality_gate,no,0,table_requires_review_or_was_rejected
extracted_tables/032_Health_Bulletin_2018/table_0027.csv,quarantined_tables/032_Health_Bulletin_2018/table_0027.csv,review_required,unclassified,,blocked_quality_gate,no,0,table_requires_review_or_was_rejected
extracted_tables/032_Health_Bulletin_2018/table_0028.csv,quarantined_tables/032_Health_Bulletin_2018/table_0028.csv,rejected,unclassified,,blocked_quality_gate,no,0,table_requires_review_or_was_rejected
extracted_tables/032_Health_Bulletin_2018/table_0029.csv,quarantined_tables/032_Health_Bulletin_2018/table_0029.csv,rejected,unclassified,,blocked_quality_gate,no,0,table_requires_review_or_was_rejected
extracted_tables/032_Health_Bulletin_2018/table_0030.csv,quarantined_tables/032_Health_Bulletin_2018/table_0030.csv,rejected,unclassified,,blocked_quality_gate,no,0,table_requires_review_or_was_rejected
extracted_tables/032_Health_Bulletin_2018/table_0031.csv,quarantined_tables/032_Health_Bulletin_2018/table_0031.csv,rejected,unclassified,,blocked_quality_gate,no,0,table_requires_review_or_was_rejected
extracted_tables/032_Health_Bulletin_2018/table_0032.csv,quarantined_tables/032_Health_Bulletin_2018/table_0032.csv,rejected,unclassified,,blocked_quality_gate,no,0,table_requires_review_or_was_rejected
extracted_tables/032_Health_Bulletin_2018/table_0033.csv,quarantined_tables/032_Health_Bulletin_2018/table_0033.csv,rejected,unclassified,,blocked_quality_gate,no,0,table_requires_review_or_was_rejected
extracted_tables/032_Health_Bulletin_2018/table_0034.csv,quarantined_tables/032_Health_Bulletin_2018/table_0034.csv,review_required,unclassified,,blocked_quality_gate,no,0,table_requires_review_or_was_rejected
extracted_tables/032_Health_Bulletin_2018/table_0035.csv,quarantined_tables/032_Health_Bulletin_2018/table_0035.csv,rejected,unclassified,,blocked_quality_gate,no,0,table_requires_review_or_was_rejected
extracted_tables/032_Health_Bulletin_2018/table_0036.csv,quarantined_tables/032_Health_Bulletin_2018/table_0036.csv,rejected,unclassified,,blocked_quality_gate,no,0,table_requires_review_or_was_rejected
extracted_tables/032_Health_Bulletin_2018/table_0037.csv,quarantined_tables/032_Health_Bulletin_2018/table_0037.csv,rejected,unclassified,,blocked_quality_gate,no,0,table_requires_review_or_was_rejected
extracted_tables/032_Health_Bulletin_2018/table_0038.csv,quarantined_tables/032_Health_Bulletin_2018/table_0038.csv,review_required,unclassified,,blocked_quality_gate,no,0,table_requires_review_or_was_rejected
extracted_tables/032_Health_Bulletin_2018/table_0039.csv,quarantined_tables/032_Health_Bulletin_2018/table_0039.csv,rejected,unclassified,,blocked_quality_gate,no,0,table_requires_review_or_was_rejected
extracted_tables/032_Health_Bulletin_2018/table_0040.csv,quarantined_tables/032_Health_Bulletin_2018/table_0040.csv,review_required,unclassified,,blocked_quality_gate,no,0,table_requires_review_or_was_rejected
extracted_tables/032_Health_Bulletin_2018/table_0041.csv,quarantined_tables/032_Health_Bulletin_2018/table_0041.csv,rejected,unclassified,,blocked_quality_gate,no,0,table_requires_review_or_was_rejected
extracted_tables/032_Health_Bulletin_2018/table_0042.csv,quarantined_tables/032_Health_Bulletin_2018/table_0042.csv,rejected,unclassified,,blocked_quality_gate,no,0,table_requires_review_or_was_rejected
extracted_tables/032_Health_Bulletin_2018/table_0043.csv,quarantined_tables/032_Health_Bulletin_2018/table_0043.csv,rejected,unclassified,,blocked_quality_gate,no,0,table_requires_review_or_was_rejected
extracted_tables/032_Health_Bulletin_2018/table_0044.csv,quarantined_tables/032_Health_Bulletin_2018/table_0044.csv,rejected,unclassified,,blocked_quality_gate,no,0,table_requires_review_or_was_rejected
extracted_tables/032_Health_Bulletin_2018/table_0045.csv,quarantined_tables/032_Health_Bulletin_2018/table_0045.csv,review_required,unclassified,,blocked_quality_gate,no,0,table_requires_review_or_was_rejected
extracted_tables/032_Health_Bulletin_2018/table_0046.csv,quarantined_tables/032_Health_Bulletin_2018/table_0046.csv,rejected,unclassified,,blocked_quality_gate,no,0,table_requires_review_or_was_rejected
extracted_tables/032_Health_Bulletin_2018/table_0047.csv,quarantined_tables/032_Health_Bulletin_2018/table_0047.csv,review_required,unclassified,,blocked_quality_gate,no,0,table_requires_review_or_was_rejected
extracted_tables/032_Health_Bulletin_2018/table_0048.csv,quarantined_tables/032_Health_Bulletin_2018/table_0048.csv,rejected,unclassified,,blocked_quality_gate,no,0,table_requires_review_or_was_rejected
extracted_tables/032_Health_Bulletin_2018/table_0049.csv,quarantined_tables/032_Health_Bulletin_2018/table_0049.csv,review_required,unclassified,,blocked_quality_gate,no,0,table_requires_review_or_was_rejected
extracted_tables/032_Health_Bulletin_2018/table_0050.csv,quarantined_tables/032_Health_Bulletin_2018/table_0050.csv,rejected,unclassified,,blocked_quality_gate,no,0,table_requires_review_or_was_rejected
extracted_tables/032_Health_Bulletin_2018/table_0051.csv,quarantined_tables/032_Health_Bulletin_2018/table_0051.csv,review_required,unclassified,,blocked_quality_gate,no,0,table_requires_review_or_was_rejected
extracted_tables/032_Health_Bulletin_2018/table_0052.csv,quarantined_tables/032_Health_Bulletin_2018/table_0052.csv,rejected,unclassified,,blocked_quality_gate,no,0,table_requires_review_or_was_rejected
extracted_tables/032_Health_Bulletin_2018/table_0053.csv,quarantined_tables/032_Health_Bulletin_2018/table_0053.csv,rejected,unclassified,,blocked_quality_gate,no,0,table_requires_review_or_was_rejected
extracted_tables/032_Health_Bulletin_2018/table_0054.csv,quarantined_tables/032_Health_Bulletin_2018/table_0054.csv,review_required,unclassified,,blocked_quality_gate,no,0,table_requires_review_or_was_rejected
extracted_tables/032_Health_Bulletin_2018/table_0055.csv,quarantined_tables/032_Health_Bulletin_2018/table_0055.csv,rejected,unclassified,,blocked_quality_gate,no,0,table_requires_review_or_was_rejected
extracted_tables/032_Health_Bulletin_2018/table_0056.csv,quarantined_tables/032_Health_Bulletin_2018/table_0056.csv,review_required,unclassified,,blocked_quality_gate,no,0,table_requires_review_or_was_rejected
extracted_tables/032_Health_Bulletin_2018/table_0057.csv,quarantined_tables/032_Health_Bulletin_2018/table_0057.csv,rejected,unclassified,,blocked_quality_gate,no,0,table_requires_review_or_was_rejected
extracted_tables/032_Health_Bulletin_2018/table_0058.csv,quarantined_tables/032_Health_Bulletin_2018/table_0058.csv,review_required,unclassified,,blocked_quality_gate,no,0,table_requires_review_or_was_rejected
extracted_tables/032_Health_Bulletin_2018/table_0059.csv,quarantined_tables/032_Health_Bulletin_2018/table_0059.csv,review_required,unclassified,,blocked_quality_gate,no,0,table_requires_review_or_was_rejected
extracted_tables/032_Health_Bulletin_2018/table_0060.csv,quarantined_tables/032_Health_Bulletin_2018/table_0060.csv,review_required,unclassified,,blocked_quality_gate,no,0,table_requires_review_or_was_rejected
extracted_tables/032_Health_Bulletin_2018/table_0061.csv,quarantined_tables/032_Health_Bulletin_2018/table_0061.csv,review_required,unclassified,,blocked_quality_gate,no,0,table_requires_review_or_was_rejected
extracted_tables/032_Health_Bulletin_2018/table_0062.csv,quarantined_tables/032_Health_Bulletin_2018/table_0062.csv,review_required,unclassified,,blocked_quality_gate,no,0,table_requires_review_or_was_rejected
extracted_tables/032_Health_Bulletin_2018/table_0063.csv,quarantined_tables/032_Health_Bulletin_2018/table_0063.csv,review_required,unclassified,,blocked_quality_gate,no,0,table_requires_review_or_was_rejected
extracted_tables/032_Health_Bulletin_2018/table_0064.csv,quarantined_tables/032_Health_Bulletin_2018/table_0064.csv,review_required,unclassified,,blocked_quality_gate,no,0,table_requires_review_or_was_rejected
extracted_tables/032_Health_Bulletin_2018/table_0065.csv,quarantined_tables/032_Health_Bulletin_2018/table_0065.csv,review_required,unclassified,,blocked_quality_gate,no,0,table_requires_review_or_was_rejected
extracted_tables/032_Health_Bulletin_2018/table_0066.csv,quarantined_tables/032_Health_Bulletin_2018/table_0066.csv,review_required,unclassified,,blocked_quality_gate,no,0,table_requires_review_or_was_rejected
extracted_tables/032_Health_Bulletin_2018/table_0067.csv,quarantined_tables/032_Health_Bulletin_2018/table_0067.csv,review_required,unclassified,,blocked_quality_gate,no,0,table_requires_review_or_was_rejected
extracted_tables/032_Health_Bulletin_2018/table_0068.csv,quarantined_tables/032_Health_Bulletin_2018/table_0068.csv,review_required,unclassified,,blocked_quality_gate,no,0,table_requires_review_or_was_rejected
extracted_tables/032_Health_Bulletin_2018/table_0069.csv,quarantined_tables/032_Health_Bulletin_2018/table_0069.csv,review_required,unclassified,,blocked_quality_gate,no,0,table_requires_review_or_was_rejected
extracted_tables/032_Health_Bulletin_2018/table_0070.csv,quarantined_tables/032_Health_Bulletin_2018/table_0070.csv,review_required,unclassified,,blocked_quality_gate,no,0,table_requires_review_or_was_rejected
extracted_tables/032_Health_Bulletin_2018/table_0071.csv,quarantined_tables/032_Health_Bulletin_2018/table_0071.csv,review_required,unclassified,,blocked_quality_gate,no,0,table_requires_review_or_was_rejected
extracted_tables/032_Health_Bulletin_2018/table_0072.csv,quarantined_tables/032_Health_Bulletin_2018/table_0072.csv,review_required,unclassified,,blocked_quality_gate,no,0,table_requires_review_or_was_rejected
extracted_tables/032_Health_Bulletin_2018/table_0073.csv,quarantined_tables/032_Health_Bulletin_2018/table_0073.csv,review_required,unclassified,,blocked_quality_gate,no,0,table_requires_review_or_was_rejected
extracted_tables/032_Health_Bulletin_2018/table_0074.csv,quarantined_tables/032_Health_Bulletin_2018/table_0074.csv,review_required,unclassified,,blocked_quality_gate,no,0,table_requires_review_or_was_rejected
extracted_tables/032_Health_Bulletin_2018/table_0075.csv,quarantined_tables/032_Health_Bulletin_2018/table_0075.csv,rejected,unclassified,,blocked_quality_gate,no,0,table_requires_review_or_was_rejected
extracted_tables/032_Health_Bulletin_2018/table_0076.csv,quarantined_tables/032_Health_Bulletin_2018/table_0076.csv,review_required,unclassified,,blocked_quality_gate,no,0,table_requires_review_or_was_rejected
extracted_tables/032_Health_Bulletin_2018/table_0077.csv,quarantined_tables/032_Health_Bulletin_2018/table_0077.csv,review_required,unclassified,,blocked_quality_gate,no,0,table_requires_review_or_was_rejected
extracted_tables/032_Health_Bulletin_2018/table_0078.csv,quarantined_tables/032_Health_Bulletin_2018/table_0078.csv,review_required,unclassified,,blocked_quality_gate,no,0,table_requires_review_or_was_rejected
extracted_tables/032_Health_Bulletin_2018/table_0079.csv,quarantined_tables/032_Health_Bulletin_2018/table_0079.csv,rejected,unclassified,,blocked_quality_gate,no,0,table_requires_review_or_was_rejected
extracted_tables/032_Health_Bulletin_2018/table_0080.csv,quarantined_tables/032_Health_Bulletin_2018/table_0080.csv,review_required,unclassified,,blocked_quality_gate,no,0,table_requires_review_or_was_rejected
extracted_tables/032_Health_Bulletin_2018/table_0081.csv,quarantined_tables/032_Health_Bulletin_2018/table_0081.csv,review_required,unclassified,,blocked_quality_gate,no,0,table_requires_review_or_was_rejected
extracted_tables/032_Health_Bulletin_2018/table_0082.csv,quarantined_tables/032_Health_Bulletin_2018/table_0082.csv,rejected,unclassified,,blocked_quality_gate,no,0,table_requires_review_or_was_rejected
extracted_tables/032_Health_Bulletin_2018/table_0083.csv,quarantined_tables/032_Health_Bulletin_2018/table_0083.csv,review_required,unclassified,,blocked_quality_gate,no,0,table_requires_review_or_was_rejected
extracted_tables/032_Health_Bulletin_2018/table_0084.csv,quarantined_tables/032_Health_Bulletin_2018/table_0084.csv,rejected,unclassified,,blocked_quality_gate,no,0,table_requires_review_or_was_rejected
extracted_tables/032_Health_Bulletin_2018/table_0085.csv,quarantined_tables/032_Health_Bulletin_2018/table_0085.csv,rejected,unclassified,,blocked_quality_gate,no,0,table_requires_review_or_was_rejected
extracted_tables/032_Health_Bulletin_2018/table_0086.csv,quarantined_tables/032_Health_Bulletin_2018/table_0086.csv,review_required,unclassified,,blocked_quality_gate,no,0,table_requires_review_or_was_rejected
extracted_tables/032_Health_Bulletin_2018/table_0087.csv,quarantined_tables/032_Health_Bulletin_2018/table_0087.csv,review_required,unclassified,,blocked_quality_gate,no,0,table_requires_review_or_was_rejected
extracted_tables/032_Health_Bulletin_2018/table_0088.csv,quarantined_tables/032_Health_Bulletin_2018/table_0088.csv,review_required,unclassified,,blocked_quality_gate,no,0,table_requires_review_or_was_rejected
extracted_tables/032_Health_Bulletin_2018/table_0089.csv,quarantined_tables/032_Health_Bulletin_2018/table_0089.csv,review_required,unclassified,,blocked_quality_gate,no,0,table_requires_review_or_was_rejected
extracted_tables/032_Health_Bulletin_2018/table_0090.csv,quarantined_tables/032_Health_Bulletin_2018/table_0090.csv,review_required,unclassified,,blocked_quality_gate,no,0,table_requires_review_or_was_rejected
extracted_tables/032_Health_Bulletin_2018/table_0091.csv,quarantined_tables/032_Health_Bulletin_2018/table_0091.csv,review_required,unclassified,,blocked_quality_gate,no,0,table_requires_review_or_was_rejected
extracted_tables/032_Health_Bulletin_2018/table_0092.csv,quarantined_tables/032_Health_Bulletin_2018/table_0092.csv,review_required,unclassified,,blocked_quality_gate,no,0,table_requires_review_or_was_rejected
extracted_tables/032_Health_Bulletin_2018/table_0093.csv,quarantined_tables/032_Health_Bulletin_2018/table_0093.csv,review_required,unclassified,,blocked_quality_gate,no,0,table_requires_review_or_was_rejected
extracted_tables/032_Health_Bulletin_2018/table_0094.csv,quarantined_tables/032_Health_Bulletin_2018/table_0094.csv,review_required,unclassified,,blocked_quality_gate,no,0,table_requires_review_or_was_rejected
extracted_tables/032_Health_Bulletin_2018/table_0095.csv,quarantined_tables/032_Health_Bulletin_2018/table_0095.csv,review_required,unclassified,,blocked_quality_gate,no,0,table_requires_review_or_was_rejected
extracted_tables/032_Health_Bulletin_2018/table_0096.csv,quarantined_tables/032_Health_Bulletin_2018/table_0096.csv,review_required,unclassified,,blocked_quality_gate,no,0,table_requires_review_or_was_rejected
extracted_tables/032_Health_Bulletin_2018/table_0097.csv,quarantined_tables/032_Health_Bulletin_2018/table_0097.csv,review_required,unclassified,,blocked_quality_gate,no,0,table_requires_review_or_was_rejected
extracted_tables/032_Health_Bulletin_2018/table_0098.csv,quarantined_tables/032_Health_Bulletin_2018/table_0098.csv,review_required,unclassified,,blocked_quality_gate,no,0,table_requires_review_or_was_rejected
extracted_tables/032_Health_Bulletin_2018/table_0099.csv,quarantined_tables/032_Health_Bulletin_2018/table_0099.csv,review_required,unclassified,,blocked_quality_gate,no,0,table_requires_review_or_was_rejected
extracted_tables/032_Health_Bulletin_2018/table_0100.csv,quarantined_tables/032_Health_Bulletin_2018/table_0100.csv,rejected,unclassified,,blocked_quality_gate,no,0,table_requires_review_or_was_rejected
extracted_tables/032_Health_Bulletin_2018/table_0101.csv,quarantined_tables/032_Health_Bulletin_2018/table_0101.csv,review_required,unclassified,,blocked_quality_gate,no,0,table_requires_review_or_was_rejected
extracted_tables/032_Health_Bulletin_2018/table_0102.csv,quarantined_tables/032_Health_Bulletin_2018/table_0102.csv,rejected,unclassified,,blocked_quality_gate,no,0,table_requires_review_or_was_rejected
extracted_tables/032_Health_Bulletin_2018/table_0103.csv,quarantined_tables/032_Health_Bulletin_2018/table_0103.csv,rejected,unclassified,,blocked_quality_gate,no,0,table_requires_review_or_was_rejected
extracted_tables/032_Health_Bulletin_2018/table_0104.csv,quarantined_tables/032_Health_Bulletin_2018/table_0104.csv,rejected,unclassified,,blocked_quality_gate,no,0,table_requires_review_or_was_rejected
extracted_tables/032_Health_Bulletin_2018/table_0105.csv,quarantined_tables/032_Health_Bulletin_2018/table_0105.csv,review_required,unclassified,,blocked_quality_gate,no,0,table_requires_review_or_was_rejected
extracted_tables/032_Health_Bulletin_2018/table_0106.csv,quarantined_tables/032_Health_Bulletin_2018/table_0106.csv,rejected,unclassified,,blocked_quality_gate,no,0,table_requires_review_or_was_rejected
extracted_tables/032_Health_Bulletin_2018/table_0107.csv,quarantined_tables/032_Health_Bulletin_2018/table_0107.csv,review_required,unclassified,,blocked_quality_gate,no,0,table_requires_review_or_was_rejected
extracted_tables/032_Health_Bulletin_2018/table_0108.csv,quarantined_tables/032_Health_Bulletin_2018/table_0108.csv,rejected,unclassified,,blocked_quality_gate,no,0,table_requires_review_or_was_rejected
extracted_tables/032_Health_Bulletin_2018/table_0109.csv,quarantined_tables/032_Health_Bulletin_2018/table_0109.csv,review_required,unclassified,,blocked_quality_gate,no,0,table_requires_review_or_was_rejected
extracted_tables/032_Health_Bulletin_2018/table_0110.csv,quarantined_tables/032_Health_Bulletin_2018/table_0110.csv,rejected,unclassified,,blocked_quality_gate,no,0,table_requires_review_or_was_rejected
extracted_tables/032_Health_Bulletin_2018/table_0111.csv,quarantined_tables/032_Health_Bulletin_2018/table_0111.csv,review_required,unclassified,,blocked_quality_gate,no,0,table_requires_review_or_was_rejected
extracted_tables/032_Health_Bulletin_2018/table_0112.csv,quarantined_tables/032_Health_Bulletin_2018/table_0112.csv,review_required,unclassified,,blocked_quality_gate,no,0,table_requires_review_or_was_rejected
extracted_tables/032_Health_Bulletin_2018/table_0113.csv,quarantined_tables/032_Health_Bulletin_2018/table_0113.csv,review_required,unclassified,,blocked_quality_gate,no,0,table_requires_review_or_was_rejected
extracted_tables/032_Health_Bulletin_2018/table_0114.csv,quarantined_tables/032_Health_Bulletin_2018/table_0114.csv,rejected,unclassified,,blocked_quality_gate,no,0,table_requires_review_or_was_rejected
extracted_tables/032_Health_Bulletin_2018/table_0115.csv,quarantined_tables/032_Health_Bulletin_2018/table_0115.csv,rejected,unclassified,,blocked_quality_gate,no,0,table_requires_review_or_was_rejected
extracted_tables/032_Health_Bulletin_2018/table_0116.csv,quarantined_tables/032_Health_Bulletin_2018/table_0116.csv,review_required,unclassified,,blocked_quality_gate,no,0,table_requires_review_or_was_rejected
extracted_tables/032_Health_Bulletin_2018/table_0117.csv,quarantined_tables/032_Health_Bulletin_2018/table_0117.csv,review_required,unclassified,,blocked_quality_gate,no,0,table_requires_review_or_was_rejected
extracted_tables/032_Health_Bulletin_2018/table_0118.csv,quarantined_tables/032_Health_Bulletin_2018/table_0118.csv,rejected,unclassified,,blocked_quality_gate,no,0,table_requires_review_or_was_rejected
extracted_tables/032_Health_Bulletin_2018/table_0119.csv,quarantined_tables/032_Health_Bulletin_2018/table_0119.csv,rejected,unclassified,,blocked_quality_gate,no,0,table_requires_review_or_was_rejected
extracted_tables/032_Health_Bulletin_2018/table_0120.csv,quarantined_tables/032_Health_Bulletin_2018/table_0120.csv,rejected,unclassified,,blocked_quality_gate,no,0,table_requires_review_or_was_rejected
extracted_tables/032_Health_Bulletin_2018/table_0121.csv,quarantined_tables/032_Health_Bulletin_2018/table_0121.csv,review_required,unclassified,,blocked_quality_gate,no,0,table_requires_review_or_was_rejected
extracted_tables/032_Health_Bulletin_2018/table_0122.csv,quarantined_tables/032_Health_Bulletin_2018/table_0122.csv,rejected,unclassified,,blocked_quality_gate,no,0,table_requires_review_or_was_rejected
extracted_tables/032_Health_Bulletin_2018/table_0123.csv,quarantined_tables/032_Health_Bulletin_2018/table_0123.csv,rejected,unclassified,,blocked_quality_gate,no,0,table_requires_review_or_was_rejected
extracted_tables/032_Health_Bulletin_2018/table_0124.csv,quarantined_tables/032_Health_Bulletin_2018/table_0124.csv,review_required,unclassified,,blocked_quality_gate,no,0,table_requires_review_or_was_rejected
extracted_tables/032_Health_Bulletin_2018/table_0125.csv,quarantined_tables/032_Health_Bulletin_2018/table_0125.csv,review_required,unclassified,,blocked_quality_gate,no,0,table_requires_review_or_was_rejected
extracted_tables/032_Health_Bulletin_2018/table_0126.csv,quarantined_tables/032_Health_Bulletin_2018/table_0126.csv,rejected,unclassified,,blocked_quality_gate,no,0,table_requires_review_or_was_rejected
extracted_tables/032_Health_Bulletin_2018/table_0127.csv,quarantined_tables/032_Health_Bulletin_2018/table_0127.csv,rejected,unclassified,,blocked_quality_gate,no,0,table_requires_review_or_was_rejected
extracted_tables/032_Health_Bulletin_2018/table_0128.csv,quarantined_tables/032_Health_Bulletin_2018/table_0128.csv,rejected,unclassified,,blocked_quality_gate,no,0,table_requires_review_or_was_rejected
extracted_tables/032_Health_Bulletin_2018/table_0129.csv,quarantined_tables/032_Health_Bulletin_2018/table_0129.csv,review_required,unclassified,,blocked_quality_gate,no,0,table_requires_review_or_was_rejected
extracted_tables/032_Health_Bulletin_2018/table_0130.csv,quarantined_tables/032_Health_Bulletin_2018/table_0130.csv,review_required,unclassified,,blocked_quality_gate,no,0,table_requires_review_or_was_rejected
extracted_tables/032_Health_Bulletin_2018/table_0131.csv,quarantined_tables/032_Health_Bulletin_2018/table_0131.csv,rejected,unclassified,,blocked_quality_gate,no,0,table_requires_review_or_was_rejected
extracted_tables/032_Health_Bulletin_2018/table_0132.csv,quarantined_tables/032_Health_Bulletin_2018/table_0132.csv,rejected,unclassified,,blocked_quality_gate,no,0,table_requires_review_or_was_rejected
extracted_tables/032_Health_Bulletin_2018/table_0133.csv,quarantined_tables/032_Health_Bulletin_2018/table_0133.csv,review_required,unclassified,,blocked_quality_gate,no,0,table_requires_review_or_was_rejected
extracted_tables/032_Health_Bulletin_2018/table_0134.csv,quarantined_tables/032_Health_Bulletin_2018/table_0134.csv,review_required,unclassified,,blocked_quality_gate,no,0,table_requires_review_or_was_rejected
extracted_tables/032_Health_Bulletin_2018/table_0135.csv,quarantined_tables/032_Health_Bulletin_2018/table_0135.csv,rejected,unclassified,,blocked_quality_gate,no,0,table_requires_review_or_was_rejected
extracted_tables/032_Health_Bulletin_2018/table_0136.csv,quarantined_tables/032_Health_Bulletin_2018/table_0136.csv,review_required,unclassified,,blocked_quality_gate,no,0,table_requires_review_or_was_rejected
extracted_tables/032_Health_Bulletin_2018/table_0137.csv,quarantined_tables/032_Health_Bulletin_2018/table_0137.csv,review_required,unclassified,,blocked_quality_gate,no,0,table_requires_review_or_was_rejected
extracted_tables/032_Health_Bulletin_2018/table_0138.csv,quarantined_tables/032_Health_Bulletin_2018/table_0138.csv,rejected,unclassified,,blocked_quality_gate,no,0,table_requires_review_or_was_rejected
extracted_tables/032_Health_Bulletin_2018/table_0139.csv,quarantined_tables/032_Health_Bulletin_2018/table_0139.csv,review_required,unclassified,,blocked_quality_gate,no,0,table_requires_review_or_was_rejected
extracted_tables/032_Health_Bulletin_2018/table_0140.csv,quarantined_tables/032_Health_Bulletin_2018/table_0140.csv,review_required,unclassified,,blocked_quality_gate,no,0,table_requires_review_or_was_rejected
extracted_tables/032_Health_Bulletin_2018/table_0141.csv,quarantined_tables/032_Health_Bulletin_2018/table_0141.csv,review_required,unclassified,,blocked_quality_gate,no,0,table_requires_review_or_was_rejected
extracted_tables/032_Health_Bulletin_2018/table_0142.csv,quarantined_tables/032_Health_Bulletin_2018/table_0142.csv,review_required,unclassified,,blocked_quality_gate,no,0,table_requires_review_or_was_rejected
extracted_tables/032_Health_Bulletin_2018/table_0143.csv,quarantined_tables/032_Health_Bulletin_2018/table_0143.csv,rejected,unclassified,,blocked_quality_gate,no,0,table_requires_review_or_was_rejected
extracted_tables/032_Health_Bulletin_2018/table_0144.csv,quarantined_tables/032_Health_Bulletin_2018/table_0144.csv,review_required,unclassified,,blocked_quality_gate,no,0,table_requires_review_or_was_rejected
extracted_tables/032_Health_Bulletin_2018/table_0145.csv,quarantined_tables/032_Health_Bulletin_2018/table_0145.csv,review_required,unclassified,,blocked_quality_gate,no,0,table_requires_review_or_was_rejected
extracted_tables/032_Health_Bulletin_2018/table_0146.csv,quarantined_tables/032_Health_Bulletin_2018/table_0146.csv,review_required,unclassified,,blocked_quality_gate,no,0,table_requires_review_or_was_rejected
extracted_tables/032_Health_Bulletin_2018/table_0147.csv,quarantined_tables/032_Health_Bulletin_2018/table_0147.csv,rejected,unclassified,,blocked_quality_gate,no,0,table_requires_review_or_was_rejected
extracted_tables/032_Health_Bulletin_2018/table_0148.csv,quarantined_tables/032_Health_Bulletin_2018/table_0148.csv,review_required,unclassified,,blocked_quality_gate,no,0,table_requires_review_or_was_rejected
extracted_tables/032_Health_Bulletin_2018/table_0149.csv,quarantined_tables/032_Health_Bulletin_2018/table_0149.csv,review_required,unclassified,,blocked_quality_gate,no,0,table_requires_review_or_was_rejected
extracted_tables/032_Health_Bulletin_2018/table_0150.csv,quarantined_tables/032_Health_Bulletin_2018/table_0150.csv,review_required,unclassified,,blocked_quality_gate,no,0,table_requires_review_or_was_rejected
extracted_tables/032_Health_Bulletin_2018/table_0151.csv,quarantined_tables/032_Health_Bulletin_2018/table_0151.csv,rejected,unclassified,,blocked_quality_gate,no,0,table_requires_review_or_was_rejected
extracted_tables/032_Health_Bulletin_2018/table_0152.csv,quarantined_tables/032_Health_Bulletin_2018/table_0152.csv,review_required,unclassified,,blocked_quality_gate,no,0,table_requires_review_or_was_rejected
extracted_tables/032_Health_Bulletin_2018/table_0153.csv,quarantined_tables/032_Health_Bulletin_2018/table_0153.csv,rejected,unclassified,,blocked_quality_gate,no,0,table_requires_review_or_was_rejected
extracted_tables/032_Health_Bulletin_2018/table_0154.csv,quarantined_tables/032_Health_Bulletin_2018/table_0154.csv,review_required,unclassified,,blocked_quality_gate,no,0,table_requires_review_or_was_rejected
extracted_tables/032_Health_Bulletin_2018/table_0155.csv,quarantined_tables/032_Health_Bulletin_2018/table_0155.csv,review_required,unclassified,,blocked_quality_gate,no,0,table_requires_review_or_was_rejected
extracted_tables/032_Health_Bulletin_2018/table_0156.csv,quarantined_tables/032_Health_Bulletin_2018/table_0156.csv,rejected,unclassified,,blocked_quality_gate,no,0,table_requires_review_or_was_rejected
extracted_tables/032_Health_Bulletin_2018/table_0157.csv,quarantined_tables/032_Health_Bulletin_2018/table_0157.csv,rejected,unclassified,,blocked_quality_gate,no,0,table_requires_review_or_was_rejected
extracted_tables/032_Health_Bulletin_2018/table_0158.csv,quarantined_tables/032_Health_Bulletin_2018/table_0158.csv,rejected,unclassified,,blocked_quality_gate,no,0,table_requires_review_or_was_rejected
extracted_tables/032_Health_Bulletin_2018/table_0159.csv,quarantined_tables/032_Health_Bulletin_2018/table_0159.csv,review_required,unclassified,,blocked_quality_gate,no,0,table_requires_review_or_was_rejected
extracted_tables/032_Health_Bulletin_2018/table_0160.csv,quarantined_tables/032_Health_Bulletin_2018/table_0160.csv,rejected,unclassified,,blocked_quality_gate,no,0,table_requires_review_or_was_rejected
extracted_tables/032_Health_Bulletin_2018/table_0161.csv,quarantined_tables/032_Health_Bulletin_2018/table_0161.csv,review_required,unclassified,,blocked_quality_gate,no,0,table_requires_review_or_was_rejected
extracted_tables/032_Health_Bulletin_2018/table_0162.csv,quarantined_tables/032_Health_Bulletin_2018/table_0162.csv,review_required,unclassified,,blocked_quality_gate,no,0,table_requires_review_or_was_rejected
extracted_tables/032_Health_Bulletin_2018/table_0163.csv,quarantined_tables/032_Health_Bulletin_2018/table_0163.csv,rejected,unclassified,,blocked_quality_gate,no,0,table_requires_review_or_was_rejected
extracted_tables/032_Health_Bulletin_2018/table_0164.csv,quarantined_tables/032_Health_Bulletin_2018/table_0164.csv,rejected,unclassified,,blocked_quality_gate,no,0,table_requires_review_or_was_rejected
extracted_tables/032_Health_Bulletin_2018/table_0165.csv,quarantined_tables/032_Health_Bulletin_2018/table_0165.csv,rejected,unclassified,,blocked_quality_gate,no,0,table_requires_review_or_was_rejected
extracted_tables/032_Health_Bulletin_2018/table_0166.csv,quarantined_tables/032_Health_Bulletin_2018/table_0166.csv,rejected,unclassified,,blocked_quality_gate,no,0,table_requires_review_or_was_rejected
extracted_tables/032_Health_Bulletin_2018/table_0167.csv,quarantined_tables/032_Health_Bulletin_2018/table_0167.csv,rejected,unclassified,,blocked_quality_gate,no,0,table_requires_review_or_was_rejected
extracted_tables/032_Health_Bulletin_2018/table_0168.csv,quarantined_tables/032_Health_Bulletin_2018/table_0168.csv,rejected,unclassified,,blocked_quality_gate,no,0,table_requires_review_or_was_rejected
extracted_tables/032_Health_Bulletin_2018/table_0169.csv,quarantined_tables/032_Health_Bulletin_2018/table_0169.csv,rejected,unclassified,,blocked_quality_gate,no,0,table_requires_review_or_was_rejected
extracted_tables/032_Health_Bulletin_2018/table_0170.csv,quarantined_tables/032_Health_Bulletin_2018/table_0170.csv,review_required,unclassified,,blocked_quality_gate,no,0,table_requires_review_or_was_rejected
extracted_tables/032_Health_Bulletin_2018/table_0171.csv,quarantined_tables/032_Health_Bulletin_2018/table_0171.csv,rejected,unclassified,,blocked_quality_gate,no,0,table_requires_review_or_was_rejected
extracted_tables/032_Health_Bulletin_2018/table_0172.csv,quarantined_tables/032_Health_Bulletin_2018/table_0172.csv,review_required,unclassified,,blocked_quality_gate,no,0,table_requires_review_or_was_rejected
extracted_tables/032_Health_Bulletin_2018/table_0173.csv,quarantined_tables/032_Health_Bulletin_2018/table_0173.csv,rejected,unclassified,,blocked_quality_gate,no,0,table_requires_review_or_was_rejected
extracted_tables/032_Health_Bulletin_2018/table_0174.csv,quarantined_tables/032_Health_Bulletin_2018/table_0174.csv,review_required,unclassified,,blocked_quality_gate,no,0,table_requires_review_or_was_rejected
extracted_tables/032_Health_Bulletin_2018/table_0175.csv,quarantined_tables/032_Health_Bulletin_2018/table_0175.csv,review_required,unclassified,,blocked_quality_gate,no,0,table_requires_review_or_was_rejected
extracted_tables/032_Health_Bulletin_2018/table_0176.csv,quarantined_tables/032_Health_Bulletin_2018/table_0176.csv,rejected,unclassified,,blocked_quality_gate,no,0,table_requires_review_or_was_rejected
extracted_tables/032_Health_Bulletin_2018/table_0177.csv,quarantined_tables/032_Health_Bulletin_2018/table_0177.csv,rejected,unclassified,,blocked_quality_gate,no,0,table_requires_review_or_was_rejected
extracted_tables/032_Health_Bulletin_2018/table_0178.csv,quarantined_tables/032_Health_Bulletin_2018/table_0178.csv,review_required,unclassified,,blocked_quality_gate,no,0,table_requires_review_or_was_rejected
extracted_tables/032_Health_Bulletin_2018/table_0179.csv,quarantined_tables/032_Health_Bulletin_2018/table_0179.csv,rejected,unclassified,,blocked_quality_gate,no,0,table_requires_review_or_was_rejected
extracted_tables/032_Health_Bulletin_2018/table_0180.csv,quarantined_tables/032_Health_Bulletin_2018/table_0180.csv,rejected,unclassified,,blocked_quality_gate,no,0,table_requires_review_or_was_rejected
extracted_tables/032_Health_Bulletin_2018/table_0181.csv,quarantined_tables/032_Health_Bulletin_2018/table_0181.csv,review_required,unclassified,,blocked_quality_gate,no,0,table_requires_review_or_was_rejected
extracted_tables/032_Health_Bulletin_2018/table_0182.csv,quarantined_tables/032_Health_Bulletin_2018/table_0182.csv,review_required,unclassified,,blocked_quality_gate,no,0,table_requires_review_or_was_rejected
extracted_tables/032_Health_Bulletin_2018/table_0183.csv,quarantined_tables/032_Health_Bulletin_2018/table_0183.csv,review_required,unclassified,,blocked_quality_gate,no,0,table_requires_review_or_was_rejected
extracted_tables/032_Health_Bulletin_2018/table_0184.csv,quarantined_tables/032_Health_Bulletin_2018/table_0184.csv,rejected,unclassified,,blocked_quality_gate,no,0,table_requires_review_or_was_rejected
extracted_tables/032_Health_Bulletin_2018/table_0185.csv,quarantined_tables/032_Health_Bulletin_2018/table_0185.csv,review_required,unclassified,,blocked_quality_gate,no,0,table_requires_review_or_was_rejected
extracted_tables/032_Health_Bulletin_2018/table_0186.csv,quarantined_tables/032_Health_Bulletin_2018/table_0186.csv,review_required,unclassified,,blocked_quality_gate,no,0,table_requires_review_or_was_rejected
extracted_tables/032_Health_Bulletin_2018/table_0187.csv,quarantined_tables/032_Health_Bulletin_2018/table_0187.csv,review_required,unclassified,,blocked_quality_gate,no,0,table_requires_review_or_was_rejected
extracted_tables/032_Health_Bulletin_2018/table_0188.csv,quarantined_tables/032_Health_Bulletin_2018/table_0188.csv,review_required,unclassified,,blocked_quality_gate,no,0,table_requires_review_or_was_rejected
extracted_tables/032_Health_Bulletin_2018/table_0189.csv,quarantined_tables/032_Health_Bulletin_2018/table_0189.csv,review_required,unclassified,,blocked_quality_gate,no,0,table_requires_review_or_was_rejected
extracted_tables/032_Health_Bulletin_2018/table_0190.csv,quarantined_tables/032_Health_Bulletin_2018/table_0190.csv,review_required,unclassified,,blocked_quality_gate,no,0,table_requires_review_or_was_rejected
extracted_tables/032_Health_Bulletin_2018/table_0191.csv,quarantined_tables/032_Health_Bulletin_2018/table_0191.csv,review_required,unclassified,,blocked_quality_gate,no,0,table_requires_review_or_was_rejected
extracted_tables/032_Health_Bulletin_2018/table_0192.csv,quarantined_tables/032_Health_Bulletin_2018/table_0192.csv,review_required,unclassified,,blocked_quality_gate,no,0,table_requires_review_or_was_rejected
extracted_tables/032_Health_Bulletin_2018/table_0193.csv,quarantined_tables/032_Health_Bulletin_2018/table_0193.csv,review_required,unclassified,,blocked_quality_gate,no,0,table_requires_review_or_was_rejected
extracted_tables/032_Health_Bulletin_2018/table_0194.csv,quarantined_tables/032_Health_Bulletin_2018/table_0194.csv,review_required,unclassified,,blocked_quality_gate,no,0,table_requires_review_or_was_rejected
extracted_tables/032_Health_Bulletin_2018/table_0195.csv,quarantined_tables/032_Health_Bulletin_2018/table_0195.csv,rejected,unclassified,,blocked_quality_gate,no,0,table_requires_review_or_was_rejected
extracted_tables/032_Health_Bulletin_2018/table_0196.csv,quarantined_tables/032_Health_Bulletin_2018/table_0196.csv,rejected,unclassified,,blocked_quality_gate,no,0,table_requires_review_or_was_rejected
extracted_tables/032_Health_Bulletin_2018/table_0197.csv,quarantined_tables/032_Health_Bulletin_2018/table_0197.csv,rejected,unclassified,,blocked_quality_gate,no,0,table_requires_review_or_was_rejected
extracted_tables/032_Health_Bulletin_2018/table_0198.csv,quarantined_tables/032_Health_Bulletin_2018/table_0198.csv,rejected,unclassified,,blocked_quality_gate,no,0,table_requires_review_or_was_rejected
extracted_tables/032_Health_Bulletin_2018/table_0199.csv,quarantined_tables/032_Health_Bulletin_2018/table_0199.csv,rejected,unclassified,,blocked_quality_gate,no,0,table_requires_review_or_was_rejected
extracted_tables/032_Health_Bulletin_2018/table_0200.csv,quarantined_tables/032_Health_Bulletin_2018/table_0200.csv,rejected,unclassified,,blocked_quality_gate,no,0,table_requires_review_or_was_rejected
extracted_tables/032_Health_Bulletin_2018/table_0201.csv,quarantined_tables/032_Health_Bulletin_2018/table_0201.csv,rejected,unclassified,,blocked_quality_gate,no,0,table_requires_review_or_was_rejected
extracted_tables/032_Health_Bulletin_2018/table_0202.csv,quarantined_tables/032_Health_Bulletin_2018/table_0202.csv,rejected,unclassified,,blocked_quality_gate,no,0,table_requires_review_or_was_rejected
extracted_tables/032_Health_Bulletin_2018/table_0203.csv,quarantined_tables/032_Health_Bulletin_2018/table_0203.csv,rejected,unclassified,,blocked_quality_gate,no,0,table_requires_review_or_was_rejected
extracted_tables/032_Health_Bulletin_2018/table_0204.csv,quarantined_tables/032_Health_Bulletin_2018/table_0204.csv,rejected,unclassified,,blocked_quality_gate,no,0,table_requires_review_or_was_rejected
extracted_tables/032_Health_Bulletin_2018/table_0205.csv,quarantined_tables/032_Health_Bulletin_2018/table_0205.csv,rejected,unclassified,,blocked_quality_gate,no,0,table_requires_review_or_was_rejected
extracted_tables/032_Health_Bulletin_2018/table_0206.csv,quarantined_tables/032_Health_Bulletin_2018/table_0206.csv,rejected,unclassified,,blocked_quality_gate,no,0,table_requires_review_or_was_rejected
extracted_tables/032_Health_Bulletin_2018/table_0207.csv,quarantined_tables/032_Health_Bulletin_2018/table_0207.csv,rejected,unclassified,,blocked_quality_gate,no,0,table_requires_review_or_was_rejected
extracted_tables/032_Health_Bulletin_2018/table_0208.csv,quarantined_tables/032_Health_Bulletin_2018/table_0208.csv,rejected,unclassified,,blocked_quality_gate,no,0,table_requires_review_or_was_rejected
extracted_tables/032_Health_Bulletin_2018/table_0209.csv,quarantined_tables/032_Health_Bulletin_2018/table_0209.csv,rejected,unclassified,,blocked_quality_gate,no,0,table_requires_review_or_was_rejected
extracted_tables/032_Health_Bulletin_2018/table_0210.csv,quarantined_tables/032_Health_Bulletin_2018/table_0210.csv,rejected,unclassified,,blocked_quality_gate,no,0,table_requires_review_or_was_rejected
extracted_tables/032_Health_Bulletin_2018/table_0211.csv,quarantined_tables/032_Health_Bulletin_2018/table_0211.csv,rejected,unclassified,,blocked_quality_gate,no,0,table_requires_review_or_was_rejected
extracted_tables/032_Health_Bulletin_2018/table_0212.csv,quarantined_tables/032_Health_Bulletin_2018/table_0212.csv,rejected,unclassified,,blocked_quality_gate,no,0,table_requires_review_or_was_rejected
extracted_tables/032_Health_Bulletin_2018/table_0213.csv,quarantined_tables/032_Health_Bulletin_2018/table_0213.csv,rejected,unclassified,,blocked_quality_gate,no,0,table_requires_review_or_was_rejected
extracted_tables/032_Health_Bulletin_2018/table_0214.csv,quarantined_tables/032_Health_Bulletin_2018/table_0214.csv,rejected,unclassified,,blocked_quality_gate,no,0,table_requires_review_or_was_rejected
extracted_tables/032_Health_Bulletin_2018/table_0215.csv,quarantined_tables/032_Health_Bulletin_2018/table_0215.csv,rejected,unclassified,,blocked_quality_gate,no,0,table_requires_review_or_was_rejected
extracted_tables/032_Health_Bulletin_2018/table_0216.csv,quarantined_tables/032_Health_Bulletin_2018/table_0216.csv,rejected,unclassified,,blocked_quality_gate,no,0,table_requires_review_or_was_rejected
extracted_tables/032_Health_Bulletin_2018/table_0217.csv,quarantined_tables/032_Health_Bulletin_2018/table_0217.csv,rejected,unclassified,,blocked_quality_gate,no,0,table_requires_review_or_was_rejected
extracted_tables/032_Health_Bulletin_2018/table_0218.csv,quarantined_tables/032_Health_Bulletin_2018/table_0218.csv,review_required,unclassified,,blocked_quality_gate,no,0,table_requires_review_or_was_rejected
extracted_tables/032_Health_Bulletin_2018/table_0219.csv,quarantined_tables/032_Health_Bulletin_2018/table_0219.csv,rejected,unclassified,,blocked_quality_gate,no,0,table_requires_review_or_was_rejected
extracted_tables/032_Health_Bulletin_2018/table_0220.csv,quarantined_tables/032_Health_Bulletin_2018/table_0220.csv,review_required,unclassified,,blocked_quality_gate,no,0,table_requires_review_or_was_rejected
extracted_tables/032_Health_Bulletin_2018/table_0221.csv,quarantined_tables/032_Health_Bulletin_2018/table_0221.csv,rejected,unclassified,,blocked_quality_gate,no,0,table_requires_review_or_was_rejected
extracted_tables/032_Health_Bulletin_2018/table_0222.csv,quarantined_tables/032_Health_Bulletin_2018/table_0222.csv,rejected,unclassified,,blocked_quality_gate,no,0,table_requires_review_or_was_rejected
extracted_tables/032_Health_Bulletin_2018/table_0223.csv,quarantined_tables/032_Health_Bulletin_2018/table_0223.csv,review_required,unclassified,,blocked_quality_gate,no,0,table_requires_review_or_was_rejected
extracted_tables/032_Health_Bulletin_2018/table_0224.csv,quarantined_tables/032_Health_Bulletin_2018/table_0224.csv,rejected,unclassified,,blocked_quality_gate,no,0,table_requires_review_or_was_rejected
extracted_tables/032_Health_Bulletin_2018/table_0225.csv,quarantined_tables/032_Health_Bulletin_2018/table_0225.csv,rejected,unclassified,,blocked_quality_gate,no,0,table_requires_review_or_was_rejected
extracted_tables/032_Health_Bulletin_2018/table_0226.csv,quarantined_tables/032_Health_Bulletin_2018/table_0226.csv,rejected,unclassified,,blocked_quality_gate,no,0,table_requires_review_or_was_rejected
extracted_tables/032_Health_Bulletin_2018/table_0227.csv,quarantined_tables/032_Health_Bulletin_2018/table_0227.csv,review_required,unclassified,,blocked_quality_gate,no,0,table_requires_review_or_was_rejected
extracted_tables/032_Health_Bulletin_2018/table_0228.csv,quarantined_tables/032_Health_Bulletin_2018/table_0228.csv,rejected,unclassified,,blocked_quality_gate,no,0,table_requires_review_or_was_rejected
extracted_tables/032_Health_Bulletin_2018/table_0229.csv,quarantined_tables/032_Health_Bulletin_2018/table_0229.csv,rejected,unclassified,,blocked_quality_gate,no,0,table_requires_review_or_was_rejected
extracted_tables/032_Health_Bulletin_2018/table_0230.csv,quarantined_tables/032_Health_Bulletin_2018/table_0230.csv,rejected,unclassified,,blocked_quality_gate,no,0,table_requires_review_or_was_rejected
extracted_tables/032_Health_Bulletin_2018/table_0231.csv,quarantined_tables/032_Health_Bulletin_2018/table_0231.csv,rejected,unclassified,,blocked_quality_gate,no,0,table_requires_review_or_was_rejected
extracted_tables/032_Health_Bulletin_2018/table_0232.csv,quarantined_tables/032_Health_Bulletin_2018/table_0232.csv,review_required,unclassified,,blocked_quality_gate,no,0,table_requires_review_or_was_rejected
extracted_tables/032_Health_Bulletin_2018/table_0233.csv,quarantined_tables/032_Health_Bulletin_2018/table_0233.csv,rejected,unclassified,,blocked_quality_gate,no,0,table_requires_review_or_was_rejected
extracted_tables/032_Health_Bulletin_2018/table_0234.csv,quarantined_tables/032_Health_Bulletin_2018/table_0234.csv,review_required,unclassified,,blocked_quality_gate,no,0,table_requires_review_or_was_rejected
extracted_tables/032_Health_Bulletin_2018/table_0235.csv,quarantined_tables/032_Health_Bulletin_2018/table_0235.csv,rejected,unclassified,,blocked_quality_gate,no,0,table_requires_review_or_was_rejected
extracted_tables/032_Health_Bulletin_2018/table_0236.csv,quarantined_tables/032_Health_Bulletin_2018/table_0236.csv,rejected,unclassified,,blocked_quality_gate,no,0,table_requires_review_or_was_rejected
extracted_tables/032_Health_Bulletin_2018/table_0237.csv,quarantined_tables/032_Health_Bulletin_2018/table_0237.csv,rejected,unclassified,,blocked_quality_gate,no,0,table_requires_review_or_was_rejected
extracted_tables/032_Health_Bulletin_2018/table_0238.csv,quarantined_tables/032_Health_Bulletin_2018/table_0238.csv,rejected,unclassified,,blocked_quality_gate,no,0,table_requires_review_or_was_rejected
extracted_tables/032_Health_Bulletin_2018/table_0239.csv,quarantined_tables/032_Health_Bulletin_2018/table_0239.csv,rejected,unclassified,,blocked_quality_gate,no,0,table_requires_review_or_was_rejected
extracted_tables/032_Health_Bulletin_2018/table_0240.csv,quarantined_tables/032_Health_Bulletin_2018/table_0240.csv,rejected,unclassified,,blocked_quality_gate,no,0,table_requires_review_or_was_rejected
extracted_tables/032_Health_Bulletin_2018/table_0241.csv,quarantined_tables/032_Health_Bulletin_2018/table_0241.csv,review_required,unclassified,,blocked_quality_gate,no,0,table_requires_review_or_was_rejected
extracted_tables/032_Health_Bulletin_2018/table_0242.csv,quarantined_tables/032_Health_Bulletin_2018/table_0242.csv,rejected,unclassified,,blocked_quality_gate,no,0,table_requires_review_or_was_rejected
extracted_tables/032_Health_Bulletin_2018/table_0243.csv,quarantined_tables/032_Health_Bulletin_2018/table_0243.csv,review_required,unclassified,,blocked_quality_gate,no,0,table_requires_review_or_was_rejected
extracted_tables/032_Health_Bulletin_2018/table_0244.csv,quarantined_tables/032_Health_Bulletin_2018/table_0244.csv,review_required,unclassified,,blocked_quality_gate,no,0,table_requires_review_or_was_rejected
extracted_tables/032_Health_Bulletin_2018/table_0245.csv,quarantined_tables/032_Health_Bulletin_2018/table_0245.csv,rejected,unclassified,,blocked_quality_gate,no,0,table_requires_review_or_was_rejected
extracted_tables/032_Health_Bulletin_2018/table_0246.csv,quarantined_tables/032_Health_Bulletin_2018/table_0246.csv,review_required,unclassified,,blocked_quality_gate,no,0,table_requires_review_or_was_rejected
extracted_tables/032_Health_Bulletin_2018/table_0247.csv,quarantined_tables/032_Health_Bulletin_2018/table_0247.csv,review_required,unclassified,,blocked_quality_gate,no,0,table_requires_review_or_was_rejected
extracted_tables/032_Health_Bulletin_2018/table_0248.csv,quarantined_tables/032_Health_Bulletin_2018/table_0248.csv,review_required,unclassified,,blocked_quality_gate,no,0,table_requires_review_or_was_rejected
extracted_tables/032_Health_Bulletin_2018/table_0249.csv,quarantined_tables/032_Health_Bulletin_2018/table_0249.csv,rejected,unclassified,,blocked_quality_gate,no,0,table_requires_review_or_was_rejected
extracted_tables/032_Health_Bulletin_2018/table_0250.csv,quarantined_tables/032_Health_Bulletin_2018/table_0250.csv,review_required,unclassified,,blocked_quality_gate,no,0,table_requires_review_or_was_rejected
extracted_tables/032_Health_Bulletin_2018/table_0251.csv,quarantined_tables/032_Health_Bulletin_2018/table_0251.csv,review_required,unclassified,,blocked_quality_gate,no,0,table_requires_review_or_was_rejected
extracted_tables/032_Health_Bulletin_2018/table_0252.csv,quarantined_tables/032_Health_Bulletin_2018/table_0252.csv,review_required,unclassified,,blocked_quality_gate,no,0,table_requires_review_or_was_rejected
extracted_tables/032_Health_Bulletin_2018/table_0253.csv,quarantined_tables/032_Health_Bulletin_2018/table_0253.csv,review_required,unclassified,,blocked_quality_gate,no,0,table_requires_review_or_was_rejected
extracted_tables/032_Health_Bulletin_2018/table_0254.csv,quarantined_tables/032_Health_Bulletin_2018/table_0254.csv,review_required,unclassified,,blocked_quality_gate,no,0,table_requires_review_or_was_rejected
extracted_tables/032_Health_Bulletin_2018/table_0255.csv,quarantined_tables/032_Health_Bulletin_2018/table_0255.csv,review_required,unclassified,,blocked_quality_gate,no,0,table_requires_review_or_was_rejected
extracted_tables/032_Health_Bulletin_2018/table_0256.csv,quarantined_tables/032_Health_Bulletin_2018/table_0256.csv,rejected,unclassified,,blocked_quality_gate,no,0,table_requires_review_or_was_rejected
extracted_tables/032_Health_Bulletin_2018/table_0257.csv,quarantined_tables/032_Health_Bulletin_2018/table_0257.csv,review_required,unclassified,,blocked_quality_gate,no,0,table_requires_review_or_was_rejected
extracted_tables/032_Health_Bulletin_2018/table_0258.csv,quarantined_tables/032_Health_Bulletin_2018/table_0258.csv,review_required,unclassified,,blocked_quality_gate,no,0,table_requires_review_or_was_rejected
extracted_tables/032_Health_Bulletin_2018/table_0259.csv,quarantined_tables/032_Health_Bulletin_2018/table_0259.csv,review_required,unclassified,,blocked_quality_gate,no,0,table_requires_review_or_was_rejected
extracted_tables/032_Health_Bulletin_2018/table_0260.csv,quarantined_tables/032_Health_Bulletin_2018/table_0260.csv,review_required,unclassified,,blocked_quality_gate,no,0,table_requires_review_or_was_rejected
extracted_tables/032_Health_Bulletin_2018/table_0261.csv,quarantined_tables/032_Health_Bulletin_2018/table_0261.csv,rejected,unclassified,,blocked_quality_gate,no,0,table_requires_review_or_was_rejected
extracted_tables/032_Health_Bulletin_2018/table_0262.csv,quarantined_tables/032_Health_Bulletin_2018/table_0262.csv,review_required,unclassified,,blocked_quality_gate,no,0,table_requires_review_or_was_rejected
extracted_tables/032_Health_Bulletin_2018/table_0263.csv,quarantined_tables/032_Health_Bulletin_2018/table_0263.csv,review_required,unclassified,,blocked_quality_gate,no,0,table_requires_review_or_was_rejected
extracted_tables/032_Health_Bulletin_2018/table_0264.csv,quarantined_tables/032_Health_Bulletin_2018/table_0264.csv,review_required,unclassified,,blocked_quality_gate,no,0,table_requires_review_or_was_rejected
extracted_tables/032_Health_Bulletin_2018/table_0265.csv,quarantined_tables/032_Health_Bulletin_2018/table_0265.csv,review_required,unclassified,,blocked_quality_gate,no,0,table_requires_review_or_was_rejected
extracted_tables/032_Health_Bulletin_2018/table_0266.csv,quarantined_tables/032_Health_Bulletin_2018/table_0266.csv,rejected,unclassified,,blocked_quality_gate,no,0,table_requires_review_or_was_rejected
extracted_tables/032_Health_Bulletin_2018/table_0267.csv,quarantined_tables/032_Health_Bulletin_2018/table_0267.csv,review_required,unclassified,,blocked_quality_gate,no,0,table_requires_review_or_was_rejected
extracted_tables/032_Health_Bulletin_2018/table_0268.csv,quarantined_tables/032_Health_Bulletin_2018/table_0268.csv,review_required,unclassified,,blocked_quality_gate,no,0,table_requires_review_or_was_rejected
extracted_tables/032_Health_Bulletin_2018/table_0269.csv,quarantined_tables/032_Health_Bulletin_2018/table_0269.csv,review_required,unclassified,,blocked_quality_gate,no,0,table_requires_review_or_was_rejected
extracted_tables/032_Health_Bulletin_2018/table_0270.csv,quarantined_tables/032_Health_Bulletin_2018/table_0270.csv,review_required,unclassified,,blocked_quality_gate,no,0,table_requires_review_or_was_rejected
extracted_tables/033_Health_Bulletin_2017/table_0001.csv,quarantined_tables/033_Health_Bulletin_2017/table_0001.csv,review_required,unclassified,,blocked_quality_gate,no,0,table_requires_review_or_was_rejected
extracted_tables/033_Health_Bulletin_2017/table_0002.csv,quarantined_tables/033_Health_Bulletin_2017/table_0002.csv,review_required,unclassified,,blocked_quality_gate,no,0,table_requires_review_or_was_rejected
extracted_tables/033_Health_Bulletin_2017/table_0003.csv,quarantined_tables/033_Health_Bulletin_2017/table_0003.csv,review_required,unclassified,,blocked_quality_gate,no,0,table_requires_review_or_was_rejected
extracted_tables/033_Health_Bulletin_2017/table_0004.csv,quarantined_tables/033_Health_Bulletin_2017/table_0004.csv,review_required,unclassified,,blocked_quality_gate,no,0,table_requires_review_or_was_rejected
extracted_tables/033_Health_Bulletin_2017/table_0005.csv,quarantined_tables/033_Health_Bulletin_2017/table_0005.csv,review_required,unclassified,,blocked_quality_gate,no,0,table_requires_review_or_was_rejected
extracted_tables/033_Health_Bulletin_2017/table_0006.csv,quarantined_tables/033_Health_Bulletin_2017/table_0006.csv,review_required,unclassified,,blocked_quality_gate,no,0,table_requires_review_or_was_rejected
extracted_tables/033_Health_Bulletin_2017/table_0007.csv,quarantined_tables/033_Health_Bulletin_2017/table_0007.csv,review_required,unclassified,,blocked_quality_gate,no,0,table_requires_review_or_was_rejected
extracted_tables/033_Health_Bulletin_2017/table_0008.csv,quarantined_tables/033_Health_Bulletin_2017/table_0008.csv,review_required,unclassified,,blocked_quality_gate,no,0,table_requires_review_or_was_rejected
extracted_tables/033_Health_Bulletin_2017/table_0009.csv,quarantined_tables/033_Health_Bulletin_2017/table_0009.csv,review_required,unclassified,,blocked_quality_gate,no,0,table_requires_review_or_was_rejected
extracted_tables/033_Health_Bulletin_2017/table_0010.csv,quarantined_tables/033_Health_Bulletin_2017/table_0010.csv,review_required,unclassified,,blocked_quality_gate,no,0,table_requires_review_or_was_rejected
extracted_tables/033_Health_Bulletin_2017/table_0011.csv,quarantined_tables/033_Health_Bulletin_2017/table_0011.csv,review_required,unclassified,,blocked_quality_gate,no,0,table_requires_review_or_was_rejected
extracted_tables/033_Health_Bulletin_2017/table_0012.csv,quarantined_tables/033_Health_Bulletin_2017/table_0012.csv,review_required,unclassified,,blocked_quality_gate,no,0,table_requires_review_or_was_rejected
extracted_tables/033_Health_Bulletin_2017/table_0013.csv,quarantined_tables/033_Health_Bulletin_2017/table_0013.csv,review_required,unclassified,,blocked_quality_gate,no,0,table_requires_review_or_was_rejected
extracted_tables/033_Health_Bulletin_2017/table_0014.csv,quarantined_tables/033_Health_Bulletin_2017/table_0014.csv,review_required,unclassified,,blocked_quality_gate,no,0,table_requires_review_or_was_rejected
extracted_tables/033_Health_Bulletin_2017/table_0015.csv,quarantined_tables/033_Health_Bulletin_2017/table_0015.csv,review_required,unclassified,,blocked_quality_gate,no,0,table_requires_review_or_was_rejected
extracted_tables/033_Health_Bulletin_2017/table_0016.csv,quarantined_tables/033_Health_Bulletin_2017/table_0016.csv,rejected,unclassified,,blocked_quality_gate,no,0,table_requires_review_or_was_rejected
extracted_tables/033_Health_Bulletin_2017/table_0017.csv,quarantined_tables/033_Health_Bulletin_2017/table_0017.csv,review_required,unclassified,,blocked_quality_gate,no,0,table_requires_review_or_was_rejected
extracted_tables/033_Health_Bulletin_2017/table_0018.csv,quarantined_tables/033_Health_Bulletin_2017/table_0018.csv,review_required,unclassified,,blocked_quality_gate,no,0,table_requires_review_or_was_rejected
extracted_tables/033_Health_Bulletin_2017/table_0019.csv,quarantined_tables/033_Health_Bulletin_2017/table_0019.csv,review_required,unclassified,,blocked_quality_gate,no,0,table_requires_review_or_was_rejected
extracted_tables/033_Health_Bulletin_2017/table_0020.csv,quarantined_tables/033_Health_Bulletin_2017/table_0020.csv,review_required,unclassified,,blocked_quality_gate,no,0,table_requires_review_or_was_rejected
extracted_tables/033_Health_Bulletin_2017/table_0021.csv,quarantined_tables/033_Health_Bulletin_2017/table_0021.csv,review_required,unclassified,,blocked_quality_gate,no,0,table_requires_review_or_was_rejected
extracted_tables/033_Health_Bulletin_2017/table_0022.csv,quarantined_tables/033_Health_Bulletin_2017/table_0022.csv,rejected,unclassified,,blocked_quality_gate,no,0,table_requires_review_or_was_rejected
extracted_tables/033_Health_Bulletin_2017/table_0023.csv,quarantined_tables/033_Health_Bulletin_2017/table_0023.csv,review_required,unclassified,,blocked_quality_gate,no,0,table_requires_review_or_was_rejected
extracted_tables/033_Health_Bulletin_2017/table_0024.csv,quarantined_tables/033_Health_Bulletin_2017/table_0024.csv,review_required,unclassified,,blocked_quality_gate,no,0,table_requires_review_or_was_rejected
extracted_tables/033_Health_Bulletin_2017/table_0025.csv,quarantined_tables/033_Health_Bulletin_2017/table_0025.csv,review_required,unclassified,,blocked_quality_gate,no,0,table_requires_review_or_was_rejected
extracted_tables/033_Health_Bulletin_2017/table_0026.csv,quarantined_tables/033_Health_Bulletin_2017/table_0026.csv,review_required,unclassified,,blocked_quality_gate,no,0,table_requires_review_or_was_rejected
extracted_tables/033_Health_Bulletin_2017/table_0027.csv,quarantined_tables/033_Health_Bulletin_2017/table_0027.csv,review_required,unclassified,,blocked_quality_gate,no,0,table_requires_review_or_was_rejected
extracted_tables/033_Health_Bulletin_2017/table_0028.csv,quarantined_tables/033_Health_Bulletin_2017/table_0028.csv,rejected,unclassified,,blocked_quality_gate,no,0,table_requires_review_or_was_rejected
extracted_tables/033_Health_Bulletin_2017/table_0029.csv,quarantined_tables/033_Health_Bulletin_2017/table_0029.csv,rejected,unclassified,,blocked_quality_gate,no,0,table_requires_review_or_was_rejected
extracted_tables/033_Health_Bulletin_2017/table_0030.csv,quarantined_tables/033_Health_Bulletin_2017/table_0030.csv,rejected,unclassified,,blocked_quality_gate,no,0,table_requires_review_or_was_rejected
extracted_tables/033_Health_Bulletin_2017/table_0031.csv,quarantined_tables/033_Health_Bulletin_2017/table_0031.csv,rejected,unclassified,,blocked_quality_gate,no,0,table_requires_review_or_was_rejected
extracted_tables/033_Health_Bulletin_2017/table_0032.csv,quarantined_tables/033_Health_Bulletin_2017/table_0032.csv,review_required,unclassified,,blocked_quality_gate,no,0,table_requires_review_or_was_rejected
extracted_tables/033_Health_Bulletin_2017/table_0033.csv,quarantined_tables/033_Health_Bulletin_2017/table_0033.csv,rejected,unclassified,,blocked_quality_gate,no,0,table_requires_review_or_was_rejected
extracted_tables/033_Health_Bulletin_2017/table_0034.csv,quarantined_tables/033_Health_Bulletin_2017/table_0034.csv,rejected,unclassified,,blocked_quality_gate,no,0,table_requires_review_or_was_rejected
extracted_tables/033_Health_Bulletin_2017/table_0035.csv,quarantined_tables/033_Health_Bulletin_2017/table_0035.csv,rejected,unclassified,,blocked_quality_gate,no,0,table_requires_review_or_was_rejected
extracted_tables/033_Health_Bulletin_2017/table_0036.csv,quarantined_tables/033_Health_Bulletin_2017/table_0036.csv,review_required,unclassified,,blocked_quality_gate,no,0,table_requires_review_or_was_rejected
extracted_tables/033_Health_Bulletin_2017/table_0037.csv,quarantined_tables/033_Health_Bulletin_2017/table_0037.csv,rejected,unclassified,,blocked_quality_gate,no,0,table_requires_review_or_was_rejected
extracted_tables/033_Health_Bulletin_2017/table_0038.csv,quarantined_tables/033_Health_Bulletin_2017/table_0038.csv,rejected,unclassified,,blocked_quality_gate,no,0,table_requires_review_or_was_rejected
extracted_tables/033_Health_Bulletin_2017/table_0039.csv,quarantined_tables/033_Health_Bulletin_2017/table_0039.csv,rejected,unclassified,,blocked_quality_gate,no,0,table_requires_review_or_was_rejected
extracted_tables/033_Health_Bulletin_2017/table_0040.csv,quarantined_tables/033_Health_Bulletin_2017/table_0040.csv,review_required,unclassified,,blocked_quality_gate,no,0,table_requires_review_or_was_rejected
extracted_tables/033_Health_Bulletin_2017/table_0041.csv,quarantined_tables/033_Health_Bulletin_2017/table_0041.csv,rejected,unclassified,,blocked_quality_gate,no,0,table_requires_review_or_was_rejected
extracted_tables/033_Health_Bulletin_2017/table_0042.csv,quarantined_tables/033_Health_Bulletin_2017/table_0042.csv,rejected,unclassified,,blocked_quality_gate,no,0,table_requires_review_or_was_rejected
extracted_tables/033_Health_Bulletin_2017/table_0043.csv,quarantined_tables/033_Health_Bulletin_2017/table_0043.csv,review_required,unclassified,,blocked_quality_gate,no,0,table_requires_review_or_was_rejected
extracted_tables/033_Health_Bulletin_2017/table_0044.csv,quarantined_tables/033_Health_Bulletin_2017/table_0044.csv,review_required,unclassified,,blocked_quality_gate,no,0,table_requires_review_or_was_rejected
extracted_tables/033_Health_Bulletin_2017/table_0045.csv,quarantined_tables/033_Health_Bulletin_2017/table_0045.csv,review_required,unclassified,,blocked_quality_gate,no,0,table_requires_review_or_was_rejected
extracted_tables/033_Health_Bulletin_2017/table_0046.csv,quarantined_tables/033_Health_Bulletin_2017/table_0046.csv,review_required,unclassified,,blocked_quality_gate,no,0,table_requires_review_or_was_rejected
extracted_tables/033_Health_Bulletin_2017/table_0047.csv,quarantined_tables/033_Health_Bulletin_2017/table_0047.csv,rejected,unclassified,,blocked_quality_gate,no,0,table_requires_review_or_was_rejected
extracted_tables/033_Health_Bulletin_2017/table_0048.csv,quarantined_tables/033_Health_Bulletin_2017/table_0048.csv,rejected,unclassified,,blocked_quality_gate,no,0,table_requires_review_or_was_rejected
extracted_tables/033_Health_Bulletin_2017/table_0049.csv,quarantined_tables/033_Health_Bulletin_2017/table_0049.csv,rejected,unclassified,,blocked_quality_gate,no,0,table_requires_review_or_was_rejected
extracted_tables/033_Health_Bulletin_2017/table_0050.csv,quarantined_tables/033_Health_Bulletin_2017/table_0050.csv,review_required,unclassified,,blocked_quality_gate,no,0,table_requires_review_or_was_rejected
extracted_tables/033_Health_Bulletin_2017/table_0051.csv,quarantined_tables/033_Health_Bulletin_2017/table_0051.csv,review_required,unclassified,,blocked_quality_gate,no,0,table_requires_review_or_was_rejected
extracted_tables/033_Health_Bulletin_2017/table_0052.csv,quarantined_tables/033_Health_Bulletin_2017/table_0052.csv,review_required,unclassified,,blocked_quality_gate,no,0,table_requires_review_or_was_rejected
extracted_tables/033_Health_Bulletin_2017/table_0053.csv,quarantined_tables/033_Health_Bulletin_2017/table_0053.csv,review_required,unclassified,,blocked_quality_gate,no,0,table_requires_review_or_was_rejected
extracted_tables/033_Health_Bulletin_2017/table_0054.csv,quarantined_tables/033_Health_Bulletin_2017/table_0054.csv,review_required,unclassified,,blocked_quality_gate,no,0,table_requires_review_or_was_rejected
extracted_tables/033_Health_Bulletin_2017/table_0055.csv,quarantined_tables/033_Health_Bulletin_2017/table_0055.csv,review_required,unclassified,,blocked_quality_gate,no,0,table_requires_review_or_was_rejected
extracted_tables/033_Health_Bulletin_2017/table_0056.csv,quarantined_tables/033_Health_Bulletin_2017/table_0056.csv,review_required,unclassified,,blocked_quality_gate,no,0,table_requires_review_or_was_rejected
extracted_tables/033_Health_Bulletin_2017/table_0057.csv,quarantined_tables/033_Health_Bulletin_2017/table_0057.csv,review_required,unclassified,,blocked_quality_gate,no,0,table_requires_review_or_was_rejected
extracted_tables/033_Health_Bulletin_2017/table_0058.csv,quarantined_tables/033_Health_Bulletin_2017/table_0058.csv,review_required,unclassified,,blocked_quality_gate,no,0,table_requires_review_or_was_rejected
extracted_tables/033_Health_Bulletin_2017/table_0059.csv,quarantined_tables/033_Health_Bulletin_2017/table_0059.csv,review_required,unclassified,,blocked_quality_gate,no,0,table_requires_review_or_was_rejected
extracted_tables/033_Health_Bulletin_2017/table_0060.csv,quarantined_tables/033_Health_Bulletin_2017/table_0060.csv,review_required,unclassified,,blocked_quality_gate,no,0,table_requires_review_or_was_rejected
extracted_tables/033_Health_Bulletin_2017/table_0061.csv,quarantined_tables/033_Health_Bulletin_2017/table_0061.csv,review_required,unclassified,,blocked_quality_gate,no,0,table_requires_review_or_was_rejected
extracted_tables/033_Health_Bulletin_2017/table_0062.csv,quarantined_tables/033_Health_Bulletin_2017/table_0062.csv,review_required,unclassified,,blocked_quality_gate,no,0,table_requires_review_or_was_rejected
extracted_tables/033_Health_Bulletin_2017/table_0063.csv,quarantined_tables/033_Health_Bulletin_2017/table_0063.csv,review_required,unclassified,,blocked_quality_gate,no,0,table_requires_review_or_was_rejected
extracted_tables/033_Health_Bulletin_2017/table_0064.csv,quarantined_tables/033_Health_Bulletin_2017/table_0064.csv,review_required,unclassified,,blocked_quality_gate,no,0,table_requires_review_or_was_rejected
extracted_tables/033_Health_Bulletin_2017/table_0065.csv,quarantined_tables/033_Health_Bulletin_2017/table_0065.csv,review_required,unclassified,,blocked_quality_gate,no,0,table_requires_review_or_was_rejected
extracted_tables/033_Health_Bulletin_2017/table_0066.csv,quarantined_tables/033_Health_Bulletin_2017/table_0066.csv,review_required,unclassified,,blocked_quality_gate,no,0,table_requires_review_or_was_rejected
extracted_tables/033_Health_Bulletin_2017/table_0067.csv,quarantined_tables/033_Health_Bulletin_2017/table_0067.csv,review_required,unclassified,,blocked_quality_gate,no,0,table_requires_review_or_was_rejected
extracted_tables/033_Health_Bulletin_2017/table_0068.csv,quarantined_tables/033_Health_Bulletin_2017/table_0068.csv,rejected,unclassified,,blocked_quality_gate,no,0,table_requires_review_or_was_rejected
extracted_tables/033_Health_Bulletin_2017/table_0069.csv,quarantined_tables/033_Health_Bulletin_2017/table_0069.csv,rejected,unclassified,,blocked_quality_gate,no,0,table_requires_review_or_was_rejected
extracted_tables/033_Health_Bulletin_2017/table_0070.csv,quarantined_tables/033_Health_Bulletin_2017/table_0070.csv,rejected,unclassified,,blocked_quality_gate,no,0,table_requires_review_or_was_rejected
extracted_tables/033_Health_Bulletin_2017/table_0071.csv,quarantined_tables/033_Health_Bulletin_2017/table_0071.csv,review_required,unclassified,,blocked_quality_gate,no,0,table_requires_review_or_was_rejected
extracted_tables/033_Health_Bulletin_2017/table_0072.csv,quarantined_tables/033_Health_Bulletin_2017/table_0072.csv,review_required,unclassified,,blocked_quality_gate,no,0,table_requires_review_or_was_rejected
extracted_tables/033_Health_Bulletin_2017/table_0073.csv,quarantined_tables/033_Health_Bulletin_2017/table_0073.csv,review_required,unclassified,,blocked_quality_gate,no,0,table_requires_review_or_was_rejected
extracted_tables/033_Health_Bulletin_2017/table_0074.csv,quarantined_tables/033_Health_Bulletin_2017/table_0074.csv,review_required,unclassified,,blocked_quality_gate,no,0,table_requires_review_or_was_rejected
extracted_tables/033_Health_Bulletin_2017/table_0075.csv,quarantined_tables/033_Health_Bulletin_2017/table_0075.csv,review_required,unclassified,,blocked_quality_gate,no,0,table_requires_review_or_was_rejected
extracted_tables/033_Health_Bulletin_2017/table_0076.csv,quarantined_tables/033_Health_Bulletin_2017/table_0076.csv,review_required,unclassified,,blocked_quality_gate,no,0,table_requires_review_or_was_rejected
extracted_tables/033_Health_Bulletin_2017/table_0077.csv,quarantined_tables/033_Health_Bulletin_2017/table_0077.csv,review_required,unclassified,,blocked_quality_gate,no,0,table_requires_review_or_was_rejected
extracted_tables/033_Health_Bulletin_2017/table_0078.csv,quarantined_tables/033_Health_Bulletin_2017/table_0078.csv,review_required,unclassified,,blocked_quality_gate,no,0,table_requires_review_or_was_rejected
extracted_tables/033_Health_Bulletin_2017/table_0079.csv,quarantined_tables/033_Health_Bulletin_2017/table_0079.csv,review_required,unclassified,,blocked_quality_gate,no,0,table_requires_review_or_was_rejected
extracted_tables/033_Health_Bulletin_2017/table_0080.csv,quarantined_tables/033_Health_Bulletin_2017/table_0080.csv,review_required,unclassified,,blocked_quality_gate,no,0,table_requires_review_or_was_rejected
extracted_tables/033_Health_Bulletin_2017/table_0081.csv,quarantined_tables/033_Health_Bulletin_2017/table_0081.csv,review_required,unclassified,,blocked_quality_gate,no,0,table_requires_review_or_was_rejected
extracted_tables/033_Health_Bulletin_2017/table_0082.csv,quarantined_tables/033_Health_Bulletin_2017/table_0082.csv,review_required,unclassified,,blocked_quality_gate,no,0,table_requires_review_or_was_rejected
extracted_tables/033_Health_Bulletin_2017/table_0083.csv,quarantined_tables/033_Health_Bulletin_2017/table_0083.csv,review_required,unclassified,,blocked_quality_gate,no,0,table_requires_review_or_was_rejected
extracted_tables/033_Health_Bulletin_2017/table_0084.csv,quarantined_tables/033_Health_Bulletin_2017/table_0084.csv,review_required,unclassified,,blocked_quality_gate,no,0,table_requires_review_or_was_rejected
extracted_tables/033_Health_Bulletin_2017/table_0085.csv,quarantined_tables/033_Health_Bulletin_2017/table_0085.csv,review_required,unclassified,,blocked_quality_gate,no,0,table_requires_review_or_was_rejected
extracted_tables/033_Health_Bulletin_2017/table_0086.csv,quarantined_tables/033_Health_Bulletin_2017/table_0086.csv,review_required,unclassified,,blocked_quality_gate,no,0,table_requires_review_or_was_rejected
extracted_tables/033_Health_Bulletin_2017/table_0087.csv,quarantined_tables/033_Health_Bulletin_2017/table_0087.csv,review_required,unclassified,,blocked_quality_gate,no,0,table_requires_review_or_was_rejected
extracted_tables/033_Health_Bulletin_2017/table_0088.csv,quarantined_tables/033_Health_Bulletin_2017/table_0088.csv,rejected,unclassified,,blocked_quality_gate,no,0,table_requires_review_or_was_rejected
extracted_tables/033_Health_Bulletin_2017/table_0089.csv,quarantined_tables/033_Health_Bulletin_2017/table_0089.csv,review_required,unclassified,,blocked_quality_gate,no,0,table_requires_review_or_was_rejected
extracted_tables/033_Health_Bulletin_2017/table_0090.csv,quarantined_tables/033_Health_Bulletin_2017/table_0090.csv,review_required,unclassified,,blocked_quality_gate,no,0,table_requires_review_or_was_rejected
extracted_tables/033_Health_Bulletin_2017/table_0091.csv,quarantined_tables/033_Health_Bulletin_2017/table_0091.csv,review_required,unclassified,,blocked_quality_gate,no,0,table_requires_review_or_was_rejected
extracted_tables/033_Health_Bulletin_2017/table_0092.csv,quarantined_tables/033_Health_Bulletin_2017/table_0092.csv,review_required,unclassified,,blocked_quality_gate,no,0,table_requires_review_or_was_rejected
extracted_tables/033_Health_Bulletin_2017/table_0093.csv,quarantined_tables/033_Health_Bulletin_2017/table_0093.csv,review_required,unclassified,,blocked_quality_gate,no,0,table_requires_review_or_was_rejected
extracted_tables/033_Health_Bulletin_2017/table_0094.csv,quarantined_tables/033_Health_Bulletin_2017/table_0094.csv,review_required,unclassified,,blocked_quality_gate,no,0,table_requires_review_or_was_rejected
extracted_tables/033_Health_Bulletin_2017/table_0095.csv,quarantined_tables/033_Health_Bulletin_2017/table_0095.csv,review_required,unclassified,,blocked_quality_gate,no,0,table_requires_review_or_was_rejected
extracted_tables/033_Health_Bulletin_2017/table_0096.csv,quarantined_tables/033_Health_Bulletin_2017/table_0096.csv,review_required,unclassified,,blocked_quality_gate,no,0,table_requires_review_or_was_rejected
extracted_tables/033_Health_Bulletin_2017/table_0097.csv,quarantined_tables/033_Health_Bulletin_2017/table_0097.csv,review_required,unclassified,,blocked_quality_gate,no,0,table_requires_review_or_was_rejected
extracted_tables/033_Health_Bulletin_2017/table_0098.csv,quarantined_tables/033_Health_Bulletin_2017/table_0098.csv,rejected,unclassified,,blocked_quality_gate,no,0,table_requires_review_or_was_rejected
extracted_tables/033_Health_Bulletin_2017/table_0099.csv,quarantined_tables/033_Health_Bulletin_2017/table_0099.csv,review_required,unclassified,,blocked_quality_gate,no,0,table_requires_review_or_was_rejected
extracted_tables/033_Health_Bulletin_2017/table_0100.csv,quarantined_tables/033_Health_Bulletin_2017/table_0100.csv,review_required,unclassified,,blocked_quality_gate,no,0,table_requires_review_or_was_rejected
extracted_tables/033_Health_Bulletin_2017/table_0101.csv,quarantined_tables/033_Health_Bulletin_2017/table_0101.csv,review_required,unclassified,,blocked_quality_gate,no,0,table_requires_review_or_was_rejected
extracted_tables/033_Health_Bulletin_2017/table_0102.csv,quarantined_tables/033_Health_Bulletin_2017/table_0102.csv,review_required,unclassified,,blocked_quality_gate,no,0,table_requires_review_or_was_rejected
extracted_tables/033_Health_Bulletin_2017/table_0103.csv,quarantined_tables/033_Health_Bulletin_2017/table_0103.csv,review_required,unclassified,,blocked_quality_gate,no,0,table_requires_review_or_was_rejected
extracted_tables/033_Health_Bulletin_2017/table_0104.csv,quarantined_tables/033_Health_Bulletin_2017/table_0104.csv,review_required,unclassified,,blocked_quality_gate,no,0,table_requires_review_or_was_rejected
extracted_tables/033_Health_Bulletin_2017/table_0105.csv,quarantined_tables/033_Health_Bulletin_2017/table_0105.csv,review_required,unclassified,,blocked_quality_gate,no,0,table_requires_review_or_was_rejected
extracted_tables/033_Health_Bulletin_2017/table_0106.csv,quarantined_tables/033_Health_Bulletin_2017/table_0106.csv,review_required,unclassified,,blocked_quality_gate,no,0,table_requires_review_or_was_rejected
extracted_tables/033_Health_Bulletin_2017/table_0107.csv,quarantined_tables/033_Health_Bulletin_2017/table_0107.csv,review_required,unclassified,,blocked_quality_gate,no,0,table_requires_review_or_was_rejected
extracted_tables/033_Health_Bulletin_2017/table_0108.csv,quarantined_tables/033_Health_Bulletin_2017/table_0108.csv,review_required,unclassified,,blocked_quality_gate,no,0,table_requires_review_or_was_rejected
extracted_tables/033_Health_Bulletin_2017/table_0109.csv,quarantined_tables/033_Health_Bulletin_2017/table_0109.csv,review_required,unclassified,,blocked_quality_gate,no,0,table_requires_review_or_was_rejected
extracted_tables/033_Health_Bulletin_2017/table_0110.csv,quarantined_tables/033_Health_Bulletin_2017/table_0110.csv,review_required,unclassified,,blocked_quality_gate,no,0,table_requires_review_or_was_rejected
extracted_tables/033_Health_Bulletin_2017/table_0111.csv,quarantined_tables/033_Health_Bulletin_2017/table_0111.csv,review_required,unclassified,,blocked_quality_gate,no,0,table_requires_review_or_was_rejected
extracted_tables/033_Health_Bulletin_2017/table_0112.csv,quarantined_tables/033_Health_Bulletin_2017/table_0112.csv,review_required,unclassified,,blocked_quality_gate,no,0,table_requires_review_or_was_rejected
extracted_tables/033_Health_Bulletin_2017/table_0113.csv,quarantined_tables/033_Health_Bulletin_2017/table_0113.csv,review_required,unclassified,,blocked_quality_gate,no,0,table_requires_review_or_was_rejected
extracted_tables/033_Health_Bulletin_2017/table_0114.csv,quarantined_tables/033_Health_Bulletin_2017/table_0114.csv,review_required,unclassified,,blocked_quality_gate,no,0,table_requires_review_or_was_rejected
extracted_tables/033_Health_Bulletin_2017/table_0115.csv,quarantined_tables/033_Health_Bulletin_2017/table_0115.csv,review_required,unclassified,,blocked_quality_gate,no,0,table_requires_review_or_was_rejected
extracted_tables/033_Health_Bulletin_2017/table_0116.csv,quarantined_tables/033_Health_Bulletin_2017/table_0116.csv,review_required,unclassified,,blocked_quality_gate,no,0,table_requires_review_or_was_rejected
extracted_tables/033_Health_Bulletin_2017/table_0117.csv,quarantined_tables/033_Health_Bulletin_2017/table_0117.csv,rejected,unclassified,,blocked_quality_gate,no,0,table_requires_review_or_was_rejected
extracted_tables/033_Health_Bulletin_2017/table_0118.csv,quarantined_tables/033_Health_Bulletin_2017/table_0118.csv,review_required,unclassified,,blocked_quality_gate,no,0,table_requires_review_or_was_rejected
extracted_tables/033_Health_Bulletin_2017/table_0119.csv,quarantined_tables/033_Health_Bulletin_2017/table_0119.csv,rejected,unclassified,,blocked_quality_gate,no,0,table_requires_review_or_was_rejected
extracted_tables/033_Health_Bulletin_2017/table_0120.csv,quarantined_tables/033_Health_Bulletin_2017/table_0120.csv,rejected,unclassified,,blocked_quality_gate,no,0,table_requires_review_or_was_rejected
extracted_tables/033_Health_Bulletin_2017/table_0121.csv,quarantined_tables/033_Health_Bulletin_2017/table_0121.csv,rejected,unclassified,,blocked_quality_gate,no,0,table_requires_review_or_was_rejected
extracted_tables/033_Health_Bulletin_2017/table_0122.csv,quarantined_tables/033_Health_Bulletin_2017/table_0122.csv,review_required,unclassified,,blocked_quality_gate,no,0,table_requires_review_or_was_rejected
extracted_tables/033_Health_Bulletin_2017/table_0123.csv,quarantined_tables/033_Health_Bulletin_2017/table_0123.csv,review_required,unclassified,,blocked_quality_gate,no,0,table_requires_review_or_was_rejected
extracted_tables/033_Health_Bulletin_2017/table_0124.csv,quarantined_tables/033_Health_Bulletin_2017/table_0124.csv,review_required,unclassified,,blocked_quality_gate,no,0,table_requires_review_or_was_rejected
extracted_tables/033_Health_Bulletin_2017/table_0125.csv,quarantined_tables/033_Health_Bulletin_2017/table_0125.csv,review_required,unclassified,,blocked_quality_gate,no,0,table_requires_review_or_was_rejected
extracted_tables/033_Health_Bulletin_2017/table_0126.csv,quarantined_tables/033_Health_Bulletin_2017/table_0126.csv,review_required,unclassified,,blocked_quality_gate,no,0,table_requires_review_or_was_rejected
extracted_tables/033_Health_Bulletin_2017/table_0127.csv,quarantined_tables/033_Health_Bulletin_2017/table_0127.csv,review_required,unclassified,,blocked_quality_gate,no,0,table_requires_review_or_was_rejected
extracted_tables/033_Health_Bulletin_2017/table_0128.csv,quarantined_tables/033_Health_Bulletin_2017/table_0128.csv,rejected,unclassified,,blocked_quality_gate,no,0,table_requires_review_or_was_rejected
extracted_tables/033_Health_Bulletin_2017/table_0129.csv,quarantined_tables/033_Health_Bulletin_2017/table_0129.csv,review_required,unclassified,,blocked_quality_gate,no,0,table_requires_review_or_was_rejected
extracted_tables/033_Health_Bulletin_2017/table_0130.csv,quarantined_tables/033_Health_Bulletin_2017/table_0130.csv,review_required,unclassified,,blocked_quality_gate,no,0,table_requires_review_or_was_rejected
extracted_tables/033_Health_Bulletin_2017/table_0131.csv,quarantined_tables/033_Health_Bulletin_2017/table_0131.csv,review_required,unclassified,,blocked_quality_gate,no,0,table_requires_review_or_was_rejected
extracted_tables/033_Health_Bulletin_2017/table_0132.csv,quarantined_tables/033_Health_Bulletin_2017/table_0132.csv,review_required,unclassified,,blocked_quality_gate,no,0,table_requires_review_or_was_rejected
extracted_tables/033_Health_Bulletin_2017/table_0133.csv,quarantined_tables/033_Health_Bulletin_2017/table_0133.csv,review_required,unclassified,,blocked_quality_gate,no,0,table_requires_review_or_was_rejected
extracted_tables/033_Health_Bulletin_2017/table_0134.csv,quarantined_tables/033_Health_Bulletin_2017/table_0134.csv,review_required,unclassified,,blocked_quality_gate,no,0,table_requires_review_or_was_rejected
extracted_tables/033_Health_Bulletin_2017/table_0135.csv,quarantined_tables/033_Health_Bulletin_2017/table_0135.csv,review_required,unclassified,,blocked_quality_gate,no,0,table_requires_review_or_was_rejected
extracted_tables/033_Health_Bulletin_2017/table_0136.csv,quarantined_tables/033_Health_Bulletin_2017/table_0136.csv,review_required,unclassified,,blocked_quality_gate,no,0,table_requires_review_or_was_rejected
extracted_tables/033_Health_Bulletin_2017/table_0137.csv,quarantined_tables/033_Health_Bulletin_2017/table_0137.csv,review_required,unclassified,,blocked_quality_gate,no,0,table_requires_review_or_was_rejected
extracted_tables/033_Health_Bulletin_2017/table_0138.csv,quarantined_tables/033_Health_Bulletin_2017/table_0138.csv,review_required,unclassified,,blocked_quality_gate,no,0,table_requires_review_or_was_rejected
extracted_tables/033_Health_Bulletin_2017/table_0139.csv,quarantined_tables/033_Health_Bulletin_2017/table_0139.csv,review_required,unclassified,,blocked_quality_gate,no,0,table_requires_review_or_was_rejected
extracted_tables/033_Health_Bulletin_2017/table_0140.csv,quarantined_tables/033_Health_Bulletin_2017/table_0140.csv,review_required,unclassified,,blocked_quality_gate,no,0,table_requires_review_or_was_rejected
extracted_tables/033_Health_Bulletin_2017/table_0141.csv,quarantined_tables/033_Health_Bulletin_2017/table_0141.csv,rejected,unclassified,,blocked_quality_gate,no,0,table_requires_review_or_was_rejected
extracted_tables/033_Health_Bulletin_2017/table_0142.csv,quarantined_tables/033_Health_Bulletin_2017/table_0142.csv,rejected,unclassified,,blocked_quality_gate,no,0,table_requires_review_or_was_rejected
extracted_tables/033_Health_Bulletin_2017/table_0143.csv,quarantined_tables/033_Health_Bulletin_2017/table_0143.csv,rejected,unclassified,,blocked_quality_gate,no,0,table_requires_review_or_was_rejected
extracted_tables/033_Health_Bulletin_2017/table_0144.csv,quarantined_tables/033_Health_Bulletin_2017/table_0144.csv,rejected,unclassified,,blocked_quality_gate,no,0,table_requires_review_or_was_rejected
extracted_tables/033_Health_Bulletin_2017/table_0145.csv,quarantined_tables/033_Health_Bulletin_2017/table_0145.csv,review_required,unclassified,,blocked_quality_gate,no,0,table_requires_review_or_was_rejected
extracted_tables/033_Health_Bulletin_2017/table_0146.csv,quarantined_tables/033_Health_Bulletin_2017/table_0146.csv,review_required,unclassified,,blocked_quality_gate,no,0,table_requires_review_or_was_rejected
extracted_tables/033_Health_Bulletin_2017/table_0147.csv,quarantined_tables/033_Health_Bulletin_2017/table_0147.csv,review_required,unclassified,,blocked_quality_gate,no,0,table_requires_review_or_was_rejected
extracted_tables/033_Health_Bulletin_2017/table_0148.csv,quarantined_tables/033_Health_Bulletin_2017/table_0148.csv,review_required,unclassified,,blocked_quality_gate,no,0,table_requires_review_or_was_rejected
extracted_tables/033_Health_Bulletin_2017/table_0149.csv,quarantined_tables/033_Health_Bulletin_2017/table_0149.csv,review_required,unclassified,,blocked_quality_gate,no,0,table_requires_review_or_was_rejected
extracted_tables/033_Health_Bulletin_2017/table_0150.csv,quarantined_tables/033_Health_Bulletin_2017/table_0150.csv,review_required,unclassified,,blocked_quality_gate,no,0,table_requires_review_or_was_rejected
extracted_tables/033_Health_Bulletin_2017/table_0151.csv,quarantined_tables/033_Health_Bulletin_2017/table_0151.csv,rejected,unclassified,,blocked_quality_gate,no,0,table_requires_review_or_was_rejected
extracted_tables/033_Health_Bulletin_2017/table_0152.csv,quarantined_tables/033_Health_Bulletin_2017/table_0152.csv,rejected,unclassified,,blocked_quality_gate,no,0,table_requires_review_or_was_rejected
extracted_tables/033_Health_Bulletin_2017/table_0153.csv,quarantined_tables/033_Health_Bulletin_2017/table_0153.csv,rejected,unclassified,,blocked_quality_gate,no,0,table_requires_review_or_was_rejected
extracted_tables/033_Health_Bulletin_2017/table_0154.csv,quarantined_tables/033_Health_Bulletin_2017/table_0154.csv,rejected,unclassified,,blocked_quality_gate,no,0,table_requires_review_or_was_rejected
extracted_tables/033_Health_Bulletin_2017/table_0155.csv,quarantined_tables/033_Health_Bulletin_2017/table_0155.csv,rejected,unclassified,,blocked_quality_gate,no,0,table_requires_review_or_was_rejected
extracted_tables/033_Health_Bulletin_2017/table_0156.csv,quarantined_tables/033_Health_Bulletin_2017/table_0156.csv,review_required,unclassified,,blocked_quality_gate,no,0,table_requires_review_or_was_rejected
extracted_tables/033_Health_Bulletin_2017/table_0157.csv,quarantined_tables/033_Health_Bulletin_2017/table_0157.csv,review_required,unclassified,,blocked_quality_gate,no,0,table_requires_review_or_was_rejected
extracted_tables/033_Health_Bulletin_2017/table_0158.csv,quarantined_tables/033_Health_Bulletin_2017/table_0158.csv,rejected,unclassified,,blocked_quality_gate,no,0,table_requires_review_or_was_rejected
extracted_tables/033_Health_Bulletin_2017/table_0159.csv,quarantined_tables/033_Health_Bulletin_2017/table_0159.csv,rejected,unclassified,,blocked_quality_gate,no,0,table_requires_review_or_was_rejected
extracted_tables/033_Health_Bulletin_2017/table_0160.csv,quarantined_tables/033_Health_Bulletin_2017/table_0160.csv,rejected,unclassified,,blocked_quality_gate,no,0,table_requires_review_or_was_rejected
extracted_tables/033_Health_Bulletin_2017/table_0161.csv,quarantined_tables/033_Health_Bulletin_2017/table_0161.csv,rejected,unclassified,,blocked_quality_gate,no,0,table_requires_review_or_was_rejected
extracted_tables/033_Health_Bulletin_2017/table_0162.csv,quarantined_tables/033_Health_Bulletin_2017/table_0162.csv,rejected,unclassified,,blocked_quality_gate,no,0,table_requires_review_or_was_rejected
extracted_tables/033_Health_Bulletin_2017/table_0163.csv,quarantined_tables/033_Health_Bulletin_2017/table_0163.csv,rejected,unclassified,,blocked_quality_gate,no,0,table_requires_review_or_was_rejected
extracted_tables/033_Health_Bulletin_2017/table_0164.csv,quarantined_tables/033_Health_Bulletin_2017/table_0164.csv,review_required,unclassified,,blocked_quality_gate,no,0,table_requires_review_or_was_rejected
extracted_tables/033_Health_Bulletin_2017/table_0165.csv,quarantined_tables/033_Health_Bulletin_2017/table_0165.csv,review_required,unclassified,,blocked_quality_gate,no,0,table_requires_review_or_was_rejected
extracted_tables/033_Health_Bulletin_2017/table_0166.csv,quarantined_tables/033_Health_Bulletin_2017/table_0166.csv,review_required,unclassified,,blocked_quality_gate,no,0,table_requires_review_or_was_rejected
extracted_tables/033_Health_Bulletin_2017/table_0167.csv,quarantined_tables/033_Health_Bulletin_2017/table_0167.csv,review_required,unclassified,,blocked_quality_gate,no,0,table_requires_review_or_was_rejected
extracted_tables/033_Health_Bulletin_2017/table_0168.csv,quarantined_tables/033_Health_Bulletin_2017/table_0168.csv,review_required,unclassified,,blocked_quality_gate,no,0,table_requires_review_or_was_rejected
extracted_tables/033_Health_Bulletin_2017/table_0169.csv,quarantined_tables/033_Health_Bulletin_2017/table_0169.csv,review_required,unclassified,,blocked_quality_gate,no,0,table_requires_review_or_was_rejected
extracted_tables/033_Health_Bulletin_2017/table_0170.csv,quarantined_tables/033_Health_Bulletin_2017/table_0170.csv,review_required,unclassified,,blocked_quality_gate,no,0,table_requires_review_or_was_rejected
extracted_tables/033_Health_Bulletin_2017/table_0171.csv,quarantined_tables/033_Health_Bulletin_2017/table_0171.csv,review_required,unclassified,,blocked_quality_gate,no,0,table_requires_review_or_was_rejected
extracted_tables/033_Health_Bulletin_2017/table_0172.csv,quarantined_tables/033_Health_Bulletin_2017/table_0172.csv,review_required,unclassified,,blocked_quality_gate,no,0,table_requires_review_or_was_rejected
extracted_tables/033_Health_Bulletin_2017/table_0173.csv,quarantined_tables/033_Health_Bulletin_2017/table_0173.csv,review_required,unclassified,,blocked_quality_gate,no,0,table_requires_review_or_was_rejected
extracted_tables/033_Health_Bulletin_2017/table_0174.csv,quarantined_tables/033_Health_Bulletin_2017/table_0174.csv,review_required,unclassified,,blocked_quality_gate,no,0,table_requires_review_or_was_rejected
extracted_tables/033_Health_Bulletin_2017/table_0175.csv,quarantined_tables/033_Health_Bulletin_2017/table_0175.csv,review_required,unclassified,,blocked_quality_gate,no,0,table_requires_review_or_was_rejected
extracted_tables/033_Health_Bulletin_2017/table_0176.csv,quarantined_tables/033_Health_Bulletin_2017/table_0176.csv,review_required,unclassified,,blocked_quality_gate,no,0,table_requires_review_or_was_rejected
extracted_tables/033_Health_Bulletin_2017/table_0177.csv,quarantined_tables/033_Health_Bulletin_2017/table_0177.csv,review_required,unclassified,,blocked_quality_gate,no,0,table_requires_review_or_was_rejected
extracted_tables/033_Health_Bulletin_2017/table_0178.csv,quarantined_tables/033_Health_Bulletin_2017/table_0178.csv,review_required,unclassified,,blocked_quality_gate,no,0,table_requires_review_or_was_rejected
extracted_tables/033_Health_Bulletin_2017/table_0179.csv,quarantined_tables/033_Health_Bulletin_2017/table_0179.csv,review_required,unclassified,,blocked_quality_gate,no,0,table_requires_review_or_was_rejected
extracted_tables/033_Health_Bulletin_2017/table_0180.csv,quarantined_tables/033_Health_Bulletin_2017/table_0180.csv,review_required,unclassified,,blocked_quality_gate,no,0,table_requires_review_or_was_rejected
extracted_tables/033_Health_Bulletin_2017/table_0181.csv,quarantined_tables/033_Health_Bulletin_2017/table_0181.csv,review_required,unclassified,,blocked_quality_gate,no,0,table_requires_review_or_was_rejected
extracted_tables/033_Health_Bulletin_2017/table_0182.csv,quarantined_tables/033_Health_Bulletin_2017/table_0182.csv,review_required,unclassified,,blocked_quality_gate,no,0,table_requires_review_or_was_rejected
extracted_tables/033_Health_Bulletin_2017/table_0183.csv,quarantined_tables/033_Health_Bulletin_2017/table_0183.csv,review_required,unclassified,,blocked_quality_gate,no,0,table_requires_review_or_was_rejected
extracted_tables/033_Health_Bulletin_2017/table_0184.csv,quarantined_tables/033_Health_Bulletin_2017/table_0184.csv,review_required,unclassified,,blocked_quality_gate,no,0,table_requires_review_or_was_rejected
extracted_tables/033_Health_Bulletin_2017/table_0185.csv,quarantined_tables/033_Health_Bulletin_2017/table_0185.csv,review_required,unclassified,,blocked_quality_gate,no,0,table_requires_review_or_was_rejected
extracted_tables/033_Health_Bulletin_2017/table_0186.csv,quarantined_tables/033_Health_Bulletin_2017/table_0186.csv,review_required,unclassified,,blocked_quality_gate,no,0,table_requires_review_or_was_rejected
extracted_tables/033_Health_Bulletin_2017/table_0187.csv,quarantined_tables/033_Health_Bulletin_2017/table_0187.csv,review_required,unclassified,,blocked_quality_gate,no,0,table_requires_review_or_was_rejected
extracted_tables/033_Health_Bulletin_2017/table_0188.csv,quarantined_tables/033_Health_Bulletin_2017/table_0188.csv,review_required,unclassified,,blocked_quality_gate,no,0,table_requires_review_or_was_rejected
extracted_tables/033_Health_Bulletin_2017/table_0189.csv,quarantined_tables/033_Health_Bulletin_2017/table_0189.csv,review_required,unclassified,,blocked_quality_gate,no,0,table_requires_review_or_was_rejected
extracted_tables/033_Health_Bulletin_2017/table_0190.csv,quarantined_tables/033_Health_Bulletin_2017/table_0190.csv,review_required,unclassified,,blocked_quality_gate,no,0,table_requires_review_or_was_rejected
extracted_tables/033_Health_Bulletin_2017/table_0191.csv,quarantined_tables/033_Health_Bulletin_2017/table_0191.csv,review_required,unclassified,,blocked_quality_gate,no,0,table_requires_review_or_was_rejected
extracted_tables/033_Health_Bulletin_2017/table_0192.csv,quarantined_tables/033_Health_Bulletin_2017/table_0192.csv,review_required,unclassified,,blocked_quality_gate,no,0,table_requires_review_or_was_rejected
extracted_tables/033_Health_Bulletin_2017/table_0193.csv,quarantined_tables/033_Health_Bulletin_2017/table_0193.csv,review_required,unclassified,,blocked_quality_gate,no,0,table_requires_review_or_was_rejected
extracted_tables/033_Health_Bulletin_2017/table_0194.csv,quarantined_tables/033_Health_Bulletin_2017/table_0194.csv,review_required,unclassified,,blocked_quality_gate,no,0,table_requires_review_or_was_rejected
extracted_tables/033_Health_Bulletin_2017/table_0195.csv,quarantined_tables/033_Health_Bulletin_2017/table_0195.csv,review_required,unclassified,,blocked_quality_gate,no,0,table_requires_review_or_was_rejected
extracted_tables/033_Health_Bulletin_2017/table_0196.csv,quarantined_tables/033_Health_Bulletin_2017/table_0196.csv,review_required,unclassified,,blocked_quality_gate,no,0,table_requires_review_or_was_rejected
extracted_tables/033_Health_Bulletin_2017/table_0197.csv,quarantined_tables/033_Health_Bulletin_2017/table_0197.csv,review_required,unclassified,,blocked_quality_gate,no,0,table_requires_review_or_was_rejected
extracted_tables/033_Health_Bulletin_2017/table_0198.csv,quarantined_tables/033_Health_Bulletin_2017/table_0198.csv,review_required,unclassified,,blocked_quality_gate,no,0,table_requires_review_or_was_rejected
extracted_tables/033_Health_Bulletin_2017/table_0199.csv,quarantined_tables/033_Health_Bulletin_2017/table_0199.csv,review_required,unclassified,,blocked_quality_gate,no,0,table_requires_review_or_was_rejected
extracted_tables/033_Health_Bulletin_2017/table_0200.csv,quarantined_tables/033_Health_Bulletin_2017/table_0200.csv,review_required,unclassified,,blocked_quality_gate,no,0,table_requires_review_or_was_rejected
extracted_tables/033_Health_Bulletin_2017/table_0201.csv,quarantined_tables/033_Health_Bulletin_2017/table_0201.csv,review_required,unclassified,,blocked_quality_gate,no,0,table_requires_review_or_was_rejected
extracted_tables/033_Health_Bulletin_2017/table_0202.csv,quarantined_tables/033_Health_Bulletin_2017/table_0202.csv,review_required,unclassified,,blocked_quality_gate,no,0,table_requires_review_or_was_rejected
extracted_tables/033_Health_Bulletin_2017/table_0203.csv,quarantined_tables/033_Health_Bulletin_2017/table_0203.csv,review_required,unclassified,,blocked_quality_gate,no,0,table_requires_review_or_was_rejected
extracted_tables/033_Health_Bulletin_2017/table_0204.csv,quarantined_tables/033_Health_Bulletin_2017/table_0204.csv,review_required,unclassified,,blocked_quality_gate,no,0,table_requires_review_or_was_rejected
extracted_tables/033_Health_Bulletin_2017/table_0205.csv,quarantined_tables/033_Health_Bulletin_2017/table_0205.csv,review_required,unclassified,,blocked_quality_gate,no,0,table_requires_review_or_was_rejected
extracted_tables/033_Health_Bulletin_2017/table_0206.csv,quarantined_tables/033_Health_Bulletin_2017/table_0206.csv,review_required,unclassified,,blocked_quality_gate,no,0,table_requires_review_or_was_rejected
extracted_tables/033_Health_Bulletin_2017/table_0207.csv,quarantined_tables/033_Health_Bulletin_2017/table_0207.csv,review_required,unclassified,,blocked_quality_gate,no,0,table_requires_review_or_was_rejected
extracted_tables/033_Health_Bulletin_2017/table_0208.csv,quarantined_tables/033_Health_Bulletin_2017/table_0208.csv,review_required,unclassified,,blocked_quality_gate,no,0,table_requires_review_or_was_rejected
extracted_tables/033_Health_Bulletin_2017/table_0209.csv,quarantined_tables/033_Health_Bulletin_2017/table_0209.csv,review_required,unclassified,,blocked_quality_gate,no,0,table_requires_review_or_was_rejected
extracted_tables/033_Health_Bulletin_2017/table_0210.csv,quarantined_tables/033_Health_Bulletin_2017/table_0210.csv,review_required,unclassified,,blocked_quality_gate,no,0,table_requires_review_or_was_rejected
extracted_tables/033_Health_Bulletin_2017/table_0211.csv,quarantined_tables/033_Health_Bulletin_2017/table_0211.csv,review_required,unclassified,,blocked_quality_gate,no,0,table_requires_review_or_was_rejected
extracted_tables/033_Health_Bulletin_2017/table_0212.csv,quarantined_tables/033_Health_Bulletin_2017/table_0212.csv,review_required,unclassified,,blocked_quality_gate,no,0,table_requires_review_or_was_rejected
extracted_tables/033_Health_Bulletin_2017/table_0213.csv,quarantined_tables/033_Health_Bulletin_2017/table_0213.csv,review_required,unclassified,,blocked_quality_gate,no,0,table_requires_review_or_was_rejected
extracted_tables/033_Health_Bulletin_2017/table_0214.csv,quarantined_tables/033_Health_Bulletin_2017/table_0214.csv,review_required,unclassified,,blocked_quality_gate,no,0,table_requires_review_or_was_rejected
extracted_tables/033_Health_Bulletin_2017/table_0215.csv,quarantined_tables/033_Health_Bulletin_2017/table_0215.csv,review_required,unclassified,,blocked_quality_gate,no,0,table_requires_review_or_was_rejected
extracted_tables/033_Health_Bulletin_2017/table_0216.csv,quarantined_tables/033_Health_Bulletin_2017/table_0216.csv,review_required,unclassified,,blocked_quality_gate,no,0,table_requires_review_or_was_rejected
extracted_tables/033_Health_Bulletin_2017/table_0217.csv,quarantined_tables/033_Health_Bulletin_2017/table_0217.csv,review_required,unclassified,,blocked_quality_gate,no,0,table_requires_review_or_was_rejected
extracted_tables/033_Health_Bulletin_2017/table_0218.csv,quarantined_tables/033_Health_Bulletin_2017/table_0218.csv,review_required,unclassified,,blocked_quality_gate,no,0,table_requires_review_or_was_rejected
extracted_tables/033_Health_Bulletin_2017/table_0219.csv,quarantined_tables/033_Health_Bulletin_2017/table_0219.csv,review_required,unclassified,,blocked_quality_gate,no,0,table_requires_review_or_was_rejected
extracted_tables/033_Health_Bulletin_2017/table_0220.csv,quarantined_tables/033_Health_Bulletin_2017/table_0220.csv,review_required,unclassified,,blocked_quality_gate,no,0,table_requires_review_or_was_rejected
extracted_tables/033_Health_Bulletin_2017/table_0221.csv,quarantined_tables/033_Health_Bulletin_2017/table_0221.csv,review_required,unclassified,,blocked_quality_gate,no,0,table_requires_review_or_was_rejected
extracted_tables/033_Health_Bulletin_2017/table_0222.csv,quarantined_tables/033_Health_Bulletin_2017/table_0222.csv,review_required,unclassified,,blocked_quality_gate,no,0,table_requires_review_or_was_rejected
extracted_tables/033_Health_Bulletin_2017/table_0223.csv,quarantined_tables/033_Health_Bulletin_2017/table_0223.csv,review_required,unclassified,,blocked_quality_gate,no,0,table_requires_review_or_was_rejected
extracted_tables/033_Health_Bulletin_2017/table_0224.csv,quarantined_tables/033_Health_Bulletin_2017/table_0224.csv,review_required,unclassified,,blocked_quality_gate,no,0,table_requires_review_or_was_rejected
extracted_tables/033_Health_Bulletin_2017/table_0225.csv,quarantined_tables/033_Health_Bulletin_2017/table_0225.csv,review_required,unclassified,,blocked_quality_gate,no,0,table_requires_review_or_was_rejected
extracted_tables/033_Health_Bulletin_2017/table_0226.csv,quarantined_tables/033_Health_Bulletin_2017/table_0226.csv,review_required,unclassified,,blocked_quality_gate,no,0,table_requires_review_or_was_rejected
extracted_tables/033_Health_Bulletin_2017/table_0227.csv,quarantined_tables/033_Health_Bulletin_2017/table_0227.csv,review_required,unclassified,,blocked_quality_gate,no,0,table_requires_review_or_was_rejected
extracted_tables/033_Health_Bulletin_2017/table_0228.csv,quarantined_tables/033_Health_Bulletin_2017/table_0228.csv,review_required,unclassified,,blocked_quality_gate,no,0,table_requires_review_or_was_rejected
extracted_tables/033_Health_Bulletin_2017/table_0229.csv,quarantined_tables/033_Health_Bulletin_2017/table_0229.csv,review_required,unclassified,,blocked_quality_gate,no,0,table_requires_review_or_was_rejected
extracted_tables/033_Health_Bulletin_2017/table_0230.csv,quarantined_tables/033_Health_Bulletin_2017/table_0230.csv,review_required,unclassified,,blocked_quality_gate,no,0,table_requires_review_or_was_rejected
extracted_tables/033_Health_Bulletin_2017/table_0231.csv,quarantined_tables/033_Health_Bulletin_2017/table_0231.csv,review_required,unclassified,,blocked_quality_gate,no,0,table_requires_review_or_was_rejected
extracted_tables/033_Health_Bulletin_2017/table_0232.csv,quarantined_tables/033_Health_Bulletin_2017/table_0232.csv,review_required,unclassified,,blocked_quality_gate,no,0,table_requires_review_or_was_rejected
extracted_tables/033_Health_Bulletin_2017/table_0233.csv,quarantined_tables/033_Health_Bulletin_2017/table_0233.csv,review_required,unclassified,,blocked_quality_gate,no,0,table_requires_review_or_was_rejected
extracted_tables/033_Health_Bulletin_2017/table_0234.csv,quarantined_tables/033_Health_Bulletin_2017/table_0234.csv,review_required,unclassified,,blocked_quality_gate,no,0,table_requires_review_or_was_rejected
extracted_tables/033_Health_Bulletin_2017/table_0235.csv,quarantined_tables/033_Health_Bulletin_2017/table_0235.csv,review_required,unclassified,,blocked_quality_gate,no,0,table_requires_review_or_was_rejected
extracted_tables/033_Health_Bulletin_2017/table_0236.csv,quarantined_tables/033_Health_Bulletin_2017/table_0236.csv,review_required,unclassified,,blocked_quality_gate,no,0,table_requires_review_or_was_rejected
extracted_tables/033_Health_Bulletin_2017/table_0237.csv,quarantined_tables/033_Health_Bulletin_2017/table_0237.csv,review_required,unclassified,,blocked_quality_gate,no,0,table_requires_review_or_was_rejected
extracted_tables/033_Health_Bulletin_2017/table_0238.csv,quarantined_tables/033_Health_Bulletin_2017/table_0238.csv,review_required,unclassified,,blocked_quality_gate,no,0,table_requires_review_or_was_rejected
extracted_tables/033_Health_Bulletin_2017/table_0239.csv,quarantined_tables/033_Health_Bulletin_2017/table_0239.csv,review_required,unclassified,,blocked_quality_gate,no,0,table_requires_review_or_was_rejected
extracted_tables/033_Health_Bulletin_2017/table_0240.csv,quarantined_tables/033_Health_Bulletin_2017/table_0240.csv,review_required,unclassified,,blocked_quality_gate,no,0,table_requires_review_or_was_rejected
extracted_tables/033_Health_Bulletin_2017/table_0241.csv,quarantined_tables/033_Health_Bulletin_2017/table_0241.csv,review_required,unclassified,,blocked_quality_gate,no,0,table_requires_review_or_was_rejected
extracted_tables/033_Health_Bulletin_2017/table_0242.csv,quarantined_tables/033_Health_Bulletin_2017/table_0242.csv,review_required,unclassified,,blocked_quality_gate,no,0,table_requires_review_or_was_rejected
extracted_tables/033_Health_Bulletin_2017/table_0243.csv,quarantined_tables/033_Health_Bulletin_2017/table_0243.csv,review_required,unclassified,,blocked_quality_gate,no,0,table_requires_review_or_was_rejected
extracted_tables/033_Health_Bulletin_2017/table_0244.csv,quarantined_tables/033_Health_Bulletin_2017/table_0244.csv,review_required,unclassified,,blocked_quality_gate,no,0,table_requires_review_or_was_rejected
extracted_tables/033_Health_Bulletin_2017/table_0245.csv,quarantined_tables/033_Health_Bulletin_2017/table_0245.csv,review_required,unclassified,,blocked_quality_gate,no,0,table_requires_review_or_was_rejected
extracted_tables/033_Health_Bulletin_2017/table_0246.csv,quarantined_tables/033_Health_Bulletin_2017/table_0246.csv,review_required,unclassified,,blocked_quality_gate,no,0,table_requires_review_or_was_rejected
extracted_tables/033_Health_Bulletin_2017/table_0247.csv,quarantined_tables/033_Health_Bulletin_2017/table_0247.csv,review_required,unclassified,,blocked_quality_gate,no,0,table_requires_review_or_was_rejected
extracted_tables/033_Health_Bulletin_2017/table_0248.csv,quarantined_tables/033_Health_Bulletin_2017/table_0248.csv,review_required,unclassified,,blocked_quality_gate,no,0,table_requires_review_or_was_rejected
extracted_tables/033_Health_Bulletin_2017/table_0249.csv,quarantined_tables/033_Health_Bulletin_2017/table_0249.csv,review_required,unclassified,,blocked_quality_gate,no,0,table_requires_review_or_was_rejected
extracted_tables/033_Health_Bulletin_2017/table_0250.csv,quarantined_tables/033_Health_Bulletin_2017/table_0250.csv,review_required,unclassified,,blocked_quality_gate,no,0,table_requires_review_or_was_rejected
extracted_tables/033_Health_Bulletin_2017/table_0251.csv,quarantined_tables/033_Health_Bulletin_2017/table_0251.csv,review_required,unclassified,,blocked_quality_gate,no,0,table_requires_review_or_was_rejected
extracted_tables/033_Health_Bulletin_2017/table_0252.csv,quarantined_tables/033_Health_Bulletin_2017/table_0252.csv,review_required,unclassified,,blocked_quality_gate,no,0,table_requires_review_or_was_rejected
extracted_tables/033_Health_Bulletin_2017/table_0253.csv,quarantined_tables/033_Health_Bulletin_2017/table_0253.csv,review_required,unclassified,,blocked_quality_gate,no,0,table_requires_review_or_was_rejected
extracted_tables/033_Health_Bulletin_2017/table_0254.csv,quarantined_tables/033_Health_Bulletin_2017/table_0254.csv,review_required,unclassified,,blocked_quality_gate,no,0,table_requires_review_or_was_rejected
extracted_tables/033_Health_Bulletin_2017/table_0255.csv,quarantined_tables/033_Health_Bulletin_2017/table_0255.csv,review_required,unclassified,,blocked_quality_gate,no,0,table_requires_review_or_was_rejected
extracted_tables/033_Health_Bulletin_2017/table_0256.csv,quarantined_tables/033_Health_Bulletin_2017/table_0256.csv,review_required,unclassified,,blocked_quality_gate,no,0,table_requires_review_or_was_rejected
extracted_tables/033_Health_Bulletin_2017/table_0257.csv,quarantined_tables/033_Health_Bulletin_2017/table_0257.csv,review_required,unclassified,,blocked_quality_gate,no,0,table_requires_review_or_was_rejected
extracted_tables/033_Health_Bulletin_2017/table_0258.csv,quarantined_tables/033_Health_Bulletin_2017/table_0258.csv,review_required,unclassified,,blocked_quality_gate,no,0,table_requires_review_or_was_rejected
extracted_tables/033_Health_Bulletin_2017/table_0259.csv,quarantined_tables/033_Health_Bulletin_2017/table_0259.csv,review_required,unclassified,,blocked_quality_gate,no,0,table_requires_review_or_was_rejected
extracted_tables/033_Health_Bulletin_2017/table_0260.csv,quarantined_tables/033_Health_Bulletin_2017/table_0260.csv,review_required,unclassified,,blocked_quality_gate,no,0,table_requires_review_or_was_rejected
extracted_tables/033_Health_Bulletin_2017/table_0261.csv,quarantined_tables/033_Health_Bulletin_2017/table_0261.csv,review_required,unclassified,,blocked_quality_gate,no,0,table_requires_review_or_was_rejected
extracted_tables/033_Health_Bulletin_2017/table_0262.csv,quarantined_tables/033_Health_Bulletin_2017/table_0262.csv,review_required,unclassified,,blocked_quality_gate,no,0,table_requires_review_or_was_rejected
extracted_tables/033_Health_Bulletin_2017/table_0263.csv,quarantined_tables/033_Health_Bulletin_2017/table_0263.csv,review_required,unclassified,,blocked_quality_gate,no,0,table_requires_review_or_was_rejected
extracted_tables/033_Health_Bulletin_2017/table_0264.csv,quarantined_tables/033_Health_Bulletin_2017/table_0264.csv,review_required,unclassified,,blocked_quality_gate,no,0,table_requires_review_or_was_rejected
extracted_tables/033_Health_Bulletin_2017/table_0265.csv,quarantined_tables/033_Health_Bulletin_2017/table_0265.csv,review_required,unclassified,,blocked_quality_gate,no,0,table_requires_review_or_was_rejected
extracted_tables/033_Health_Bulletin_2017/table_0266.csv,quarantined_tables/033_Health_Bulletin_2017/table_0266.csv,review_required,unclassified,,blocked_quality_gate,no,0,table_requires_review_or_was_rejected
extracted_tables/033_Health_Bulletin_2017/table_0267.csv,quarantined_tables/033_Health_Bulletin_2017/table_0267.csv,review_required,unclassified,,blocked_quality_gate,no,0,table_requires_review_or_was_rejected
extracted_tables/033_Health_Bulletin_2017/table_0268.csv,quarantined_tables/033_Health_Bulletin_2017/table_0268.csv,review_required,unclassified,,blocked_quality_gate,no,0,table_requires_review_or_was_rejected
extracted_tables/033_Health_Bulletin_2017/table_0269.csv,quarantined_tables/033_Health_Bulletin_2017/table_0269.csv,review_required,unclassified,,blocked_quality_gate,no,0,table_requires_review_or_was_rejected
extracted_tables/033_Health_Bulletin_2017/table_0270.csv,quarantined_tables/033_Health_Bulletin_2017/table_0270.csv,review_required,unclassified,,blocked_quality_gate,no,0,table_requires_review_or_was_rejected
extracted_tables/033_Health_Bulletin_2017/table_0271.csv,quarantined_tables/033_Health_Bulletin_2017/table_0271.csv,review_required,unclassified,,blocked_quality_gate,no,0,table_requires_review_or_was_rejected
extracted_tables/033_Health_Bulletin_2017/table_0272.csv,quarantined_tables/033_Health_Bulletin_2017/table_0272.csv,review_required,unclassified,,blocked_quality_gate,no,0,table_requires_review_or_was_rejected
extracted_tables/033_Health_Bulletin_2017/table_0273.csv,quarantined_tables/033_Health_Bulletin_2017/table_0273.csv,review_required,unclassified,,blocked_quality_gate,no,0,table_requires_review_or_was_rejected
extracted_tables/033_Health_Bulletin_2017/table_0274.csv,quarantined_tables/033_Health_Bulletin_2017/table_0274.csv,review_required,unclassified,,blocked_quality_gate,no,0,table_requires_review_or_was_rejected
extracted_tables/033_Health_Bulletin_2017/table_0275.csv,quarantined_tables/033_Health_Bulletin_2017/table_0275.csv,rejected,unclassified,,blocked_quality_gate,no,0,table_requires_review_or_was_rejected
extracted_tables/033_Health_Bulletin_2017/table_0276.csv,quarantined_tables/033_Health_Bulletin_2017/table_0276.csv,rejected,unclassified,,blocked_quality_gate,no,0,table_requires_review_or_was_rejected
extracted_tables/033_Health_Bulletin_2017/table_0277.csv,quarantined_tables/033_Health_Bulletin_2017/table_0277.csv,review_required,unclassified,,blocked_quality_gate,no,0,table_requires_review_or_was_rejected
extracted_tables/034_Health_Bulletin_2016/table_0001.csv,quarantined_tables/034_Health_Bulletin_2016/table_0001.csv,review_required,unclassified,,blocked_quality_gate,no,0,table_requires_review_or_was_rejected
extracted_tables/034_Health_Bulletin_2016/table_0002.csv,quarantined_tables/034_Health_Bulletin_2016/table_0002.csv,review_required,unclassified,,blocked_quality_gate,no,0,table_requires_review_or_was_rejected
extracted_tables/034_Health_Bulletin_2016/table_0003.csv,quarantined_tables/034_Health_Bulletin_2016/table_0003.csv,review_required,unclassified,,blocked_quality_gate,no,0,table_requires_review_or_was_rejected
extracted_tables/034_Health_Bulletin_2016/table_0004.csv,quarantined_tables/034_Health_Bulletin_2016/table_0004.csv,review_required,unclassified,,blocked_quality_gate,no,0,table_requires_review_or_was_rejected
extracted_tables/034_Health_Bulletin_2016/table_0005.csv,quarantined_tables/034_Health_Bulletin_2016/table_0005.csv,review_required,unclassified,,blocked_quality_gate,no,0,table_requires_review_or_was_rejected
extracted_tables/034_Health_Bulletin_2016/table_0006.csv,quarantined_tables/034_Health_Bulletin_2016/table_0006.csv,review_required,unclassified,,blocked_quality_gate,no,0,table_requires_review_or_was_rejected
extracted_tables/034_Health_Bulletin_2016/table_0007.csv,quarantined_tables/034_Health_Bulletin_2016/table_0007.csv,review_required,unclassified,,blocked_quality_gate,no,0,table_requires_review_or_was_rejected
extracted_tables/034_Health_Bulletin_2016/table_0008.csv,quarantined_tables/034_Health_Bulletin_2016/table_0008.csv,review_required,unclassified,,blocked_quality_gate,no,0,table_requires_review_or_was_rejected
extracted_tables/034_Health_Bulletin_2016/table_0009.csv,quarantined_tables/034_Health_Bulletin_2016/table_0009.csv,review_required,unclassified,,blocked_quality_gate,no,0,table_requires_review_or_was_rejected
extracted_tables/034_Health_Bulletin_2016/table_0010.csv,quarantined_tables/034_Health_Bulletin_2016/table_0010.csv,review_required,unclassified,,blocked_quality_gate,no,0,table_requires_review_or_was_rejected
extracted_tables/034_Health_Bulletin_2016/table_0011.csv,quarantined_tables/034_Health_Bulletin_2016/table_0011.csv,review_required,unclassified,,blocked_quality_gate,no,0,table_requires_review_or_was_rejected
extracted_tables/034_Health_Bulletin_2016/table_0012.csv,quarantined_tables/034_Health_Bulletin_2016/table_0012.csv,review_required,unclassified,,blocked_quality_gate,no,0,table_requires_review_or_was_rejected
extracted_tables/034_Health_Bulletin_2016/table_0013.csv,quarantined_tables/034_Health_Bulletin_2016/table_0013.csv,review_required,unclassified,,blocked_quality_gate,no,0,table_requires_review_or_was_rejected
extracted_tables/034_Health_Bulletin_2016/table_0014.csv,quarantined_tables/034_Health_Bulletin_2016/table_0014.csv,review_required,unclassified,,blocked_quality_gate,no,0,table_requires_review_or_was_rejected
extracted_tables/034_Health_Bulletin_2016/table_0015.csv,quarantined_tables/034_Health_Bulletin_2016/table_0015.csv,review_required,unclassified,,blocked_quality_gate,no,0,table_requires_review_or_was_rejected
extracted_tables/034_Health_Bulletin_2016/table_0016.csv,quarantined_tables/034_Health_Bulletin_2016/table_0016.csv,review_required,unclassified,,blocked_quality_gate,no,0,table_requires_review_or_was_rejected
extracted_tables/034_Health_Bulletin_2016/table_0017.csv,quarantined_tables/034_Health_Bulletin_2016/table_0017.csv,review_required,unclassified,,blocked_quality_gate,no,0,table_requires_review_or_was_rejected
extracted_tables/034_Health_Bulletin_2016/table_0018.csv,quarantined_tables/034_Health_Bulletin_2016/table_0018.csv,review_required,unclassified,,blocked_quality_gate,no,0,table_requires_review_or_was_rejected
extracted_tables/034_Health_Bulletin_2016/table_0019.csv,quarantined_tables/034_Health_Bulletin_2016/table_0019.csv,review_required,unclassified,,blocked_quality_gate,no,0,table_requires_review_or_was_rejected
extracted_tables/034_Health_Bulletin_2016/table_0020.csv,quarantined_tables/034_Health_Bulletin_2016/table_0020.csv,review_required,unclassified,,blocked_quality_gate,no,0,table_requires_review_or_was_rejected
extracted_tables/034_Health_Bulletin_2016/table_0021.csv,quarantined_tables/034_Health_Bulletin_2016/table_0021.csv,review_required,unclassified,,blocked_quality_gate,no,0,table_requires_review_or_was_rejected
extracted_tables/034_Health_Bulletin_2016/table_0022.csv,quarantined_tables/034_Health_Bulletin_2016/table_0022.csv,review_required,unclassified,,blocked_quality_gate,no,0,table_requires_review_or_was_rejected
extracted_tables/034_Health_Bulletin_2016/table_0023.csv,quarantined_tables/034_Health_Bulletin_2016/table_0023.csv,review_required,unclassified,,blocked_quality_gate,no,0,table_requires_review_or_was_rejected
extracted_tables/034_Health_Bulletin_2016/table_0024.csv,quarantined_tables/034_Health_Bulletin_2016/table_0024.csv,review_required,unclassified,,blocked_quality_gate,no,0,table_requires_review_or_was_rejected
extracted_tables/034_Health_Bulletin_2016/table_0025.csv,quarantined_tables/034_Health_Bulletin_2016/table_0025.csv,review_required,unclassified,,blocked_quality_gate,no,0,table_requires_review_or_was_rejected
extracted_tables/034_Health_Bulletin_2016/table_0026.csv,quarantined_tables/034_Health_Bulletin_2016/table_0026.csv,review_required,unclassified,,blocked_quality_gate,no,0,table_requires_review_or_was_rejected
extracted_tables/034_Health_Bulletin_2016/table_0027.csv,quarantined_tables/034_Health_Bulletin_2016/table_0027.csv,review_required,unclassified,,blocked_quality_gate,no,0,table_requires_review_or_was_rejected
extracted_tables/034_Health_Bulletin_2016/table_0028.csv,quarantined_tables/034_Health_Bulletin_2016/table_0028.csv,review_required,unclassified,,blocked_quality_gate,no,0,table_requires_review_or_was_rejected
extracted_tables/034_Health_Bulletin_2016/table_0029.csv,quarantined_tables/034_Health_Bulletin_2016/table_0029.csv,review_required,unclassified,,blocked_quality_gate,no,0,table_requires_review_or_was_rejected
extracted_tables/034_Health_Bulletin_2016/table_0030.csv,quarantined_tables/034_Health_Bulletin_2016/table_0030.csv,review_required,unclassified,,blocked_quality_gate,no,0,table_requires_review_or_was_rejected
extracted_tables/034_Health_Bulletin_2016/table_0031.csv,quarantined_tables/034_Health_Bulletin_2016/table_0031.csv,review_required,unclassified,,blocked_quality_gate,no,0,table_requires_review_or_was_rejected
extracted_tables/034_Health_Bulletin_2016/table_0032.csv,quarantined_tables/034_Health_Bulletin_2016/table_0032.csv,review_required,unclassified,,blocked_quality_gate,no,0,table_requires_review_or_was_rejected
extracted_tables/034_Health_Bulletin_2016/table_0033.csv,quarantined_tables/034_Health_Bulletin_2016/table_0033.csv,review_required,unclassified,,blocked_quality_gate,no,0,table_requires_review_or_was_rejected
extracted_tables/034_Health_Bulletin_2016/table_0034.csv,quarantined_tables/034_Health_Bulletin_2016/table_0034.csv,review_required,unclassified,,blocked_quality_gate,no,0,table_requires_review_or_was_rejected
extracted_tables/034_Health_Bulletin_2016/table_0035.csv,quarantined_tables/034_Health_Bulletin_2016/table_0035.csv,review_required,unclassified,,blocked_quality_gate,no,0,table_requires_review_or_was_rejected
extracted_tables/034_Health_Bulletin_2016/table_0036.csv,quarantined_tables/034_Health_Bulletin_2016/table_0036.csv,review_required,unclassified,,blocked_quality_gate,no,0,table_requires_review_or_was_rejected
extracted_tables/034_Health_Bulletin_2016/table_0037.csv,quarantined_tables/034_Health_Bulletin_2016/table_0037.csv,review_required,unclassified,,blocked_quality_gate,no,0,table_requires_review_or_was_rejected
extracted_tables/034_Health_Bulletin_2016/table_0038.csv,quarantined_tables/034_Health_Bulletin_2016/table_0038.csv,review_required,unclassified,,blocked_quality_gate,no,0,table_requires_review_or_was_rejected
extracted_tables/034_Health_Bulletin_2016/table_0039.csv,quarantined_tables/034_Health_Bulletin_2016/table_0039.csv,review_required,unclassified,,blocked_quality_gate,no,0,table_requires_review_or_was_rejected
extracted_tables/034_Health_Bulletin_2016/table_0040.csv,quarantined_tables/034_Health_Bulletin_2016/table_0040.csv,review_required,unclassified,,blocked_quality_gate,no,0,table_requires_review_or_was_rejected
extracted_tables/034_Health_Bulletin_2016/table_0041.csv,quarantined_tables/034_Health_Bulletin_2016/table_0041.csv,review_required,unclassified,,blocked_quality_gate,no,0,table_requires_review_or_was_rejected
extracted_tables/034_Health_Bulletin_2016/table_0042.csv,quarantined_tables/034_Health_Bulletin_2016/table_0042.csv,review_required,unclassified,,blocked_quality_gate,no,0,table_requires_review_or_was_rejected
extracted_tables/034_Health_Bulletin_2016/table_0043.csv,quarantined_tables/034_Health_Bulletin_2016/table_0043.csv,review_required,unclassified,,blocked_quality_gate,no,0,table_requires_review_or_was_rejected
extracted_tables/034_Health_Bulletin_2016/table_0044.csv,quarantined_tables/034_Health_Bulletin_2016/table_0044.csv,review_required,unclassified,,blocked_quality_gate,no,0,table_requires_review_or_was_rejected
extracted_tables/034_Health_Bulletin_2016/table_0045.csv,quarantined_tables/034_Health_Bulletin_2016/table_0045.csv,review_required,unclassified,,blocked_quality_gate,no,0,table_requires_review_or_was_rejected
extracted_tables/034_Health_Bulletin_2016/table_0046.csv,quarantined_tables/034_Health_Bulletin_2016/table_0046.csv,review_required,unclassified,,blocked_quality_gate,no,0,table_requires_review_or_was_rejected
extracted_tables/034_Health_Bulletin_2016/table_0047.csv,quarantined_tables/034_Health_Bulletin_2016/table_0047.csv,review_required,unclassified,,blocked_quality_gate,no,0,table_requires_review_or_was_rejected
extracted_tables/034_Health_Bulletin_2016/table_0048.csv,quarantined_tables/034_Health_Bulletin_2016/table_0048.csv,review_required,unclassified,,blocked_quality_gate,no,0,table_requires_review_or_was_rejected
extracted_tables/034_Health_Bulletin_2016/table_0049.csv,quarantined_tables/034_Health_Bulletin_2016/table_0049.csv,review_required,unclassified,,blocked_quality_gate,no,0,table_requires_review_or_was_rejected
extracted_tables/034_Health_Bulletin_2016/table_0050.csv,quarantined_tables/034_Health_Bulletin_2016/table_0050.csv,review_required,unclassified,,blocked_quality_gate,no,0,table_requires_review_or_was_rejected
extracted_tables/034_Health_Bulletin_2016/table_0051.csv,quarantined_tables/034_Health_Bulletin_2016/table_0051.csv,review_required,unclassified,,blocked_quality_gate,no,0,table_requires_review_or_was_rejected
extracted_tables/034_Health_Bulletin_2016/table_0052.csv,quarantined_tables/034_Health_Bulletin_2016/table_0052.csv,review_required,unclassified,,blocked_quality_gate,no,0,table_requires_review_or_was_rejected
extracted_tables/034_Health_Bulletin_2016/table_0053.csv,quarantined_tables/034_Health_Bulletin_2016/table_0053.csv,review_required,unclassified,,blocked_quality_gate,no,0,table_requires_review_or_was_rejected
extracted_tables/034_Health_Bulletin_2016/table_0054.csv,quarantined_tables/034_Health_Bulletin_2016/table_0054.csv,review_required,unclassified,,blocked_quality_gate,no,0,table_requires_review_or_was_rejected
extracted_tables/034_Health_Bulletin_2016/table_0055.csv,quarantined_tables/034_Health_Bulletin_2016/table_0055.csv,review_required,unclassified,,blocked_quality_gate,no,0,table_requires_review_or_was_rejected
extracted_tables/034_Health_Bulletin_2016/table_0056.csv,quarantined_tables/034_Health_Bulletin_2016/table_0056.csv,review_required,unclassified,,blocked_quality_gate,no,0,table_requires_review_or_was_rejected
extracted_tables/034_Health_Bulletin_2016/table_0057.csv,quarantined_tables/034_Health_Bulletin_2016/table_0057.csv,review_required,unclassified,,blocked_quality_gate,no,0,table_requires_review_or_was_rejected
extracted_tables/034_Health_Bulletin_2016/table_0058.csv,quarantined_tables/034_Health_Bulletin_2016/table_0058.csv,review_required,unclassified,,blocked_quality_gate,no,0,table_requires_review_or_was_rejected
extracted_tables/034_Health_Bulletin_2016/table_0059.csv,quarantined_tables/034_Health_Bulletin_2016/table_0059.csv,review_required,unclassified,,blocked_quality_gate,no,0,table_requires_review_or_was_rejected
extracted_tables/034_Health_Bulletin_2016/table_0060.csv,quarantined_tables/034_Health_Bulletin_2016/table_0060.csv,review_required,unclassified,,blocked_quality_gate,no,0,table_requires_review_or_was_rejected
extracted_tables/034_Health_Bulletin_2016/table_0061.csv,quarantined_tables/034_Health_Bulletin_2016/table_0061.csv,review_required,unclassified,,blocked_quality_gate,no,0,table_requires_review_or_was_rejected
extracted_tables/034_Health_Bulletin_2016/table_0062.csv,quarantined_tables/034_Health_Bulletin_2016/table_0062.csv,review_required,unclassified,,blocked_quality_gate,no,0,table_requires_review_or_was_rejected
extracted_tables/034_Health_Bulletin_2016/table_0063.csv,quarantined_tables/034_Health_Bulletin_2016/table_0063.csv,review_required,unclassified,,blocked_quality_gate,no,0,table_requires_review_or_was_rejected
extracted_tables/034_Health_Bulletin_2016/table_0064.csv,quarantined_tables/034_Health_Bulletin_2016/table_0064.csv,review_required,unclassified,,blocked_quality_gate,no,0,table_requires_review_or_was_rejected
extracted_tables/034_Health_Bulletin_2016/table_0065.csv,quarantined_tables/034_Health_Bulletin_2016/table_0065.csv,review_required,unclassified,,blocked_quality_gate,no,0,table_requires_review_or_was_rejected
extracted_tables/034_Health_Bulletin_2016/table_0066.csv,quarantined_tables/034_Health_Bulletin_2016/table_0066.csv,review_required,unclassified,,blocked_quality_gate,no,0,table_requires_review_or_was_rejected
extracted_tables/034_Health_Bulletin_2016/table_0067.csv,quarantined_tables/034_Health_Bulletin_2016/table_0067.csv,review_required,unclassified,,blocked_quality_gate,no,0,table_requires_review_or_was_rejected
extracted_tables/034_Health_Bulletin_2016/table_0068.csv,quarantined_tables/034_Health_Bulletin_2016/table_0068.csv,review_required,unclassified,,blocked_quality_gate,no,0,table_requires_review_or_was_rejected
extracted_tables/034_Health_Bulletin_2016/table_0069.csv,quarantined_tables/034_Health_Bulletin_2016/table_0069.csv,review_required,unclassified,,blocked_quality_gate,no,0,table_requires_review_or_was_rejected
extracted_tables/034_Health_Bulletin_2016/table_0070.csv,quarantined_tables/034_Health_Bulletin_2016/table_0070.csv,review_required,unclassified,,blocked_quality_gate,no,0,table_requires_review_or_was_rejected
extracted_tables/034_Health_Bulletin_2016/table_0071.csv,quarantined_tables/034_Health_Bulletin_2016/table_0071.csv,review_required,unclassified,,blocked_quality_gate,no,0,table_requires_review_or_was_rejected
extracted_tables/034_Health_Bulletin_2016/table_0072.csv,quarantined_tables/034_Health_Bulletin_2016/table_0072.csv,review_required,unclassified,,blocked_quality_gate,no,0,table_requires_review_or_was_rejected
extracted_tables/034_Health_Bulletin_2016/table_0073.csv,quarantined_tables/034_Health_Bulletin_2016/table_0073.csv,review_required,unclassified,,blocked_quality_gate,no,0,table_requires_review_or_was_rejected
extracted_tables/034_Health_Bulletin_2016/table_0074.csv,quarantined_tables/034_Health_Bulletin_2016/table_0074.csv,review_required,unclassified,,blocked_quality_gate,no,0,table_requires_review_or_was_rejected
extracted_tables/034_Health_Bulletin_2016/table_0075.csv,quarantined_tables/034_Health_Bulletin_2016/table_0075.csv,review_required,unclassified,,blocked_quality_gate,no,0,table_requires_review_or_was_rejected
extracted_tables/034_Health_Bulletin_2016/table_0076.csv,quarantined_tables/034_Health_Bulletin_2016/table_0076.csv,review_required,unclassified,,blocked_quality_gate,no,0,table_requires_review_or_was_rejected
extracted_tables/034_Health_Bulletin_2016/table_0077.csv,quarantined_tables/034_Health_Bulletin_2016/table_0077.csv,review_required,unclassified,,blocked_quality_gate,no,0,table_requires_review_or_was_rejected
extracted_tables/034_Health_Bulletin_2016/table_0078.csv,quarantined_tables/034_Health_Bulletin_2016/table_0078.csv,review_required,unclassified,,blocked_quality_gate,no,0,table_requires_review_or_was_rejected
extracted_tables/034_Health_Bulletin_2016/table_0079.csv,quarantined_tables/034_Health_Bulletin_2016/table_0079.csv,rejected,unclassified,,blocked_quality_gate,no,0,table_requires_review_or_was_rejected
extracted_tables/034_Health_Bulletin_2016/table_0080.csv,quarantined_tables/034_Health_Bulletin_2016/table_0080.csv,review_required,unclassified,,blocked_quality_gate,no,0,table_requires_review_or_was_rejected
extracted_tables/034_Health_Bulletin_2016/table_0081.csv,quarantined_tables/034_Health_Bulletin_2016/table_0081.csv,review_required,unclassified,,blocked_quality_gate,no,0,table_requires_review_or_was_rejected
extracted_tables/034_Health_Bulletin_2016/table_0082.csv,quarantined_tables/034_Health_Bulletin_2016/table_0082.csv,review_required,unclassified,,blocked_quality_gate,no,0,table_requires_review_or_was_rejected
extracted_tables/034_Health_Bulletin_2016/table_0083.csv,quarantined_tables/034_Health_Bulletin_2016/table_0083.csv,rejected,unclassified,,blocked_quality_gate,no,0,table_requires_review_or_was_rejected
extracted_tables/034_Health_Bulletin_2016/table_0084.csv,quarantined_tables/034_Health_Bulletin_2016/table_0084.csv,rejected,unclassified,,blocked_quality_gate,no,0,table_requires_review_or_was_rejected
extracted_tables/034_Health_Bulletin_2016/table_0085.csv,quarantined_tables/034_Health_Bulletin_2016/table_0085.csv,rejected,unclassified,,blocked_quality_gate,no,0,table_requires_review_or_was_rejected
extracted_tables/034_Health_Bulletin_2016/table_0086.csv,quarantined_tables/034_Health_Bulletin_2016/table_0086.csv,rejected,unclassified,,blocked_quality_gate,no,0,table_requires_review_or_was_rejected
extracted_tables/034_Health_Bulletin_2016/table_0087.csv,quarantined_tables/034_Health_Bulletin_2016/table_0087.csv,rejected,unclassified,,blocked_quality_gate,no,0,table_requires_review_or_was_rejected
extracted_tables/034_Health_Bulletin_2016/table_0088.csv,quarantined_tables/034_Health_Bulletin_2016/table_0088.csv,review_required,unclassified,,blocked_quality_gate,no,0,table_requires_review_or_was_rejected
extracted_tables/034_Health_Bulletin_2016/table_0089.csv,quarantined_tables/034_Health_Bulletin_2016/table_0089.csv,review_required,unclassified,,blocked_quality_gate,no,0,table_requires_review_or_was_rejected
extracted_tables/034_Health_Bulletin_2016/table_0090.csv,quarantined_tables/034_Health_Bulletin_2016/table_0090.csv,review_required,unclassified,,blocked_quality_gate,no,0,table_requires_review_or_was_rejected
extracted_tables/034_Health_Bulletin_2016/table_0091.csv,quarantined_tables/034_Health_Bulletin_2016/table_0091.csv,review_required,unclassified,,blocked_quality_gate,no,0,table_requires_review_or_was_rejected
extracted_tables/034_Health_Bulletin_2016/table_0092.csv,quarantined_tables/034_Health_Bulletin_2016/table_0092.csv,review_required,unclassified,,blocked_quality_gate,no,0,table_requires_review_or_was_rejected
extracted_tables/034_Health_Bulletin_2016/table_0093.csv,quarantined_tables/034_Health_Bulletin_2016/table_0093.csv,review_required,unclassified,,blocked_quality_gate,no,0,table_requires_review_or_was_rejected
extracted_tables/034_Health_Bulletin_2016/table_0094.csv,quarantined_tables/034_Health_Bulletin_2016/table_0094.csv,review_required,unclassified,,blocked_quality_gate,no,0,table_requires_review_or_was_rejected
extracted_tables/034_Health_Bulletin_2016/table_0095.csv,quarantined_tables/034_Health_Bulletin_2016/table_0095.csv,review_required,unclassified,,blocked_quality_gate,no,0,table_requires_review_or_was_rejected
extracted_tables/034_Health_Bulletin_2016/table_0096.csv,quarantined_tables/034_Health_Bulletin_2016/table_0096.csv,review_required,unclassified,,blocked_quality_gate,no,0,table_requires_review_or_was_rejected
extracted_tables/034_Health_Bulletin_2016/table_0097.csv,quarantined_tables/034_Health_Bulletin_2016/table_0097.csv,review_required,unclassified,,blocked_quality_gate,no,0,table_requires_review_or_was_rejected
extracted_tables/034_Health_Bulletin_2016/table_0098.csv,quarantined_tables/034_Health_Bulletin_2016/table_0098.csv,review_required,unclassified,,blocked_quality_gate,no,0,table_requires_review_or_was_rejected
extracted_tables/034_Health_Bulletin_2016/table_0099.csv,quarantined_tables/034_Health_Bulletin_2016/table_0099.csv,review_required,unclassified,,blocked_quality_gate,no,0,table_requires_review_or_was_rejected
extracted_tables/034_Health_Bulletin_2016/table_0100.csv,quarantined_tables/034_Health_Bulletin_2016/table_0100.csv,review_required,unclassified,,blocked_quality_gate,no,0,table_requires_review_or_was_rejected
extracted_tables/034_Health_Bulletin_2016/table_0101.csv,quarantined_tables/034_Health_Bulletin_2016/table_0101.csv,review_required,unclassified,,blocked_quality_gate,no,0,table_requires_review_or_was_rejected
extracted_tables/034_Health_Bulletin_2016/table_0102.csv,quarantined_tables/034_Health_Bulletin_2016/table_0102.csv,review_required,unclassified,,blocked_quality_gate,no,0,table_requires_review_or_was_rejected
extracted_tables/034_Health_Bulletin_2016/table_0103.csv,quarantined_tables/034_Health_Bulletin_2016/table_0103.csv,rejected,unclassified,,blocked_quality_gate,no,0,table_requires_review_or_was_rejected
extracted_tables/034_Health_Bulletin_2016/table_0104.csv,quarantined_tables/034_Health_Bulletin_2016/table_0104.csv,rejected,unclassified,,blocked_quality_gate,no,0,table_requires_review_or_was_rejected
extracted_tables/034_Health_Bulletin_2016/table_0105.csv,quarantined_tables/034_Health_Bulletin_2016/table_0105.csv,rejected,unclassified,,blocked_quality_gate,no,0,table_requires_review_or_was_rejected
extracted_tables/034_Health_Bulletin_2016/table_0106.csv,quarantined_tables/034_Health_Bulletin_2016/table_0106.csv,rejected,unclassified,,blocked_quality_gate,no,0,table_requires_review_or_was_rejected
extracted_tables/034_Health_Bulletin_2016/table_0107.csv,quarantined_tables/034_Health_Bulletin_2016/table_0107.csv,rejected,unclassified,,blocked_quality_gate,no,0,table_requires_review_or_was_rejected
extracted_tables/034_Health_Bulletin_2016/table_0108.csv,quarantined_tables/034_Health_Bulletin_2016/table_0108.csv,rejected,unclassified,,blocked_quality_gate,no,0,table_requires_review_or_was_rejected
extracted_tables/034_Health_Bulletin_2016/table_0109.csv,quarantined_tables/034_Health_Bulletin_2016/table_0109.csv,rejected,unclassified,,blocked_quality_gate,no,0,table_requires_review_or_was_rejected
extracted_tables/034_Health_Bulletin_2016/table_0110.csv,quarantined_tables/034_Health_Bulletin_2016/table_0110.csv,rejected,unclassified,,blocked_quality_gate,no,0,table_requires_review_or_was_rejected
extracted_tables/034_Health_Bulletin_2016/table_0111.csv,quarantined_tables/034_Health_Bulletin_2016/table_0111.csv,rejected,unclassified,,blocked_quality_gate,no,0,table_requires_review_or_was_rejected
extracted_tables/034_Health_Bulletin_2016/table_0112.csv,quarantined_tables/034_Health_Bulletin_2016/table_0112.csv,rejected,unclassified,,blocked_quality_gate,no,0,table_requires_review_or_was_rejected
extracted_tables/034_Health_Bulletin_2016/table_0113.csv,quarantined_tables/034_Health_Bulletin_2016/table_0113.csv,rejected,unclassified,,blocked_quality_gate,no,0,table_requires_review_or_was_rejected
extracted_tables/034_Health_Bulletin_2016/table_0114.csv,quarantined_tables/034_Health_Bulletin_2016/table_0114.csv,rejected,unclassified,,blocked_quality_gate,no,0,table_requires_review_or_was_rejected
extracted_tables/034_Health_Bulletin_2016/table_0115.csv,quarantined_tables/034_Health_Bulletin_2016/table_0115.csv,rejected,unclassified,,blocked_quality_gate,no,0,table_requires_review_or_was_rejected
extracted_tables/034_Health_Bulletin_2016/table_0116.csv,quarantined_tables/034_Health_Bulletin_2016/table_0116.csv,rejected,unclassified,,blocked_quality_gate,no,0,table_requires_review_or_was_rejected
extracted_tables/034_Health_Bulletin_2016/table_0117.csv,quarantined_tables/034_Health_Bulletin_2016/table_0117.csv,rejected,unclassified,,blocked_quality_gate,no,0,table_requires_review_or_was_rejected
extracted_tables/034_Health_Bulletin_2016/table_0118.csv,quarantined_tables/034_Health_Bulletin_2016/table_0118.csv,rejected,unclassified,,blocked_quality_gate,no,0,table_requires_review_or_was_rejected
extracted_tables/034_Health_Bulletin_2016/table_0119.csv,quarantined_tables/034_Health_Bulletin_2016/table_0119.csv,rejected,unclassified,,blocked_quality_gate,no,0,table_requires_review_or_was_rejected
extracted_tables/034_Health_Bulletin_2016/table_0120.csv,quarantined_tables/034_Health_Bulletin_2016/table_0120.csv,rejected,unclassified,,blocked_quality_gate,no,0,table_requires_review_or_was_rejected
extracted_tables/034_Health_Bulletin_2016/table_0121.csv,quarantined_tables/034_Health_Bulletin_2016/table_0121.csv,rejected,unclassified,,blocked_quality_gate,no,0,table_requires_review_or_was_rejected
extracted_tables/034_Health_Bulletin_2016/table_0122.csv,quarantined_tables/034_Health_Bulletin_2016/table_0122.csv,rejected,unclassified,,blocked_quality_gate,no,0,table_requires_review_or_was_rejected
extracted_tables/034_Health_Bulletin_2016/table_0123.csv,quarantined_tables/034_Health_Bulletin_2016/table_0123.csv,rejected,unclassified,,blocked_quality_gate,no,0,table_requires_review_or_was_rejected
extracted_tables/034_Health_Bulletin_2016/table_0124.csv,quarantined_tables/034_Health_Bulletin_2016/table_0124.csv,rejected,unclassified,,blocked_quality_gate,no,0,table_requires_review_or_was_rejected
extracted_tables/034_Health_Bulletin_2016/table_0125.csv,quarantined_tables/034_Health_Bulletin_2016/table_0125.csv,rejected,unclassified,,blocked_quality_gate,no,0,table_requires_review_or_was_rejected
extracted_tables/034_Health_Bulletin_2016/table_0126.csv,quarantined_tables/034_Health_Bulletin_2016/table_0126.csv,rejected,unclassified,,blocked_quality_gate,no,0,table_requires_review_or_was_rejected
extracted_tables/034_Health_Bulletin_2016/table_0127.csv,quarantined_tables/034_Health_Bulletin_2016/table_0127.csv,rejected,unclassified,,blocked_quality_gate,no,0,table_requires_review_or_was_rejected
extracted_tables/034_Health_Bulletin_2016/table_0128.csv,quarantined_tables/034_Health_Bulletin_2016/table_0128.csv,rejected,unclassified,,blocked_quality_gate,no,0,table_requires_review_or_was_rejected
extracted_tables/034_Health_Bulletin_2016/table_0129.csv,quarantined_tables/034_Health_Bulletin_2016/table_0129.csv,rejected,unclassified,,blocked_quality_gate,no,0,table_requires_review_or_was_rejected
extracted_tables/034_Health_Bulletin_2016/table_0130.csv,quarantined_tables/034_Health_Bulletin_2016/table_0130.csv,rejected,unclassified,,blocked_quality_gate,no,0,table_requires_review_or_was_rejected
extracted_tables/034_Health_Bulletin_2016/table_0131.csv,quarantined_tables/034_Health_Bulletin_2016/table_0131.csv,rejected,unclassified,,blocked_quality_gate,no,0,table_requires_review_or_was_rejected
extracted_tables/034_Health_Bulletin_2016/table_0132.csv,quarantined_tables/034_Health_Bulletin_2016/table_0132.csv,rejected,unclassified,,blocked_quality_gate,no,0,table_requires_review_or_was_rejected
extracted_tables/034_Health_Bulletin_2016/table_0133.csv,quarantined_tables/034_Health_Bulletin_2016/table_0133.csv,rejected,unclassified,,blocked_quality_gate,no,0,table_requires_review_or_was_rejected
extracted_tables/034_Health_Bulletin_2016/table_0134.csv,quarantined_tables/034_Health_Bulletin_2016/table_0134.csv,rejected,unclassified,,blocked_quality_gate,no,0,table_requires_review_or_was_rejected
extracted_tables/034_Health_Bulletin_2016/table_0135.csv,quarantined_tables/034_Health_Bulletin_2016/table_0135.csv,review_required,unclassified,,blocked_quality_gate,no,0,table_requires_review_or_was_rejected
extracted_tables/034_Health_Bulletin_2016/table_0136.csv,quarantined_tables/034_Health_Bulletin_2016/table_0136.csv,rejected,unclassified,,blocked_quality_gate,no,0,table_requires_review_or_was_rejected
extracted_tables/034_Health_Bulletin_2016/table_0137.csv,quarantined_tables/034_Health_Bulletin_2016/table_0137.csv,rejected,unclassified,,blocked_quality_gate,no,0,table_requires_review_or_was_rejected
extracted_tables/034_Health_Bulletin_2016/table_0138.csv,quarantined_tables/034_Health_Bulletin_2016/table_0138.csv,rejected,unclassified,,blocked_quality_gate,no,0,table_requires_review_or_was_rejected
extracted_tables/034_Health_Bulletin_2016/table_0139.csv,quarantined_tables/034_Health_Bulletin_2016/table_0139.csv,rejected,unclassified,,blocked_quality_gate,no,0,table_requires_review_or_was_rejected
extracted_tables/034_Health_Bulletin_2016/table_0140.csv,quarantined_tables/034_Health_Bulletin_2016/table_0140.csv,review_required,unclassified,,blocked_quality_gate,no,0,table_requires_review_or_was_rejected
extracted_tables/034_Health_Bulletin_2016/table_0141.csv,quarantined_tables/034_Health_Bulletin_2016/table_0141.csv,review_required,unclassified,,blocked_quality_gate,no,0,table_requires_review_or_was_rejected
extracted_tables/034_Health_Bulletin_2016/table_0142.csv,quarantined_tables/034_Health_Bulletin_2016/table_0142.csv,review_required,unclassified,,blocked_quality_gate,no,0,table_requires_review_or_was_rejected
extracted_tables/034_Health_Bulletin_2016/table_0143.csv,quarantined_tables/034_Health_Bulletin_2016/table_0143.csv,review_required,unclassified,,blocked_quality_gate,no,0,table_requires_review_or_was_rejected
extracted_tables/034_Health_Bulletin_2016/table_0144.csv,quarantined_tables/034_Health_Bulletin_2016/table_0144.csv,review_required,unclassified,,blocked_quality_gate,no,0,table_requires_review_or_was_rejected
extracted_tables/034_Health_Bulletin_2016/table_0145.csv,quarantined_tables/034_Health_Bulletin_2016/table_0145.csv,review_required,unclassified,,blocked_quality_gate,no,0,table_requires_review_or_was_rejected
extracted_tables/034_Health_Bulletin_2016/table_0146.csv,quarantined_tables/034_Health_Bulletin_2016/table_0146.csv,review_required,unclassified,,blocked_quality_gate,no,0,table_requires_review_or_was_rejected
extracted_tables/034_Health_Bulletin_2016/table_0147.csv,quarantined_tables/034_Health_Bulletin_2016/table_0147.csv,review_required,unclassified,,blocked_quality_gate,no,0,table_requires_review_or_was_rejected
extracted_tables/034_Health_Bulletin_2016/table_0148.csv,quarantined_tables/034_Health_Bulletin_2016/table_0148.csv,review_required,unclassified,,blocked_quality_gate,no,0,table_requires_review_or_was_rejected
extracted_tables/034_Health_Bulletin_2016/table_0149.csv,quarantined_tables/034_Health_Bulletin_2016/table_0149.csv,review_required,unclassified,,blocked_quality_gate,no,0,table_requires_review_or_was_rejected
extracted_tables/034_Health_Bulletin_2016/table_0150.csv,quarantined_tables/034_Health_Bulletin_2016/table_0150.csv,rejected,unclassified,,blocked_quality_gate,no,0,table_requires_review_or_was_rejected
extracted_tables/034_Health_Bulletin_2016/table_0151.csv,quarantined_tables/034_Health_Bulletin_2016/table_0151.csv,rejected,unclassified,,blocked_quality_gate,no,0,table_requires_review_or_was_rejected
extracted_tables/034_Health_Bulletin_2016/table_0152.csv,quarantined_tables/034_Health_Bulletin_2016/table_0152.csv,rejected,unclassified,,blocked_quality_gate,no,0,table_requires_review_or_was_rejected
extracted_tables/034_Health_Bulletin_2016/table_0153.csv,quarantined_tables/034_Health_Bulletin_2016/table_0153.csv,review_required,unclassified,,blocked_quality_gate,no,0,table_requires_review_or_was_rejected
extracted_tables/034_Health_Bulletin_2016/table_0154.csv,quarantined_tables/034_Health_Bulletin_2016/table_0154.csv,review_required,unclassified,,blocked_quality_gate,no,0,table_requires_review_or_was_rejected
extracted_tables/034_Health_Bulletin_2016/table_0155.csv,quarantined_tables/034_Health_Bulletin_2016/table_0155.csv,review_required,unclassified,,blocked_quality_gate,no,0,table_requires_review_or_was_rejected
extracted_tables/034_Health_Bulletin_2016/table_0156.csv,quarantined_tables/034_Health_Bulletin_2016/table_0156.csv,review_required,unclassified,,blocked_quality_gate,no,0,table_requires_review_or_was_rejected
extracted_tables/034_Health_Bulletin_2016/table_0157.csv,quarantined_tables/034_Health_Bulletin_2016/table_0157.csv,review_required,unclassified,,blocked_quality_gate,no,0,table_requires_review_or_was_rejected
extracted_tables/034_Health_Bulletin_2016/table_0158.csv,quarantined_tables/034_Health_Bulletin_2016/table_0158.csv,review_required,unclassified,,blocked_quality_gate,no,0,table_requires_review_or_was_rejected
extracted_tables/034_Health_Bulletin_2016/table_0159.csv,quarantined_tables/034_Health_Bulletin_2016/table_0159.csv,review_required,unclassified,,blocked_quality_gate,no,0,table_requires_review_or_was_rejected
extracted_tables/034_Health_Bulletin_2016/table_0160.csv,quarantined_tables/034_Health_Bulletin_2016/table_0160.csv,review_required,unclassified,,blocked_quality_gate,no,0,table_requires_review_or_was_rejected
extracted_tables/034_Health_Bulletin_2016/table_0161.csv,quarantined_tables/034_Health_Bulletin_2016/table_0161.csv,review_required,unclassified,,blocked_quality_gate,no,0,table_requires_review_or_was_rejected
extracted_tables/034_Health_Bulletin_2016/table_0162.csv,quarantined_tables/034_Health_Bulletin_2016/table_0162.csv,review_required,unclassified,,blocked_quality_gate,no,0,table_requires_review_or_was_rejected
extracted_tables/034_Health_Bulletin_2016/table_0163.csv,quarantined_tables/034_Health_Bulletin_2016/table_0163.csv,review_required,unclassified,,blocked_quality_gate,no,0,table_requires_review_or_was_rejected
extracted_tables/034_Health_Bulletin_2016/table_0164.csv,quarantined_tables/034_Health_Bulletin_2016/table_0164.csv,review_required,unclassified,,blocked_quality_gate,no,0,table_requires_review_or_was_rejected
extracted_tables/034_Health_Bulletin_2016/table_0165.csv,quarantined_tables/034_Health_Bulletin_2016/table_0165.csv,review_required,unclassified,,blocked_quality_gate,no,0,table_requires_review_or_was_rejected
extracted_tables/034_Health_Bulletin_2016/table_0166.csv,quarantined_tables/034_Health_Bulletin_2016/table_0166.csv,review_required,unclassified,,blocked_quality_gate,no,0,table_requires_review_or_was_rejected
extracted_tables/034_Health_Bulletin_2016/table_0167.csv,quarantined_tables/034_Health_Bulletin_2016/table_0167.csv,review_required,unclassified,,blocked_quality_gate,no,0,table_requires_review_or_was_rejected
extracted_tables/034_Health_Bulletin_2016/table_0168.csv,quarantined_tables/034_Health_Bulletin_2016/table_0168.csv,review_required,unclassified,,blocked_quality_gate,no,0,table_requires_review_or_was_rejected
extracted_tables/034_Health_Bulletin_2016/table_0169.csv,quarantined_tables/034_Health_Bulletin_2016/table_0169.csv,review_required,unclassified,,blocked_quality_gate,no,0,table_requires_review_or_was_rejected
extracted_tables/034_Health_Bulletin_2016/table_0170.csv,quarantined_tables/034_Health_Bulletin_2016/table_0170.csv,review_required,unclassified,,blocked_quality_gate,no,0,table_requires_review_or_was_rejected
extracted_tables/034_Health_Bulletin_2016/table_0171.csv,quarantined_tables/034_Health_Bulletin_2016/table_0171.csv,review_required,unclassified,,blocked_quality_gate,no,0,table_requires_review_or_was_rejected
extracted_tables/034_Health_Bulletin_2016/table_0172.csv,quarantined_tables/034_Health_Bulletin_2016/table_0172.csv,review_required,unclassified,,blocked_quality_gate,no,0,table_requires_review_or_was_rejected
extracted_tables/034_Health_Bulletin_2016/table_0173.csv,quarantined_tables/034_Health_Bulletin_2016/table_0173.csv,review_required,unclassified,,blocked_quality_gate,no,0,table_requires_review_or_was_rejected
extracted_tables/034_Health_Bulletin_2016/table_0174.csv,quarantined_tables/034_Health_Bulletin_2016/table_0174.csv,review_required,unclassified,,blocked_quality_gate,no,0,table_requires_review_or_was_rejected
extracted_tables/034_Health_Bulletin_2016/table_0175.csv,quarantined_tables/034_Health_Bulletin_2016/table_0175.csv,review_required,unclassified,,blocked_quality_gate,no,0,table_requires_review_or_was_rejected
extracted_tables/034_Health_Bulletin_2016/table_0176.csv,quarantined_tables/034_Health_Bulletin_2016/table_0176.csv,review_required,unclassified,,blocked_quality_gate,no,0,table_requires_review_or_was_rejected
extracted_tables/034_Health_Bulletin_2016/table_0177.csv,quarantined_tables/034_Health_Bulletin_2016/table_0177.csv,review_required,unclassified,,blocked_quality_gate,no,0,table_requires_review_or_was_rejected
extracted_tables/034_Health_Bulletin_2016/table_0178.csv,quarantined_tables/034_Health_Bulletin_2016/table_0178.csv,review_required,unclassified,,blocked_quality_gate,no,0,table_requires_review_or_was_rejected
extracted_tables/034_Health_Bulletin_2016/table_0179.csv,quarantined_tables/034_Health_Bulletin_2016/table_0179.csv,review_required,unclassified,,blocked_quality_gate,no,0,table_requires_review_or_was_rejected
extracted_tables/034_Health_Bulletin_2016/table_0180.csv,quarantined_tables/034_Health_Bulletin_2016/table_0180.csv,review_required,unclassified,,blocked_quality_gate,no,0,table_requires_review_or_was_rejected
extracted_tables/034_Health_Bulletin_2016/table_0181.csv,quarantined_tables/034_Health_Bulletin_2016/table_0181.csv,review_required,unclassified,,blocked_quality_gate,no,0,table_requires_review_or_was_rejected
extracted_tables/034_Health_Bulletin_2016/table_0182.csv,quarantined_tables/034_Health_Bulletin_2016/table_0182.csv,review_required,unclassified,,blocked_quality_gate,no,0,table_requires_review_or_was_rejected
extracted_tables/034_Health_Bulletin_2016/table_0183.csv,quarantined_tables/034_Health_Bulletin_2016/table_0183.csv,review_required,unclassified,,blocked_quality_gate,no,0,table_requires_review_or_was_rejected
extracted_tables/034_Health_Bulletin_2016/table_0184.csv,quarantined_tables/034_Health_Bulletin_2016/table_0184.csv,review_required,unclassified,,blocked_quality_gate,no,0,table_requires_review_or_was_rejected
extracted_tables/034_Health_Bulletin_2016/table_0185.csv,quarantined_tables/034_Health_Bulletin_2016/table_0185.csv,review_required,unclassified,,blocked_quality_gate,no,0,table_requires_review_or_was_rejected
extracted_tables/034_Health_Bulletin_2016/table_0186.csv,quarantined_tables/034_Health_Bulletin_2016/table_0186.csv,review_required,unclassified,,blocked_quality_gate,no,0,table_requires_review_or_was_rejected
extracted_tables/034_Health_Bulletin_2016/table_0187.csv,quarantined_tables/034_Health_Bulletin_2016/table_0187.csv,review_required,unclassified,,blocked_quality_gate,no,0,table_requires_review_or_was_rejected
extracted_tables/034_Health_Bulletin_2016/table_0188.csv,quarantined_tables/034_Health_Bulletin_2016/table_0188.csv,review_required,unclassified,,blocked_quality_gate,no,0,table_requires_review_or_was_rejected
extracted_tables/034_Health_Bulletin_2016/table_0189.csv,quarantined_tables/034_Health_Bulletin_2016/table_0189.csv,review_required,unclassified,,blocked_quality_gate,no,0,table_requires_review_or_was_rejected
extracted_tables/034_Health_Bulletin_2016/table_0190.csv,quarantined_tables/034_Health_Bulletin_2016/table_0190.csv,review_required,unclassified,,blocked_quality_gate,no,0,table_requires_review_or_was_rejected
extracted_tables/034_Health_Bulletin_2016/table_0191.csv,quarantined_tables/034_Health_Bulletin_2016/table_0191.csv,review_required,unclassified,,blocked_quality_gate,no,0,table_requires_review_or_was_rejected
extracted_tables/034_Health_Bulletin_2016/table_0192.csv,quarantined_tables/034_Health_Bulletin_2016/table_0192.csv,review_required,unclassified,,blocked_quality_gate,no,0,table_requires_review_or_was_rejected
extracted_tables/034_Health_Bulletin_2016/table_0193.csv,quarantined_tables/034_Health_Bulletin_2016/table_0193.csv,review_required,unclassified,,blocked_quality_gate,no,0,table_requires_review_or_was_rejected
extracted_tables/034_Health_Bulletin_2016/table_0194.csv,quarantined_tables/034_Health_Bulletin_2016/table_0194.csv,review_required,unclassified,,blocked_quality_gate,no,0,table_requires_review_or_was_rejected
extracted_tables/034_Health_Bulletin_2016/table_0195.csv,quarantined_tables/034_Health_Bulletin_2016/table_0195.csv,review_required,unclassified,,blocked_quality_gate,no,0,table_requires_review_or_was_rejected
extracted_tables/034_Health_Bulletin_2016/table_0196.csv,quarantined_tables/034_Health_Bulletin_2016/table_0196.csv,review_required,unclassified,,blocked_quality_gate,no,0,table_requires_review_or_was_rejected
extracted_tables/034_Health_Bulletin_2016/table_0197.csv,quarantined_tables/034_Health_Bulletin_2016/table_0197.csv,review_required,unclassified,,blocked_quality_gate,no,0,table_requires_review_or_was_rejected
extracted_tables/034_Health_Bulletin_2016/table_0198.csv,quarantined_tables/034_Health_Bulletin_2016/table_0198.csv,review_required,unclassified,,blocked_quality_gate,no,0,table_requires_review_or_was_rejected
extracted_tables/034_Health_Bulletin_2016/table_0199.csv,quarantined_tables/034_Health_Bulletin_2016/table_0199.csv,review_required,unclassified,,blocked_quality_gate,no,0,table_requires_review_or_was_rejected
extracted_tables/034_Health_Bulletin_2016/table_0200.csv,quarantined_tables/034_Health_Bulletin_2016/table_0200.csv,review_required,unclassified,,blocked_quality_gate,no,0,table_requires_review_or_was_rejected
extracted_tables/034_Health_Bulletin_2016/table_0201.csv,quarantined_tables/034_Health_Bulletin_2016/table_0201.csv,review_required,unclassified,,blocked_quality_gate,no,0,table_requires_review_or_was_rejected
extracted_tables/034_Health_Bulletin_2016/table_0202.csv,quarantined_tables/034_Health_Bulletin_2016/table_0202.csv,review_required,unclassified,,blocked_quality_gate,no,0,table_requires_review_or_was_rejected
extracted_tables/034_Health_Bulletin_2016/table_0203.csv,quarantined_tables/034_Health_Bulletin_2016/table_0203.csv,review_required,unclassified,,blocked_quality_gate,no,0,table_requires_review_or_was_rejected
extracted_tables/034_Health_Bulletin_2016/table_0204.csv,quarantined_tables/034_Health_Bulletin_2016/table_0204.csv,review_required,unclassified,,blocked_quality_gate,no,0,table_requires_review_or_was_rejected
extracted_tables/034_Health_Bulletin_2016/table_0205.csv,quarantined_tables/034_Health_Bulletin_2016/table_0205.csv,review_required,unclassified,,blocked_quality_gate,no,0,table_requires_review_or_was_rejected
extracted_tables/034_Health_Bulletin_2016/table_0206.csv,quarantined_tables/034_Health_Bulletin_2016/table_0206.csv,review_required,unclassified,,blocked_quality_gate,no,0,table_requires_review_or_was_rejected
extracted_tables/034_Health_Bulletin_2016/table_0207.csv,quarantined_tables/034_Health_Bulletin_2016/table_0207.csv,review_required,unclassified,,blocked_quality_gate,no,0,table_requires_review_or_was_rejected
extracted_tables/034_Health_Bulletin_2016/table_0208.csv,quarantined_tables/034_Health_Bulletin_2016/table_0208.csv,review_required,unclassified,,blocked_quality_gate,no,0,table_requires_review_or_was_rejected
extracted_tables/034_Health_Bulletin_2016/table_0209.csv,quarantined_tables/034_Health_Bulletin_2016/table_0209.csv,review_required,unclassified,,blocked_quality_gate,no,0,table_requires_review_or_was_rejected
extracted_tables/034_Health_Bulletin_2016/table_0210.csv,quarantined_tables/034_Health_Bulletin_2016/table_0210.csv,review_required,unclassified,,blocked_quality_gate,no,0,table_requires_review_or_was_rejected
extracted_tables/034_Health_Bulletin_2016/table_0211.csv,quarantined_tables/034_Health_Bulletin_2016/table_0211.csv,review_required,unclassified,,blocked_quality_gate,no,0,table_requires_review_or_was_rejected
extracted_tables/034_Health_Bulletin_2016/table_0212.csv,quarantined_tables/034_Health_Bulletin_2016/table_0212.csv,review_required,unclassified,,blocked_quality_gate,no,0,table_requires_review_or_was_rejected
extracted_tables/034_Health_Bulletin_2016/table_0213.csv,quarantined_tables/034_Health_Bulletin_2016/table_0213.csv,review_required,unclassified,,blocked_quality_gate,no,0,table_requires_review_or_was_rejected
extracted_tables/034_Health_Bulletin_2016/table_0214.csv,quarantined_tables/034_Health_Bulletin_2016/table_0214.csv,review_required,unclassified,,blocked_quality_gate,no,0,table_requires_review_or_was_rejected
extracted_tables/034_Health_Bulletin_2016/table_0215.csv,quarantined_tables/034_Health_Bulletin_2016/table_0215.csv,review_required,unclassified,,blocked_quality_gate,no,0,table_requires_review_or_was_rejected
extracted_tables/034_Health_Bulletin_2016/table_0216.csv,quarantined_tables/034_Health_Bulletin_2016/table_0216.csv,review_required,unclassified,,blocked_quality_gate,no,0,table_requires_review_or_was_rejected
extracted_tables/034_Health_Bulletin_2016/table_0217.csv,quarantined_tables/034_Health_Bulletin_2016/table_0217.csv,review_required,unclassified,,blocked_quality_gate,no,0,table_requires_review_or_was_rejected
extracted_tables/034_Health_Bulletin_2016/table_0218.csv,quarantined_tables/034_Health_Bulletin_2016/table_0218.csv,review_required,unclassified,,blocked_quality_gate,no,0,table_requires_review_or_was_rejected
extracted_tables/034_Health_Bulletin_2016/table_0219.csv,quarantined_tables/034_Health_Bulletin_2016/table_0219.csv,review_required,unclassified,,blocked_quality_gate,no,0,table_requires_review_or_was_rejected
extracted_tables/034_Health_Bulletin_2016/table_0220.csv,quarantined_tables/034_Health_Bulletin_2016/table_0220.csv,review_required,unclassified,,blocked_quality_gate,no,0,table_requires_review_or_was_rejected
extracted_tables/034_Health_Bulletin_2016/table_0221.csv,quarantined_tables/034_Health_Bulletin_2016/table_0221.csv,review_required,unclassified,,blocked_quality_gate,no,0,table_requires_review_or_was_rejected
extracted_tables/034_Health_Bulletin_2016/table_0222.csv,quarantined_tables/034_Health_Bulletin_2016/table_0222.csv,review_required,unclassified,,blocked_quality_gate,no,0,table_requires_review_or_was_rejected
extracted_tables/034_Health_Bulletin_2016/table_0223.csv,quarantined_tables/034_Health_Bulletin_2016/table_0223.csv,review_required,unclassified,,blocked_quality_gate,no,0,table_requires_review_or_was_rejected
extracted_tables/034_Health_Bulletin_2016/table_0224.csv,quarantined_tables/034_Health_Bulletin_2016/table_0224.csv,review_required,unclassified,,blocked_quality_gate,no,0,table_requires_review_or_was_rejected
extracted_tables/034_Health_Bulletin_2016/table_0225.csv,quarantined_tables/034_Health_Bulletin_2016/table_0225.csv,review_required,unclassified,,blocked_quality_gate,no,0,table_requires_review_or_was_rejected
extracted_tables/034_Health_Bulletin_2016/table_0226.csv,quarantined_tables/034_Health_Bulletin_2016/table_0226.csv,review_required,unclassified,,blocked_quality_gate,no,0,table_requires_review_or_was_rejected
extracted_tables/034_Health_Bulletin_2016/table_0227.csv,quarantined_tables/034_Health_Bulletin_2016/table_0227.csv,review_required,unclassified,,blocked_quality_gate,no,0,table_requires_review_or_was_rejected
extracted_tables/034_Health_Bulletin_2016/table_0228.csv,quarantined_tables/034_Health_Bulletin_2016/table_0228.csv,review_required,unclassified,,blocked_quality_gate,no,0,table_requires_review_or_was_rejected
extracted_tables/034_Health_Bulletin_2016/table_0229.csv,quarantined_tables/034_Health_Bulletin_2016/table_0229.csv,review_required,unclassified,,blocked_quality_gate,no,0,table_requires_review_or_was_rejected
extracted_tables/034_Health_Bulletin_2016/table_0230.csv,quarantined_tables/034_Health_Bulletin_2016/table_0230.csv,review_required,unclassified,,blocked_quality_gate,no,0,table_requires_review_or_was_rejected
extracted_tables/034_Health_Bulletin_2016/table_0231.csv,quarantined_tables/034_Health_Bulletin_2016/table_0231.csv,review_required,unclassified,,blocked_quality_gate,no,0,table_requires_review_or_was_rejected
extracted_tables/034_Health_Bulletin_2016/table_0232.csv,quarantined_tables/034_Health_Bulletin_2016/table_0232.csv,review_required,unclassified,,blocked_quality_gate,no,0,table_requires_review_or_was_rejected
extracted_tables/034_Health_Bulletin_2016/table_0233.csv,quarantined_tables/034_Health_Bulletin_2016/table_0233.csv,review_required,unclassified,,blocked_quality_gate,no,0,table_requires_review_or_was_rejected
extracted_tables/034_Health_Bulletin_2016/table_0234.csv,quarantined_tables/034_Health_Bulletin_2016/table_0234.csv,review_required,unclassified,,blocked_quality_gate,no,0,table_requires_review_or_was_rejected
extracted_tables/034_Health_Bulletin_2016/table_0235.csv,quarantined_tables/034_Health_Bulletin_2016/table_0235.csv,review_required,unclassified,,blocked_quality_gate,no,0,table_requires_review_or_was_rejected
extracted_tables/034_Health_Bulletin_2016/table_0236.csv,quarantined_tables/034_Health_Bulletin_2016/table_0236.csv,review_required,unclassified,,blocked_quality_gate,no,0,table_requires_review_or_was_rejected
extracted_tables/034_Health_Bulletin_2016/table_0237.csv,quarantined_tables/034_Health_Bulletin_2016/table_0237.csv,review_required,unclassified,,blocked_quality_gate,no,0,table_requires_review_or_was_rejected
extracted_tables/034_Health_Bulletin_2016/table_0238.csv,quarantined_tables/034_Health_Bulletin_2016/table_0238.csv,review_required,unclassified,,blocked_quality_gate,no,0,table_requires_review_or_was_rejected
extracted_tables/034_Health_Bulletin_2016/table_0239.csv,quarantined_tables/034_Health_Bulletin_2016/table_0239.csv,review_required,unclassified,,blocked_quality_gate,no,0,table_requires_review_or_was_rejected
extracted_tables/034_Health_Bulletin_2016/table_0240.csv,quarantined_tables/034_Health_Bulletin_2016/table_0240.csv,review_required,unclassified,,blocked_quality_gate,no,0,table_requires_review_or_was_rejected
extracted_tables/034_Health_Bulletin_2016/table_0241.csv,quarantined_tables/034_Health_Bulletin_2016/table_0241.csv,review_required,unclassified,,blocked_quality_gate,no,0,table_requires_review_or_was_rejected
extracted_tables/034_Health_Bulletin_2016/table_0242.csv,quarantined_tables/034_Health_Bulletin_2016/table_0242.csv,review_required,unclassified,,blocked_quality_gate,no,0,table_requires_review_or_was_rejected
extracted_tables/034_Health_Bulletin_2016/table_0243.csv,quarantined_tables/034_Health_Bulletin_2016/table_0243.csv,review_required,unclassified,,blocked_quality_gate,no,0,table_requires_review_or_was_rejected
extracted_tables/034_Health_Bulletin_2016/table_0244.csv,quarantined_tables/034_Health_Bulletin_2016/table_0244.csv,review_required,unclassified,,blocked_quality_gate,no,0,table_requires_review_or_was_rejected
extracted_tables/034_Health_Bulletin_2016/table_0245.csv,quarantined_tables/034_Health_Bulletin_2016/table_0245.csv,review_required,unclassified,,blocked_quality_gate,no,0,table_requires_review_or_was_rejected
extracted_tables/034_Health_Bulletin_2016/table_0246.csv,quarantined_tables/034_Health_Bulletin_2016/table_0246.csv,review_required,unclassified,,blocked_quality_gate,no,0,table_requires_review_or_was_rejected
extracted_tables/034_Health_Bulletin_2016/table_0247.csv,quarantined_tables/034_Health_Bulletin_2016/table_0247.csv,review_required,unclassified,,blocked_quality_gate,no,0,table_requires_review_or_was_rejected
extracted_tables/034_Health_Bulletin_2016/table_0248.csv,quarantined_tables/034_Health_Bulletin_2016/table_0248.csv,review_required,unclassified,,blocked_quality_gate,no,0,table_requires_review_or_was_rejected
extracted_tables/034_Health_Bulletin_2016/table_0249.csv,quarantined_tables/034_Health_Bulletin_2016/table_0249.csv,review_required,unclassified,,blocked_quality_gate,no,0,table_requires_review_or_was_rejected
extracted_tables/034_Health_Bulletin_2016/table_0250.csv,quarantined_tables/034_Health_Bulletin_2016/table_0250.csv,review_required,unclassified,,blocked_quality_gate,no,0,table_requires_review_or_was_rejected
extracted_tables/034_Health_Bulletin_2016/table_0251.csv,quarantined_tables/034_Health_Bulletin_2016/table_0251.csv,review_required,unclassified,,blocked_quality_gate,no,0,table_requires_review_or_was_rejected
extracted_tables/034_Health_Bulletin_2016/table_0252.csv,quarantined_tables/034_Health_Bulletin_2016/table_0252.csv,review_required,unclassified,,blocked_quality_gate,no,0,table_requires_review_or_was_rejected
extracted_tables/034_Health_Bulletin_2016/table_0253.csv,quarantined_tables/034_Health_Bulletin_2016/table_0253.csv,review_required,unclassified,,blocked_quality_gate,no,0,table_requires_review_or_was_rejected
extracted_tables/034_Health_Bulletin_2016/table_0254.csv,quarantined_tables/034_Health_Bulletin_2016/table_0254.csv,review_required,unclassified,,blocked_quality_gate,no,0,table_requires_review_or_was_rejected
extracted_tables/034_Health_Bulletin_2016/table_0255.csv,quarantined_tables/034_Health_Bulletin_2016/table_0255.csv,review_required,unclassified,,blocked_quality_gate,no,0,table_requires_review_or_was_rejected
extracted_tables/034_Health_Bulletin_2016/table_0256.csv,quarantined_tables/034_Health_Bulletin_2016/table_0256.csv,review_required,unclassified,,blocked_quality_gate,no,0,table_requires_review_or_was_rejected
extracted_tables/034_Health_Bulletin_2016/table_0257.csv,quarantined_tables/034_Health_Bulletin_2016/table_0257.csv,review_required,unclassified,,blocked_quality_gate,no,0,table_requires_review_or_was_rejected
extracted_tables/034_Health_Bulletin_2016/table_0258.csv,quarantined_tables/034_Health_Bulletin_2016/table_0258.csv,review_required,unclassified,,blocked_quality_gate,no,0,table_requires_review_or_was_rejected
extracted_tables/034_Health_Bulletin_2016/table_0259.csv,quarantined_tables/034_Health_Bulletin_2016/table_0259.csv,review_required,unclassified,,blocked_quality_gate,no,0,table_requires_review_or_was_rejected
extracted_tables/034_Health_Bulletin_2016/table_0260.csv,quarantined_tables/034_Health_Bulletin_2016/table_0260.csv,review_required,unclassified,,blocked_quality_gate,no,0,table_requires_review_or_was_rejected
extracted_tables/034_Health_Bulletin_2016/table_0261.csv,quarantined_tables/034_Health_Bulletin_2016/table_0261.csv,review_required,unclassified,,blocked_quality_gate,no,0,table_requires_review_or_was_rejected
extracted_tables/034_Health_Bulletin_2016/table_0262.csv,quarantined_tables/034_Health_Bulletin_2016/table_0262.csv,review_required,unclassified,,blocked_quality_gate,no,0,table_requires_review_or_was_rejected
extracted_tables/034_Health_Bulletin_2016/table_0263.csv,quarantined_tables/034_Health_Bulletin_2016/table_0263.csv,review_required,unclassified,,blocked_quality_gate,no,0,table_requires_review_or_was_rejected
extracted_tables/034_Health_Bulletin_2016/table_0264.csv,quarantined_tables/034_Health_Bulletin_2016/table_0264.csv,review_required,unclassified,,blocked_quality_gate,no,0,table_requires_review_or_was_rejected
extracted_tables/034_Health_Bulletin_2016/table_0265.csv,quarantined_tables/034_Health_Bulletin_2016/table_0265.csv,review_required,unclassified,,blocked_quality_gate,no,0,table_requires_review_or_was_rejected
extracted_tables/034_Health_Bulletin_2016/table_0266.csv,quarantined_tables/034_Health_Bulletin_2016/table_0266.csv,review_required,unclassified,,blocked_quality_gate,no,0,table_requires_review_or_was_rejected
extracted_tables/034_Health_Bulletin_2016/table_0267.csv,quarantined_tables/034_Health_Bulletin_2016/table_0267.csv,review_required,unclassified,,blocked_quality_gate,no,0,table_requires_review_or_was_rejected
extracted_tables/034_Health_Bulletin_2016/table_0268.csv,quarantined_tables/034_Health_Bulletin_2016/table_0268.csv,review_required,unclassified,,blocked_quality_gate,no,0,table_requires_review_or_was_rejected
extracted_tables/034_Health_Bulletin_2016/table_0269.csv,quarantined_tables/034_Health_Bulletin_2016/table_0269.csv,review_required,unclassified,,blocked_quality_gate,no,0,table_requires_review_or_was_rejected
extracted_tables/034_Health_Bulletin_2016/table_0270.csv,quarantined_tables/034_Health_Bulletin_2016/table_0270.csv,review_required,unclassified,,blocked_quality_gate,no,0,table_requires_review_or_was_rejected
extracted_tables/034_Health_Bulletin_2016/table_0271.csv,quarantined_tables/034_Health_Bulletin_2016/table_0271.csv,review_required,unclassified,,blocked_quality_gate,no,0,table_requires_review_or_was_rejected
extracted_tables/034_Health_Bulletin_2016/table_0272.csv,quarantined_tables/034_Health_Bulletin_2016/table_0272.csv,review_required,unclassified,,blocked_quality_gate,no,0,table_requires_review_or_was_rejected
extracted_tables/034_Health_Bulletin_2016/table_0273.csv,quarantined_tables/034_Health_Bulletin_2016/table_0273.csv,review_required,unclassified,,blocked_quality_gate,no,0,table_requires_review_or_was_rejected
extracted_tables/034_Health_Bulletin_2016/table_0274.csv,quarantined_tables/034_Health_Bulletin_2016/table_0274.csv,review_required,unclassified,,blocked_quality_gate,no,0,table_requires_review_or_was_rejected
extracted_tables/034_Health_Bulletin_2016/table_0275.csv,quarantined_tables/034_Health_Bulletin_2016/table_0275.csv,review_required,unclassified,,blocked_quality_gate,no,0,table_requires_review_or_was_rejected
extracted_tables/034_Health_Bulletin_2016/table_0276.csv,quarantined_tables/034_Health_Bulletin_2016/table_0276.csv,review_required,unclassified,,blocked_quality_gate,no,0,table_requires_review_or_was_rejected
extracted_tables/034_Health_Bulletin_2016/table_0277.csv,quarantined_tables/034_Health_Bulletin_2016/table_0277.csv,review_required,unclassified,,blocked_quality_gate,no,0,table_requires_review_or_was_rejected
extracted_tables/034_Health_Bulletin_2016/table_0278.csv,quarantined_tables/034_Health_Bulletin_2016/table_0278.csv,review_required,unclassified,,blocked_quality_gate,no,0,table_requires_review_or_was_rejected
extracted_tables/034_Health_Bulletin_2016/table_0279.csv,quarantined_tables/034_Health_Bulletin_2016/table_0279.csv,review_required,unclassified,,blocked_quality_gate,no,0,table_requires_review_or_was_rejected
extracted_tables/034_Health_Bulletin_2016/table_0280.csv,quarantined_tables/034_Health_Bulletin_2016/table_0280.csv,review_required,unclassified,,blocked_quality_gate,no,0,table_requires_review_or_was_rejected
extracted_tables/034_Health_Bulletin_2016/table_0281.csv,quarantined_tables/034_Health_Bulletin_2016/table_0281.csv,review_required,unclassified,,blocked_quality_gate,no,0,table_requires_review_or_was_rejected
extracted_tables/034_Health_Bulletin_2016/table_0282.csv,quarantined_tables/034_Health_Bulletin_2016/table_0282.csv,review_required,unclassified,,blocked_quality_gate,no,0,table_requires_review_or_was_rejected
extracted_tables/034_Health_Bulletin_2016/table_0283.csv,quarantined_tables/034_Health_Bulletin_2016/table_0283.csv,review_required,unclassified,,blocked_quality_gate,no,0,table_requires_review_or_was_rejected
extracted_tables/034_Health_Bulletin_2016/table_0284.csv,quarantined_tables/034_Health_Bulletin_2016/table_0284.csv,review_required,unclassified,,blocked_quality_gate,no,0,table_requires_review_or_was_rejected
extracted_tables/034_Health_Bulletin_2016/table_0285.csv,quarantined_tables/034_Health_Bulletin_2016/table_0285.csv,review_required,unclassified,,blocked_quality_gate,no,0,table_requires_review_or_was_rejected
extracted_tables/034_Health_Bulletin_2016/table_0286.csv,quarantined_tables/034_Health_Bulletin_2016/table_0286.csv,review_required,unclassified,,blocked_quality_gate,no,0,table_requires_review_or_was_rejected
extracted_tables/034_Health_Bulletin_2016/table_0287.csv,quarantined_tables/034_Health_Bulletin_2016/table_0287.csv,review_required,unclassified,,blocked_quality_gate,no,0,table_requires_review_or_was_rejected
extracted_tables/034_Health_Bulletin_2016/table_0288.csv,quarantined_tables/034_Health_Bulletin_2016/table_0288.csv,review_required,unclassified,,blocked_quality_gate,no,0,table_requires_review_or_was_rejected
extracted_tables/034_Health_Bulletin_2016/table_0289.csv,quarantined_tables/034_Health_Bulletin_2016/table_0289.csv,review_required,unclassified,,blocked_quality_gate,no,0,table_requires_review_or_was_rejected
extracted_tables/035_Health_Bulletin_2015/table_0001.csv,quarantined_tables/035_Health_Bulletin_2015/table_0001.csv,rejected,unclassified,,blocked_quality_gate,no,0,table_requires_review_or_was_rejected
extracted_tables/035_Health_Bulletin_2015/table_0002.csv,quarantined_tables/035_Health_Bulletin_2015/table_0002.csv,review_required,unclassified,,blocked_quality_gate,no,0,table_requires_review_or_was_rejected
extracted_tables/035_Health_Bulletin_2015/table_0003.csv,quarantined_tables/035_Health_Bulletin_2015/table_0003.csv,review_required,unclassified,,blocked_quality_gate,no,0,table_requires_review_or_was_rejected
extracted_tables/035_Health_Bulletin_2015/table_0004.csv,quarantined_tables/035_Health_Bulletin_2015/table_0004.csv,review_required,unclassified,,blocked_quality_gate,no,0,table_requires_review_or_was_rejected
extracted_tables/035_Health_Bulletin_2015/table_0005.csv,quarantined_tables/035_Health_Bulletin_2015/table_0005.csv,review_required,unclassified,,blocked_quality_gate,no,0,table_requires_review_or_was_rejected
extracted_tables/035_Health_Bulletin_2015/table_0006.csv,quarantined_tables/035_Health_Bulletin_2015/table_0006.csv,rejected,unclassified,,blocked_quality_gate,no,0,table_requires_review_or_was_rejected
extracted_tables/035_Health_Bulletin_2015/table_0007.csv,quarantined_tables/035_Health_Bulletin_2015/table_0007.csv,rejected,unclassified,,blocked_quality_gate,no,0,table_requires_review_or_was_rejected
extracted_tables/035_Health_Bulletin_2015/table_0008.csv,quarantined_tables/035_Health_Bulletin_2015/table_0008.csv,rejected,unclassified,,blocked_quality_gate,no,0,table_requires_review_or_was_rejected
extracted_tables/035_Health_Bulletin_2015/table_0009.csv,quarantined_tables/035_Health_Bulletin_2015/table_0009.csv,rejected,unclassified,,blocked_quality_gate,no,0,table_requires_review_or_was_rejected
extracted_tables/035_Health_Bulletin_2015/table_0010.csv,quarantined_tables/035_Health_Bulletin_2015/table_0010.csv,rejected,unclassified,,blocked_quality_gate,no,0,table_requires_review_or_was_rejected
extracted_tables/035_Health_Bulletin_2015/table_0011.csv,quarantined_tables/035_Health_Bulletin_2015/table_0011.csv,rejected,unclassified,,blocked_quality_gate,no,0,table_requires_review_or_was_rejected
extracted_tables/035_Health_Bulletin_2015/table_0012.csv,quarantined_tables/035_Health_Bulletin_2015/table_0012.csv,rejected,unclassified,,blocked_quality_gate,no,0,table_requires_review_or_was_rejected
extracted_tables/035_Health_Bulletin_2015/table_0013.csv,quarantined_tables/035_Health_Bulletin_2015/table_0013.csv,rejected,unclassified,,blocked_quality_gate,no,0,table_requires_review_or_was_rejected
extracted_tables/035_Health_Bulletin_2015/table_0014.csv,quarantined_tables/035_Health_Bulletin_2015/table_0014.csv,rejected,unclassified,,blocked_quality_gate,no,0,table_requires_review_or_was_rejected
extracted_tables/035_Health_Bulletin_2015/table_0015.csv,quarantined_tables/035_Health_Bulletin_2015/table_0015.csv,rejected,unclassified,,blocked_quality_gate,no,0,table_requires_review_or_was_rejected
extracted_tables/035_Health_Bulletin_2015/table_0016.csv,quarantined_tables/035_Health_Bulletin_2015/table_0016.csv,rejected,unclassified,,blocked_quality_gate,no,0,table_requires_review_or_was_rejected
extracted_tables/035_Health_Bulletin_2015/table_0017.csv,quarantined_tables/035_Health_Bulletin_2015/table_0017.csv,rejected,unclassified,,blocked_quality_gate,no,0,table_requires_review_or_was_rejected
extracted_tables/035_Health_Bulletin_2015/table_0018.csv,quarantined_tables/035_Health_Bulletin_2015/table_0018.csv,rejected,unclassified,,blocked_quality_gate,no,0,table_requires_review_or_was_rejected
extracted_tables/035_Health_Bulletin_2015/table_0019.csv,quarantined_tables/035_Health_Bulletin_2015/table_0019.csv,rejected,unclassified,,blocked_quality_gate,no,0,table_requires_review_or_was_rejected
extracted_tables/035_Health_Bulletin_2015/table_0020.csv,quarantined_tables/035_Health_Bulletin_2015/table_0020.csv,rejected,unclassified,,blocked_quality_gate,no,0,table_requires_review_or_was_rejected
extracted_tables/035_Health_Bulletin_2015/table_0021.csv,quarantined_tables/035_Health_Bulletin_2015/table_0021.csv,rejected,unclassified,,blocked_quality_gate,no,0,table_requires_review_or_was_rejected
extracted_tables/035_Health_Bulletin_2015/table_0022.csv,quarantined_tables/035_Health_Bulletin_2015/table_0022.csv,rejected,unclassified,,blocked_quality_gate,no,0,table_requires_review_or_was_rejected
extracted_tables/035_Health_Bulletin_2015/table_0023.csv,quarantined_tables/035_Health_Bulletin_2015/table_0023.csv,rejected,unclassified,,blocked_quality_gate,no,0,table_requires_review_or_was_rejected
extracted_tables/035_Health_Bulletin_2015/table_0024.csv,quarantined_tables/035_Health_Bulletin_2015/table_0024.csv,rejected,unclassified,,blocked_quality_gate,no,0,table_requires_review_or_was_rejected
extracted_tables/035_Health_Bulletin_2015/table_0025.csv,quarantined_tables/035_Health_Bulletin_2015/table_0025.csv,rejected,unclassified,,blocked_quality_gate,no,0,table_requires_review_or_was_rejected
extracted_tables/035_Health_Bulletin_2015/table_0026.csv,quarantined_tables/035_Health_Bulletin_2015/table_0026.csv,rejected,unclassified,,blocked_quality_gate,no,0,table_requires_review_or_was_rejected
extracted_tables/035_Health_Bulletin_2015/table_0027.csv,quarantined_tables/035_Health_Bulletin_2015/table_0027.csv,rejected,unclassified,,blocked_quality_gate,no,0,table_requires_review_or_was_rejected
extracted_tables/035_Health_Bulletin_2015/table_0028.csv,quarantined_tables/035_Health_Bulletin_2015/table_0028.csv,rejected,unclassified,,blocked_quality_gate,no,0,table_requires_review_or_was_rejected
extracted_tables/035_Health_Bulletin_2015/table_0029.csv,quarantined_tables/035_Health_Bulletin_2015/table_0029.csv,review_required,unclassified,,blocked_quality_gate,no,0,table_requires_review_or_was_rejected
extracted_tables/035_Health_Bulletin_2015/table_0030.csv,quarantined_tables/035_Health_Bulletin_2015/table_0030.csv,review_required,unclassified,,blocked_quality_gate,no,0,table_requires_review_or_was_rejected
extracted_tables/035_Health_Bulletin_2015/table_0031.csv,quarantined_tables/035_Health_Bulletin_2015/table_0031.csv,rejected,unclassified,,blocked_quality_gate,no,0,table_requires_review_or_was_rejected
extracted_tables/035_Health_Bulletin_2015/table_0032.csv,quarantined_tables/035_Health_Bulletin_2015/table_0032.csv,review_required,unclassified,,blocked_quality_gate,no,0,table_requires_review_or_was_rejected
extracted_tables/035_Health_Bulletin_2015/table_0033.csv,quarantined_tables/035_Health_Bulletin_2015/table_0033.csv,review_required,unclassified,,blocked_quality_gate,no,0,table_requires_review_or_was_rejected
extracted_tables/035_Health_Bulletin_2015/table_0034.csv,quarantined_tables/035_Health_Bulletin_2015/table_0034.csv,review_required,unclassified,,blocked_quality_gate,no,0,table_requires_review_or_was_rejected
extracted_tables/035_Health_Bulletin_2015/table_0035.csv,quarantined_tables/035_Health_Bulletin_2015/table_0035.csv,rejected,unclassified,,blocked_quality_gate,no,0,table_requires_review_or_was_rejected
extracted_tables/035_Health_Bulletin_2015/table_0036.csv,quarantined_tables/035_Health_Bulletin_2015/table_0036.csv,rejected,unclassified,,blocked_quality_gate,no,0,table_requires_review_or_was_rejected
extracted_tables/035_Health_Bulletin_2015/table_0037.csv,quarantined_tables/035_Health_Bulletin_2015/table_0037.csv,rejected,unclassified,,blocked_quality_gate,no,0,table_requires_review_or_was_rejected
extracted_tables/035_Health_Bulletin_2015/table_0038.csv,quarantined_tables/035_Health_Bulletin_2015/table_0038.csv,rejected,unclassified,,blocked_quality_gate,no,0,table_requires_review_or_was_rejected
extracted_tables/035_Health_Bulletin_2015/table_0039.csv,quarantined_tables/035_Health_Bulletin_2015/table_0039.csv,rejected,unclassified,,blocked_quality_gate,no,0,table_requires_review_or_was_rejected
extracted_tables/035_Health_Bulletin_2015/table_0040.csv,quarantined_tables/035_Health_Bulletin_2015/table_0040.csv,rejected,unclassified,,blocked_quality_gate,no,0,table_requires_review_or_was_rejected
extracted_tables/035_Health_Bulletin_2015/table_0041.csv,quarantined_tables/035_Health_Bulletin_2015/table_0041.csv,rejected,unclassified,,blocked_quality_gate,no,0,table_requires_review_or_was_rejected
extracted_tables/035_Health_Bulletin_2015/table_0042.csv,quarantined_tables/035_Health_Bulletin_2015/table_0042.csv,rejected,unclassified,,blocked_quality_gate,no,0,table_requires_review_or_was_rejected
extracted_tables/035_Health_Bulletin_2015/table_0043.csv,quarantined_tables/035_Health_Bulletin_2015/table_0043.csv,rejected,unclassified,,blocked_quality_gate,no,0,table_requires_review_or_was_rejected
extracted_tables/035_Health_Bulletin_2015/table_0044.csv,quarantined_tables/035_Health_Bulletin_2015/table_0044.csv,rejected,unclassified,,blocked_quality_gate,no,0,table_requires_review_or_was_rejected
extracted_tables/035_Health_Bulletin_2015/table_0045.csv,quarantined_tables/035_Health_Bulletin_2015/table_0045.csv,rejected,unclassified,,blocked_quality_gate,no,0,table_requires_review_or_was_rejected
extracted_tables/035_Health_Bulletin_2015/table_0046.csv,quarantined_tables/035_Health_Bulletin_2015/table_0046.csv,rejected,unclassified,,blocked_quality_gate,no,0,table_requires_review_or_was_rejected
extracted_tables/035_Health_Bulletin_2015/table_0047.csv,quarantined_tables/035_Health_Bulletin_2015/table_0047.csv,rejected,unclassified,,blocked_quality_gate,no,0,table_requires_review_or_was_rejected
extracted_tables/035_Health_Bulletin_2015/table_0048.csv,quarantined_tables/035_Health_Bulletin_2015/table_0048.csv,rejected,unclassified,,blocked_quality_gate,no,0,table_requires_review_or_was_rejected
extracted_tables/035_Health_Bulletin_2015/table_0049.csv,quarantined_tables/035_Health_Bulletin_2015/table_0049.csv,rejected,unclassified,,blocked_quality_gate,no,0,table_requires_review_or_was_rejected
extracted_tables/035_Health_Bulletin_2015/table_0050.csv,quarantined_tables/035_Health_Bulletin_2015/table_0050.csv,rejected,unclassified,,blocked_quality_gate,no,0,table_requires_review_or_was_rejected
extracted_tables/035_Health_Bulletin_2015/table_0051.csv,quarantined_tables/035_Health_Bulletin_2015/table_0051.csv,rejected,unclassified,,blocked_quality_gate,no,0,table_requires_review_or_was_rejected
extracted_tables/035_Health_Bulletin_2015/table_0052.csv,quarantined_tables/035_Health_Bulletin_2015/table_0052.csv,rejected,unclassified,,blocked_quality_gate,no,0,table_requires_review_or_was_rejected
extracted_tables/035_Health_Bulletin_2015/table_0053.csv,quarantined_tables/035_Health_Bulletin_2015/table_0053.csv,rejected,unclassified,,blocked_quality_gate,no,0,table_requires_review_or_was_rejected
extracted_tables/036_Health_Bulletin_2014/table_0001.csv,quarantined_tables/036_Health_Bulletin_2014/table_0001.csv,review_required,unclassified,,blocked_quality_gate,no,0,table_requires_review_or_was_rejected
extracted_tables/036_Health_Bulletin_2014/table_0002.csv,quarantined_tables/036_Health_Bulletin_2014/table_0002.csv,rejected,unclassified,,blocked_quality_gate,no,0,table_requires_review_or_was_rejected
extracted_tables/036_Health_Bulletin_2014/table_0003.csv,quarantined_tables/036_Health_Bulletin_2014/table_0003.csv,review_required,unclassified,,blocked_quality_gate,no,0,table_requires_review_or_was_rejected
extracted_tables/036_Health_Bulletin_2014/table_0004.csv,quarantined_tables/036_Health_Bulletin_2014/table_0004.csv,review_required,unclassified,,blocked_quality_gate,no,0,table_requires_review_or_was_rejected
extracted_tables/036_Health_Bulletin_2014/table_0005.csv,quarantined_tables/036_Health_Bulletin_2014/table_0005.csv,review_required,unclassified,,blocked_quality_gate,no,0,table_requires_review_or_was_rejected
extracted_tables/036_Health_Bulletin_2014/table_0006.csv,quarantined_tables/036_Health_Bulletin_2014/table_0006.csv,review_required,unclassified,,blocked_quality_gate,no,0,table_requires_review_or_was_rejected
extracted_tables/036_Health_Bulletin_2014/table_0007.csv,quarantined_tables/036_Health_Bulletin_2014/table_0007.csv,review_required,unclassified,,blocked_quality_gate,no,0,table_requires_review_or_was_rejected
extracted_tables/036_Health_Bulletin_2014/table_0008.csv,quarantined_tables/036_Health_Bulletin_2014/table_0008.csv,review_required,unclassified,,blocked_quality_gate,no,0,table_requires_review_or_was_rejected
extracted_tables/036_Health_Bulletin_2014/table_0009.csv,quarantined_tables/036_Health_Bulletin_2014/table_0009.csv,review_required,unclassified,,blocked_quality_gate,no,0,table_requires_review_or_was_rejected
extracted_tables/036_Health_Bulletin_2014/table_0010.csv,quarantined_tables/036_Health_Bulletin_2014/table_0010.csv,review_required,unclassified,,blocked_quality_gate,no,0,table_requires_review_or_was_rejected
extracted_tables/036_Health_Bulletin_2014/table_0011.csv,quarantined_tables/036_Health_Bulletin_2014/table_0011.csv,review_required,unclassified,,blocked_quality_gate,no,0,table_requires_review_or_was_rejected
extracted_tables/036_Health_Bulletin_2014/table_0012.csv,quarantined_tables/036_Health_Bulletin_2014/table_0012.csv,review_required,unclassified,,blocked_quality_gate,no,0,table_requires_review_or_was_rejected
extracted_tables/036_Health_Bulletin_2014/table_0013.csv,quarantined_tables/036_Health_Bulletin_2014/table_0013.csv,rejected,unclassified,,blocked_quality_gate,no,0,table_requires_review_or_was_rejected
extracted_tables/036_Health_Bulletin_2014/table_0014.csv,quarantined_tables/036_Health_Bulletin_2014/table_0014.csv,rejected,unclassified,,blocked_quality_gate,no,0,table_requires_review_or_was_rejected
extracted_tables/036_Health_Bulletin_2014/table_0015.csv,quarantined_tables/036_Health_Bulletin_2014/table_0015.csv,rejected,unclassified,,blocked_quality_gate,no,0,table_requires_review_or_was_rejected
extracted_tables/036_Health_Bulletin_2014/table_0016.csv,quarantined_tables/036_Health_Bulletin_2014/table_0016.csv,rejected,unclassified,,blocked_quality_gate,no,0,table_requires_review_or_was_rejected
extracted_tables/036_Health_Bulletin_2014/table_0017.csv,quarantined_tables/036_Health_Bulletin_2014/table_0017.csv,review_required,unclassified,,blocked_quality_gate,no,0,table_requires_review_or_was_rejected
extracted_tables/036_Health_Bulletin_2014/table_0018.csv,quarantined_tables/036_Health_Bulletin_2014/table_0018.csv,review_required,unclassified,,blocked_quality_gate,no,0,table_requires_review_or_was_rejected
extracted_tables/036_Health_Bulletin_2014/table_0019.csv,quarantined_tables/036_Health_Bulletin_2014/table_0019.csv,review_required,unclassified,,blocked_quality_gate,no,0,table_requires_review_or_was_rejected
extracted_tables/036_Health_Bulletin_2014/table_0020.csv,quarantined_tables/036_Health_Bulletin_2014/table_0020.csv,review_required,unclassified,,blocked_quality_gate,no,0,table_requires_review_or_was_rejected
extracted_tables/036_Health_Bulletin_2014/table_0021.csv,quarantined_tables/036_Health_Bulletin_2014/table_0021.csv,rejected,unclassified,,blocked_quality_gate,no,0,table_requires_review_or_was_rejected
extracted_tables/036_Health_Bulletin_2014/table_0022.csv,quarantined_tables/036_Health_Bulletin_2014/table_0022.csv,rejected,unclassified,,blocked_quality_gate,no,0,table_requires_review_or_was_rejected
extracted_tables/036_Health_Bulletin_2014/table_0023.csv,quarantined_tables/036_Health_Bulletin_2014/table_0023.csv,review_required,unclassified,,blocked_quality_gate,no,0,table_requires_review_or_was_rejected
extracted_tables/036_Health_Bulletin_2014/table_0024.csv,quarantined_tables/036_Health_Bulletin_2014/table_0024.csv,review_required,unclassified,,blocked_quality_gate,no,0,table_requires_review_or_was_rejected
extracted_tables/036_Health_Bulletin_2014/table_0025.csv,quarantined_tables/036_Health_Bulletin_2014/table_0025.csv,review_required,unclassified,,blocked_quality_gate,no,0,table_requires_review_or_was_rejected
extracted_tables/036_Health_Bulletin_2014/table_0026.csv,quarantined_tables/036_Health_Bulletin_2014/table_0026.csv,review_required,unclassified,,blocked_quality_gate,no,0,table_requires_review_or_was_rejected
extracted_tables/036_Health_Bulletin_2014/table_0027.csv,quarantined_tables/036_Health_Bulletin_2014/table_0027.csv,review_required,unclassified,,blocked_quality_gate,no,0,table_requires_review_or_was_rejected
extracted_tables/036_Health_Bulletin_2014/table_0028.csv,quarantined_tables/036_Health_Bulletin_2014/table_0028.csv,review_required,unclassified,,blocked_quality_gate,no,0,table_requires_review_or_was_rejected
extracted_tables/036_Health_Bulletin_2014/table_0029.csv,quarantined_tables/036_Health_Bulletin_2014/table_0029.csv,review_required,unclassified,,blocked_quality_gate,no,0,table_requires_review_or_was_rejected
extracted_tables/036_Health_Bulletin_2014/table_0030.csv,quarantined_tables/036_Health_Bulletin_2014/table_0030.csv,review_required,unclassified,,blocked_quality_gate,no,0,table_requires_review_or_was_rejected
extracted_tables/036_Health_Bulletin_2014/table_0031.csv,quarantined_tables/036_Health_Bulletin_2014/table_0031.csv,rejected,unclassified,,blocked_quality_gate,no,0,table_requires_review_or_was_rejected
extracted_tables/036_Health_Bulletin_2014/table_0032.csv,quarantined_tables/036_Health_Bulletin_2014/table_0032.csv,rejected,unclassified,,blocked_quality_gate,no,0,table_requires_review_or_was_rejected
extracted_tables/036_Health_Bulletin_2014/table_0033.csv,quarantined_tables/036_Health_Bulletin_2014/table_0033.csv,rejected,unclassified,,blocked_quality_gate,no,0,table_requires_review_or_was_rejected
extracted_tables/036_Health_Bulletin_2014/table_0034.csv,quarantined_tables/036_Health_Bulletin_2014/table_0034.csv,rejected,unclassified,,blocked_quality_gate,no,0,table_requires_review_or_was_rejected
extracted_tables/036_Health_Bulletin_2014/table_0035.csv,quarantined_tables/036_Health_Bulletin_2014/table_0035.csv,rejected,unclassified,,blocked_quality_gate,no,0,table_requires_review_or_was_rejected
extracted_tables/036_Health_Bulletin_2014/table_0036.csv,quarantined_tables/036_Health_Bulletin_2014/table_0036.csv,rejected,unclassified,,blocked_quality_gate,no,0,table_requires_review_or_was_rejected
extracted_tables/036_Health_Bulletin_2014/table_0037.csv,quarantined_tables/036_Health_Bulletin_2014/table_0037.csv,review_required,unclassified,,blocked_quality_gate,no,0,table_requires_review_or_was_rejected
extracted_tables/036_Health_Bulletin_2014/table_0038.csv,quarantined_tables/036_Health_Bulletin_2014/table_0038.csv,review_required,unclassified,,blocked_quality_gate,no,0,table_requires_review_or_was_rejected
extracted_tables/036_Health_Bulletin_2014/table_0039.csv,quarantined_tables/036_Health_Bulletin_2014/table_0039.csv,review_required,unclassified,,blocked_quality_gate,no,0,table_requires_review_or_was_rejected
extracted_tables/036_Health_Bulletin_2014/table_0040.csv,quarantined_tables/036_Health_Bulletin_2014/table_0040.csv,review_required,unclassified,,blocked_quality_gate,no,0,table_requires_review_or_was_rejected
extracted_tables/036_Health_Bulletin_2014/table_0041.csv,quarantined_tables/036_Health_Bulletin_2014/table_0041.csv,review_required,unclassified,,blocked_quality_gate,no,0,table_requires_review_or_was_rejected
extracted_tables/036_Health_Bulletin_2014/table_0042.csv,quarantined_tables/036_Health_Bulletin_2014/table_0042.csv,review_required,unclassified,,blocked_quality_gate,no,0,table_requires_review_or_was_rejected
extracted_tables/036_Health_Bulletin_2014/table_0043.csv,quarantined_tables/036_Health_Bulletin_2014/table_0043.csv,review_required,unclassified,,blocked_quality_gate,no,0,table_requires_review_or_was_rejected
extracted_tables/036_Health_Bulletin_2014/table_0044.csv,quarantined_tables/036_Health_Bulletin_2014/table_0044.csv,review_required,unclassified,,blocked_quality_gate,no,0,table_requires_review_or_was_rejected
extracted_tables/036_Health_Bulletin_2014/table_0045.csv,quarantined_tables/036_Health_Bulletin_2014/table_0045.csv,review_required,unclassified,,blocked_quality_gate,no,0,table_requires_review_or_was_rejected
extracted_tables/036_Health_Bulletin_2014/table_0046.csv,quarantined_tables/036_Health_Bulletin_2014/table_0046.csv,review_required,unclassified,,blocked_quality_gate,no,0,table_requires_review_or_was_rejected
extracted_tables/036_Health_Bulletin_2014/table_0047.csv,quarantined_tables/036_Health_Bulletin_2014/table_0047.csv,review_required,unclassified,,blocked_quality_gate,no,0,table_requires_review_or_was_rejected
extracted_tables/036_Health_Bulletin_2014/table_0048.csv,quarantined_tables/036_Health_Bulletin_2014/table_0048.csv,review_required,unclassified,,blocked_quality_gate,no,0,table_requires_review_or_was_rejected
extracted_tables/036_Health_Bulletin_2014/table_0049.csv,quarantined_tables/036_Health_Bulletin_2014/table_0049.csv,review_required,unclassified,,blocked_quality_gate,no,0,table_requires_review_or_was_rejected
extracted_tables/036_Health_Bulletin_2014/table_0050.csv,quarantined_tables/036_Health_Bulletin_2014/table_0050.csv,review_required,unclassified,,blocked_quality_gate,no,0,table_requires_review_or_was_rejected
extracted_tables/036_Health_Bulletin_2014/table_0051.csv,quarantined_tables/036_Health_Bulletin_2014/table_0051.csv,rejected,unclassified,,blocked_quality_gate,no,0,table_requires_review_or_was_rejected
extracted_tables/036_Health_Bulletin_2014/table_0052.csv,quarantined_tables/036_Health_Bulletin_2014/table_0052.csv,review_required,unclassified,,blocked_quality_gate,no,0,table_requires_review_or_was_rejected
extracted_tables/036_Health_Bulletin_2014/table_0053.csv,quarantined_tables/036_Health_Bulletin_2014/table_0053.csv,review_required,unclassified,,blocked_quality_gate,no,0,table_requires_review_or_was_rejected
extracted_tables/036_Health_Bulletin_2014/table_0054.csv,quarantined_tables/036_Health_Bulletin_2014/table_0054.csv,rejected,unclassified,,blocked_quality_gate,no,0,table_requires_review_or_was_rejected
extracted_tables/036_Health_Bulletin_2014/table_0055.csv,quarantined_tables/036_Health_Bulletin_2014/table_0055.csv,rejected,unclassified,,blocked_quality_gate,no,0,table_requires_review_or_was_rejected
extracted_tables/036_Health_Bulletin_2014/table_0056.csv,quarantined_tables/036_Health_Bulletin_2014/table_0056.csv,rejected,unclassified,,blocked_quality_gate,no,0,table_requires_review_or_was_rejected
extracted_tables/036_Health_Bulletin_2014/table_0057.csv,quarantined_tables/036_Health_Bulletin_2014/table_0057.csv,rejected,unclassified,,blocked_quality_gate,no,0,table_requires_review_or_was_rejected
extracted_tables/036_Health_Bulletin_2014/table_0058.csv,quarantined_tables/036_Health_Bulletin_2014/table_0058.csv,rejected,unclassified,,blocked_quality_gate,no,0,table_requires_review_or_was_rejected
extracted_tables/036_Health_Bulletin_2014/table_0059.csv,quarantined_tables/036_Health_Bulletin_2014/table_0059.csv,rejected,unclassified,,blocked_quality_gate,no,0,table_requires_review_or_was_rejected
extracted_tables/036_Health_Bulletin_2014/table_0060.csv,quarantined_tables/036_Health_Bulletin_2014/table_0060.csv,rejected,unclassified,,blocked_quality_gate,no,0,table_requires_review_or_was_rejected
extracted_tables/036_Health_Bulletin_2014/table_0061.csv,quarantined_tables/036_Health_Bulletin_2014/table_0061.csv,rejected,unclassified,,blocked_quality_gate,no,0,table_requires_review_or_was_rejected
extracted_tables/036_Health_Bulletin_2014/table_0062.csv,quarantined_tables/036_Health_Bulletin_2014/table_0062.csv,rejected,unclassified,,blocked_quality_gate,no,0,table_requires_review_or_was_rejected
extracted_tables/036_Health_Bulletin_2014/table_0063.csv,quarantined_tables/036_Health_Bulletin_2014/table_0063.csv,rejected,unclassified,,blocked_quality_gate,no,0,table_requires_review_or_was_rejected
extracted_tables/036_Health_Bulletin_2014/table_0064.csv,quarantined_tables/036_Health_Bulletin_2014/table_0064.csv,rejected,unclassified,,blocked_quality_gate,no,0,table_requires_review_or_was_rejected
extracted_tables/036_Health_Bulletin_2014/table_0065.csv,quarantined_tables/036_Health_Bulletin_2014/table_0065.csv,rejected,unclassified,,blocked_quality_gate,no,0,table_requires_review_or_was_rejected
extracted_tables/036_Health_Bulletin_2014/table_0066.csv,quarantined_tables/036_Health_Bulletin_2014/table_0066.csv,rejected,unclassified,,blocked_quality_gate,no,0,table_requires_review_or_was_rejected
extracted_tables/036_Health_Bulletin_2014/table_0067.csv,quarantined_tables/036_Health_Bulletin_2014/table_0067.csv,review_required,unclassified,,blocked_quality_gate,no,0,table_requires_review_or_was_rejected
extracted_tables/036_Health_Bulletin_2014/table_0068.csv,quarantined_tables/036_Health_Bulletin_2014/table_0068.csv,rejected,unclassified,,blocked_quality_gate,no,0,table_requires_review_or_was_rejected
extracted_tables/036_Health_Bulletin_2014/table_0069.csv,quarantined_tables/036_Health_Bulletin_2014/table_0069.csv,rejected,unclassified,,blocked_quality_gate,no,0,table_requires_review_or_was_rejected
extracted_tables/036_Health_Bulletin_2014/table_0070.csv,quarantined_tables/036_Health_Bulletin_2014/table_0070.csv,rejected,unclassified,,blocked_quality_gate,no,0,table_requires_review_or_was_rejected
extracted_tables/036_Health_Bulletin_2014/table_0071.csv,quarantined_tables/036_Health_Bulletin_2014/table_0071.csv,rejected,unclassified,,blocked_quality_gate,no,0,table_requires_review_or_was_rejected
extracted_tables/036_Health_Bulletin_2014/table_0072.csv,quarantined_tables/036_Health_Bulletin_2014/table_0072.csv,rejected,unclassified,,blocked_quality_gate,no,0,table_requires_review_or_was_rejected
extracted_tables/036_Health_Bulletin_2014/table_0073.csv,quarantined_tables/036_Health_Bulletin_2014/table_0073.csv,rejected,unclassified,,blocked_quality_gate,no,0,table_requires_review_or_was_rejected
extracted_tables/036_Health_Bulletin_2014/table_0074.csv,quarantined_tables/036_Health_Bulletin_2014/table_0074.csv,rejected,unclassified,,blocked_quality_gate,no,0,table_requires_review_or_was_rejected
extracted_tables/036_Health_Bulletin_2014/table_0075.csv,quarantined_tables/036_Health_Bulletin_2014/table_0075.csv,rejected,unclassified,,blocked_quality_gate,no,0,table_requires_review_or_was_rejected
extracted_tables/036_Health_Bulletin_2014/table_0076.csv,quarantined_tables/036_Health_Bulletin_2014/table_0076.csv,rejected,unclassified,,blocked_quality_gate,no,0,table_requires_review_or_was_rejected
extracted_tables/036_Health_Bulletin_2014/table_0077.csv,quarantined_tables/036_Health_Bulletin_2014/table_0077.csv,rejected,unclassified,,blocked_quality_gate,no,0,table_requires_review_or_was_rejected
extracted_tables/036_Health_Bulletin_2014/table_0078.csv,quarantined_tables/036_Health_Bulletin_2014/table_0078.csv,rejected,unclassified,,blocked_quality_gate,no,0,table_requires_review_or_was_rejected
extracted_tables/036_Health_Bulletin_2014/table_0079.csv,quarantined_tables/036_Health_Bulletin_2014/table_0079.csv,rejected,unclassified,,blocked_quality_gate,no,0,table_requires_review_or_was_rejected
extracted_tables/036_Health_Bulletin_2014/table_0080.csv,quarantined_tables/036_Health_Bulletin_2014/table_0080.csv,rejected,unclassified,,blocked_quality_gate,no,0,table_requires_review_or_was_rejected
extracted_tables/036_Health_Bulletin_2014/table_0081.csv,quarantined_tables/036_Health_Bulletin_2014/table_0081.csv,rejected,unclassified,,blocked_quality_gate,no,0,table_requires_review_or_was_rejected
extracted_tables/036_Health_Bulletin_2014/table_0082.csv,quarantined_tables/036_Health_Bulletin_2014/table_0082.csv,rejected,unclassified,,blocked_quality_gate,no,0,table_requires_review_or_was_rejected
extracted_tables/036_Health_Bulletin_2014/table_0083.csv,quarantined_tables/036_Health_Bulletin_2014/table_0083.csv,rejected,unclassified,,blocked_quality_gate,no,0,table_requires_review_or_was_rejected
extracted_tables/036_Health_Bulletin_2014/table_0084.csv,quarantined_tables/036_Health_Bulletin_2014/table_0084.csv,rejected,unclassified,,blocked_quality_gate,no,0,table_requires_review_or_was_rejected
extracted_tables/036_Health_Bulletin_2014/table_0085.csv,quarantined_tables/036_Health_Bulletin_2014/table_0085.csv,rejected,unclassified,,blocked_quality_gate,no,0,table_requires_review_or_was_rejected
extracted_tables/036_Health_Bulletin_2014/table_0086.csv,quarantined_tables/036_Health_Bulletin_2014/table_0086.csv,rejected,unclassified,,blocked_quality_gate,no,0,table_requires_review_or_was_rejected
extracted_tables/036_Health_Bulletin_2014/table_0087.csv,quarantined_tables/036_Health_Bulletin_2014/table_0087.csv,rejected,unclassified,,blocked_quality_gate,no,0,table_requires_review_or_was_rejected
extracted_tables/036_Health_Bulletin_2014/table_0088.csv,quarantined_tables/036_Health_Bulletin_2014/table_0088.csv,rejected,unclassified,,blocked_quality_gate,no,0,table_requires_review_or_was_rejected
extracted_tables/036_Health_Bulletin_2014/table_0089.csv,quarantined_tables/036_Health_Bulletin_2014/table_0089.csv,rejected,unclassified,,blocked_quality_gate,no,0,table_requires_review_or_was_rejected
extracted_tables/036_Health_Bulletin_2014/table_0090.csv,quarantined_tables/036_Health_Bulletin_2014/table_0090.csv,rejected,unclassified,,blocked_quality_gate,no,0,table_requires_review_or_was_rejected
extracted_tables/036_Health_Bulletin_2014/table_0091.csv,quarantined_tables/036_Health_Bulletin_2014/table_0091.csv,rejected,unclassified,,blocked_quality_gate,no,0,table_requires_review_or_was_rejected
extracted_tables/036_Health_Bulletin_2014/table_0092.csv,quarantined_tables/036_Health_Bulletin_2014/table_0092.csv,rejected,unclassified,,blocked_quality_gate,no,0,table_requires_review_or_was_rejected
extracted_tables/036_Health_Bulletin_2014/table_0093.csv,quarantined_tables/036_Health_Bulletin_2014/table_0093.csv,review_required,unclassified,,blocked_quality_gate,no,0,table_requires_review_or_was_rejected
extracted_tables/036_Health_Bulletin_2014/table_0094.csv,quarantined_tables/036_Health_Bulletin_2014/table_0094.csv,review_required,unclassified,,blocked_quality_gate,no,0,table_requires_review_or_was_rejected
extracted_tables/036_Health_Bulletin_2014/table_0095.csv,quarantined_tables/036_Health_Bulletin_2014/table_0095.csv,review_required,unclassified,,blocked_quality_gate,no,0,table_requires_review_or_was_rejected
extracted_tables/036_Health_Bulletin_2014/table_0096.csv,quarantined_tables/036_Health_Bulletin_2014/table_0096.csv,review_required,unclassified,,blocked_quality_gate,no,0,table_requires_review_or_was_rejected
extracted_tables/036_Health_Bulletin_2014/table_0097.csv,quarantined_tables/036_Health_Bulletin_2014/table_0097.csv,review_required,unclassified,,blocked_quality_gate,no,0,table_requires_review_or_was_rejected
extracted_tables/036_Health_Bulletin_2014/table_0098.csv,quarantined_tables/036_Health_Bulletin_2014/table_0098.csv,review_required,unclassified,,blocked_quality_gate,no,0,table_requires_review_or_was_rejected
extracted_tables/036_Health_Bulletin_2014/table_0099.csv,quarantined_tables/036_Health_Bulletin_2014/table_0099.csv,review_required,unclassified,,blocked_quality_gate,no,0,table_requires_review_or_was_rejected
extracted_tables/036_Health_Bulletin_2014/table_0100.csv,quarantined_tables/036_Health_Bulletin_2014/table_0100.csv,review_required,unclassified,,blocked_quality_gate,no,0,table_requires_review_or_was_rejected
extracted_tables/036_Health_Bulletin_2014/table_0101.csv,quarantined_tables/036_Health_Bulletin_2014/table_0101.csv,review_required,unclassified,,blocked_quality_gate,no,0,table_requires_review_or_was_rejected
extracted_tables/036_Health_Bulletin_2014/table_0102.csv,quarantined_tables/036_Health_Bulletin_2014/table_0102.csv,review_required,unclassified,,blocked_quality_gate,no,0,table_requires_review_or_was_rejected
extracted_tables/036_Health_Bulletin_2014/table_0103.csv,quarantined_tables/036_Health_Bulletin_2014/table_0103.csv,rejected,unclassified,,blocked_quality_gate,no,0,table_requires_review_or_was_rejected
extracted_tables/036_Health_Bulletin_2014/table_0104.csv,quarantined_tables/036_Health_Bulletin_2014/table_0104.csv,rejected,unclassified,,blocked_quality_gate,no,0,table_requires_review_or_was_rejected
extracted_tables/036_Health_Bulletin_2014/table_0105.csv,quarantined_tables/036_Health_Bulletin_2014/table_0105.csv,rejected,unclassified,,blocked_quality_gate,no,0,table_requires_review_or_was_rejected
extracted_tables/036_Health_Bulletin_2014/table_0106.csv,quarantined_tables/036_Health_Bulletin_2014/table_0106.csv,rejected,unclassified,,blocked_quality_gate,no,0,table_requires_review_or_was_rejected
extracted_tables/036_Health_Bulletin_2014/table_0107.csv,quarantined_tables/036_Health_Bulletin_2014/table_0107.csv,rejected,unclassified,,blocked_quality_gate,no,0,table_requires_review_or_was_rejected
extracted_tables/036_Health_Bulletin_2014/table_0108.csv,quarantined_tables/036_Health_Bulletin_2014/table_0108.csv,rejected,unclassified,,blocked_quality_gate,no,0,table_requires_review_or_was_rejected
extracted_tables/036_Health_Bulletin_2014/table_0109.csv,quarantined_tables/036_Health_Bulletin_2014/table_0109.csv,review_required,unclassified,,blocked_quality_gate,no,0,table_requires_review_or_was_rejected
extracted_tables/036_Health_Bulletin_2014/table_0110.csv,quarantined_tables/036_Health_Bulletin_2014/table_0110.csv,review_required,unclassified,,blocked_quality_gate,no,0,table_requires_review_or_was_rejected
extracted_tables/036_Health_Bulletin_2014/table_0111.csv,quarantined_tables/036_Health_Bulletin_2014/table_0111.csv,review_required,unclassified,,blocked_quality_gate,no,0,table_requires_review_or_was_rejected
extracted_tables/036_Health_Bulletin_2014/table_0112.csv,quarantined_tables/036_Health_Bulletin_2014/table_0112.csv,review_required,unclassified,,blocked_quality_gate,no,0,table_requires_review_or_was_rejected
extracted_tables/036_Health_Bulletin_2014/table_0113.csv,quarantined_tables/036_Health_Bulletin_2014/table_0113.csv,review_required,unclassified,,blocked_quality_gate,no,0,table_requires_review_or_was_rejected
extracted_tables/036_Health_Bulletin_2014/table_0114.csv,quarantined_tables/036_Health_Bulletin_2014/table_0114.csv,review_required,unclassified,,blocked_quality_gate,no,0,table_requires_review_or_was_rejected
extracted_tables/036_Health_Bulletin_2014/table_0115.csv,quarantined_tables/036_Health_Bulletin_2014/table_0115.csv,review_required,unclassified,,blocked_quality_gate,no,0,table_requires_review_or_was_rejected
extracted_tables/036_Health_Bulletin_2014/table_0116.csv,quarantined_tables/036_Health_Bulletin_2014/table_0116.csv,review_required,unclassified,,blocked_quality_gate,no,0,table_requires_review_or_was_rejected
extracted_tables/036_Health_Bulletin_2014/table_0117.csv,quarantined_tables/036_Health_Bulletin_2014/table_0117.csv,review_required,unclassified,,blocked_quality_gate,no,0,table_requires_review_or_was_rejected
extracted_tables/036_Health_Bulletin_2014/table_0118.csv,quarantined_tables/036_Health_Bulletin_2014/table_0118.csv,review_required,unclassified,,blocked_quality_gate,no,0,table_requires_review_or_was_rejected
extracted_tables/036_Health_Bulletin_2014/table_0119.csv,quarantined_tables/036_Health_Bulletin_2014/table_0119.csv,review_required,unclassified,,blocked_quality_gate,no,0,table_requires_review_or_was_rejected
extracted_tables/036_Health_Bulletin_2014/table_0120.csv,quarantined_tables/036_Health_Bulletin_2014/table_0120.csv,review_required,unclassified,,blocked_quality_gate,no,0,table_requires_review_or_was_rejected
extracted_tables/036_Health_Bulletin_2014/table_0121.csv,quarantined_tables/036_Health_Bulletin_2014/table_0121.csv,review_required,unclassified,,blocked_quality_gate,no,0,table_requires_review_or_was_rejected
extracted_tables/036_Health_Bulletin_2014/table_0122.csv,quarantined_tables/036_Health_Bulletin_2014/table_0122.csv,review_required,unclassified,,blocked_quality_gate,no,0,table_requires_review_or_was_rejected
extracted_tables/036_Health_Bulletin_2014/table_0123.csv,quarantined_tables/036_Health_Bulletin_2014/table_0123.csv,review_required,unclassified,,blocked_quality_gate,no,0,table_requires_review_or_was_rejected
extracted_tables/036_Health_Bulletin_2014/table_0124.csv,quarantined_tables/036_Health_Bulletin_2014/table_0124.csv,review_required,unclassified,,blocked_quality_gate,no,0,table_requires_review_or_was_rejected
extracted_tables/036_Health_Bulletin_2014/table_0125.csv,quarantined_tables/036_Health_Bulletin_2014/table_0125.csv,review_required,unclassified,,blocked_quality_gate,no,0,table_requires_review_or_was_rejected
extracted_tables/036_Health_Bulletin_2014/table_0126.csv,quarantined_tables/036_Health_Bulletin_2014/table_0126.csv,rejected,unclassified,,blocked_quality_gate,no,0,table_requires_review_or_was_rejected
extracted_tables/036_Health_Bulletin_2014/table_0127.csv,quarantined_tables/036_Health_Bulletin_2014/table_0127.csv,review_required,unclassified,,blocked_quality_gate,no,0,table_requires_review_or_was_rejected
extracted_tables/036_Health_Bulletin_2014/table_0128.csv,quarantined_tables/036_Health_Bulletin_2014/table_0128.csv,review_required,unclassified,,blocked_quality_gate,no,0,table_requires_review_or_was_rejected
extracted_tables/036_Health_Bulletin_2014/table_0129.csv,quarantined_tables/036_Health_Bulletin_2014/table_0129.csv,review_required,unclassified,,blocked_quality_gate,no,0,table_requires_review_or_was_rejected
extracted_tables/036_Health_Bulletin_2014/table_0130.csv,quarantined_tables/036_Health_Bulletin_2014/table_0130.csv,rejected,unclassified,,blocked_quality_gate,no,0,table_requires_review_or_was_rejected
extracted_tables/036_Health_Bulletin_2014/table_0131.csv,quarantined_tables/036_Health_Bulletin_2014/table_0131.csv,rejected,unclassified,,blocked_quality_gate,no,0,table_requires_review_or_was_rejected
extracted_tables/036_Health_Bulletin_2014/table_0132.csv,quarantined_tables/036_Health_Bulletin_2014/table_0132.csv,rejected,unclassified,,blocked_quality_gate,no,0,table_requires_review_or_was_rejected
extracted_tables/036_Health_Bulletin_2014/table_0133.csv,quarantined_tables/036_Health_Bulletin_2014/table_0133.csv,rejected,unclassified,,blocked_quality_gate,no,0,table_requires_review_or_was_rejected
extracted_tables/036_Health_Bulletin_2014/table_0134.csv,quarantined_tables/036_Health_Bulletin_2014/table_0134.csv,review_required,unclassified,,blocked_quality_gate,no,0,table_requires_review_or_was_rejected
extracted_tables/036_Health_Bulletin_2014/table_0135.csv,quarantined_tables/036_Health_Bulletin_2014/table_0135.csv,review_required,unclassified,,blocked_quality_gate,no,0,table_requires_review_or_was_rejected
extracted_tables/036_Health_Bulletin_2014/table_0136.csv,quarantined_tables/036_Health_Bulletin_2014/table_0136.csv,review_required,unclassified,,blocked_quality_gate,no,0,table_requires_review_or_was_rejected
extracted_tables/036_Health_Bulletin_2014/table_0137.csv,quarantined_tables/036_Health_Bulletin_2014/table_0137.csv,review_required,unclassified,,blocked_quality_gate,no,0,table_requires_review_or_was_rejected
extracted_tables/036_Health_Bulletin_2014/table_0138.csv,quarantined_tables/036_Health_Bulletin_2014/table_0138.csv,review_required,unclassified,,blocked_quality_gate,no,0,table_requires_review_or_was_rejected
extracted_tables/036_Health_Bulletin_2014/table_0139.csv,quarantined_tables/036_Health_Bulletin_2014/table_0139.csv,review_required,unclassified,,blocked_quality_gate,no,0,table_requires_review_or_was_rejected
extracted_tables/036_Health_Bulletin_2014/table_0140.csv,quarantined_tables/036_Health_Bulletin_2014/table_0140.csv,review_required,unclassified,,blocked_quality_gate,no,0,table_requires_review_or_was_rejected
extracted_tables/036_Health_Bulletin_2014/table_0141.csv,quarantined_tables/036_Health_Bulletin_2014/table_0141.csv,review_required,unclassified,,blocked_quality_gate,no,0,table_requires_review_or_was_rejected
extracted_tables/036_Health_Bulletin_2014/table_0142.csv,quarantined_tables/036_Health_Bulletin_2014/table_0142.csv,review_required,unclassified,,blocked_quality_gate,no,0,table_requires_review_or_was_rejected
extracted_tables/036_Health_Bulletin_2014/table_0143.csv,quarantined_tables/036_Health_Bulletin_2014/table_0143.csv,review_required,unclassified,,blocked_quality_gate,no,0,table_requires_review_or_was_rejected
extracted_tables/036_Health_Bulletin_2014/table_0144.csv,quarantined_tables/036_Health_Bulletin_2014/table_0144.csv,review_required,unclassified,,blocked_quality_gate,no,0,table_requires_review_or_was_rejected
extracted_tables/036_Health_Bulletin_2014/table_0145.csv,quarantined_tables/036_Health_Bulletin_2014/table_0145.csv,review_required,unclassified,,blocked_quality_gate,no,0,table_requires_review_or_was_rejected
extracted_tables/036_Health_Bulletin_2014/table_0146.csv,quarantined_tables/036_Health_Bulletin_2014/table_0146.csv,review_required,unclassified,,blocked_quality_gate,no,0,table_requires_review_or_was_rejected
extracted_tables/036_Health_Bulletin_2014/table_0147.csv,quarantined_tables/036_Health_Bulletin_2014/table_0147.csv,review_required,unclassified,,blocked_quality_gate,no,0,table_requires_review_or_was_rejected
extracted_tables/036_Health_Bulletin_2014/table_0148.csv,quarantined_tables/036_Health_Bulletin_2014/table_0148.csv,review_required,unclassified,,blocked_quality_gate,no,0,table_requires_review_or_was_rejected
extracted_tables/036_Health_Bulletin_2014/table_0149.csv,quarantined_tables/036_Health_Bulletin_2014/table_0149.csv,review_required,unclassified,,blocked_quality_gate,no,0,table_requires_review_or_was_rejected
extracted_tables/036_Health_Bulletin_2014/table_0150.csv,quarantined_tables/036_Health_Bulletin_2014/table_0150.csv,review_required,unclassified,,blocked_quality_gate,no,0,table_requires_review_or_was_rejected
extracted_tables/036_Health_Bulletin_2014/table_0151.csv,quarantined_tables/036_Health_Bulletin_2014/table_0151.csv,review_required,unclassified,,blocked_quality_gate,no,0,table_requires_review_or_was_rejected
extracted_tables/036_Health_Bulletin_2014/table_0152.csv,quarantined_tables/036_Health_Bulletin_2014/table_0152.csv,review_required,unclassified,,blocked_quality_gate,no,0,table_requires_review_or_was_rejected
extracted_tables/036_Health_Bulletin_2014/table_0153.csv,quarantined_tables/036_Health_Bulletin_2014/table_0153.csv,review_required,unclassified,,blocked_quality_gate,no,0,table_requires_review_or_was_rejected
extracted_tables/036_Health_Bulletin_2014/table_0154.csv,quarantined_tables/036_Health_Bulletin_2014/table_0154.csv,review_required,unclassified,,blocked_quality_gate,no,0,table_requires_review_or_was_rejected
extracted_tables/036_Health_Bulletin_2014/table_0155.csv,quarantined_tables/036_Health_Bulletin_2014/table_0155.csv,review_required,unclassified,,blocked_quality_gate,no,0,table_requires_review_or_was_rejected
extracted_tables/036_Health_Bulletin_2014/table_0156.csv,quarantined_tables/036_Health_Bulletin_2014/table_0156.csv,review_required,unclassified,,blocked_quality_gate,no,0,table_requires_review_or_was_rejected
extracted_tables/036_Health_Bulletin_2014/table_0157.csv,quarantined_tables/036_Health_Bulletin_2014/table_0157.csv,review_required,unclassified,,blocked_quality_gate,no,0,table_requires_review_or_was_rejected
extracted_tables/036_Health_Bulletin_2014/table_0158.csv,quarantined_tables/036_Health_Bulletin_2014/table_0158.csv,review_required,unclassified,,blocked_quality_gate,no,0,table_requires_review_or_was_rejected
extracted_tables/036_Health_Bulletin_2014/table_0159.csv,quarantined_tables/036_Health_Bulletin_2014/table_0159.csv,review_required,unclassified,,blocked_quality_gate,no,0,table_requires_review_or_was_rejected
extracted_tables/036_Health_Bulletin_2014/table_0160.csv,quarantined_tables/036_Health_Bulletin_2014/table_0160.csv,review_required,unclassified,,blocked_quality_gate,no,0,table_requires_review_or_was_rejected
extracted_tables/036_Health_Bulletin_2014/table_0161.csv,quarantined_tables/036_Health_Bulletin_2014/table_0161.csv,review_required,unclassified,,blocked_quality_gate,no,0,table_requires_review_or_was_rejected
extracted_tables/036_Health_Bulletin_2014/table_0162.csv,quarantined_tables/036_Health_Bulletin_2014/table_0162.csv,review_required,unclassified,,blocked_quality_gate,no,0,table_requires_review_or_was_rejected
extracted_tables/036_Health_Bulletin_2014/table_0163.csv,quarantined_tables/036_Health_Bulletin_2014/table_0163.csv,review_required,unclassified,,blocked_quality_gate,no,0,table_requires_review_or_was_rejected
extracted_tables/036_Health_Bulletin_2014/table_0164.csv,quarantined_tables/036_Health_Bulletin_2014/table_0164.csv,review_required,unclassified,,blocked_quality_gate,no,0,table_requires_review_or_was_rejected
extracted_tables/036_Health_Bulletin_2014/table_0165.csv,quarantined_tables/036_Health_Bulletin_2014/table_0165.csv,review_required,unclassified,,blocked_quality_gate,no,0,table_requires_review_or_was_rejected
extracted_tables/036_Health_Bulletin_2014/table_0166.csv,quarantined_tables/036_Health_Bulletin_2014/table_0166.csv,review_required,unclassified,,blocked_quality_gate,no,0,table_requires_review_or_was_rejected
extracted_tables/036_Health_Bulletin_2014/table_0167.csv,quarantined_tables/036_Health_Bulletin_2014/table_0167.csv,review_required,unclassified,,blocked_quality_gate,no,0,table_requires_review_or_was_rejected
extracted_tables/036_Health_Bulletin_2014/table_0168.csv,quarantined_tables/036_Health_Bulletin_2014/table_0168.csv,review_required,unclassified,,blocked_quality_gate,no,0,table_requires_review_or_was_rejected
extracted_tables/036_Health_Bulletin_2014/table_0169.csv,quarantined_tables/036_Health_Bulletin_2014/table_0169.csv,review_required,unclassified,,blocked_quality_gate,no,0,table_requires_review_or_was_rejected
extracted_tables/036_Health_Bulletin_2014/table_0170.csv,quarantined_tables/036_Health_Bulletin_2014/table_0170.csv,review_required,unclassified,,blocked_quality_gate,no,0,table_requires_review_or_was_rejected
extracted_tables/036_Health_Bulletin_2014/table_0171.csv,quarantined_tables/036_Health_Bulletin_2014/table_0171.csv,review_required,unclassified,,blocked_quality_gate,no,0,table_requires_review_or_was_rejected
extracted_tables/036_Health_Bulletin_2014/table_0172.csv,quarantined_tables/036_Health_Bulletin_2014/table_0172.csv,review_required,unclassified,,blocked_quality_gate,no,0,table_requires_review_or_was_rejected
extracted_tables/036_Health_Bulletin_2014/table_0173.csv,quarantined_tables/036_Health_Bulletin_2014/table_0173.csv,review_required,unclassified,,blocked_quality_gate,no,0,table_requires_review_or_was_rejected
extracted_tables/036_Health_Bulletin_2014/table_0174.csv,quarantined_tables/036_Health_Bulletin_2014/table_0174.csv,review_required,unclassified,,blocked_quality_gate,no,0,table_requires_review_or_was_rejected
extracted_tables/036_Health_Bulletin_2014/table_0175.csv,quarantined_tables/036_Health_Bulletin_2014/table_0175.csv,review_required,unclassified,,blocked_quality_gate,no,0,table_requires_review_or_was_rejected
extracted_tables/036_Health_Bulletin_2014/table_0176.csv,quarantined_tables/036_Health_Bulletin_2014/table_0176.csv,review_required,unclassified,,blocked_quality_gate,no,0,table_requires_review_or_was_rejected
extracted_tables/036_Health_Bulletin_2014/table_0177.csv,quarantined_tables/036_Health_Bulletin_2014/table_0177.csv,review_required,unclassified,,blocked_quality_gate,no,0,table_requires_review_or_was_rejected
extracted_tables/036_Health_Bulletin_2014/table_0178.csv,quarantined_tables/036_Health_Bulletin_2014/table_0178.csv,review_required,unclassified,,blocked_quality_gate,no,0,table_requires_review_or_was_rejected
extracted_tables/036_Health_Bulletin_2014/table_0179.csv,quarantined_tables/036_Health_Bulletin_2014/table_0179.csv,review_required,unclassified,,blocked_quality_gate,no,0,table_requires_review_or_was_rejected
extracted_tables/036_Health_Bulletin_2014/table_0180.csv,quarantined_tables/036_Health_Bulletin_2014/table_0180.csv,review_required,unclassified,,blocked_quality_gate,no,0,table_requires_review_or_was_rejected
extracted_tables/036_Health_Bulletin_2014/table_0181.csv,quarantined_tables/036_Health_Bulletin_2014/table_0181.csv,review_required,unclassified,,blocked_quality_gate,no,0,table_requires_review_or_was_rejected
extracted_tables/036_Health_Bulletin_2014/table_0182.csv,quarantined_tables/036_Health_Bulletin_2014/table_0182.csv,review_required,unclassified,,blocked_quality_gate,no,0,table_requires_review_or_was_rejected
extracted_tables/036_Health_Bulletin_2014/table_0183.csv,quarantined_tables/036_Health_Bulletin_2014/table_0183.csv,review_required,unclassified,,blocked_quality_gate,no,0,table_requires_review_or_was_rejected
extracted_tables/036_Health_Bulletin_2014/table_0184.csv,quarantined_tables/036_Health_Bulletin_2014/table_0184.csv,review_required,unclassified,,blocked_quality_gate,no,0,table_requires_review_or_was_rejected
extracted_tables/036_Health_Bulletin_2014/table_0185.csv,quarantined_tables/036_Health_Bulletin_2014/table_0185.csv,review_required,unclassified,,blocked_quality_gate,no,0,table_requires_review_or_was_rejected
extracted_tables/036_Health_Bulletin_2014/table_0186.csv,quarantined_tables/036_Health_Bulletin_2014/table_0186.csv,review_required,unclassified,,blocked_quality_gate,no,0,table_requires_review_or_was_rejected
extracted_tables/036_Health_Bulletin_2014/table_0187.csv,quarantined_tables/036_Health_Bulletin_2014/table_0187.csv,review_required,unclassified,,blocked_quality_gate,no,0,table_requires_review_or_was_rejected
extracted_tables/036_Health_Bulletin_2014/table_0188.csv,quarantined_tables/036_Health_Bulletin_2014/table_0188.csv,review_required,unclassified,,blocked_quality_gate,no,0,table_requires_review_or_was_rejected
extracted_tables/036_Health_Bulletin_2014/table_0189.csv,quarantined_tables/036_Health_Bulletin_2014/table_0189.csv,review_required,unclassified,,blocked_quality_gate,no,0,table_requires_review_or_was_rejected
extracted_tables/036_Health_Bulletin_2014/table_0190.csv,quarantined_tables/036_Health_Bulletin_2014/table_0190.csv,review_required,unclassified,,blocked_quality_gate,no,0,table_requires_review_or_was_rejected
extracted_tables/036_Health_Bulletin_2014/table_0191.csv,quarantined_tables/036_Health_Bulletin_2014/table_0191.csv,review_required,unclassified,,blocked_quality_gate,no,0,table_requires_review_or_was_rejected
extracted_tables/036_Health_Bulletin_2014/table_0192.csv,quarantined_tables/036_Health_Bulletin_2014/table_0192.csv,review_required,unclassified,,blocked_quality_gate,no,0,table_requires_review_or_was_rejected
extracted_tables/036_Health_Bulletin_2014/table_0193.csv,quarantined_tables/036_Health_Bulletin_2014/table_0193.csv,review_required,unclassified,,blocked_quality_gate,no,0,table_requires_review_or_was_rejected
extracted_tables/036_Health_Bulletin_2014/table_0194.csv,quarantined_tables/036_Health_Bulletin_2014/table_0194.csv,review_required,unclassified,,blocked_quality_gate,no,0,table_requires_review_or_was_rejected
extracted_tables/036_Health_Bulletin_2014/table_0195.csv,quarantined_tables/036_Health_Bulletin_2014/table_0195.csv,review_required,unclassified,,blocked_quality_gate,no,0,table_requires_review_or_was_rejected
extracted_tables/036_Health_Bulletin_2014/table_0196.csv,quarantined_tables/036_Health_Bulletin_2014/table_0196.csv,review_required,unclassified,,blocked_quality_gate,no,0,table_requires_review_or_was_rejected
extracted_tables/036_Health_Bulletin_2014/table_0197.csv,quarantined_tables/036_Health_Bulletin_2014/table_0197.csv,review_required,unclassified,,blocked_quality_gate,no,0,table_requires_review_or_was_rejected
extracted_tables/036_Health_Bulletin_2014/table_0198.csv,quarantined_tables/036_Health_Bulletin_2014/table_0198.csv,review_required,unclassified,,blocked_quality_gate,no,0,table_requires_review_or_was_rejected
extracted_tables/036_Health_Bulletin_2014/table_0199.csv,quarantined_tables/036_Health_Bulletin_2014/table_0199.csv,review_required,unclassified,,blocked_quality_gate,no,0,table_requires_review_or_was_rejected
extracted_tables/036_Health_Bulletin_2014/table_0200.csv,quarantined_tables/036_Health_Bulletin_2014/table_0200.csv,review_required,unclassified,,blocked_quality_gate,no,0,table_requires_review_or_was_rejected
extracted_tables/036_Health_Bulletin_2014/table_0201.csv,quarantined_tables/036_Health_Bulletin_2014/table_0201.csv,review_required,unclassified,,blocked_quality_gate,no,0,table_requires_review_or_was_rejected
extracted_tables/036_Health_Bulletin_2014/table_0202.csv,quarantined_tables/036_Health_Bulletin_2014/table_0202.csv,review_required,unclassified,,blocked_quality_gate,no,0,table_requires_review_or_was_rejected
extracted_tables/036_Health_Bulletin_2014/table_0203.csv,quarantined_tables/036_Health_Bulletin_2014/table_0203.csv,review_required,unclassified,,blocked_quality_gate,no,0,table_requires_review_or_was_rejected
extracted_tables/036_Health_Bulletin_2014/table_0204.csv,quarantined_tables/036_Health_Bulletin_2014/table_0204.csv,review_required,unclassified,,blocked_quality_gate,no,0,table_requires_review_or_was_rejected
extracted_tables/036_Health_Bulletin_2014/table_0205.csv,quarantined_tables/036_Health_Bulletin_2014/table_0205.csv,review_required,unclassified,,blocked_quality_gate,no,0,table_requires_review_or_was_rejected
extracted_tables/036_Health_Bulletin_2014/table_0206.csv,quarantined_tables/036_Health_Bulletin_2014/table_0206.csv,review_required,unclassified,,blocked_quality_gate,no,0,table_requires_review_or_was_rejected
extracted_tables/036_Health_Bulletin_2014/table_0207.csv,quarantined_tables/036_Health_Bulletin_2014/table_0207.csv,review_required,unclassified,,blocked_quality_gate,no,0,table_requires_review_or_was_rejected
extracted_tables/036_Health_Bulletin_2014/table_0208.csv,quarantined_tables/036_Health_Bulletin_2014/table_0208.csv,review_required,unclassified,,blocked_quality_gate,no,0,table_requires_review_or_was_rejected
extracted_tables/036_Health_Bulletin_2014/table_0209.csv,quarantined_tables/036_Health_Bulletin_2014/table_0209.csv,review_required,unclassified,,blocked_quality_gate,no,0,table_requires_review_or_was_rejected
extracted_tables/036_Health_Bulletin_2014/table_0210.csv,quarantined_tables/036_Health_Bulletin_2014/table_0210.csv,review_required,unclassified,,blocked_quality_gate,no,0,table_requires_review_or_was_rejected
extracted_tables/036_Health_Bulletin_2014/table_0211.csv,quarantined_tables/036_Health_Bulletin_2014/table_0211.csv,review_required,unclassified,,blocked_quality_gate,no,0,table_requires_review_or_was_rejected
extracted_tables/036_Health_Bulletin_2014/table_0212.csv,quarantined_tables/036_Health_Bulletin_2014/table_0212.csv,review_required,unclassified,,blocked_quality_gate,no,0,table_requires_review_or_was_rejected
extracted_tables/036_Health_Bulletin_2014/table_0213.csv,quarantined_tables/036_Health_Bulletin_2014/table_0213.csv,review_required,unclassified,,blocked_quality_gate,no,0,table_requires_review_or_was_rejected
extracted_tables/036_Health_Bulletin_2014/table_0214.csv,quarantined_tables/036_Health_Bulletin_2014/table_0214.csv,review_required,unclassified,,blocked_quality_gate,no,0,table_requires_review_or_was_rejected
extracted_tables/036_Health_Bulletin_2014/table_0215.csv,quarantined_tables/036_Health_Bulletin_2014/table_0215.csv,review_required,unclassified,,blocked_quality_gate,no,0,table_requires_review_or_was_rejected
extracted_tables/036_Health_Bulletin_2014/table_0216.csv,quarantined_tables/036_Health_Bulletin_2014/table_0216.csv,review_required,unclassified,,blocked_quality_gate,no,0,table_requires_review_or_was_rejected
extracted_tables/036_Health_Bulletin_2014/table_0217.csv,quarantined_tables/036_Health_Bulletin_2014/table_0217.csv,review_required,unclassified,,blocked_quality_gate,no,0,table_requires_review_or_was_rejected
extracted_tables/036_Health_Bulletin_2014/table_0218.csv,quarantined_tables/036_Health_Bulletin_2014/table_0218.csv,review_required,unclassified,,blocked_quality_gate,no,0,table_requires_review_or_was_rejected
extracted_tables/036_Health_Bulletin_2014/table_0219.csv,quarantined_tables/036_Health_Bulletin_2014/table_0219.csv,review_required,unclassified,,blocked_quality_gate,no,0,table_requires_review_or_was_rejected
extracted_tables/036_Health_Bulletin_2014/table_0220.csv,quarantined_tables/036_Health_Bulletin_2014/table_0220.csv,review_required,unclassified,,blocked_quality_gate,no,0,table_requires_review_or_was_rejected
extracted_tables/036_Health_Bulletin_2014/table_0221.csv,quarantined_tables/036_Health_Bulletin_2014/table_0221.csv,review_required,unclassified,,blocked_quality_gate,no,0,table_requires_review_or_was_rejected
extracted_tables/036_Health_Bulletin_2014/table_0222.csv,quarantined_tables/036_Health_Bulletin_2014/table_0222.csv,review_required,unclassified,,blocked_quality_gate,no,0,table_requires_review_or_was_rejected
extracted_tables/036_Health_Bulletin_2014/table_0223.csv,quarantined_tables/036_Health_Bulletin_2014/table_0223.csv,review_required,unclassified,,blocked_quality_gate,no,0,table_requires_review_or_was_rejected
extracted_tables/036_Health_Bulletin_2014/table_0224.csv,quarantined_tables/036_Health_Bulletin_2014/table_0224.csv,review_required,unclassified,,blocked_quality_gate,no,0,table_requires_review_or_was_rejected
extracted_tables/036_Health_Bulletin_2014/table_0225.csv,quarantined_tables/036_Health_Bulletin_2014/table_0225.csv,review_required,unclassified,,blocked_quality_gate,no,0,table_requires_review_or_was_rejected
extracted_tables/036_Health_Bulletin_2014/table_0226.csv,quarantined_tables/036_Health_Bulletin_2014/table_0226.csv,review_required,unclassified,,blocked_quality_gate,no,0,table_requires_review_or_was_rejected
extracted_tables/036_Health_Bulletin_2014/table_0227.csv,quarantined_tables/036_Health_Bulletin_2014/table_0227.csv,review_required,unclassified,,blocked_quality_gate,no,0,table_requires_review_or_was_rejected
extracted_tables/036_Health_Bulletin_2014/table_0228.csv,quarantined_tables/036_Health_Bulletin_2014/table_0228.csv,review_required,unclassified,,blocked_quality_gate,no,0,table_requires_review_or_was_rejected
extracted_tables/036_Health_Bulletin_2014/table_0229.csv,quarantined_tables/036_Health_Bulletin_2014/table_0229.csv,rejected,unclassified,,blocked_quality_gate,no,0,table_requires_review_or_was_rejected
extracted_tables/037_Health_Bulletin_2013/table_0001.csv,quarantined_tables/037_Health_Bulletin_2013/table_0001.csv,review_required,unclassified,,blocked_quality_gate,no,0,table_requires_review_or_was_rejected
extracted_tables/037_Health_Bulletin_2013/table_0002.csv,quarantined_tables/037_Health_Bulletin_2013/table_0002.csv,review_required,unclassified,,blocked_quality_gate,no,0,table_requires_review_or_was_rejected
extracted_tables/037_Health_Bulletin_2013/table_0003.csv,quarantined_tables/037_Health_Bulletin_2013/table_0003.csv,review_required,unclassified,,blocked_quality_gate,no,0,table_requires_review_or_was_rejected
extracted_tables/037_Health_Bulletin_2013/table_0004.csv,quarantined_tables/037_Health_Bulletin_2013/table_0004.csv,review_required,unclassified,,blocked_quality_gate,no,0,table_requires_review_or_was_rejected
extracted_tables/037_Health_Bulletin_2013/table_0005.csv,quarantined_tables/037_Health_Bulletin_2013/table_0005.csv,review_required,unclassified,,blocked_quality_gate,no,0,table_requires_review_or_was_rejected
extracted_tables/037_Health_Bulletin_2013/table_0006.csv,quarantined_tables/037_Health_Bulletin_2013/table_0006.csv,review_required,unclassified,,blocked_quality_gate,no,0,table_requires_review_or_was_rejected
extracted_tables/037_Health_Bulletin_2013/table_0007.csv,quarantined_tables/037_Health_Bulletin_2013/table_0007.csv,review_required,unclassified,,blocked_quality_gate,no,0,table_requires_review_or_was_rejected
extracted_tables/037_Health_Bulletin_2013/table_0008.csv,quarantined_tables/037_Health_Bulletin_2013/table_0008.csv,review_required,unclassified,,blocked_quality_gate,no,0,table_requires_review_or_was_rejected
extracted_tables/037_Health_Bulletin_2013/table_0009.csv,quarantined_tables/037_Health_Bulletin_2013/table_0009.csv,review_required,unclassified,,blocked_quality_gate,no,0,table_requires_review_or_was_rejected
extracted_tables/037_Health_Bulletin_2013/table_0010.csv,quarantined_tables/037_Health_Bulletin_2013/table_0010.csv,rejected,unclassified,,blocked_quality_gate,no,0,table_requires_review_or_was_rejected
extracted_tables/037_Health_Bulletin_2013/table_0011.csv,quarantined_tables/037_Health_Bulletin_2013/table_0011.csv,rejected,unclassified,,blocked_quality_gate,no,0,table_requires_review_or_was_rejected
extracted_tables/037_Health_Bulletin_2013/table_0012.csv,quarantined_tables/037_Health_Bulletin_2013/table_0012.csv,rejected,unclassified,,blocked_quality_gate,no,0,table_requires_review_or_was_rejected
extracted_tables/037_Health_Bulletin_2013/table_0013.csv,quarantined_tables/037_Health_Bulletin_2013/table_0013.csv,rejected,unclassified,,blocked_quality_gate,no,0,table_requires_review_or_was_rejected
extracted_tables/037_Health_Bulletin_2013/table_0014.csv,quarantined_tables/037_Health_Bulletin_2013/table_0014.csv,review_required,unclassified,,blocked_quality_gate,no,0,table_requires_review_or_was_rejected
extracted_tables/037_Health_Bulletin_2013/table_0015.csv,quarantined_tables/037_Health_Bulletin_2013/table_0015.csv,review_required,unclassified,,blocked_quality_gate,no,0,table_requires_review_or_was_rejected
extracted_tables/037_Health_Bulletin_2013/table_0016.csv,quarantined_tables/037_Health_Bulletin_2013/table_0016.csv,review_required,unclassified,,blocked_quality_gate,no,0,table_requires_review_or_was_rejected
extracted_tables/037_Health_Bulletin_2013/table_0017.csv,quarantined_tables/037_Health_Bulletin_2013/table_0017.csv,review_required,unclassified,,blocked_quality_gate,no,0,table_requires_review_or_was_rejected
extracted_tables/037_Health_Bulletin_2013/table_0018.csv,quarantined_tables/037_Health_Bulletin_2013/table_0018.csv,rejected,unclassified,,blocked_quality_gate,no,0,table_requires_review_or_was_rejected
extracted_tables/037_Health_Bulletin_2013/table_0019.csv,quarantined_tables/037_Health_Bulletin_2013/table_0019.csv,rejected,unclassified,,blocked_quality_gate,no,0,table_requires_review_or_was_rejected
extracted_tables/037_Health_Bulletin_2013/table_0020.csv,quarantined_tables/037_Health_Bulletin_2013/table_0020.csv,rejected,unclassified,,blocked_quality_gate,no,0,table_requires_review_or_was_rejected
extracted_tables/037_Health_Bulletin_2013/table_0021.csv,quarantined_tables/037_Health_Bulletin_2013/table_0021.csv,rejected,unclassified,,blocked_quality_gate,no,0,table_requires_review_or_was_rejected
extracted_tables/037_Health_Bulletin_2013/table_0022.csv,quarantined_tables/037_Health_Bulletin_2013/table_0022.csv,rejected,unclassified,,blocked_quality_gate,no,0,table_requires_review_or_was_rejected
extracted_tables/037_Health_Bulletin_2013/table_0023.csv,quarantined_tables/037_Health_Bulletin_2013/table_0023.csv,review_required,unclassified,,blocked_quality_gate,no,0,table_requires_review_or_was_rejected
extracted_tables/037_Health_Bulletin_2013/table_0024.csv,quarantined_tables/037_Health_Bulletin_2013/table_0024.csv,review_required,unclassified,,blocked_quality_gate,no,0,table_requires_review_or_was_rejected
extracted_tables/037_Health_Bulletin_2013/table_0025.csv,quarantined_tables/037_Health_Bulletin_2013/table_0025.csv,review_required,unclassified,,blocked_quality_gate,no,0,table_requires_review_or_was_rejected
extracted_tables/037_Health_Bulletin_2013/table_0026.csv,quarantined_tables/037_Health_Bulletin_2013/table_0026.csv,review_required,unclassified,,blocked_quality_gate,no,0,table_requires_review_or_was_rejected
extracted_tables/037_Health_Bulletin_2013/table_0027.csv,quarantined_tables/037_Health_Bulletin_2013/table_0027.csv,review_required,unclassified,,blocked_quality_gate,no,0,table_requires_review_or_was_rejected
extracted_tables/037_Health_Bulletin_2013/table_0028.csv,quarantined_tables/037_Health_Bulletin_2013/table_0028.csv,review_required,unclassified,,blocked_quality_gate,no,0,table_requires_review_or_was_rejected
extracted_tables/037_Health_Bulletin_2013/table_0029.csv,quarantined_tables/037_Health_Bulletin_2013/table_0029.csv,review_required,unclassified,,blocked_quality_gate,no,0,table_requires_review_or_was_rejected
extracted_tables/037_Health_Bulletin_2013/table_0030.csv,quarantined_tables/037_Health_Bulletin_2013/table_0030.csv,review_required,unclassified,,blocked_quality_gate,no,0,table_requires_review_or_was_rejected
extracted_tables/037_Health_Bulletin_2013/table_0031.csv,quarantined_tables/037_Health_Bulletin_2013/table_0031.csv,review_required,unclassified,,blocked_quality_gate,no,0,table_requires_review_or_was_rejected
extracted_tables/037_Health_Bulletin_2013/table_0032.csv,quarantined_tables/037_Health_Bulletin_2013/table_0032.csv,review_required,unclassified,,blocked_quality_gate,no,0,table_requires_review_or_was_rejected
extracted_tables/037_Health_Bulletin_2013/table_0033.csv,quarantined_tables/037_Health_Bulletin_2013/table_0033.csv,review_required,unclassified,,blocked_quality_gate,no,0,table_requires_review_or_was_rejected
extracted_tables/037_Health_Bulletin_2013/table_0034.csv,quarantined_tables/037_Health_Bulletin_2013/table_0034.csv,review_required,unclassified,,blocked_quality_gate,no,0,table_requires_review_or_was_rejected
extracted_tables/037_Health_Bulletin_2013/table_0035.csv,quarantined_tables/037_Health_Bulletin_2013/table_0035.csv,rejected,unclassified,,blocked_quality_gate,no,0,table_requires_review_or_was_rejected
extracted_tables/037_Health_Bulletin_2013/table_0036.csv,quarantined_tables/037_Health_Bulletin_2013/table_0036.csv,rejected,unclassified,,blocked_quality_gate,no,0,table_requires_review_or_was_rejected
extracted_tables/037_Health_Bulletin_2013/table_0037.csv,quarantined_tables/037_Health_Bulletin_2013/table_0037.csv,rejected,unclassified,,blocked_quality_gate,no,0,table_requires_review_or_was_rejected
extracted_tables/037_Health_Bulletin_2013/table_0038.csv,quarantined_tables/037_Health_Bulletin_2013/table_0038.csv,rejected,unclassified,,blocked_quality_gate,no,0,table_requires_review_or_was_rejected
extracted_tables/037_Health_Bulletin_2013/table_0039.csv,quarantined_tables/037_Health_Bulletin_2013/table_0039.csv,rejected,unclassified,,blocked_quality_gate,no,0,table_requires_review_or_was_rejected
extracted_tables/037_Health_Bulletin_2013/table_0040.csv,quarantined_tables/037_Health_Bulletin_2013/table_0040.csv,rejected,unclassified,,blocked_quality_gate,no,0,table_requires_review_or_was_rejected
extracted_tables/037_Health_Bulletin_2013/table_0041.csv,quarantined_tables/037_Health_Bulletin_2013/table_0041.csv,rejected,unclassified,,blocked_quality_gate,no,0,table_requires_review_or_was_rejected
extracted_tables/037_Health_Bulletin_2013/table_0042.csv,quarantined_tables/037_Health_Bulletin_2013/table_0042.csv,review_required,unclassified,,blocked_quality_gate,no,0,table_requires_review_or_was_rejected
extracted_tables/037_Health_Bulletin_2013/table_0043.csv,quarantined_tables/037_Health_Bulletin_2013/table_0043.csv,review_required,unclassified,,blocked_quality_gate,no,0,table_requires_review_or_was_rejected
extracted_tables/037_Health_Bulletin_2013/table_0044.csv,quarantined_tables/037_Health_Bulletin_2013/table_0044.csv,rejected,unclassified,,blocked_quality_gate,no,0,table_requires_review_or_was_rejected
extracted_tables/037_Health_Bulletin_2013/table_0045.csv,quarantined_tables/037_Health_Bulletin_2013/table_0045.csv,rejected,unclassified,,blocked_quality_gate,no,0,table_requires_review_or_was_rejected
extracted_tables/037_Health_Bulletin_2013/table_0046.csv,quarantined_tables/037_Health_Bulletin_2013/table_0046.csv,review_required,unclassified,,blocked_quality_gate,no,0,table_requires_review_or_was_rejected
extracted_tables/037_Health_Bulletin_2013/table_0047.csv,quarantined_tables/037_Health_Bulletin_2013/table_0047.csv,review_required,unclassified,,blocked_quality_gate,no,0,table_requires_review_or_was_rejected
extracted_tables/037_Health_Bulletin_2013/table_0048.csv,quarantined_tables/037_Health_Bulletin_2013/table_0048.csv,rejected,unclassified,,blocked_quality_gate,no,0,table_requires_review_or_was_rejected
extracted_tables/037_Health_Bulletin_2013/table_0049.csv,quarantined_tables/037_Health_Bulletin_2013/table_0049.csv,rejected,unclassified,,blocked_quality_gate,no,0,table_requires_review_or_was_rejected
extracted_tables/037_Health_Bulletin_2013/table_0050.csv,quarantined_tables/037_Health_Bulletin_2013/table_0050.csv,rejected,unclassified,,blocked_quality_gate,no,0,table_requires_review_or_was_rejected
extracted_tables/037_Health_Bulletin_2013/table_0051.csv,quarantined_tables/037_Health_Bulletin_2013/table_0051.csv,rejected,unclassified,,blocked_quality_gate,no,0,table_requires_review_or_was_rejected
extracted_tables/037_Health_Bulletin_2013/table_0052.csv,quarantined_tables/037_Health_Bulletin_2013/table_0052.csv,rejected,unclassified,,blocked_quality_gate,no,0,table_requires_review_or_was_rejected
extracted_tables/037_Health_Bulletin_2013/table_0053.csv,quarantined_tables/037_Health_Bulletin_2013/table_0053.csv,rejected,unclassified,,blocked_quality_gate,no,0,table_requires_review_or_was_rejected
extracted_tables/037_Health_Bulletin_2013/table_0054.csv,quarantined_tables/037_Health_Bulletin_2013/table_0054.csv,rejected,unclassified,,blocked_quality_gate,no,0,table_requires_review_or_was_rejected
extracted_tables/037_Health_Bulletin_2013/table_0055.csv,quarantined_tables/037_Health_Bulletin_2013/table_0055.csv,rejected,unclassified,,blocked_quality_gate,no,0,table_requires_review_or_was_rejected
extracted_tables/037_Health_Bulletin_2013/table_0056.csv,quarantined_tables/037_Health_Bulletin_2013/table_0056.csv,rejected,unclassified,,blocked_quality_gate,no,0,table_requires_review_or_was_rejected
extracted_tables/037_Health_Bulletin_2013/table_0057.csv,quarantined_tables/037_Health_Bulletin_2013/table_0057.csv,rejected,unclassified,,blocked_quality_gate,no,0,table_requires_review_or_was_rejected
extracted_tables/037_Health_Bulletin_2013/table_0058.csv,quarantined_tables/037_Health_Bulletin_2013/table_0058.csv,rejected,unclassified,,blocked_quality_gate,no,0,table_requires_review_or_was_rejected
extracted_tables/037_Health_Bulletin_2013/table_0059.csv,quarantined_tables/037_Health_Bulletin_2013/table_0059.csv,rejected,unclassified,,blocked_quality_gate,no,0,table_requires_review_or_was_rejected
extracted_tables/037_Health_Bulletin_2013/table_0060.csv,quarantined_tables/037_Health_Bulletin_2013/table_0060.csv,rejected,unclassified,,blocked_quality_gate,no,0,table_requires_review_or_was_rejected
extracted_tables/037_Health_Bulletin_2013/table_0061.csv,quarantined_tables/037_Health_Bulletin_2013/table_0061.csv,review_required,unclassified,,blocked_quality_gate,no,0,table_requires_review_or_was_rejected
extracted_tables/037_Health_Bulletin_2013/table_0062.csv,quarantined_tables/037_Health_Bulletin_2013/table_0062.csv,review_required,unclassified,,blocked_quality_gate,no,0,table_requires_review_or_was_rejected
extracted_tables/037_Health_Bulletin_2013/table_0063.csv,quarantined_tables/037_Health_Bulletin_2013/table_0063.csv,review_required,unclassified,,blocked_quality_gate,no,0,table_requires_review_or_was_rejected
extracted_tables/037_Health_Bulletin_2013/table_0064.csv,quarantined_tables/037_Health_Bulletin_2013/table_0064.csv,rejected,unclassified,,blocked_quality_gate,no,0,table_requires_review_or_was_rejected
extracted_tables/037_Health_Bulletin_2013/table_0065.csv,quarantined_tables/037_Health_Bulletin_2013/table_0065.csv,rejected,unclassified,,blocked_quality_gate,no,0,table_requires_review_or_was_rejected
extracted_tables/037_Health_Bulletin_2013/table_0066.csv,quarantined_tables/037_Health_Bulletin_2013/table_0066.csv,rejected,unclassified,,blocked_quality_gate,no,0,table_requires_review_or_was_rejected
extracted_tables/037_Health_Bulletin_2013/table_0067.csv,quarantined_tables/037_Health_Bulletin_2013/table_0067.csv,rejected,unclassified,,blocked_quality_gate,no,0,table_requires_review_or_was_rejected
extracted_tables/037_Health_Bulletin_2013/table_0068.csv,quarantined_tables/037_Health_Bulletin_2013/table_0068.csv,rejected,unclassified,,blocked_quality_gate,no,0,table_requires_review_or_was_rejected
extracted_tables/037_Health_Bulletin_2013/table_0069.csv,quarantined_tables/037_Health_Bulletin_2013/table_0069.csv,review_required,unclassified,,blocked_quality_gate,no,0,table_requires_review_or_was_rejected
extracted_tables/037_Health_Bulletin_2013/table_0070.csv,quarantined_tables/037_Health_Bulletin_2013/table_0070.csv,rejected,unclassified,,blocked_quality_gate,no,0,table_requires_review_or_was_rejected
extracted_tables/037_Health_Bulletin_2013/table_0071.csv,quarantined_tables/037_Health_Bulletin_2013/table_0071.csv,rejected,unclassified,,blocked_quality_gate,no,0,table_requires_review_or_was_rejected
extracted_tables/037_Health_Bulletin_2013/table_0072.csv,quarantined_tables/037_Health_Bulletin_2013/table_0072.csv,rejected,unclassified,,blocked_quality_gate,no,0,table_requires_review_or_was_rejected
extracted_tables/037_Health_Bulletin_2013/table_0073.csv,quarantined_tables/037_Health_Bulletin_2013/table_0073.csv,rejected,unclassified,,blocked_quality_gate,no,0,table_requires_review_or_was_rejected
extracted_tables/037_Health_Bulletin_2013/table_0074.csv,quarantined_tables/037_Health_Bulletin_2013/table_0074.csv,review_required,unclassified,,blocked_quality_gate,no,0,table_requires_review_or_was_rejected
extracted_tables/037_Health_Bulletin_2013/table_0075.csv,quarantined_tables/037_Health_Bulletin_2013/table_0075.csv,rejected,unclassified,,blocked_quality_gate,no,0,table_requires_review_or_was_rejected
extracted_tables/037_Health_Bulletin_2013/table_0076.csv,quarantined_tables/037_Health_Bulletin_2013/table_0076.csv,rejected,unclassified,,blocked_quality_gate,no,0,table_requires_review_or_was_rejected
extracted_tables/037_Health_Bulletin_2013/table_0077.csv,quarantined_tables/037_Health_Bulletin_2013/table_0077.csv,rejected,unclassified,,blocked_quality_gate,no,0,table_requires_review_or_was_rejected
extracted_tables/037_Health_Bulletin_2013/table_0078.csv,quarantined_tables/037_Health_Bulletin_2013/table_0078.csv,rejected,unclassified,,blocked_quality_gate,no,0,table_requires_review_or_was_rejected
extracted_tables/037_Health_Bulletin_2013/table_0079.csv,quarantined_tables/037_Health_Bulletin_2013/table_0079.csv,rejected,unclassified,,blocked_quality_gate,no,0,table_requires_review_or_was_rejected
extracted_tables/037_Health_Bulletin_2013/table_0080.csv,quarantined_tables/037_Health_Bulletin_2013/table_0080.csv,rejected,unclassified,,blocked_quality_gate,no,0,table_requires_review_or_was_rejected
extracted_tables/037_Health_Bulletin_2013/table_0081.csv,quarantined_tables/037_Health_Bulletin_2013/table_0081.csv,review_required,unclassified,,blocked_quality_gate,no,0,table_requires_review_or_was_rejected
extracted_tables/037_Health_Bulletin_2013/table_0082.csv,quarantined_tables/037_Health_Bulletin_2013/table_0082.csv,review_required,unclassified,,blocked_quality_gate,no,0,table_requires_review_or_was_rejected
extracted_tables/037_Health_Bulletin_2013/table_0083.csv,quarantined_tables/037_Health_Bulletin_2013/table_0083.csv,review_required,unclassified,,blocked_quality_gate,no,0,table_requires_review_or_was_rejected
extracted_tables/037_Health_Bulletin_2013/table_0084.csv,quarantined_tables/037_Health_Bulletin_2013/table_0084.csv,review_required,unclassified,,blocked_quality_gate,no,0,table_requires_review_or_was_rejected
extracted_tables/037_Health_Bulletin_2013/table_0085.csv,quarantined_tables/037_Health_Bulletin_2013/table_0085.csv,review_required,unclassified,,blocked_quality_gate,no,0,table_requires_review_or_was_rejected
extracted_tables/037_Health_Bulletin_2013/table_0086.csv,quarantined_tables/037_Health_Bulletin_2013/table_0086.csv,review_required,unclassified,,blocked_quality_gate,no,0,table_requires_review_or_was_rejected
extracted_tables/037_Health_Bulletin_2013/table_0087.csv,quarantined_tables/037_Health_Bulletin_2013/table_0087.csv,review_required,unclassified,,blocked_quality_gate,no,0,table_requires_review_or_was_rejected
extracted_tables/037_Health_Bulletin_2013/table_0088.csv,quarantined_tables/037_Health_Bulletin_2013/table_0088.csv,review_required,unclassified,,blocked_quality_gate,no,0,table_requires_review_or_was_rejected
extracted_tables/037_Health_Bulletin_2013/table_0089.csv,quarantined_tables/037_Health_Bulletin_2013/table_0089.csv,review_required,unclassified,,blocked_quality_gate,no,0,table_requires_review_or_was_rejected
extracted_tables/037_Health_Bulletin_2013/table_0090.csv,quarantined_tables/037_Health_Bulletin_2013/table_0090.csv,review_required,unclassified,,blocked_quality_gate,no,0,table_requires_review_or_was_rejected
extracted_tables/037_Health_Bulletin_2013/table_0091.csv,quarantined_tables/037_Health_Bulletin_2013/table_0091.csv,review_required,unclassified,,blocked_quality_gate,no,0,table_requires_review_or_was_rejected
extracted_tables/037_Health_Bulletin_2013/table_0092.csv,quarantined_tables/037_Health_Bulletin_2013/table_0092.csv,rejected,unclassified,,blocked_quality_gate,no,0,table_requires_review_or_was_rejected
extracted_tables/037_Health_Bulletin_2013/table_0093.csv,quarantined_tables/037_Health_Bulletin_2013/table_0093.csv,rejected,unclassified,,blocked_quality_gate,no,0,table_requires_review_or_was_rejected
extracted_tables/037_Health_Bulletin_2013/table_0094.csv,quarantined_tables/037_Health_Bulletin_2013/table_0094.csv,rejected,unclassified,,blocked_quality_gate,no,0,table_requires_review_or_was_rejected
extracted_tables/037_Health_Bulletin_2013/table_0095.csv,quarantined_tables/037_Health_Bulletin_2013/table_0095.csv,rejected,unclassified,,blocked_quality_gate,no,0,table_requires_review_or_was_rejected
extracted_tables/037_Health_Bulletin_2013/table_0096.csv,quarantined_tables/037_Health_Bulletin_2013/table_0096.csv,rejected,unclassified,,blocked_quality_gate,no,0,table_requires_review_or_was_rejected
extracted_tables/037_Health_Bulletin_2013/table_0097.csv,quarantined_tables/037_Health_Bulletin_2013/table_0097.csv,rejected,unclassified,,blocked_quality_gate,no,0,table_requires_review_or_was_rejected
extracted_tables/037_Health_Bulletin_2013/table_0098.csv,quarantined_tables/037_Health_Bulletin_2013/table_0098.csv,review_required,unclassified,,blocked_quality_gate,no,0,table_requires_review_or_was_rejected
extracted_tables/037_Health_Bulletin_2013/table_0099.csv,quarantined_tables/037_Health_Bulletin_2013/table_0099.csv,review_required,unclassified,,blocked_quality_gate,no,0,table_requires_review_or_was_rejected
extracted_tables/037_Health_Bulletin_2013/table_0100.csv,quarantined_tables/037_Health_Bulletin_2013/table_0100.csv,review_required,unclassified,,blocked_quality_gate,no,0,table_requires_review_or_was_rejected
extracted_tables/037_Health_Bulletin_2013/table_0101.csv,quarantined_tables/037_Health_Bulletin_2013/table_0101.csv,review_required,unclassified,,blocked_quality_gate,no,0,table_requires_review_or_was_rejected
extracted_tables/037_Health_Bulletin_2013/table_0102.csv,quarantined_tables/037_Health_Bulletin_2013/table_0102.csv,review_required,unclassified,,blocked_quality_gate,no,0,table_requires_review_or_was_rejected
extracted_tables/037_Health_Bulletin_2013/table_0103.csv,quarantined_tables/037_Health_Bulletin_2013/table_0103.csv,review_required,unclassified,,blocked_quality_gate,no,0,table_requires_review_or_was_rejected
extracted_tables/037_Health_Bulletin_2013/table_0104.csv,quarantined_tables/037_Health_Bulletin_2013/table_0104.csv,review_required,unclassified,,blocked_quality_gate,no,0,table_requires_review_or_was_rejected
extracted_tables/037_Health_Bulletin_2013/table_0105.csv,quarantined_tables/037_Health_Bulletin_2013/table_0105.csv,review_required,unclassified,,blocked_quality_gate,no,0,table_requires_review_or_was_rejected
extracted_tables/037_Health_Bulletin_2013/table_0106.csv,quarantined_tables/037_Health_Bulletin_2013/table_0106.csv,review_required,unclassified,,blocked_quality_gate,no,0,table_requires_review_or_was_rejected
extracted_tables/037_Health_Bulletin_2013/table_0107.csv,quarantined_tables/037_Health_Bulletin_2013/table_0107.csv,review_required,unclassified,,blocked_quality_gate,no,0,table_requires_review_or_was_rejected
extracted_tables/037_Health_Bulletin_2013/table_0108.csv,quarantined_tables/037_Health_Bulletin_2013/table_0108.csv,review_required,unclassified,,blocked_quality_gate,no,0,table_requires_review_or_was_rejected
extracted_tables/037_Health_Bulletin_2013/table_0109.csv,quarantined_tables/037_Health_Bulletin_2013/table_0109.csv,review_required,unclassified,,blocked_quality_gate,no,0,table_requires_review_or_was_rejected
extracted_tables/037_Health_Bulletin_2013/table_0110.csv,quarantined_tables/037_Health_Bulletin_2013/table_0110.csv,review_required,unclassified,,blocked_quality_gate,no,0,table_requires_review_or_was_rejected
extracted_tables/037_Health_Bulletin_2013/table_0111.csv,quarantined_tables/037_Health_Bulletin_2013/table_0111.csv,review_required,unclassified,,blocked_quality_gate,no,0,table_requires_review_or_was_rejected
extracted_tables/037_Health_Bulletin_2013/table_0112.csv,quarantined_tables/037_Health_Bulletin_2013/table_0112.csv,review_required,unclassified,,blocked_quality_gate,no,0,table_requires_review_or_was_rejected
extracted_tables/037_Health_Bulletin_2013/table_0113.csv,quarantined_tables/037_Health_Bulletin_2013/table_0113.csv,review_required,unclassified,,blocked_quality_gate,no,0,table_requires_review_or_was_rejected
extracted_tables/037_Health_Bulletin_2013/table_0114.csv,quarantined_tables/037_Health_Bulletin_2013/table_0114.csv,review_required,unclassified,,blocked_quality_gate,no,0,table_requires_review_or_was_rejected
extracted_tables/037_Health_Bulletin_2013/table_0115.csv,quarantined_tables/037_Health_Bulletin_2013/table_0115.csv,review_required,unclassified,,blocked_quality_gate,no,0,table_requires_review_or_was_rejected
extracted_tables/037_Health_Bulletin_2013/table_0116.csv,quarantined_tables/037_Health_Bulletin_2013/table_0116.csv,review_required,unclassified,,blocked_quality_gate,no,0,table_requires_review_or_was_rejected
extracted_tables/037_Health_Bulletin_2013/table_0117.csv,quarantined_tables/037_Health_Bulletin_2013/table_0117.csv,review_required,unclassified,,blocked_quality_gate,no,0,table_requires_review_or_was_rejected
extracted_tables/037_Health_Bulletin_2013/table_0118.csv,quarantined_tables/037_Health_Bulletin_2013/table_0118.csv,rejected,unclassified,,blocked_quality_gate,no,0,table_requires_review_or_was_rejected
extracted_tables/037_Health_Bulletin_2013/table_0119.csv,quarantined_tables/037_Health_Bulletin_2013/table_0119.csv,rejected,unclassified,,blocked_quality_gate,no,0,table_requires_review_or_was_rejected
extracted_tables/037_Health_Bulletin_2013/table_0120.csv,quarantined_tables/037_Health_Bulletin_2013/table_0120.csv,rejected,unclassified,,blocked_quality_gate,no,0,table_requires_review_or_was_rejected
extracted_tables/037_Health_Bulletin_2013/table_0121.csv,quarantined_tables/037_Health_Bulletin_2013/table_0121.csv,rejected,unclassified,,blocked_quality_gate,no,0,table_requires_review_or_was_rejected
extracted_tables/037_Health_Bulletin_2013/table_0122.csv,quarantined_tables/037_Health_Bulletin_2013/table_0122.csv,rejected,unclassified,,blocked_quality_gate,no,0,table_requires_review_or_was_rejected
extracted_tables/037_Health_Bulletin_2013/table_0123.csv,quarantined_tables/037_Health_Bulletin_2013/table_0123.csv,review_required,unclassified,,blocked_quality_gate,no,0,table_requires_review_or_was_rejected
extracted_tables/037_Health_Bulletin_2013/table_0124.csv,quarantined_tables/037_Health_Bulletin_2013/table_0124.csv,review_required,unclassified,,blocked_quality_gate,no,0,table_requires_review_or_was_rejected
extracted_tables/037_Health_Bulletin_2013/table_0125.csv,quarantined_tables/037_Health_Bulletin_2013/table_0125.csv,review_required,unclassified,,blocked_quality_gate,no,0,table_requires_review_or_was_rejected
extracted_tables/037_Health_Bulletin_2013/table_0126.csv,quarantined_tables/037_Health_Bulletin_2013/table_0126.csv,review_required,unclassified,,blocked_quality_gate,no,0,table_requires_review_or_was_rejected
extracted_tables/037_Health_Bulletin_2013/table_0127.csv,quarantined_tables/037_Health_Bulletin_2013/table_0127.csv,review_required,unclassified,,blocked_quality_gate,no,0,table_requires_review_or_was_rejected
extracted_tables/037_Health_Bulletin_2013/table_0128.csv,quarantined_tables/037_Health_Bulletin_2013/table_0128.csv,review_required,unclassified,,blocked_quality_gate,no,0,table_requires_review_or_was_rejected
extracted_tables/037_Health_Bulletin_2013/table_0129.csv,quarantined_tables/037_Health_Bulletin_2013/table_0129.csv,review_required,unclassified,,blocked_quality_gate,no,0,table_requires_review_or_was_rejected
extracted_tables/037_Health_Bulletin_2013/table_0130.csv,quarantined_tables/037_Health_Bulletin_2013/table_0130.csv,review_required,unclassified,,blocked_quality_gate,no,0,table_requires_review_or_was_rejected
extracted_tables/037_Health_Bulletin_2013/table_0131.csv,quarantined_tables/037_Health_Bulletin_2013/table_0131.csv,review_required,unclassified,,blocked_quality_gate,no,0,table_requires_review_or_was_rejected
extracted_tables/037_Health_Bulletin_2013/table_0132.csv,quarantined_tables/037_Health_Bulletin_2013/table_0132.csv,review_required,unclassified,,blocked_quality_gate,no,0,table_requires_review_or_was_rejected
extracted_tables/037_Health_Bulletin_2013/table_0133.csv,quarantined_tables/037_Health_Bulletin_2013/table_0133.csv,review_required,unclassified,,blocked_quality_gate,no,0,table_requires_review_or_was_rejected
extracted_tables/037_Health_Bulletin_2013/table_0134.csv,quarantined_tables/037_Health_Bulletin_2013/table_0134.csv,review_required,unclassified,,blocked_quality_gate,no,0,table_requires_review_or_was_rejected
extracted_tables/037_Health_Bulletin_2013/table_0135.csv,quarantined_tables/037_Health_Bulletin_2013/table_0135.csv,review_required,unclassified,,blocked_quality_gate,no,0,table_requires_review_or_was_rejected
extracted_tables/037_Health_Bulletin_2013/table_0136.csv,quarantined_tables/037_Health_Bulletin_2013/table_0136.csv,review_required,unclassified,,blocked_quality_gate,no,0,table_requires_review_or_was_rejected
extracted_tables/037_Health_Bulletin_2013/table_0137.csv,quarantined_tables/037_Health_Bulletin_2013/table_0137.csv,review_required,unclassified,,blocked_quality_gate,no,0,table_requires_review_or_was_rejected
extracted_tables/037_Health_Bulletin_2013/table_0138.csv,quarantined_tables/037_Health_Bulletin_2013/table_0138.csv,review_required,unclassified,,blocked_quality_gate,no,0,table_requires_review_or_was_rejected
extracted_tables/037_Health_Bulletin_2013/table_0139.csv,quarantined_tables/037_Health_Bulletin_2013/table_0139.csv,review_required,unclassified,,blocked_quality_gate,no,0,table_requires_review_or_was_rejected
extracted_tables/037_Health_Bulletin_2013/table_0140.csv,quarantined_tables/037_Health_Bulletin_2013/table_0140.csv,review_required,unclassified,,blocked_quality_gate,no,0,table_requires_review_or_was_rejected
extracted_tables/037_Health_Bulletin_2013/table_0141.csv,quarantined_tables/037_Health_Bulletin_2013/table_0141.csv,review_required,unclassified,,blocked_quality_gate,no,0,table_requires_review_or_was_rejected
extracted_tables/037_Health_Bulletin_2013/table_0142.csv,quarantined_tables/037_Health_Bulletin_2013/table_0142.csv,review_required,unclassified,,blocked_quality_gate,no,0,table_requires_review_or_was_rejected
extracted_tables/037_Health_Bulletin_2013/table_0143.csv,quarantined_tables/037_Health_Bulletin_2013/table_0143.csv,review_required,unclassified,,blocked_quality_gate,no,0,table_requires_review_or_was_rejected
extracted_tables/037_Health_Bulletin_2013/table_0144.csv,quarantined_tables/037_Health_Bulletin_2013/table_0144.csv,review_required,unclassified,,blocked_quality_gate,no,0,table_requires_review_or_was_rejected
extracted_tables/037_Health_Bulletin_2013/table_0145.csv,quarantined_tables/037_Health_Bulletin_2013/table_0145.csv,review_required,unclassified,,blocked_quality_gate,no,0,table_requires_review_or_was_rejected
extracted_tables/037_Health_Bulletin_2013/table_0146.csv,quarantined_tables/037_Health_Bulletin_2013/table_0146.csv,review_required,unclassified,,blocked_quality_gate,no,0,table_requires_review_or_was_rejected
extracted_tables/037_Health_Bulletin_2013/table_0147.csv,quarantined_tables/037_Health_Bulletin_2013/table_0147.csv,review_required,unclassified,,blocked_quality_gate,no,0,table_requires_review_or_was_rejected
extracted_tables/037_Health_Bulletin_2013/table_0148.csv,quarantined_tables/037_Health_Bulletin_2013/table_0148.csv,review_required,unclassified,,blocked_quality_gate,no,0,table_requires_review_or_was_rejected
extracted_tables/037_Health_Bulletin_2013/table_0149.csv,quarantined_tables/037_Health_Bulletin_2013/table_0149.csv,review_required,unclassified,,blocked_quality_gate,no,0,table_requires_review_or_was_rejected
extracted_tables/037_Health_Bulletin_2013/table_0150.csv,quarantined_tables/037_Health_Bulletin_2013/table_0150.csv,review_required,unclassified,,blocked_quality_gate,no,0,table_requires_review_or_was_rejected
extracted_tables/037_Health_Bulletin_2013/table_0151.csv,quarantined_tables/037_Health_Bulletin_2013/table_0151.csv,review_required,unclassified,,blocked_quality_gate,no,0,table_requires_review_or_was_rejected
extracted_tables/037_Health_Bulletin_2013/table_0152.csv,quarantined_tables/037_Health_Bulletin_2013/table_0152.csv,review_required,unclassified,,blocked_quality_gate,no,0,table_requires_review_or_was_rejected
extracted_tables/037_Health_Bulletin_2013/table_0153.csv,quarantined_tables/037_Health_Bulletin_2013/table_0153.csv,review_required,unclassified,,blocked_quality_gate,no,0,table_requires_review_or_was_rejected
extracted_tables/037_Health_Bulletin_2013/table_0154.csv,quarantined_tables/037_Health_Bulletin_2013/table_0154.csv,review_required,unclassified,,blocked_quality_gate,no,0,table_requires_review_or_was_rejected
extracted_tables/037_Health_Bulletin_2013/table_0155.csv,quarantined_tables/037_Health_Bulletin_2013/table_0155.csv,review_required,unclassified,,blocked_quality_gate,no,0,table_requires_review_or_was_rejected
extracted_tables/037_Health_Bulletin_2013/table_0156.csv,quarantined_tables/037_Health_Bulletin_2013/table_0156.csv,review_required,unclassified,,blocked_quality_gate,no,0,table_requires_review_or_was_rejected
extracted_tables/037_Health_Bulletin_2013/table_0157.csv,quarantined_tables/037_Health_Bulletin_2013/table_0157.csv,review_required,unclassified,,blocked_quality_gate,no,0,table_requires_review_or_was_rejected
extracted_tables/037_Health_Bulletin_2013/table_0158.csv,quarantined_tables/037_Health_Bulletin_2013/table_0158.csv,review_required,unclassified,,blocked_quality_gate,no,0,table_requires_review_or_was_rejected
extracted_tables/037_Health_Bulletin_2013/table_0159.csv,quarantined_tables/037_Health_Bulletin_2013/table_0159.csv,review_required,unclassified,,blocked_quality_gate,no,0,table_requires_review_or_was_rejected
extracted_tables/037_Health_Bulletin_2013/table_0160.csv,quarantined_tables/037_Health_Bulletin_2013/table_0160.csv,review_required,unclassified,,blocked_quality_gate,no,0,table_requires_review_or_was_rejected
extracted_tables/037_Health_Bulletin_2013/table_0161.csv,quarantined_tables/037_Health_Bulletin_2013/table_0161.csv,review_required,unclassified,,blocked_quality_gate,no,0,table_requires_review_or_was_rejected
extracted_tables/037_Health_Bulletin_2013/table_0162.csv,quarantined_tables/037_Health_Bulletin_2013/table_0162.csv,review_required,unclassified,,blocked_quality_gate,no,0,table_requires_review_or_was_rejected
extracted_tables/037_Health_Bulletin_2013/table_0163.csv,quarantined_tables/037_Health_Bulletin_2013/table_0163.csv,review_required,unclassified,,blocked_quality_gate,no,0,table_requires_review_or_was_rejected
extracted_tables/037_Health_Bulletin_2013/table_0164.csv,quarantined_tables/037_Health_Bulletin_2013/table_0164.csv,review_required,unclassified,,blocked_quality_gate,no,0,table_requires_review_or_was_rejected
extracted_tables/037_Health_Bulletin_2013/table_0165.csv,quarantined_tables/037_Health_Bulletin_2013/table_0165.csv,review_required,unclassified,,blocked_quality_gate,no,0,table_requires_review_or_was_rejected
extracted_tables/037_Health_Bulletin_2013/table_0166.csv,quarantined_tables/037_Health_Bulletin_2013/table_0166.csv,review_required,unclassified,,blocked_quality_gate,no,0,table_requires_review_or_was_rejected
extracted_tables/037_Health_Bulletin_2013/table_0167.csv,quarantined_tables/037_Health_Bulletin_2013/table_0167.csv,review_required,unclassified,,blocked_quality_gate,no,0,table_requires_review_or_was_rejected
extracted_tables/037_Health_Bulletin_2013/table_0168.csv,quarantined_tables/037_Health_Bulletin_2013/table_0168.csv,review_required,unclassified,,blocked_quality_gate,no,0,table_requires_review_or_was_rejected
extracted_tables/037_Health_Bulletin_2013/table_0169.csv,quarantined_tables/037_Health_Bulletin_2013/table_0169.csv,review_required,unclassified,,blocked_quality_gate,no,0,table_requires_review_or_was_rejected
extracted_tables/037_Health_Bulletin_2013/table_0170.csv,quarantined_tables/037_Health_Bulletin_2013/table_0170.csv,review_required,unclassified,,blocked_quality_gate,no,0,table_requires_review_or_was_rejected
extracted_tables/037_Health_Bulletin_2013/table_0171.csv,quarantined_tables/037_Health_Bulletin_2013/table_0171.csv,review_required,unclassified,,blocked_quality_gate,no,0,table_requires_review_or_was_rejected
extracted_tables/037_Health_Bulletin_2013/table_0172.csv,quarantined_tables/037_Health_Bulletin_2013/table_0172.csv,review_required,unclassified,,blocked_quality_gate,no,0,table_requires_review_or_was_rejected
extracted_tables/037_Health_Bulletin_2013/table_0173.csv,quarantined_tables/037_Health_Bulletin_2013/table_0173.csv,review_required,unclassified,,blocked_quality_gate,no,0,table_requires_review_or_was_rejected
extracted_tables/037_Health_Bulletin_2013/table_0174.csv,quarantined_tables/037_Health_Bulletin_2013/table_0174.csv,review_required,unclassified,,blocked_quality_gate,no,0,table_requires_review_or_was_rejected
extracted_tables/037_Health_Bulletin_2013/table_0175.csv,quarantined_tables/037_Health_Bulletin_2013/table_0175.csv,review_required,unclassified,,blocked_quality_gate,no,0,table_requires_review_or_was_rejected
extracted_tables/037_Health_Bulletin_2013/table_0176.csv,quarantined_tables/037_Health_Bulletin_2013/table_0176.csv,review_required,unclassified,,blocked_quality_gate,no,0,table_requires_review_or_was_rejected
extracted_tables/037_Health_Bulletin_2013/table_0177.csv,quarantined_tables/037_Health_Bulletin_2013/table_0177.csv,review_required,unclassified,,blocked_quality_gate,no,0,table_requires_review_or_was_rejected
extracted_tables/037_Health_Bulletin_2013/table_0178.csv,quarantined_tables/037_Health_Bulletin_2013/table_0178.csv,review_required,unclassified,,blocked_quality_gate,no,0,table_requires_review_or_was_rejected
extracted_tables/037_Health_Bulletin_2013/table_0179.csv,quarantined_tables/037_Health_Bulletin_2013/table_0179.csv,review_required,unclassified,,blocked_quality_gate,no,0,table_requires_review_or_was_rejected
extracted_tables/037_Health_Bulletin_2013/table_0180.csv,quarantined_tables/037_Health_Bulletin_2013/table_0180.csv,review_required,unclassified,,blocked_quality_gate,no,0,table_requires_review_or_was_rejected
extracted_tables/037_Health_Bulletin_2013/table_0181.csv,quarantined_tables/037_Health_Bulletin_2013/table_0181.csv,review_required,unclassified,,blocked_quality_gate,no,0,table_requires_review_or_was_rejected
extracted_tables/037_Health_Bulletin_2013/table_0182.csv,quarantined_tables/037_Health_Bulletin_2013/table_0182.csv,review_required,unclassified,,blocked_quality_gate,no,0,table_requires_review_or_was_rejected
extracted_tables/037_Health_Bulletin_2013/table_0183.csv,quarantined_tables/037_Health_Bulletin_2013/table_0183.csv,review_required,unclassified,,blocked_quality_gate,no,0,table_requires_review_or_was_rejected
extracted_tables/037_Health_Bulletin_2013/table_0184.csv,quarantined_tables/037_Health_Bulletin_2013/table_0184.csv,review_required,unclassified,,blocked_quality_gate,no,0,table_requires_review_or_was_rejected
extracted_tables/037_Health_Bulletin_2013/table_0185.csv,quarantined_tables/037_Health_Bulletin_2013/table_0185.csv,review_required,unclassified,,blocked_quality_gate,no,0,table_requires_review_or_was_rejected
extracted_tables/037_Health_Bulletin_2013/table_0186.csv,quarantined_tables/037_Health_Bulletin_2013/table_0186.csv,review_required,unclassified,,blocked_quality_gate,no,0,table_requires_review_or_was_rejected
extracted_tables/037_Health_Bulletin_2013/table_0187.csv,quarantined_tables/037_Health_Bulletin_2013/table_0187.csv,review_required,unclassified,,blocked_quality_gate,no,0,table_requires_review_or_was_rejected
extracted_tables/037_Health_Bulletin_2013/table_0188.csv,quarantined_tables/037_Health_Bulletin_2013/table_0188.csv,review_required,unclassified,,blocked_quality_gate,no,0,table_requires_review_or_was_rejected
extracted_tables/037_Health_Bulletin_2013/table_0189.csv,quarantined_tables/037_Health_Bulletin_2013/table_0189.csv,review_required,unclassified,,blocked_quality_gate,no,0,table_requires_review_or_was_rejected
extracted_tables/037_Health_Bulletin_2013/table_0190.csv,quarantined_tables/037_Health_Bulletin_2013/table_0190.csv,review_required,unclassified,,blocked_quality_gate,no,0,table_requires_review_or_was_rejected
extracted_tables/037_Health_Bulletin_2013/table_0191.csv,quarantined_tables/037_Health_Bulletin_2013/table_0191.csv,review_required,unclassified,,blocked_quality_gate,no,0,table_requires_review_or_was_rejected
extracted_tables/037_Health_Bulletin_2013/table_0192.csv,quarantined_tables/037_Health_Bulletin_2013/table_0192.csv,review_required,unclassified,,blocked_quality_gate,no,0,table_requires_review_or_was_rejected
extracted_tables/037_Health_Bulletin_2013/table_0193.csv,quarantined_tables/037_Health_Bulletin_2013/table_0193.csv,review_required,unclassified,,blocked_quality_gate,no,0,table_requires_review_or_was_rejected
extracted_tables/037_Health_Bulletin_2013/table_0194.csv,quarantined_tables/037_Health_Bulletin_2013/table_0194.csv,review_required,unclassified,,blocked_quality_gate,no,0,table_requires_review_or_was_rejected
extracted_tables/037_Health_Bulletin_2013/table_0195.csv,quarantined_tables/037_Health_Bulletin_2013/table_0195.csv,review_required,unclassified,,blocked_quality_gate,no,0,table_requires_review_or_was_rejected
extracted_tables/037_Health_Bulletin_2013/table_0196.csv,quarantined_tables/037_Health_Bulletin_2013/table_0196.csv,review_required,unclassified,,blocked_quality_gate,no,0,table_requires_review_or_was_rejected
extracted_tables/037_Health_Bulletin_2013/table_0197.csv,quarantined_tables/037_Health_Bulletin_2013/table_0197.csv,review_required,unclassified,,blocked_quality_gate,no,0,table_requires_review_or_was_rejected
extracted_tables/037_Health_Bulletin_2013/table_0198.csv,quarantined_tables/037_Health_Bulletin_2013/table_0198.csv,review_required,unclassified,,blocked_quality_gate,no,0,table_requires_review_or_was_rejected
extracted_tables/037_Health_Bulletin_2013/table_0199.csv,quarantined_tables/037_Health_Bulletin_2013/table_0199.csv,review_required,unclassified,,blocked_quality_gate,no,0,table_requires_review_or_was_rejected
extracted_tables/037_Health_Bulletin_2013/table_0200.csv,quarantined_tables/037_Health_Bulletin_2013/table_0200.csv,review_required,unclassified,,blocked_quality_gate,no,0,table_requires_review_or_was_rejected
extracted_tables/037_Health_Bulletin_2013/table_0201.csv,quarantined_tables/037_Health_Bulletin_2013/table_0201.csv,review_required,unclassified,,blocked_quality_gate,no,0,table_requires_review_or_was_rejected
extracted_tables/037_Health_Bulletin_2013/table_0202.csv,quarantined_tables/037_Health_Bulletin_2013/table_0202.csv,review_required,unclassified,,blocked_quality_gate,no,0,table_requires_review_or_was_rejected
extracted_tables/037_Health_Bulletin_2013/table_0203.csv,quarantined_tables/037_Health_Bulletin_2013/table_0203.csv,review_required,unclassified,,blocked_quality_gate,no,0,table_requires_review_or_was_rejected
extracted_tables/037_Health_Bulletin_2013/table_0204.csv,quarantined_tables/037_Health_Bulletin_2013/table_0204.csv,review_required,unclassified,,blocked_quality_gate,no,0,table_requires_review_or_was_rejected
extracted_tables/037_Health_Bulletin_2013/table_0205.csv,quarantined_tables/037_Health_Bulletin_2013/table_0205.csv,review_required,unclassified,,blocked_quality_gate,no,0,table_requires_review_or_was_rejected
extracted_tables/037_Health_Bulletin_2013/table_0206.csv,quarantined_tables/037_Health_Bulletin_2013/table_0206.csv,review_required,unclassified,,blocked_quality_gate,no,0,table_requires_review_or_was_rejected
extracted_tables/037_Health_Bulletin_2013/table_0207.csv,quarantined_tables/037_Health_Bulletin_2013/table_0207.csv,review_required,unclassified,,blocked_quality_gate,no,0,table_requires_review_or_was_rejected
extracted_tables/037_Health_Bulletin_2013/table_0208.csv,quarantined_tables/037_Health_Bulletin_2013/table_0208.csv,review_required,unclassified,,blocked_quality_gate,no,0,table_requires_review_or_was_rejected
extracted_tables/037_Health_Bulletin_2013/table_0209.csv,quarantined_tables/037_Health_Bulletin_2013/table_0209.csv,review_required,unclassified,,blocked_quality_gate,no,0,table_requires_review_or_was_rejected
extracted_tables/037_Health_Bulletin_2013/table_0210.csv,quarantined_tables/037_Health_Bulletin_2013/table_0210.csv,review_required,unclassified,,blocked_quality_gate,no,0,table_requires_review_or_was_rejected
extracted_tables/037_Health_Bulletin_2013/table_0211.csv,quarantined_tables/037_Health_Bulletin_2013/table_0211.csv,review_required,unclassified,,blocked_quality_gate,no,0,table_requires_review_or_was_rejected
extracted_tables/037_Health_Bulletin_2013/table_0212.csv,quarantined_tables/037_Health_Bulletin_2013/table_0212.csv,review_required,unclassified,,blocked_quality_gate,no,0,table_requires_review_or_was_rejected
extracted_tables/037_Health_Bulletin_2013/table_0213.csv,quarantined_tables/037_Health_Bulletin_2013/table_0213.csv,review_required,unclassified,,blocked_quality_gate,no,0,table_requires_review_or_was_rejected
extracted_tables/037_Health_Bulletin_2013/table_0214.csv,quarantined_tables/037_Health_Bulletin_2013/table_0214.csv,review_required,unclassified,,blocked_quality_gate,no,0,table_requires_review_or_was_rejected
extracted_tables/037_Health_Bulletin_2013/table_0215.csv,quarantined_tables/037_Health_Bulletin_2013/table_0215.csv,review_required,unclassified,,blocked_quality_gate,no,0,table_requires_review_or_was_rejected
extracted_tables/037_Health_Bulletin_2013/table_0216.csv,quarantined_tables/037_Health_Bulletin_2013/table_0216.csv,review_required,unclassified,,blocked_quality_gate,no,0,table_requires_review_or_was_rejected
extracted_tables/037_Health_Bulletin_2013/table_0217.csv,quarantined_tables/037_Health_Bulletin_2013/table_0217.csv,review_required,unclassified,,blocked_quality_gate,no,0,table_requires_review_or_was_rejected
extracted_tables/037_Health_Bulletin_2013/table_0218.csv,quarantined_tables/037_Health_Bulletin_2013/table_0218.csv,review_required,unclassified,,blocked_quality_gate,no,0,table_requires_review_or_was_rejected
extracted_tables/039_Health_Bulletin_2011/table_0001.csv,quarantined_tables/039_Health_Bulletin_2011/table_0001.csv,review_required,unclassified,,blocked_quality_gate,no,0,table_requires_review_or_was_rejected
extracted_tables/039_Health_Bulletin_2011/table_0002.csv,quarantined_tables/039_Health_Bulletin_2011/table_0002.csv,review_required,unclassified,,blocked_quality_gate,no,0,table_requires_review_or_was_rejected
extracted_tables/039_Health_Bulletin_2011/table_0003.csv,quarantined_tables/039_Health_Bulletin_2011/table_0003.csv,review_required,unclassified,,blocked_quality_gate,no,0,table_requires_review_or_was_rejected
extracted_tables/039_Health_Bulletin_2011/table_0004.csv,quarantined_tables/039_Health_Bulletin_2011/table_0004.csv,review_required,unclassified,,blocked_quality_gate,no,0,table_requires_review_or_was_rejected
extracted_tables/039_Health_Bulletin_2011/table_0005.csv,quarantined_tables/039_Health_Bulletin_2011/table_0005.csv,review_required,unclassified,,blocked_quality_gate,no,0,table_requires_review_or_was_rejected
extracted_tables/039_Health_Bulletin_2011/table_0006.csv,quarantined_tables/039_Health_Bulletin_2011/table_0006.csv,review_required,unclassified,,blocked_quality_gate,no,0,table_requires_review_or_was_rejected
extracted_tables/039_Health_Bulletin_2011/table_0007.csv,quarantined_tables/039_Health_Bulletin_2011/table_0007.csv,review_required,unclassified,,blocked_quality_gate,no,0,table_requires_review_or_was_rejected
extracted_tables/039_Health_Bulletin_2011/table_0008.csv,quarantined_tables/039_Health_Bulletin_2011/table_0008.csv,review_required,unclassified,,blocked_quality_gate,no,0,table_requires_review_or_was_rejected
extracted_tables/039_Health_Bulletin_2011/table_0009.csv,quarantined_tables/039_Health_Bulletin_2011/table_0009.csv,review_required,unclassified,,blocked_quality_gate,no,0,table_requires_review_or_was_rejected
extracted_tables/039_Health_Bulletin_2011/table_0010.csv,quarantined_tables/039_Health_Bulletin_2011/table_0010.csv,review_required,unclassified,,blocked_quality_gate,no,0,table_requires_review_or_was_rejected
extracted_tables/039_Health_Bulletin_2011/table_0011.csv,quarantined_tables/039_Health_Bulletin_2011/table_0011.csv,review_required,unclassified,,blocked_quality_gate,no,0,table_requires_review_or_was_rejected
extracted_tables/039_Health_Bulletin_2011/table_0012.csv,quarantined_tables/039_Health_Bulletin_2011/table_0012.csv,review_required,unclassified,,blocked_quality_gate,no,0,table_requires_review_or_was_rejected
extracted_tables/039_Health_Bulletin_2011/table_0013.csv,quarantined_tables/039_Health_Bulletin_2011/table_0013.csv,review_required,unclassified,,blocked_quality_gate,no,0,table_requires_review_or_was_rejected
extracted_tables/039_Health_Bulletin_2011/table_0014.csv,quarantined_tables/039_Health_Bulletin_2011/table_0014.csv,review_required,unclassified,,blocked_quality_gate,no,0,table_requires_review_or_was_rejected
extracted_tables/039_Health_Bulletin_2011/table_0015.csv,quarantined_tables/039_Health_Bulletin_2011/table_0015.csv,review_required,unclassified,,blocked_quality_gate,no,0,table_requires_review_or_was_rejected
extracted_tables/039_Health_Bulletin_2011/table_0016.csv,quarantined_tables/039_Health_Bulletin_2011/table_0016.csv,review_required,unclassified,,blocked_quality_gate,no,0,table_requires_review_or_was_rejected
extracted_tables/039_Health_Bulletin_2011/table_0017.csv,quarantined_tables/039_Health_Bulletin_2011/table_0017.csv,review_required,unclassified,,blocked_quality_gate,no,0,table_requires_review_or_was_rejected
extracted_tables/039_Health_Bulletin_2011/table_0018.csv,quarantined_tables/039_Health_Bulletin_2011/table_0018.csv,review_required,unclassified,,blocked_quality_gate,no,0,table_requires_review_or_was_rejected
extracted_tables/039_Health_Bulletin_2011/table_0019.csv,quarantined_tables/039_Health_Bulletin_2011/table_0019.csv,review_required,unclassified,,blocked_quality_gate,no,0,table_requires_review_or_was_rejected
extracted_tables/039_Health_Bulletin_2011/table_0020.csv,quarantined_tables/039_Health_Bulletin_2011/table_0020.csv,review_required,unclassified,,blocked_quality_gate,no,0,table_requires_review_or_was_rejected
extracted_tables/039_Health_Bulletin_2011/table_0021.csv,quarantined_tables/039_Health_Bulletin_2011/table_0021.csv,review_required,unclassified,,blocked_quality_gate,no,0,table_requires_review_or_was_rejected
extracted_tables/039_Health_Bulletin_2011/table_0022.csv,quarantined_tables/039_Health_Bulletin_2011/table_0022.csv,rejected,unclassified,,blocked_quality_gate,no,0,table_requires_review_or_was_rejected
extracted_tables/039_Health_Bulletin_2011/table_0023.csv,quarantined_tables/039_Health_Bulletin_2011/table_0023.csv,review_required,unclassified,,blocked_quality_gate,no,0,table_requires_review_or_was_rejected
extracted_tables/039_Health_Bulletin_2011/table_0024.csv,quarantined_tables/039_Health_Bulletin_2011/table_0024.csv,review_required,unclassified,,blocked_quality_gate,no,0,table_requires_review_or_was_rejected
extracted_tables/039_Health_Bulletin_2011/table_0025.csv,quarantined_tables/039_Health_Bulletin_2011/table_0025.csv,review_required,unclassified,,blocked_quality_gate,no,0,table_requires_review_or_was_rejected
extracted_tables/039_Health_Bulletin_2011/table_0026.csv,quarantined_tables/039_Health_Bulletin_2011/table_0026.csv,review_required,unclassified,,blocked_quality_gate,no,0,table_requires_review_or_was_rejected
extracted_tables/039_Health_Bulletin_2011/table_0027.csv,quarantined_tables/039_Health_Bulletin_2011/table_0027.csv,rejected,unclassified,,blocked_quality_gate,no,0,table_requires_review_or_was_rejected
extracted_tables/039_Health_Bulletin_2011/table_0028.csv,quarantined_tables/039_Health_Bulletin_2011/table_0028.csv,review_required,unclassified,,blocked_quality_gate,no,0,table_requires_review_or_was_rejected
extracted_tables/039_Health_Bulletin_2011/table_0029.csv,quarantined_tables/039_Health_Bulletin_2011/table_0029.csv,review_required,unclassified,,blocked_quality_gate,no,0,table_requires_review_or_was_rejected
extracted_tables/039_Health_Bulletin_2011/table_0030.csv,quarantined_tables/039_Health_Bulletin_2011/table_0030.csv,review_required,unclassified,,blocked_quality_gate,no,0,table_requires_review_or_was_rejected
extracted_tables/039_Health_Bulletin_2011/table_0031.csv,quarantined_tables/039_Health_Bulletin_2011/table_0031.csv,review_required,unclassified,,blocked_quality_gate,no,0,table_requires_review_or_was_rejected
extracted_tables/039_Health_Bulletin_2011/table_0032.csv,quarantined_tables/039_Health_Bulletin_2011/table_0032.csv,review_required,unclassified,,blocked_quality_gate,no,0,table_requires_review_or_was_rejected
extracted_tables/039_Health_Bulletin_2011/table_0033.csv,quarantined_tables/039_Health_Bulletin_2011/table_0033.csv,review_required,unclassified,,blocked_quality_gate,no,0,table_requires_review_or_was_rejected
extracted_tables/039_Health_Bulletin_2011/table_0034.csv,quarantined_tables/039_Health_Bulletin_2011/table_0034.csv,review_required,unclassified,,blocked_quality_gate,no,0,table_requires_review_or_was_rejected
extracted_tables/039_Health_Bulletin_2011/table_0035.csv,quarantined_tables/039_Health_Bulletin_2011/table_0035.csv,review_required,unclassified,,blocked_quality_gate,no,0,table_requires_review_or_was_rejected
extracted_tables/039_Health_Bulletin_2011/table_0036.csv,quarantined_tables/039_Health_Bulletin_2011/table_0036.csv,review_required,unclassified,,blocked_quality_gate,no,0,table_requires_review_or_was_rejected
extracted_tables/039_Health_Bulletin_2011/table_0037.csv,quarantined_tables/039_Health_Bulletin_2011/table_0037.csv,review_required,unclassified,,blocked_quality_gate,no,0,table_requires_review_or_was_rejected
extracted_tables/039_Health_Bulletin_2011/table_0038.csv,quarantined_tables/039_Health_Bulletin_2011/table_0038.csv,review_required,unclassified,,blocked_quality_gate,no,0,table_requires_review_or_was_rejected
extracted_tables/039_Health_Bulletin_2011/table_0039.csv,quarantined_tables/039_Health_Bulletin_2011/table_0039.csv,review_required,unclassified,,blocked_quality_gate,no,0,table_requires_review_or_was_rejected
extracted_tables/039_Health_Bulletin_2011/table_0040.csv,quarantined_tables/039_Health_Bulletin_2011/table_0040.csv,rejected,unclassified,,blocked_quality_gate,no,0,table_requires_review_or_was_rejected
extracted_tables/039_Health_Bulletin_2011/table_0041.csv,quarantined_tables/039_Health_Bulletin_2011/table_0041.csv,rejected,unclassified,,blocked_quality_gate,no,0,table_requires_review_or_was_rejected
extracted_tables/039_Health_Bulletin_2011/table_0042.csv,quarantined_tables/039_Health_Bulletin_2011/table_0042.csv,rejected,unclassified,,blocked_quality_gate,no,0,table_requires_review_or_was_rejected
extracted_tables/039_Health_Bulletin_2011/table_0043.csv,quarantined_tables/039_Health_Bulletin_2011/table_0043.csv,rejected,unclassified,,blocked_quality_gate,no,0,table_requires_review_or_was_rejected
extracted_tables/039_Health_Bulletin_2011/table_0044.csv,quarantined_tables/039_Health_Bulletin_2011/table_0044.csv,rejected,unclassified,,blocked_quality_gate,no,0,table_requires_review_or_was_rejected
extracted_tables/039_Health_Bulletin_2011/table_0045.csv,quarantined_tables/039_Health_Bulletin_2011/table_0045.csv,review_required,unclassified,,blocked_quality_gate,no,0,table_requires_review_or_was_rejected
extracted_tables/039_Health_Bulletin_2011/table_0046.csv,quarantined_tables/039_Health_Bulletin_2011/table_0046.csv,review_required,unclassified,,blocked_quality_gate,no,0,table_requires_review_or_was_rejected
extracted_tables/039_Health_Bulletin_2011/table_0047.csv,quarantined_tables/039_Health_Bulletin_2011/table_0047.csv,rejected,unclassified,,blocked_quality_gate,no,0,table_requires_review_or_was_rejected
extracted_tables/039_Health_Bulletin_2011/table_0048.csv,quarantined_tables/039_Health_Bulletin_2011/table_0048.csv,rejected,unclassified,,blocked_quality_gate,no,0,table_requires_review_or_was_rejected
extracted_tables/039_Health_Bulletin_2011/table_0049.csv,quarantined_tables/039_Health_Bulletin_2011/table_0049.csv,rejected,unclassified,,blocked_quality_gate,no,0,table_requires_review_or_was_rejected
extracted_tables/039_Health_Bulletin_2011/table_0050.csv,quarantined_tables/039_Health_Bulletin_2011/table_0050.csv,review_required,unclassified,,blocked_quality_gate,no,0,table_requires_review_or_was_rejected
extracted_tables/039_Health_Bulletin_2011/table_0051.csv,quarantined_tables/039_Health_Bulletin_2011/table_0051.csv,review_required,unclassified,,blocked_quality_gate,no,0,table_requires_review_or_was_rejected
extracted_tables/039_Health_Bulletin_2011/table_0052.csv,quarantined_tables/039_Health_Bulletin_2011/table_0052.csv,review_required,unclassified,,blocked_quality_gate,no,0,table_requires_review_or_was_rejected
extracted_tables/039_Health_Bulletin_2011/table_0053.csv,quarantined_tables/039_Health_Bulletin_2011/table_0053.csv,review_required,unclassified,,blocked_quality_gate,no,0,table_requires_review_or_was_rejected
extracted_tables/039_Health_Bulletin_2011/table_0054.csv,quarantined_tables/039_Health_Bulletin_2011/table_0054.csv,review_required,unclassified,,blocked_quality_gate,no,0,table_requires_review_or_was_rejected
extracted_tables/039_Health_Bulletin_2011/table_0055.csv,quarantined_tables/039_Health_Bulletin_2011/table_0055.csv,review_required,unclassified,,blocked_quality_gate,no,0,table_requires_review_or_was_rejected
extracted_tables/039_Health_Bulletin_2011/table_0056.csv,quarantined_tables/039_Health_Bulletin_2011/table_0056.csv,review_required,unclassified,,blocked_quality_gate,no,0,table_requires_review_or_was_rejected
extracted_tables/039_Health_Bulletin_2011/table_0057.csv,quarantined_tables/039_Health_Bulletin_2011/table_0057.csv,rejected,unclassified,,blocked_quality_gate,no,0,table_requires_review_or_was_rejected
extracted_tables/039_Health_Bulletin_2011/table_0058.csv,quarantined_tables/039_Health_Bulletin_2011/table_0058.csv,review_required,unclassified,,blocked_quality_gate,no,0,table_requires_review_or_was_rejected
extracted_tables/039_Health_Bulletin_2011/table_0059.csv,quarantined_tables/039_Health_Bulletin_2011/table_0059.csv,review_required,unclassified,,blocked_quality_gate,no,0,table_requires_review_or_was_rejected
extracted_tables/039_Health_Bulletin_2011/table_0060.csv,quarantined_tables/039_Health_Bulletin_2011/table_0060.csv,review_required,unclassified,,blocked_quality_gate,no,0,table_requires_review_or_was_rejected
extracted_tables/039_Health_Bulletin_2011/table_0061.csv,quarantined_tables/039_Health_Bulletin_2011/table_0061.csv,review_required,unclassified,,blocked_quality_gate,no,0,table_requires_review_or_was_rejected
extracted_tables/039_Health_Bulletin_2011/table_0062.csv,quarantined_tables/039_Health_Bulletin_2011/table_0062.csv,review_required,unclassified,,blocked_quality_gate,no,0,table_requires_review_or_was_rejected
extracted_tables/039_Health_Bulletin_2011/table_0063.csv,quarantined_tables/039_Health_Bulletin_2011/table_0063.csv,review_required,unclassified,,blocked_quality_gate,no,0,table_requires_review_or_was_rejected
extracted_tables/039_Health_Bulletin_2011/table_0064.csv,quarantined_tables/039_Health_Bulletin_2011/table_0064.csv,review_required,unclassified,,blocked_quality_gate,no,0,table_requires_review_or_was_rejected
extracted_tables/039_Health_Bulletin_2011/table_0065.csv,quarantined_tables/039_Health_Bulletin_2011/table_0065.csv,review_required,unclassified,,blocked_quality_gate,no,0,table_requires_review_or_was_rejected
extracted_tables/039_Health_Bulletin_2011/table_0066.csv,quarantined_tables/039_Health_Bulletin_2011/table_0066.csv,review_required,unclassified,,blocked_quality_gate,no,0,table_requires_review_or_was_rejected
extracted_tables/039_Health_Bulletin_2011/table_0067.csv,quarantined_tables/039_Health_Bulletin_2011/table_0067.csv,review_required,unclassified,,blocked_quality_gate,no,0,table_requires_review_or_was_rejected
extracted_tables/039_Health_Bulletin_2011/table_0068.csv,quarantined_tables/039_Health_Bulletin_2011/table_0068.csv,review_required,unclassified,,blocked_quality_gate,no,0,table_requires_review_or_was_rejected
extracted_tables/039_Health_Bulletin_2011/table_0069.csv,quarantined_tables/039_Health_Bulletin_2011/table_0069.csv,review_required,unclassified,,blocked_quality_gate,no,0,table_requires_review_or_was_rejected
extracted_tables/039_Health_Bulletin_2011/table_0070.csv,quarantined_tables/039_Health_Bulletin_2011/table_0070.csv,review_required,unclassified,,blocked_quality_gate,no,0,table_requires_review_or_was_rejected
extracted_tables/039_Health_Bulletin_2011/table_0071.csv,quarantined_tables/039_Health_Bulletin_2011/table_0071.csv,review_required,unclassified,,blocked_quality_gate,no,0,table_requires_review_or_was_rejected
extracted_tables/039_Health_Bulletin_2011/table_0072.csv,quarantined_tables/039_Health_Bulletin_2011/table_0072.csv,review_required,unclassified,,blocked_quality_gate,no,0,table_requires_review_or_was_rejected
extracted_tables/039_Health_Bulletin_2011/table_0073.csv,quarantined_tables/039_Health_Bulletin_2011/table_0073.csv,review_required,unclassified,,blocked_quality_gate,no,0,table_requires_review_or_was_rejected
extracted_tables/039_Health_Bulletin_2011/table_0074.csv,quarantined_tables/039_Health_Bulletin_2011/table_0074.csv,review_required,unclassified,,blocked_quality_gate,no,0,table_requires_review_or_was_rejected
extracted_tables/039_Health_Bulletin_2011/table_0075.csv,quarantined_tables/039_Health_Bulletin_2011/table_0075.csv,review_required,unclassified,,blocked_quality_gate,no,0,table_requires_review_or_was_rejected
extracted_tables/039_Health_Bulletin_2011/table_0076.csv,quarantined_tables/039_Health_Bulletin_2011/table_0076.csv,review_required,unclassified,,blocked_quality_gate,no,0,table_requires_review_or_was_rejected
extracted_tables/039_Health_Bulletin_2011/table_0077.csv,quarantined_tables/039_Health_Bulletin_2011/table_0077.csv,review_required,unclassified,,blocked_quality_gate,no,0,table_requires_review_or_was_rejected
extracted_tables/039_Health_Bulletin_2011/table_0078.csv,quarantined_tables/039_Health_Bulletin_2011/table_0078.csv,review_required,unclassified,,blocked_quality_gate,no,0,table_requires_review_or_was_rejected
extracted_tables/039_Health_Bulletin_2011/table_0079.csv,quarantined_tables/039_Health_Bulletin_2011/table_0079.csv,review_required,unclassified,,blocked_quality_gate,no,0,table_requires_review_or_was_rejected
extracted_tables/039_Health_Bulletin_2011/table_0080.csv,quarantined_tables/039_Health_Bulletin_2011/table_0080.csv,review_required,unclassified,,blocked_quality_gate,no,0,table_requires_review_or_was_rejected
extracted_tables/039_Health_Bulletin_2011/table_0081.csv,quarantined_tables/039_Health_Bulletin_2011/table_0081.csv,review_required,unclassified,,blocked_quality_gate,no,0,table_requires_review_or_was_rejected
extracted_tables/039_Health_Bulletin_2011/table_0082.csv,quarantined_tables/039_Health_Bulletin_2011/table_0082.csv,review_required,unclassified,,blocked_quality_gate,no,0,table_requires_review_or_was_rejected
extracted_tables/039_Health_Bulletin_2011/table_0083.csv,quarantined_tables/039_Health_Bulletin_2011/table_0083.csv,review_required,unclassified,,blocked_quality_gate,no,0,table_requires_review_or_was_rejected
extracted_tables/039_Health_Bulletin_2011/table_0084.csv,quarantined_tables/039_Health_Bulletin_2011/table_0084.csv,review_required,unclassified,,blocked_quality_gate,no,0,table_requires_review_or_was_rejected
extracted_tables/039_Health_Bulletin_2011/table_0085.csv,quarantined_tables/039_Health_Bulletin_2011/table_0085.csv,review_required,unclassified,,blocked_quality_gate,no,0,table_requires_review_or_was_rejected
extracted_tables/039_Health_Bulletin_2011/table_0086.csv,quarantined_tables/039_Health_Bulletin_2011/table_0086.csv,review_required,unclassified,,blocked_quality_gate,no,0,table_requires_review_or_was_rejected
extracted_tables/039_Health_Bulletin_2011/table_0087.csv,quarantined_tables/039_Health_Bulletin_2011/table_0087.csv,review_required,unclassified,,blocked_quality_gate,no,0,table_requires_review_or_was_rejected
extracted_tables/039_Health_Bulletin_2011/table_0088.csv,quarantined_tables/039_Health_Bulletin_2011/table_0088.csv,review_required,unclassified,,blocked_quality_gate,no,0,table_requires_review_or_was_rejected
extracted_tables/039_Health_Bulletin_2011/table_0089.csv,quarantined_tables/039_Health_Bulletin_2011/table_0089.csv,review_required,unclassified,,blocked_quality_gate,no,0,table_requires_review_or_was_rejected
extracted_tables/039_Health_Bulletin_2011/table_0090.csv,quarantined_tables/039_Health_Bulletin_2011/table_0090.csv,review_required,unclassified,,blocked_quality_gate,no,0,table_requires_review_or_was_rejected
extracted_tables/039_Health_Bulletin_2011/table_0091.csv,quarantined_tables/039_Health_Bulletin_2011/table_0091.csv,review_required,unclassified,,blocked_quality_gate,no,0,table_requires_review_or_was_rejected
extracted_tables/039_Health_Bulletin_2011/table_0092.csv,quarantined_tables/039_Health_Bulletin_2011/table_0092.csv,review_required,unclassified,,blocked_quality_gate,no,0,table_requires_review_or_was_rejected
extracted_tables/039_Health_Bulletin_2011/table_0093.csv,quarantined_tables/039_Health_Bulletin_2011/table_0093.csv,review_required,unclassified,,blocked_quality_gate,no,0,table_requires_review_or_was_rejected
extracted_tables/041_Health_Bulletin_2009/table_0001.csv,quarantined_tables/041_Health_Bulletin_2009/table_0001.csv,review_required,unclassified,,blocked_quality_gate,no,0,table_requires_review_or_was_rejected
extracted_tables/041_Health_Bulletin_2009/table_0002.csv,quarantined_tables/041_Health_Bulletin_2009/table_0002.csv,review_required,unclassified,,blocked_quality_gate,no,0,table_requires_review_or_was_rejected
extracted_tables/041_Health_Bulletin_2009/table_0003.csv,quarantined_tables/041_Health_Bulletin_2009/table_0003.csv,review_required,unclassified,,blocked_quality_gate,no,0,table_requires_review_or_was_rejected
extracted_tables/041_Health_Bulletin_2009/table_0004.csv,quarantined_tables/041_Health_Bulletin_2009/table_0004.csv,review_required,unclassified,,blocked_quality_gate,no,0,table_requires_review_or_was_rejected
extracted_tables/041_Health_Bulletin_2009/table_0005.csv,quarantined_tables/041_Health_Bulletin_2009/table_0005.csv,review_required,unclassified,,blocked_quality_gate,no,0,table_requires_review_or_was_rejected
extracted_tables/041_Health_Bulletin_2009/table_0006.csv,quarantined_tables/041_Health_Bulletin_2009/table_0006.csv,review_required,unclassified,,blocked_quality_gate,no,0,table_requires_review_or_was_rejected
extracted_tables/041_Health_Bulletin_2009/table_0007.csv,quarantined_tables/041_Health_Bulletin_2009/table_0007.csv,review_required,unclassified,,blocked_quality_gate,no,0,table_requires_review_or_was_rejected
extracted_tables/041_Health_Bulletin_2009/table_0008.csv,quarantined_tables/041_Health_Bulletin_2009/table_0008.csv,review_required,unclassified,,blocked_quality_gate,no,0,table_requires_review_or_was_rejected
extracted_tables/041_Health_Bulletin_2009/table_0009.csv,quarantined_tables/041_Health_Bulletin_2009/table_0009.csv,review_required,unclassified,,blocked_quality_gate,no,0,table_requires_review_or_was_rejected
extracted_tables/041_Health_Bulletin_2009/table_0010.csv,quarantined_tables/041_Health_Bulletin_2009/table_0010.csv,review_required,unclassified,,blocked_quality_gate,no,0,table_requires_review_or_was_rejected
extracted_tables/041_Health_Bulletin_2009/table_0011.csv,quarantined_tables/041_Health_Bulletin_2009/table_0011.csv,review_required,unclassified,,blocked_quality_gate,no,0,table_requires_review_or_was_rejected
extracted_tables/041_Health_Bulletin_2009/table_0012.csv,quarantined_tables/041_Health_Bulletin_2009/table_0012.csv,review_required,unclassified,,blocked_quality_gate,no,0,table_requires_review_or_was_rejected
extracted_tables/041_Health_Bulletin_2009/table_0013.csv,quarantined_tables/041_Health_Bulletin_2009/table_0013.csv,review_required,unclassified,,blocked_quality_gate,no,0,table_requires_review_or_was_rejected
extracted_tables/041_Health_Bulletin_2009/table_0014.csv,quarantined_tables/041_Health_Bulletin_2009/table_0014.csv,review_required,unclassified,,blocked_quality_gate,no,0,table_requires_review_or_was_rejected
extracted_tables/041_Health_Bulletin_2009/table_0015.csv,quarantined_tables/041_Health_Bulletin_2009/table_0015.csv,review_required,unclassified,,blocked_quality_gate,no,0,table_requires_review_or_was_rejected
extracted_tables/041_Health_Bulletin_2009/table_0016.csv,quarantined_tables/041_Health_Bulletin_2009/table_0016.csv,review_required,unclassified,,blocked_quality_gate,no,0,table_requires_review_or_was_rejected
extracted_tables/041_Health_Bulletin_2009/table_0017.csv,quarantined_tables/041_Health_Bulletin_2009/table_0017.csv,review_required,unclassified,,blocked_quality_gate,no,0,table_requires_review_or_was_rejected
extracted_tables/041_Health_Bulletin_2009/table_0018.csv,quarantined_tables/041_Health_Bulletin_2009/table_0018.csv,review_required,unclassified,,blocked_quality_gate,no,0,table_requires_review_or_was_rejected
extracted_tables/041_Health_Bulletin_2009/table_0019.csv,quarantined_tables/041_Health_Bulletin_2009/table_0019.csv,review_required,unclassified,,blocked_quality_gate,no,0,table_requires_review_or_was_rejected
extracted_tables/041_Health_Bulletin_2009/table_0020.csv,quarantined_tables/041_Health_Bulletin_2009/table_0020.csv,review_required,unclassified,,blocked_quality_gate,no,0,table_requires_review_or_was_rejected
extracted_tables/041_Health_Bulletin_2009/table_0021.csv,quarantined_tables/041_Health_Bulletin_2009/table_0021.csv,review_required,unclassified,,blocked_quality_gate,no,0,table_requires_review_or_was_rejected
extracted_tables/041_Health_Bulletin_2009/table_0022.csv,quarantined_tables/041_Health_Bulletin_2009/table_0022.csv,review_required,unclassified,,blocked_quality_gate,no,0,table_requires_review_or_was_rejected
extracted_tables/041_Health_Bulletin_2009/table_0023.csv,quarantined_tables/041_Health_Bulletin_2009/table_0023.csv,review_required,unclassified,,blocked_quality_gate,no,0,table_requires_review_or_was_rejected
extracted_tables/041_Health_Bulletin_2009/table_0024.csv,quarantined_tables/041_Health_Bulletin_2009/table_0024.csv,review_required,unclassified,,blocked_quality_gate,no,0,table_requires_review_or_was_rejected
extracted_tables/041_Health_Bulletin_2009/table_0025.csv,quarantined_tables/041_Health_Bulletin_2009/table_0025.csv,review_required,unclassified,,blocked_quality_gate,no,0,table_requires_review_or_was_rejected
extracted_tables/041_Health_Bulletin_2009/table_0026.csv,quarantined_tables/041_Health_Bulletin_2009/table_0026.csv,review_required,unclassified,,blocked_quality_gate,no,0,table_requires_review_or_was_rejected
extracted_tables/041_Health_Bulletin_2009/table_0027.csv,quarantined_tables/041_Health_Bulletin_2009/table_0027.csv,review_required,unclassified,,blocked_quality_gate,no,0,table_requires_review_or_was_rejected
extracted_tables/041_Health_Bulletin_2009/table_0028.csv,quarantined_tables/041_Health_Bulletin_2009/table_0028.csv,review_required,unclassified,,blocked_quality_gate,no,0,table_requires_review_or_was_rejected
extracted_tables/041_Health_Bulletin_2009/table_0029.csv,quarantined_tables/041_Health_Bulletin_2009/table_0029.csv,review_required,unclassified,,blocked_quality_gate,no,0,table_requires_review_or_was_rejected
extracted_tables/041_Health_Bulletin_2009/table_0030.csv,quarantined_tables/041_Health_Bulletin_2009/table_0030.csv,review_required,unclassified,,blocked_quality_gate,no,0,table_requires_review_or_was_rejected
extracted_tables/041_Health_Bulletin_2009/table_0031.csv,quarantined_tables/041_Health_Bulletin_2009/table_0031.csv,review_required,unclassified,,blocked_quality_gate,no,0,table_requires_review_or_was_rejected
extracted_tables/041_Health_Bulletin_2009/table_0032.csv,quarantined_tables/041_Health_Bulletin_2009/table_0032.csv,review_required,unclassified,,blocked_quality_gate,no,0,table_requires_review_or_was_rejected
extracted_tables/041_Health_Bulletin_2009/table_0033.csv,quarantined_tables/041_Health_Bulletin_2009/table_0033.csv,review_required,unclassified,,blocked_quality_gate,no,0,table_requires_review_or_was_rejected
extracted_tables/041_Health_Bulletin_2009/table_0034.csv,quarantined_tables/041_Health_Bulletin_2009/table_0034.csv,review_required,unclassified,,blocked_quality_gate,no,0,table_requires_review_or_was_rejected
extracted_tables/041_Health_Bulletin_2009/table_0035.csv,quarantined_tables/041_Health_Bulletin_2009/table_0035.csv,review_required,unclassified,,blocked_quality_gate,no,0,table_requires_review_or_was_rejected
extracted_tables/041_Health_Bulletin_2009/table_0036.csv,quarantined_tables/041_Health_Bulletin_2009/table_0036.csv,review_required,unclassified,,blocked_quality_gate,no,0,table_requires_review_or_was_rejected
extracted_tables/041_Health_Bulletin_2009/table_0037.csv,quarantined_tables/041_Health_Bulletin_2009/table_0037.csv,review_required,unclassified,,blocked_quality_gate,no,0,table_requires_review_or_was_rejected
extracted_tables/041_Health_Bulletin_2009/table_0038.csv,quarantined_tables/041_Health_Bulletin_2009/table_0038.csv,review_required,unclassified,,blocked_quality_gate,no,0,table_requires_review_or_was_rejected
extracted_tables/041_Health_Bulletin_2009/table_0039.csv,quarantined_tables/041_Health_Bulletin_2009/table_0039.csv,review_required,unclassified,,blocked_quality_gate,no,0,table_requires_review_or_was_rejected
extracted_tables/041_Health_Bulletin_2009/table_0040.csv,quarantined_tables/041_Health_Bulletin_2009/table_0040.csv,review_required,unclassified,,blocked_quality_gate,no,0,table_requires_review_or_was_rejected
extracted_tables/041_Health_Bulletin_2009/table_0041.csv,quarantined_tables/041_Health_Bulletin_2009/table_0041.csv,review_required,unclassified,,blocked_quality_gate,no,0,table_requires_review_or_was_rejected
extracted_tables/041_Health_Bulletin_2009/table_0042.csv,quarantined_tables/041_Health_Bulletin_2009/table_0042.csv,review_required,unclassified,,blocked_quality_gate,no,0,table_requires_review_or_was_rejected
extracted_tables/041_Health_Bulletin_2009/table_0043.csv,quarantined_tables/041_Health_Bulletin_2009/table_0043.csv,review_required,unclassified,,blocked_quality_gate,no,0,table_requires_review_or_was_rejected
extracted_tables/041_Health_Bulletin_2009/table_0044.csv,quarantined_tables/041_Health_Bulletin_2009/table_0044.csv,review_required,unclassified,,blocked_quality_gate,no,0,table_requires_review_or_was_rejected
extracted_tables/041_Health_Bulletin_2009/table_0045.csv,quarantined_tables/041_Health_Bulletin_2009/table_0045.csv,review_required,unclassified,,blocked_quality_gate,no,0,table_requires_review_or_was_rejected
extracted_tables/041_Health_Bulletin_2009/table_0046.csv,quarantined_tables/041_Health_Bulletin_2009/table_0046.csv,review_required,unclassified,,blocked_quality_gate,no,0,table_requires_review_or_was_rejected
extracted_tables/041_Health_Bulletin_2009/table_0047.csv,quarantined_tables/041_Health_Bulletin_2009/table_0047.csv,review_required,unclassified,,blocked_quality_gate,no,0,table_requires_review_or_was_rejected
extracted_tables/041_Health_Bulletin_2009/table_0048.csv,quarantined_tables/041_Health_Bulletin_2009/table_0048.csv,review_required,unclassified,,blocked_quality_gate,no,0,table_requires_review_or_was_rejected
extracted_tables/041_Health_Bulletin_2009/table_0049.csv,quarantined_tables/041_Health_Bulletin_2009/table_0049.csv,review_required,unclassified,,blocked_quality_gate,no,0,table_requires_review_or_was_rejected
extracted_tables/041_Health_Bulletin_2009/table_0050.csv,quarantined_tables/041_Health_Bulletin_2009/table_0050.csv,review_required,unclassified,,blocked_quality_gate,no,0,table_requires_review_or_was_rejected
extracted_tables/041_Health_Bulletin_2009/table_0051.csv,quarantined_tables/041_Health_Bulletin_2009/table_0051.csv,review_required,unclassified,,blocked_quality_gate,no,0,table_requires_review_or_was_rejected
extracted_tables/041_Health_Bulletin_2009/table_0052.csv,quarantined_tables/041_Health_Bulletin_2009/table_0052.csv,review_required,unclassified,,blocked_quality_gate,no,0,table_requires_review_or_was_rejected
extracted_tables/041_Health_Bulletin_2009/table_0053.csv,quarantined_tables/041_Health_Bulletin_2009/table_0053.csv,review_required,unclassified,,blocked_quality_gate,no,0,table_requires_review_or_was_rejected
extracted_tables/041_Health_Bulletin_2009/table_0054.csv,quarantined_tables/041_Health_Bulletin_2009/table_0054.csv,review_required,unclassified,,blocked_quality_gate,no,0,table_requires_review_or_was_rejected
extracted_tables/041_Health_Bulletin_2009/table_0055.csv,quarantined_tables/041_Health_Bulletin_2009/table_0055.csv,review_required,unclassified,,blocked_quality_gate,no,0,table_requires_review_or_was_rejected
extracted_tables/041_Health_Bulletin_2009/table_0056.csv,quarantined_tables/041_Health_Bulletin_2009/table_0056.csv,review_required,unclassified,,blocked_quality_gate,no,0,table_requires_review_or_was_rejected
extracted_tables/041_Health_Bulletin_2009/table_0057.csv,quarantined_tables/041_Health_Bulletin_2009/table_0057.csv,review_required,unclassified,,blocked_quality_gate,no,0,table_requires_review_or_was_rejected
extracted_tables/041_Health_Bulletin_2009/table_0058.csv,quarantined_tables/041_Health_Bulletin_2009/table_0058.csv,review_required,unclassified,,blocked_quality_gate,no,0,table_requires_review_or_was_rejected
extracted_tables/041_Health_Bulletin_2009/table_0059.csv,quarantined_tables/041_Health_Bulletin_2009/table_0059.csv,review_required,unclassified,,blocked_quality_gate,no,0,table_requires_review_or_was_rejected
extracted_tables/041_Health_Bulletin_2009/table_0060.csv,quarantined_tables/041_Health_Bulletin_2009/table_0060.csv,review_required,unclassified,,blocked_quality_gate,no,0,table_requires_review_or_was_rejected
extracted_tables/041_Health_Bulletin_2009/table_0061.csv,quarantined_tables/041_Health_Bulletin_2009/table_0061.csv,review_required,unclassified,,blocked_quality_gate,no,0,table_requires_review_or_was_rejected
extracted_tables/041_Health_Bulletin_2009/table_0062.csv,quarantined_tables/041_Health_Bulletin_2009/table_0062.csv,review_required,unclassified,,blocked_quality_gate,no,0,table_requires_review_or_was_rejected
extracted_tables/041_Health_Bulletin_2009/table_0063.csv,quarantined_tables/041_Health_Bulletin_2009/table_0063.csv,review_required,unclassified,,blocked_quality_gate,no,0,table_requires_review_or_was_rejected
extracted_tables/041_Health_Bulletin_2009/table_0064.csv,quarantined_tables/041_Health_Bulletin_2009/table_0064.csv,review_required,unclassified,,blocked_quality_gate,no,0,table_requires_review_or_was_rejected
extracted_tables/041_Health_Bulletin_2009/table_0065.csv,quarantined_tables/041_Health_Bulletin_2009/table_0065.csv,review_required,unclassified,,blocked_quality_gate,no,0,table_requires_review_or_was_rejected
extracted_tables/041_Health_Bulletin_2009/table_0066.csv,quarantined_tables/041_Health_Bulletin_2009/table_0066.csv,review_required,unclassified,,blocked_quality_gate,no,0,table_requires_review_or_was_rejected
extracted_tables/041_Health_Bulletin_2009/table_0067.csv,quarantined_tables/041_Health_Bulletin_2009/table_0067.csv,review_required,unclassified,,blocked_quality_gate,no,0,table_requires_review_or_was_rejected
extracted_tables/041_Health_Bulletin_2009/table_0068.csv,quarantined_tables/041_Health_Bulletin_2009/table_0068.csv,review_required,unclassified,,blocked_quality_gate,no,0,table_requires_review_or_was_rejected
extracted_tables/041_Health_Bulletin_2009/table_0069.csv,quarantined_tables/041_Health_Bulletin_2009/table_0069.csv,review_required,unclassified,,blocked_quality_gate,no,0,table_requires_review_or_was_rejected
extracted_tables/041_Health_Bulletin_2009/table_0070.csv,quarantined_tables/041_Health_Bulletin_2009/table_0070.csv,review_required,unclassified,,blocked_quality_gate,no,0,table_requires_review_or_was_rejected
extracted_tables/041_Health_Bulletin_2009/table_0071.csv,quarantined_tables/041_Health_Bulletin_2009/table_0071.csv,review_required,unclassified,,blocked_quality_gate,no,0,table_requires_review_or_was_rejected
extracted_tables/041_Health_Bulletin_2009/table_0072.csv,quarantined_tables/041_Health_Bulletin_2009/table_0072.csv,review_required,unclassified,,blocked_quality_gate,no,0,table_requires_review_or_was_rejected
extracted_tables/041_Health_Bulletin_2009/table_0073.csv,quarantined_tables/041_Health_Bulletin_2009/table_0073.csv,review_required,unclassified,,blocked_quality_gate,no,0,table_requires_review_or_was_rejected
extracted_tables/041_Health_Bulletin_2009/table_0074.csv,quarantined_tables/041_Health_Bulletin_2009/table_0074.csv,review_required,unclassified,,blocked_quality_gate,no,0,table_requires_review_or_was_rejected
extracted_tables/041_Health_Bulletin_2009/table_0075.csv,quarantined_tables/041_Health_Bulletin_2009/table_0075.csv,review_required,unclassified,,blocked_quality_gate,no,0,table_requires_review_or_was_rejected
extracted_tables/041_Health_Bulletin_2009/table_0076.csv,quarantined_tables/041_Health_Bulletin_2009/table_0076.csv,review_required,unclassified,,blocked_quality_gate,no,0,table_requires_review_or_was_rejected
extracted_tables/041_Health_Bulletin_2009/table_0077.csv,quarantined_tables/041_Health_Bulletin_2009/table_0077.csv,review_required,unclassified,,blocked_quality_gate,no,0,table_requires_review_or_was_rejected
extracted_tables/041_Health_Bulletin_2009/table_0078.csv,quarantined_tables/041_Health_Bulletin_2009/table_0078.csv,review_required,unclassified,,blocked_quality_gate,no,0,table_requires_review_or_was_rejected
extracted_tables/041_Health_Bulletin_2009/table_0079.csv,quarantined_tables/041_Health_Bulletin_2009/table_0079.csv,review_required,unclassified,,blocked_quality_gate,no,0,table_requires_review_or_was_rejected
extracted_tables/041_Health_Bulletin_2009/table_0080.csv,quarantined_tables/041_Health_Bulletin_2009/table_0080.csv,review_required,unclassified,,blocked_quality_gate,no,0,table_requires_review_or_was_rejected
extracted_tables/041_Health_Bulletin_2009/table_0081.csv,quarantined_tables/041_Health_Bulletin_2009/table_0081.csv,review_required,unclassified,,blocked_quality_gate,no,0,table_requires_review_or_was_rejected
extracted_tables/041_Health_Bulletin_2009/table_0082.csv,quarantined_tables/041_Health_Bulletin_2009/table_0082.csv,review_required,unclassified,,blocked_quality_gate,no,0,table_requires_review_or_was_rejected
extracted_tables/041_Health_Bulletin_2009/table_0083.csv,quarantined_tables/041_Health_Bulletin_2009/table_0083.csv,review_required,unclassified,,blocked_quality_gate,no,0,table_requires_review_or_was_rejected
extracted_tables/041_Health_Bulletin_2009/table_0084.csv,quarantined_tables/041_Health_Bulletin_2009/table_0084.csv,review_required,unclassified,,blocked_quality_gate,no,0,table_requires_review_or_was_rejected
extracted_tables/041_Health_Bulletin_2009/table_0085.csv,quarantined_tables/041_Health_Bulletin_2009/table_0085.csv,review_required,unclassified,,blocked_quality_gate,no,0,table_requires_review_or_was_rejected
extracted_tables/041_Health_Bulletin_2009/table_0086.csv,quarantined_tables/041_Health_Bulletin_2009/table_0086.csv,review_required,unclassified,,blocked_quality_gate,no,0,table_requires_review_or_was_rejected
extracted_tables/041_Health_Bulletin_2009/table_0087.csv,quarantined_tables/041_Health_Bulletin_2009/table_0087.csv,review_required,unclassified,,blocked_quality_gate,no,0,table_requires_review_or_was_rejected
extracted_tables/041_Health_Bulletin_2009/table_0088.csv,quarantined_tables/041_Health_Bulletin_2009/table_0088.csv,review_required,unclassified,,blocked_quality_gate,no,0,table_requires_review_or_was_rejected
extracted_tables/041_Health_Bulletin_2009/table_0089.csv,quarantined_tables/041_Health_Bulletin_2009/table_0089.csv,review_required,unclassified,,blocked_quality_gate,no,0,table_requires_review_or_was_rejected
extracted_tables/041_Health_Bulletin_2009/table_0090.csv,quarantined_tables/041_Health_Bulletin_2009/table_0090.csv,review_required,unclassified,,blocked_quality_gate,no,0,table_requires_review_or_was_rejected
extracted_tables/041_Health_Bulletin_2009/table_0091.csv,quarantined_tables/041_Health_Bulletin_2009/table_0091.csv,review_required,unclassified,,blocked_quality_gate,no,0,table_requires_review_or_was_rejected
extracted_tables/041_Health_Bulletin_2009/table_0092.csv,quarantined_tables/041_Health_Bulletin_2009/table_0092.csv,review_required,unclassified,,blocked_quality_gate,no,0,table_requires_review_or_was_rejected
extracted_tables/041_Health_Bulletin_2009/table_0093.csv,quarantined_tables/041_Health_Bulletin_2009/table_0093.csv,review_required,unclassified,,blocked_quality_gate,no,0,table_requires_review_or_was_rejected
extracted_tables/041_Health_Bulletin_2009/table_0094.csv,quarantined_tables/041_Health_Bulletin_2009/table_0094.csv,review_required,unclassified,,blocked_quality_gate,no,0,table_requires_review_or_was_rejected
extracted_tables/041_Health_Bulletin_2009/table_0095.csv,quarantined_tables/041_Health_Bulletin_2009/table_0095.csv,review_required,unclassified,,blocked_quality_gate,no,0,table_requires_review_or_was_rejected
extracted_tables/041_Health_Bulletin_2009/table_0096.csv,quarantined_tables/041_Health_Bulletin_2009/table_0096.csv,review_required,unclassified,,blocked_quality_gate,no,0,table_requires_review_or_was_rejected
extracted_tables/041_Health_Bulletin_2009/table_0097.csv,quarantined_tables/041_Health_Bulletin_2009/table_0097.csv,review_required,unclassified,,blocked_quality_gate,no,0,table_requires_review_or_was_rejected
extracted_tables/041_Health_Bulletin_2009/table_0098.csv,quarantined_tables/041_Health_Bulletin_2009/table_0098.csv,review_required,unclassified,,blocked_quality_gate,no,0,table_requires_review_or_was_rejected
extracted_tables/041_Health_Bulletin_2009/table_0099.csv,quarantined_tables/041_Health_Bulletin_2009/table_0099.csv,review_required,unclassified,,blocked_quality_gate,no,0,table_requires_review_or_was_rejected
extracted_tables/041_Health_Bulletin_2009/table_0100.csv,quarantined_tables/041_Health_Bulletin_2009/table_0100.csv,review_required,unclassified,,blocked_quality_gate,no,0,table_requires_review_or_was_rejected
extracted_tables/041_Health_Bulletin_2009/table_0101.csv,quarantined_tables/041_Health_Bulletin_2009/table_0101.csv,review_required,unclassified,,blocked_quality_gate,no,0,table_requires_review_or_was_rejected
extracted_tables/041_Health_Bulletin_2009/table_0102.csv,quarantined_tables/041_Health_Bulletin_2009/table_0102.csv,review_required,unclassified,,blocked_quality_gate,no,0,table_requires_review_or_was_rejected
extracted_tables/041_Health_Bulletin_2009/table_0103.csv,quarantined_tables/041_Health_Bulletin_2009/table_0103.csv,review_required,unclassified,,blocked_quality_gate,no,0,table_requires_review_or_was_rejected
extracted_tables/041_Health_Bulletin_2009/table_0104.csv,quarantined_tables/041_Health_Bulletin_2009/table_0104.csv,review_required,unclassified,,blocked_quality_gate,no,0,table_requires_review_or_was_rejected
extracted_tables/041_Health_Bulletin_2009/table_0105.csv,quarantined_tables/041_Health_Bulletin_2009/table_0105.csv,review_required,unclassified,,blocked_quality_gate,no,0,table_requires_review_or_was_rejected
extracted_tables/041_Health_Bulletin_2009/table_0106.csv,quarantined_tables/041_Health_Bulletin_2009/table_0106.csv,review_required,unclassified,,blocked_quality_gate,no,0,table_requires_review_or_was_rejected
extracted_tables/041_Health_Bulletin_2009/table_0107.csv,quarantined_tables/041_Health_Bulletin_2009/table_0107.csv,review_required,unclassified,,blocked_quality_gate,no,0,table_requires_review_or_was_rejected
extracted_tables/041_Health_Bulletin_2009/table_0108.csv,quarantined_tables/041_Health_Bulletin_2009/table_0108.csv,review_required,unclassified,,blocked_quality_gate,no,0,table_requires_review_or_was_rejected
extracted_tables/041_Health_Bulletin_2009/table_0109.csv,quarantined_tables/041_Health_Bulletin_2009/table_0109.csv,review_required,unclassified,,blocked_quality_gate,no,0,table_requires_review_or_was_rejected
extracted_tables/041_Health_Bulletin_2009/table_0110.csv,quarantined_tables/041_Health_Bulletin_2009/table_0110.csv,review_required,unclassified,,blocked_quality_gate,no,0,table_requires_review_or_was_rejected
extracted_tables/041_Health_Bulletin_2009/table_0111.csv,quarantined_tables/041_Health_Bulletin_2009/table_0111.csv,review_required,unclassified,,blocked_quality_gate,no,0,table_requires_review_or_was_rejected
extracted_tables/041_Health_Bulletin_2009/table_0112.csv,quarantined_tables/041_Health_Bulletin_2009/table_0112.csv,review_required,unclassified,,blocked_quality_gate,no,0,table_requires_review_or_was_rejected
extracted_tables/042_Health_Bulletin_2008/table_001.csv,quarantined_tables/042_Health_Bulletin_2008/table_001.csv,review_required,unclassified,,blocked_quality_gate,no,0,table_requires_review_or_was_rejected
extracted_tables/042_Health_Bulletin_2008/table_002.csv,quarantined_tables/042_Health_Bulletin_2008/table_002.csv,review_required,unclassified,,blocked_quality_gate,no,0,table_requires_review_or_was_rejected
extracted_tables/042_Health_Bulletin_2008/table_003.csv,quarantined_tables/042_Health_Bulletin_2008/table_003.csv,review_required,unclassified,,blocked_quality_gate,no,0,table_requires_review_or_was_rejected
extracted_tables/042_Health_Bulletin_2008/table_004.csv,quarantined_tables/042_Health_Bulletin_2008/table_004.csv,review_required,unclassified,,blocked_quality_gate,no,0,table_requires_review_or_was_rejected
extracted_tables/042_Health_Bulletin_2008/table_005.csv,quarantined_tables/042_Health_Bulletin_2008/table_005.csv,review_required,unclassified,,blocked_quality_gate,no,0,table_requires_review_or_was_rejected
extracted_tables/042_Health_Bulletin_2008/table_006.csv,quarantined_tables/042_Health_Bulletin_2008/table_006.csv,review_required,unclassified,,blocked_quality_gate,no,0,table_requires_review_or_was_rejected
extracted_tables/042_Health_Bulletin_2008/table_007.csv,quarantined_tables/042_Health_Bulletin_2008/table_007.csv,review_required,unclassified,,blocked_quality_gate,no,0,table_requires_review_or_was_rejected
extracted_tables/042_Health_Bulletin_2008/table_008.csv,quarantined_tables/042_Health_Bulletin_2008/table_008.csv,review_required,unclassified,,blocked_quality_gate,no,0,table_requires_review_or_was_rejected
extracted_tables/042_Health_Bulletin_2008/table_009.csv,quarantined_tables/042_Health_Bulletin_2008/table_009.csv,review_required,unclassified,,blocked_quality_gate,no,0,table_requires_review_or_was_rejected
extracted_tables/042_Health_Bulletin_2008/table_010.csv,quarantined_tables/042_Health_Bulletin_2008/table_010.csv,review_required,unclassified,,blocked_quality_gate,no,0,table_requires_review_or_was_rejected
extracted_tables/042_Health_Bulletin_2008/table_011.csv,quarantined_tables/042_Health_Bulletin_2008/table_011.csv,review_required,unclassified,,blocked_quality_gate,no,0,table_requires_review_or_was_rejected
extracted_tables/042_Health_Bulletin_2008/table_012.csv,quarantined_tables/042_Health_Bulletin_2008/table_012.csv,review_required,unclassified,,blocked_quality_gate,no,0,table_requires_review_or_was_rejected
extracted_tables/042_Health_Bulletin_2008/table_013.csv,quarantined_tables/042_Health_Bulletin_2008/table_013.csv,review_required,unclassified,,blocked_quality_gate,no,0,table_requires_review_or_was_rejected
extracted_tables/042_Health_Bulletin_2008/table_014.csv,quarantined_tables/042_Health_Bulletin_2008/table_014.csv,review_required,unclassified,,blocked_quality_gate,no,0,table_requires_review_or_was_rejected
extracted_tables/042_Health_Bulletin_2008/table_015.csv,quarantined_tables/042_Health_Bulletin_2008/table_015.csv,review_required,unclassified,,blocked_quality_gate,no,0,table_requires_review_or_was_rejected
extracted_tables/042_Health_Bulletin_2008/table_016.csv,quarantined_tables/042_Health_Bulletin_2008/table_016.csv,review_required,unclassified,,blocked_quality_gate,no,0,table_requires_review_or_was_rejected
extracted_tables/042_Health_Bulletin_2008/table_017.csv,quarantined_tables/042_Health_Bulletin_2008/table_017.csv,review_required,unclassified,,blocked_quality_gate,no,0,table_requires_review_or_was_rejected
extracted_tables/042_Health_Bulletin_2008/table_018.csv,quarantined_tables/042_Health_Bulletin_2008/table_018.csv,review_required,unclassified,,blocked_quality_gate,no,0,table_requires_review_or_was_rejected
extracted_tables/042_Health_Bulletin_2008/table_019.csv,quarantined_tables/042_Health_Bulletin_2008/table_019.csv,review_required,unclassified,,blocked_quality_gate,no,0,table_requires_review_or_was_rejected
extracted_tables/042_Health_Bulletin_2008/table_020.csv,quarantined_tables/042_Health_Bulletin_2008/table_020.csv,review_required,unclassified,,blocked_quality_gate,no,0,table_requires_review_or_was_rejected
extracted_tables/042_Health_Bulletin_2008/table_021.csv,quarantined_tables/042_Health_Bulletin_2008/table_021.csv,review_required,unclassified,,blocked_quality_gate,no,0,table_requires_review_or_was_rejected
extracted_tables/042_Health_Bulletin_2008/table_022.csv,quarantined_tables/042_Health_Bulletin_2008/table_022.csv,review_required,unclassified,,blocked_quality_gate,no,0,table_requires_review_or_was_rejected
extracted_tables/042_Health_Bulletin_2008/table_023.csv,quarantined_tables/042_Health_Bulletin_2008/table_023.csv,review_required,unclassified,,blocked_quality_gate,no,0,table_requires_review_or_was_rejected
extracted_tables/042_Health_Bulletin_2008/table_024.csv,quarantined_tables/042_Health_Bulletin_2008/table_024.csv,review_required,unclassified,,blocked_quality_gate,no,0,table_requires_review_or_was_rejected
extracted_tables/042_Health_Bulletin_2008/table_025.csv,quarantined_tables/042_Health_Bulletin_2008/table_025.csv,review_required,unclassified,,blocked_quality_gate,no,0,table_requires_review_or_was_rejected
extracted_tables/042_Health_Bulletin_2008/table_026.csv,quarantined_tables/042_Health_Bulletin_2008/table_026.csv,review_required,unclassified,,blocked_quality_gate,no,0,table_requires_review_or_was_rejected
extracted_tables/042_Health_Bulletin_2008/table_027.csv,quarantined_tables/042_Health_Bulletin_2008/table_027.csv,review_required,unclassified,,blocked_quality_gate,no,0,table_requires_review_or_was_rejected
extracted_tables/042_Health_Bulletin_2008/table_028.csv,quarantined_tables/042_Health_Bulletin_2008/table_028.csv,review_required,unclassified,,blocked_quality_gate,no,0,table_requires_review_or_was_rejected
extracted_tables/042_Health_Bulletin_2008/table_029.csv,quarantined_tables/042_Health_Bulletin_2008/table_029.csv,review_required,unclassified,,blocked_quality_gate,no,0,table_requires_review_or_was_rejected
extracted_tables/042_Health_Bulletin_2008/table_030.csv,quarantined_tables/042_Health_Bulletin_2008/table_030.csv,review_required,unclassified,,blocked_quality_gate,no,0,table_requires_review_or_was_rejected
extracted_tables/042_Health_Bulletin_2008/table_031.csv,quarantined_tables/042_Health_Bulletin_2008/table_031.csv,review_required,unclassified,,blocked_quality_gate,no,0,table_requires_review_or_was_rejected
extracted_tables/042_Health_Bulletin_2008/table_032.csv,quarantined_tables/042_Health_Bulletin_2008/table_032.csv,review_required,unclassified,,blocked_quality_gate,no,0,table_requires_review_or_was_rejected
extracted_tables/042_Health_Bulletin_2008/table_033.csv,quarantined_tables/042_Health_Bulletin_2008/table_033.csv,review_required,unclassified,,blocked_quality_gate,no,0,table_requires_review_or_was_rejected
extracted_tables/042_Health_Bulletin_2008/table_034.csv,quarantined_tables/042_Health_Bulletin_2008/table_034.csv,review_required,unclassified,,blocked_quality_gate,no,0,table_requires_review_or_was_rejected
extracted_tables/042_Health_Bulletin_2008/table_035.csv,quarantined_tables/042_Health_Bulletin_2008/table_035.csv,review_required,unclassified,,blocked_quality_gate,no,0,table_requires_review_or_was_rejected
extracted_tables/042_Health_Bulletin_2008/table_036.csv,quarantined_tables/042_Health_Bulletin_2008/table_036.csv,review_required,unclassified,,blocked_quality_gate,no,0,table_requires_review_or_was_rejected
extracted_tables/042_Health_Bulletin_2008/table_037.csv,quarantined_tables/042_Health_Bulletin_2008/table_037.csv,review_required,unclassified,,blocked_quality_gate,no,0,table_requires_review_or_was_rejected
extracted_tables/042_Health_Bulletin_2008/table_038.csv,quarantined_tables/042_Health_Bulletin_2008/table_038.csv,review_required,unclassified,,blocked_quality_gate,no,0,table_requires_review_or_was_rejected
extracted_tables/042_Health_Bulletin_2008/table_039.csv,quarantined_tables/042_Health_Bulletin_2008/table_039.csv,review_required,unclassified,,blocked_quality_gate,no,0,table_requires_review_or_was_rejected
extracted_tables/042_Health_Bulletin_2008/table_040.csv,quarantined_tables/042_Health_Bulletin_2008/table_040.csv,review_required,unclassified,,blocked_quality_gate,no,0,table_requires_review_or_was_rejected
extracted_tables/042_Health_Bulletin_2008/table_041.csv,quarantined_tables/042_Health_Bulletin_2008/table_041.csv,review_required,unclassified,,blocked_quality_gate,no,0,table_requires_review_or_was_rejected
extracted_tables/042_Health_Bulletin_2008/table_042.csv,quarantined_tables/042_Health_Bulletin_2008/table_042.csv,review_required,unclassified,,blocked_quality_gate,no,0,table_requires_review_or_was_rejected
extracted_tables/042_Health_Bulletin_2008/table_043.csv,quarantined_tables/042_Health_Bulletin_2008/table_043.csv,review_required,unclassified,,blocked_quality_gate,no,0,table_requires_review_or_was_rejected
extracted_tables/042_Health_Bulletin_2008/table_044.csv,quarantined_tables/042_Health_Bulletin_2008/table_044.csv,review_required,unclassified,,blocked_quality_gate,no,0,table_requires_review_or_was_rejected
extracted_tables/042_Health_Bulletin_2008/table_045.csv,quarantined_tables/042_Health_Bulletin_2008/table_045.csv,review_required,unclassified,,blocked_quality_gate,no,0,table_requires_review_or_was_rejected
extracted_tables/042_Health_Bulletin_2008/table_046.csv,quarantined_tables/042_Health_Bulletin_2008/table_046.csv,review_required,unclassified,,blocked_quality_gate,no,0,table_requires_review_or_was_rejected
extracted_tables/042_Health_Bulletin_2008/table_047.csv,quarantined_tables/042_Health_Bulletin_2008/table_047.csv,review_required,unclassified,,blocked_quality_gate,no,0,table_requires_review_or_was_rejected
extracted_tables/042_Health_Bulletin_2008/table_048.csv,quarantined_tables/042_Health_Bulletin_2008/table_048.csv,review_required,unclassified,,blocked_quality_gate,no,0,table_requires_review_or_was_rejected
extracted_tables/042_Health_Bulletin_2008/table_049.csv,quarantined_tables/042_Health_Bulletin_2008/table_049.csv,review_required,unclassified,,blocked_quality_gate,no,0,table_requires_review_or_was_rejected
extracted_tables/042_Health_Bulletin_2008/table_050.csv,quarantined_tables/042_Health_Bulletin_2008/table_050.csv,review_required,unclassified,,blocked_quality_gate,no,0,table_requires_review_or_was_rejected
extracted_tables/042_Health_Bulletin_2008/table_051.csv,quarantined_tables/042_Health_Bulletin_2008/table_051.csv,review_required,unclassified,,blocked_quality_gate,no,0,table_requires_review_or_was_rejected
extracted_tables/042_Health_Bulletin_2008/table_052.csv,quarantined_tables/042_Health_Bulletin_2008/table_052.csv,review_required,unclassified,,blocked_quality_gate,no,0,table_requires_review_or_was_rejected
extracted_tables/042_Health_Bulletin_2008/table_053.csv,quarantined_tables/042_Health_Bulletin_2008/table_053.csv,review_required,unclassified,,blocked_quality_gate,no,0,table_requires_review_or_was_rejected
extracted_tables/042_Health_Bulletin_2008/table_054.csv,quarantined_tables/042_Health_Bulletin_2008/table_054.csv,review_required,unclassified,,blocked_quality_gate,no,0,table_requires_review_or_was_rejected
extracted_tables/042_Health_Bulletin_2008/table_055.csv,quarantined_tables/042_Health_Bulletin_2008/table_055.csv,review_required,unclassified,,blocked_quality_gate,no,0,table_requires_review_or_was_rejected
extracted_tables/042_Health_Bulletin_2008/table_056.csv,quarantined_tables/042_Health_Bulletin_2008/table_056.csv,review_required,unclassified,,blocked_quality_gate,no,0,table_requires_review_or_was_rejected
extracted_tables/042_Health_Bulletin_2008/table_057.csv,quarantined_tables/042_Health_Bulletin_2008/table_057.csv,review_required,unclassified,,blocked_quality_gate,no,0,table_requires_review_or_was_rejected
extracted_tables/042_Health_Bulletin_2008/table_058.csv,quarantined_tables/042_Health_Bulletin_2008/table_058.csv,review_required,unclassified,,blocked_quality_gate,no,0,table_requires_review_or_was_rejected
extracted_tables/042_Health_Bulletin_2008/table_059.csv,quarantined_tables/042_Health_Bulletin_2008/table_059.csv,review_required,unclassified,,blocked_quality_gate,no,0,table_requires_review_or_was_rejected
extracted_tables/042_Health_Bulletin_2008/table_060.csv,quarantined_tables/042_Health_Bulletin_2008/table_060.csv,review_required,unclassified,,blocked_quality_gate,no,0,table_requires_review_or_was_rejected
extracted_tables/042_Health_Bulletin_2008/table_061.csv,quarantined_tables/042_Health_Bulletin_2008/table_061.csv,review_required,unclassified,,blocked_quality_gate,no,0,table_requires_review_or_was_rejected
extracted_tables/042_Health_Bulletin_2008/table_062.csv,quarantined_tables/042_Health_Bulletin_2008/table_062.csv,review_required,unclassified,,blocked_quality_gate,no,0,table_requires_review_or_was_rejected
extracted_tables/042_Health_Bulletin_2008/table_063.csv,quarantined_tables/042_Health_Bulletin_2008/table_063.csv,review_required,unclassified,,blocked_quality_gate,no,0,table_requires_review_or_was_rejected
extracted_tables/042_Health_Bulletin_2008/table_064.csv,quarantined_tables/042_Health_Bulletin_2008/table_064.csv,review_required,unclassified,,blocked_quality_gate,no,0,table_requires_review_or_was_rejected
extracted_tables/042_Health_Bulletin_2008/table_065.csv,quarantined_tables/042_Health_Bulletin_2008/table_065.csv,review_required,unclassified,,blocked_quality_gate,no,0,table_requires_review_or_was_rejected
extracted_tables/042_Health_Bulletin_2008/table_066.csv,quarantined_tables/042_Health_Bulletin_2008/table_066.csv,review_required,unclassified,,blocked_quality_gate,no,0,table_requires_review_or_was_rejected
extracted_tables/042_Health_Bulletin_2008/table_067.csv,quarantined_tables/042_Health_Bulletin_2008/table_067.csv,review_required,unclassified,,blocked_quality_gate,no,0,table_requires_review_or_was_rejected
extracted_tables/042_Health_Bulletin_2008/table_068.csv,quarantined_tables/042_Health_Bulletin_2008/table_068.csv,review_required,unclassified,,blocked_quality_gate,no,0,table_requires_review_or_was_rejected
extracted_tables/042_Health_Bulletin_2008/table_069.csv,quarantined_tables/042_Health_Bulletin_2008/table_069.csv,review_required,unclassified,,blocked_quality_gate,no,0,table_requires_review_or_was_rejected
extracted_tables/042_Health_Bulletin_2008/table_070.csv,quarantined_tables/042_Health_Bulletin_2008/table_070.csv,review_required,unclassified,,blocked_quality_gate,no,0,table_requires_review_or_was_rejected
extracted_tables/042_Health_Bulletin_2008/table_071.csv,quarantined_tables/042_Health_Bulletin_2008/table_071.csv,review_required,unclassified,,blocked_quality_gate,no,0,table_requires_review_or_was_rejected
extracted_tables/042_Health_Bulletin_2008/table_072.csv,quarantined_tables/042_Health_Bulletin_2008/table_072.csv,review_required,unclassified,,blocked_quality_gate,no,0,table_requires_review_or_was_rejected
extracted_tables/042_Health_Bulletin_2008/table_073.csv,quarantined_tables/042_Health_Bulletin_2008/table_073.csv,review_required,unclassified,,blocked_quality_gate,no,0,table_requires_review_or_was_rejected
extracted_tables/042_Health_Bulletin_2008/table_074.csv,quarantined_tables/042_Health_Bulletin_2008/table_074.csv,review_required,unclassified,,blocked_quality_gate,no,0,table_requires_review_or_was_rejected
extracted_tables/042_Health_Bulletin_2008/table_075.csv,quarantined_tables/042_Health_Bulletin_2008/table_075.csv,review_required,unclassified,,blocked_quality_gate,no,0,table_requires_review_or_was_rejected
extracted_tables/042_Health_Bulletin_2008/table_076.csv,quarantined_tables/042_Health_Bulletin_2008/table_076.csv,review_required,unclassified,,blocked_quality_gate,no,0,table_requires_review_or_was_rejected
extracted_tables/042_Health_Bulletin_2008/table_077.csv,quarantined_tables/042_Health_Bulletin_2008/table_077.csv,review_required,unclassified,,blocked_quality_gate,no,0,table_requires_review_or_was_rejected
extracted_tables/042_Health_Bulletin_2008/table_078.csv,quarantined_tables/042_Health_Bulletin_2008/table_078.csv,review_required,unclassified,,blocked_quality_gate,no,0,table_requires_review_or_was_rejected
extracted_tables/042_Health_Bulletin_2008/table_079.csv,quarantined_tables/042_Health_Bulletin_2008/table_079.csv,review_required,unclassified,,blocked_quality_gate,no,0,table_requires_review_or_was_rejected
extracted_tables/042_Health_Bulletin_2008/table_080.csv,quarantined_tables/042_Health_Bulletin_2008/table_080.csv,review_required,unclassified,,blocked_quality_gate,no,0,table_requires_review_or_was_rejected
extracted_tables/042_Health_Bulletin_2008/table_081.csv,quarantined_tables/042_Health_Bulletin_2008/table_081.csv,review_required,unclassified,,blocked_quality_gate,no,0,table_requires_review_or_was_rejected
extracted_tables/042_Health_Bulletin_2008/table_082.csv,quarantined_tables/042_Health_Bulletin_2008/table_082.csv,review_required,unclassified,,blocked_quality_gate,no,0,table_requires_review_or_was_rejected
extracted_tables/042_Health_Bulletin_2008/table_083.csv,quarantined_tables/042_Health_Bulletin_2008/table_083.csv,review_required,unclassified,,blocked_quality_gate,no,0,table_requires_review_or_was_rejected
extracted_tables/042_Health_Bulletin_2008/table_084.csv,quarantined_tables/042_Health_Bulletin_2008/table_084.csv,review_required,unclassified,,blocked_quality_gate,no,0,table_requires_review_or_was_rejected
extracted_tables/042_Health_Bulletin_2008/table_085.csv,quarantined_tables/042_Health_Bulletin_2008/table_085.csv,review_required,unclassified,,blocked_quality_gate,no,0,table_requires_review_or_was_rejected
extracted_tables/042_Health_Bulletin_2008/table_086.csv,quarantined_tables/042_Health_Bulletin_2008/table_086.csv,review_required,unclassified,,blocked_quality_gate,no,0,table_requires_review_or_was_rejected
extracted_tables/042_Health_Bulletin_2008/table_087.csv,quarantined_tables/042_Health_Bulletin_2008/table_087.csv,review_required,unclassified,,blocked_quality_gate,no,0,table_requires_review_or_was_rejected
extracted_tables/042_Health_Bulletin_2008/table_088.csv,quarantined_tables/042_Health_Bulletin_2008/table_088.csv,review_required,unclassified,,blocked_quality_gate,no,0,table_requires_review_or_was_rejected
extracted_tables/042_Health_Bulletin_2008/table_089.csv,quarantined_tables/042_Health_Bulletin_2008/table_089.csv,review_required,unclassified,,blocked_quality_gate,no,0,table_requires_review_or_was_rejected
extracted_tables/042_Health_Bulletin_2008/table_090.csv,quarantined_tables/042_Health_Bulletin_2008/table_090.csv,review_required,unclassified,,blocked_quality_gate,no,0,table_requires_review_or_was_rejected
extracted_tables/042_Health_Bulletin_2008/table_091.csv,quarantined_tables/042_Health_Bulletin_2008/table_091.csv,review_required,unclassified,,blocked_quality_gate,no,0,table_requires_review_or_was_rejected
extracted_tables/042_Health_Bulletin_2008/table_092.csv,quarantined_tables/042_Health_Bulletin_2008/table_092.csv,review_required,unclassified,,blocked_quality_gate,no,0,table_requires_review_or_was_rejected
extracted_tables/042_Health_Bulletin_2008/table_093.csv,quarantined_tables/042_Health_Bulletin_2008/table_093.csv,review_required,unclassified,,blocked_quality_gate,no,0,table_requires_review_or_was_rejected
extracted_tables/042_Health_Bulletin_2008/table_094.csv,quarantined_tables/042_Health_Bulletin_2008/table_094.csv,review_required,unclassified,,blocked_quality_gate,no,0,table_requires_review_or_was_rejected
extracted_tables/042_Health_Bulletin_2008/table_095.csv,quarantined_tables/042_Health_Bulletin_2008/table_095.csv,review_required,unclassified,,blocked_quality_gate,no,0,table_requires_review_or_was_rejected
extracted_tables/042_Health_Bulletin_2008/table_096.csv,quarantined_tables/042_Health_Bulletin_2008/table_096.csv,review_required,unclassified,,blocked_quality_gate,no,0,table_requires_review_or_was_rejected
extracted_tables/042_Health_Bulletin_2008/table_097.csv,quarantined_tables/042_Health_Bulletin_2008/table_097.csv,review_required,unclassified,,blocked_quality_gate,no,0,table_requires_review_or_was_rejected
extracted_tables/042_Health_Bulletin_2008/table_098.csv,quarantined_tables/042_Health_Bulletin_2008/table_098.csv,review_required,unclassified,,blocked_quality_gate,no,0,table_requires_review_or_was_rejected
extracted_tables/042_Health_Bulletin_2008/table_099.csv,quarantined_tables/042_Health_Bulletin_2008/table_099.csv,review_required,unclassified,,blocked_quality_gate,no,0,table_requires_review_or_was_rejected
extracted_tables/042_Health_Bulletin_2008/table_100.csv,quarantined_tables/042_Health_Bulletin_2008/table_100.csv,review_required,unclassified,,blocked_quality_gate,no,0,table_requires_review_or_was_rejected
extracted_tables/042_Health_Bulletin_2008/table_101.csv,quarantined_tables/042_Health_Bulletin_2008/table_101.csv,review_required,unclassified,,blocked_quality_gate,no,0,table_requires_review_or_was_rejected
extracted_tables/042_Health_Bulletin_2008/table_102.csv,quarantined_tables/042_Health_Bulletin_2008/table_102.csv,review_required,unclassified,,blocked_quality_gate,no,0,table_requires_review_or_was_rejected
extracted_tables/042_Health_Bulletin_2008/table_103.csv,quarantined_tables/042_Health_Bulletin_2008/table_103.csv,review_required,unclassified,,blocked_quality_gate,no,0,table_requires_review_or_was_rejected
extracted_tables/042_Health_Bulletin_2008/table_104.csv,quarantined_tables/042_Health_Bulletin_2008/table_104.csv,review_required,unclassified,,blocked_quality_gate,no,0,table_requires_review_or_was_rejected
extracted_tables/042_Health_Bulletin_2008/table_105.csv,quarantined_tables/042_Health_Bulletin_2008/table_105.csv,review_required,unclassified,,blocked_quality_gate,no,0,table_requires_review_or_was_rejected
extracted_tables/042_Health_Bulletin_2008/table_106.csv,quarantined_tables/042_Health_Bulletin_2008/table_106.csv,review_required,unclassified,,blocked_quality_gate,no,0,table_requires_review_or_was_rejected
extracted_tables/042_Health_Bulletin_2008/table_107.csv,quarantined_tables/042_Health_Bulletin_2008/table_107.csv,review_required,unclassified,,blocked_quality_gate,no,0,table_requires_review_or_was_rejected
extracted_tables/042_Health_Bulletin_2008/table_108.csv,quarantined_tables/042_Health_Bulletin_2008/table_108.csv,review_required,unclassified,,blocked_quality_gate,no,0,table_requires_review_or_was_rejected
extracted_tables/042_Health_Bulletin_2008/table_109.csv,quarantined_tables/042_Health_Bulletin_2008/table_109.csv,review_required,unclassified,,blocked_quality_gate,no,0,table_requires_review_or_was_rejected
extracted_tables/042_Health_Bulletin_2008/table_110.csv,quarantined_tables/042_Health_Bulletin_2008/table_110.csv,review_required,unclassified,,blocked_quality_gate,no,0,table_requires_review_or_was_rejected
extracted_tables/042_Health_Bulletin_2008/table_111.csv,quarantined_tables/042_Health_Bulletin_2008/table_111.csv,review_required,unclassified,,blocked_quality_gate,no,0,table_requires_review_or_was_rejected
extracted_tables/042_Health_Bulletin_2008/table_112.csv,quarantined_tables/042_Health_Bulletin_2008/table_112.csv,review_required,unclassified,,blocked_quality_gate,no,0,table_requires_review_or_was_rejected
extracted_tables/042_Health_Bulletin_2008/table_113.csv,quarantined_tables/042_Health_Bulletin_2008/table_113.csv,review_required,unclassified,,blocked_quality_gate,no,0,table_requires_review_or_was_rejected
extracted_tables/042_Health_Bulletin_2008/table_114.csv,quarantined_tables/042_Health_Bulletin_2008/table_114.csv,review_required,unclassified,,blocked_quality_gate,no,0,table_requires_review_or_was_rejected
extracted_tables/042_Health_Bulletin_2008/table_115.csv,quarantined_tables/042_Health_Bulletin_2008/table_115.csv,review_required,unclassified,,blocked_quality_gate,no,0,table_requires_review_or_was_rejected
extracted_tables/042_Health_Bulletin_2008/table_116.csv,quarantined_tables/042_Health_Bulletin_2008/table_116.csv,review_required,unclassified,,blocked_quality_gate,no,0,table_requires_review_or_was_rejected
extracted_tables/042_Health_Bulletin_2008/table_117.csv,quarantined_tables/042_Health_Bulletin_2008/table_117.csv,review_required,unclassified,,blocked_quality_gate,no,0,table_requires_review_or_was_rejected
extracted_tables/042_Health_Bulletin_2008/table_118.csv,quarantined_tables/042_Health_Bulletin_2008/table_118.csv,review_required,unclassified,,blocked_quality_gate,no,0,table_requires_review_or_was_rejected
extracted_tables/042_Health_Bulletin_2008/table_119.csv,quarantined_tables/042_Health_Bulletin_2008/table_119.csv,review_required,unclassified,,blocked_quality_gate,no,0,table_requires_review_or_was_rejected
extracted_tables/042_Health_Bulletin_2008/table_120.csv,quarantined_tables/042_Health_Bulletin_2008/table_120.csv,review_required,unclassified,,blocked_quality_gate,no,0,table_requires_review_or_was_rejected
extracted_tables/042_Health_Bulletin_2008/table_121.csv,quarantined_tables/042_Health_Bulletin_2008/table_121.csv,review_required,unclassified,,blocked_quality_gate,no,0,table_requires_review_or_was_rejected
extracted_tables/042_Health_Bulletin_2008/table_122.csv,quarantined_tables/042_Health_Bulletin_2008/table_122.csv,review_required,unclassified,,blocked_quality_gate,no,0,table_requires_review_or_was_rejected
extracted_tables/042_Health_Bulletin_2008/table_123.csv,quarantined_tables/042_Health_Bulletin_2008/table_123.csv,review_required,unclassified,,blocked_quality_gate,no,0,table_requires_review_or_was_rejected
extracted_tables/042_Health_Bulletin_2008/table_124.csv,quarantined_tables/042_Health_Bulletin_2008/table_124.csv,review_required,unclassified,,blocked_quality_gate,no,0,table_requires_review_or_was_rejected
extracted_tables/042_Health_Bulletin_2008/table_125.csv,quarantined_tables/042_Health_Bulletin_2008/table_125.csv,review_required,unclassified,,blocked_quality_gate,no,0,table_requires_review_or_was_rejected
extracted_tables/042_Health_Bulletin_2008/table_126.csv,quarantined_tables/042_Health_Bulletin_2008/table_126.csv,review_required,unclassified,,blocked_quality_gate,no,0,table_requires_review_or_was_rejected
extracted_tables/042_Health_Bulletin_2008/table_127.csv,quarantined_tables/042_Health_Bulletin_2008/table_127.csv,review_required,unclassified,,blocked_quality_gate,no,0,table_requires_review_or_was_rejected
extracted_tables/042_Health_Bulletin_2008/table_128.csv,quarantined_tables/042_Health_Bulletin_2008/table_128.csv,review_required,unclassified,,blocked_quality_gate,no,0,table_requires_review_or_was_rejected
extracted_tables/042_Health_Bulletin_2008/table_129.csv,quarantined_tables/042_Health_Bulletin_2008/table_129.csv,review_required,unclassified,,blocked_quality_gate,no,0,table_requires_review_or_was_rejected
extracted_tables/042_Health_Bulletin_2008/table_130.csv,quarantined_tables/042_Health_Bulletin_2008/table_130.csv,review_required,unclassified,,blocked_quality_gate,no,0,table_requires_review_or_was_rejected
extracted_tables/043_Health_Bulletin_2007/table_0001.csv,quarantined_tables/043_Health_Bulletin_2007/table_0001.csv,review_required,unclassified,,blocked_quality_gate,no,0,table_requires_review_or_was_rejected
extracted_tables/043_Health_Bulletin_2007/table_0002.csv,quarantined_tables/043_Health_Bulletin_2007/table_0002.csv,review_required,unclassified,,blocked_quality_gate,no,0,table_requires_review_or_was_rejected
extracted_tables/043_Health_Bulletin_2007/table_0003.csv,quarantined_tables/043_Health_Bulletin_2007/table_0003.csv,review_required,unclassified,,blocked_quality_gate,no,0,table_requires_review_or_was_rejected
extracted_tables/043_Health_Bulletin_2007/table_0004.csv,quarantined_tables/043_Health_Bulletin_2007/table_0004.csv,review_required,unclassified,,blocked_quality_gate,no,0,table_requires_review_or_was_rejected
extracted_tables/043_Health_Bulletin_2007/table_0005.csv,quarantined_tables/043_Health_Bulletin_2007/table_0005.csv,review_required,unclassified,,blocked_quality_gate,no,0,table_requires_review_or_was_rejected
extracted_tables/043_Health_Bulletin_2007/table_0006.csv,quarantined_tables/043_Health_Bulletin_2007/table_0006.csv,review_required,unclassified,,blocked_quality_gate,no,0,table_requires_review_or_was_rejected
extracted_tables/043_Health_Bulletin_2007/table_0007.csv,quarantined_tables/043_Health_Bulletin_2007/table_0007.csv,review_required,unclassified,,blocked_quality_gate,no,0,table_requires_review_or_was_rejected
extracted_tables/043_Health_Bulletin_2007/table_0008.csv,quarantined_tables/043_Health_Bulletin_2007/table_0008.csv,review_required,unclassified,,blocked_quality_gate,no,0,table_requires_review_or_was_rejected
extracted_tables/043_Health_Bulletin_2007/table_0009.csv,quarantined_tables/043_Health_Bulletin_2007/table_0009.csv,review_required,unclassified,,blocked_quality_gate,no,0,table_requires_review_or_was_rejected
extracted_tables/043_Health_Bulletin_2007/table_0010.csv,quarantined_tables/043_Health_Bulletin_2007/table_0010.csv,review_required,unclassified,,blocked_quality_gate,no,0,table_requires_review_or_was_rejected
extracted_tables/043_Health_Bulletin_2007/table_0011.csv,quarantined_tables/043_Health_Bulletin_2007/table_0011.csv,review_required,unclassified,,blocked_quality_gate,no,0,table_requires_review_or_was_rejected
extracted_tables/043_Health_Bulletin_2007/table_0012.csv,quarantined_tables/043_Health_Bulletin_2007/table_0012.csv,review_required,unclassified,,blocked_quality_gate,no,0,table_requires_review_or_was_rejected
extracted_tables/043_Health_Bulletin_2007/table_0013.csv,quarantined_tables/043_Health_Bulletin_2007/table_0013.csv,review_required,unclassified,,blocked_quality_gate,no,0,table_requires_review_or_was_rejected
extracted_tables/043_Health_Bulletin_2007/table_0014.csv,quarantined_tables/043_Health_Bulletin_2007/table_0014.csv,review_required,unclassified,,blocked_quality_gate,no,0,table_requires_review_or_was_rejected
extracted_tables/043_Health_Bulletin_2007/table_0015.csv,quarantined_tables/043_Health_Bulletin_2007/table_0015.csv,review_required,unclassified,,blocked_quality_gate,no,0,table_requires_review_or_was_rejected
extracted_tables/043_Health_Bulletin_2007/table_0016.csv,quarantined_tables/043_Health_Bulletin_2007/table_0016.csv,review_required,unclassified,,blocked_quality_gate,no,0,table_requires_review_or_was_rejected
extracted_tables/043_Health_Bulletin_2007/table_0017.csv,quarantined_tables/043_Health_Bulletin_2007/table_0017.csv,review_required,unclassified,,blocked_quality_gate,no,0,table_requires_review_or_was_rejected
extracted_tables/043_Health_Bulletin_2007/table_0018.csv,quarantined_tables/043_Health_Bulletin_2007/table_0018.csv,review_required,unclassified,,blocked_quality_gate,no,0,table_requires_review_or_was_rejected
extracted_tables/043_Health_Bulletin_2007/table_0019.csv,quarantined_tables/043_Health_Bulletin_2007/table_0019.csv,review_required,unclassified,,blocked_quality_gate,no,0,table_requires_review_or_was_rejected
extracted_tables/043_Health_Bulletin_2007/table_0020.csv,quarantined_tables/043_Health_Bulletin_2007/table_0020.csv,review_required,unclassified,,blocked_quality_gate,no,0,table_requires_review_or_was_rejected
extracted_tables/043_Health_Bulletin_2007/table_0021.csv,quarantined_tables/043_Health_Bulletin_2007/table_0021.csv,review_required,unclassified,,blocked_quality_gate,no,0,table_requires_review_or_was_rejected
extracted_tables/043_Health_Bulletin_2007/table_0022.csv,quarantined_tables/043_Health_Bulletin_2007/table_0022.csv,review_required,unclassified,,blocked_quality_gate,no,0,table_requires_review_or_was_rejected
extracted_tables/043_Health_Bulletin_2007/table_0023.csv,quarantined_tables/043_Health_Bulletin_2007/table_0023.csv,review_required,unclassified,,blocked_quality_gate,no,0,table_requires_review_or_was_rejected
extracted_tables/043_Health_Bulletin_2007/table_0024.csv,quarantined_tables/043_Health_Bulletin_2007/table_0024.csv,review_required,unclassified,,blocked_quality_gate,no,0,table_requires_review_or_was_rejected
extracted_tables/043_Health_Bulletin_2007/table_0025.csv,quarantined_tables/043_Health_Bulletin_2007/table_0025.csv,review_required,unclassified,,blocked_quality_gate,no,0,table_requires_review_or_was_rejected
extracted_tables/043_Health_Bulletin_2007/table_0026.csv,quarantined_tables/043_Health_Bulletin_2007/table_0026.csv,review_required,unclassified,,blocked_quality_gate,no,0,table_requires_review_or_was_rejected
extracted_tables/043_Health_Bulletin_2007/table_0027.csv,quarantined_tables/043_Health_Bulletin_2007/table_0027.csv,review_required,unclassified,,blocked_quality_gate,no,0,table_requires_review_or_was_rejected
extracted_tables/043_Health_Bulletin_2007/table_0028.csv,quarantined_tables/043_Health_Bulletin_2007/table_0028.csv,review_required,unclassified,,blocked_quality_gate,no,0,table_requires_review_or_was_rejected
extracted_tables/043_Health_Bulletin_2007/table_0029.csv,quarantined_tables/043_Health_Bulletin_2007/table_0029.csv,review_required,unclassified,,blocked_quality_gate,no,0,table_requires_review_or_was_rejected
extracted_tables/043_Health_Bulletin_2007/table_0030.csv,quarantined_tables/043_Health_Bulletin_2007/table_0030.csv,review_required,unclassified,,blocked_quality_gate,no,0,table_requires_review_or_was_rejected
extracted_tables/043_Health_Bulletin_2007/table_0031.csv,quarantined_tables/043_Health_Bulletin_2007/table_0031.csv,review_required,unclassified,,blocked_quality_gate,no,0,table_requires_review_or_was_rejected
extracted_tables/043_Health_Bulletin_2007/table_0032.csv,quarantined_tables/043_Health_Bulletin_2007/table_0032.csv,review_required,unclassified,,blocked_quality_gate,no,0,table_requires_review_or_was_rejected
extracted_tables/043_Health_Bulletin_2007/table_0033.csv,quarantined_tables/043_Health_Bulletin_2007/table_0033.csv,review_required,unclassified,,blocked_quality_gate,no,0,table_requires_review_or_was_rejected
extracted_tables/043_Health_Bulletin_2007/table_0034.csv,quarantined_tables/043_Health_Bulletin_2007/table_0034.csv,review_required,unclassified,,blocked_quality_gate,no,0,table_requires_review_or_was_rejected
extracted_tables/043_Health_Bulletin_2007/table_0035.csv,quarantined_tables/043_Health_Bulletin_2007/table_0035.csv,review_required,unclassified,,blocked_quality_gate,no,0,table_requires_review_or_was_rejected
extracted_tables/043_Health_Bulletin_2007/table_0036.csv,quarantined_tables/043_Health_Bulletin_2007/table_0036.csv,review_required,unclassified,,blocked_quality_gate,no,0,table_requires_review_or_was_rejected
extracted_tables/043_Health_Bulletin_2007/table_0037.csv,quarantined_tables/043_Health_Bulletin_2007/table_0037.csv,review_required,unclassified,,blocked_quality_gate,no,0,table_requires_review_or_was_rejected
extracted_tables/043_Health_Bulletin_2007/table_0038.csv,quarantined_tables/043_Health_Bulletin_2007/table_0038.csv,review_required,unclassified,,blocked_quality_gate,no,0,table_requires_review_or_was_rejected
extracted_tables/043_Health_Bulletin_2007/table_0039.csv,quarantined_tables/043_Health_Bulletin_2007/table_0039.csv,review_required,unclassified,,blocked_quality_gate,no,0,table_requires_review_or_was_rejected
extracted_tables/043_Health_Bulletin_2007/table_0040.csv,quarantined_tables/043_Health_Bulletin_2007/table_0040.csv,review_required,unclassified,,blocked_quality_gate,no,0,table_requires_review_or_was_rejected
extracted_tables/043_Health_Bulletin_2007/table_0041.csv,quarantined_tables/043_Health_Bulletin_2007/table_0041.csv,review_required,unclassified,,blocked_quality_gate,no,0,table_requires_review_or_was_rejected
extracted_tables/043_Health_Bulletin_2007/table_0042.csv,quarantined_tables/043_Health_Bulletin_2007/table_0042.csv,review_required,unclassified,,blocked_quality_gate,no,0,table_requires_review_or_was_rejected
extracted_tables/043_Health_Bulletin_2007/table_0043.csv,quarantined_tables/043_Health_Bulletin_2007/table_0043.csv,review_required,unclassified,,blocked_quality_gate,no,0,table_requires_review_or_was_rejected
extracted_tables/043_Health_Bulletin_2007/table_0044.csv,quarantined_tables/043_Health_Bulletin_2007/table_0044.csv,review_required,unclassified,,blocked_quality_gate,no,0,table_requires_review_or_was_rejected
extracted_tables/043_Health_Bulletin_2007/table_0045.csv,quarantined_tables/043_Health_Bulletin_2007/table_0045.csv,review_required,unclassified,,blocked_quality_gate,no,0,table_requires_review_or_was_rejected
extracted_tables/043_Health_Bulletin_2007/table_0046.csv,quarantined_tables/043_Health_Bulletin_2007/table_0046.csv,review_required,unclassified,,blocked_quality_gate,no,0,table_requires_review_or_was_rejected
extracted_tables/043_Health_Bulletin_2007/table_0047.csv,quarantined_tables/043_Health_Bulletin_2007/table_0047.csv,review_required,unclassified,,blocked_quality_gate,no,0,table_requires_review_or_was_rejected
extracted_tables/043_Health_Bulletin_2007/table_0048.csv,quarantined_tables/043_Health_Bulletin_2007/table_0048.csv,review_required,unclassified,,blocked_quality_gate,no,0,table_requires_review_or_was_rejected
extracted_tables/043_Health_Bulletin_2007/table_0049.csv,quarantined_tables/043_Health_Bulletin_2007/table_0049.csv,review_required,unclassified,,blocked_quality_gate,no,0,table_requires_review_or_was_rejected
extracted_tables/043_Health_Bulletin_2007/table_0050.csv,quarantined_tables/043_Health_Bulletin_2007/table_0050.csv,review_required,unclassified,,blocked_quality_gate,no,0,table_requires_review_or_was_rejected
extracted_tables/043_Health_Bulletin_2007/table_0051.csv,quarantined_tables/043_Health_Bulletin_2007/table_0051.csv,review_required,unclassified,,blocked_quality_gate,no,0,table_requires_review_or_was_rejected
extracted_tables/043_Health_Bulletin_2007/table_0052.csv,quarantined_tables/043_Health_Bulletin_2007/table_0052.csv,review_required,unclassified,,blocked_quality_gate,no,0,table_requires_review_or_was_rejected
extracted_tables/043_Health_Bulletin_2007/table_0053.csv,quarantined_tables/043_Health_Bulletin_2007/table_0053.csv,review_required,unclassified,,blocked_quality_gate,no,0,table_requires_review_or_was_rejected
extracted_tables/043_Health_Bulletin_2007/table_0054.csv,quarantined_tables/043_Health_Bulletin_2007/table_0054.csv,review_required,unclassified,,blocked_quality_gate,no,0,table_requires_review_or_was_rejected
extracted_tables/043_Health_Bulletin_2007/table_0055.csv,quarantined_tables/043_Health_Bulletin_2007/table_0055.csv,review_required,unclassified,,blocked_quality_gate,no,0,table_requires_review_or_was_rejected
extracted_tables/043_Health_Bulletin_2007/table_0056.csv,quarantined_tables/043_Health_Bulletin_2007/table_0056.csv,review_required,unclassified,,blocked_quality_gate,no,0,table_requires_review_or_was_rejected
extracted_tables/043_Health_Bulletin_2007/table_0057.csv,quarantined_tables/043_Health_Bulletin_2007/table_0057.csv,review_required,unclassified,,blocked_quality_gate,no,0,table_requires_review_or_was_rejected
extracted_tables/043_Health_Bulletin_2007/table_0058.csv,quarantined_tables/043_Health_Bulletin_2007/table_0058.csv,review_required,unclassified,,blocked_quality_gate,no,0,table_requires_review_or_was_rejected
extracted_tables/043_Health_Bulletin_2007/table_0059.csv,quarantined_tables/043_Health_Bulletin_2007/table_0059.csv,review_required,unclassified,,blocked_quality_gate,no,0,table_requires_review_or_was_rejected
extracted_tables/043_Health_Bulletin_2007/table_0060.csv,quarantined_tables/043_Health_Bulletin_2007/table_0060.csv,review_required,unclassified,,blocked_quality_gate,no,0,table_requires_review_or_was_rejected
extracted_tables/043_Health_Bulletin_2007/table_0061.csv,quarantined_tables/043_Health_Bulletin_2007/table_0061.csv,review_required,unclassified,,blocked_quality_gate,no,0,table_requires_review_or_was_rejected
extracted_tables/043_Health_Bulletin_2007/table_0062.csv,quarantined_tables/043_Health_Bulletin_2007/table_0062.csv,review_required,unclassified,,blocked_quality_gate,no,0,table_requires_review_or_was_rejected
extracted_tables/043_Health_Bulletin_2007/table_0063.csv,quarantined_tables/043_Health_Bulletin_2007/table_0063.csv,review_required,unclassified,,blocked_quality_gate,no,0,table_requires_review_or_was_rejected
extracted_tables/043_Health_Bulletin_2007/table_0064.csv,quarantined_tables/043_Health_Bulletin_2007/table_0064.csv,review_required,unclassified,,blocked_quality_gate,no,0,table_requires_review_or_was_rejected
extracted_tables/043_Health_Bulletin_2007/table_0065.csv,quarantined_tables/043_Health_Bulletin_2007/table_0065.csv,review_required,unclassified,,blocked_quality_gate,no,0,table_requires_review_or_was_rejected
extracted_tables/043_Health_Bulletin_2007/table_0066.csv,quarantined_tables/043_Health_Bulletin_2007/table_0066.csv,review_required,unclassified,,blocked_quality_gate,no,0,table_requires_review_or_was_rejected
extracted_tables/043_Health_Bulletin_2007/table_0067.csv,quarantined_tables/043_Health_Bulletin_2007/table_0067.csv,review_required,unclassified,,blocked_quality_gate,no,0,table_requires_review_or_was_rejected
extracted_tables/043_Health_Bulletin_2007/table_0068.csv,quarantined_tables/043_Health_Bulletin_2007/table_0068.csv,review_required,unclassified,,blocked_quality_gate,no,0,table_requires_review_or_was_rejected
extracted_tables/043_Health_Bulletin_2007/table_0069.csv,quarantined_tables/043_Health_Bulletin_2007/table_0069.csv,review_required,unclassified,,blocked_quality_gate,no,0,table_requires_review_or_was_rejected
extracted_tables/043_Health_Bulletin_2007/table_0070.csv,quarantined_tables/043_Health_Bulletin_2007/table_0070.csv,review_required,unclassified,,blocked_quality_gate,no,0,table_requires_review_or_was_rejected
extracted_tables/043_Health_Bulletin_2007/table_0071.csv,quarantined_tables/043_Health_Bulletin_2007/table_0071.csv,rejected,unclassified,,blocked_quality_gate,no,0,table_requires_review_or_was_rejected
extracted_tables/043_Health_Bulletin_2007/table_0072.csv,quarantined_tables/043_Health_Bulletin_2007/table_0072.csv,rejected,unclassified,,blocked_quality_gate,no,0,table_requires_review_or_was_rejected
extracted_tables/043_Health_Bulletin_2007/table_0073.csv,quarantined_tables/043_Health_Bulletin_2007/table_0073.csv,review_required,unclassified,,blocked_quality_gate,no,0,table_requires_review_or_was_rejected
extracted_tables/043_Health_Bulletin_2007/table_0074.csv,quarantined_tables/043_Health_Bulletin_2007/table_0074.csv,review_required,unclassified,,blocked_quality_gate,no,0,table_requires_review_or_was_rejected
extracted_tables/043_Health_Bulletin_2007/table_0075.csv,quarantined_tables/043_Health_Bulletin_2007/table_0075.csv,review_required,unclassified,,blocked_quality_gate,no,0,table_requires_review_or_was_rejected
extracted_tables/043_Health_Bulletin_2007/table_0076.csv,quarantined_tables/043_Health_Bulletin_2007/table_0076.csv,review_required,unclassified,,blocked_quality_gate,no,0,table_requires_review_or_was_rejected
extracted_tables/043_Health_Bulletin_2007/table_0077.csv,quarantined_tables/043_Health_Bulletin_2007/table_0077.csv,review_required,unclassified,,blocked_quality_gate,no,0,table_requires_review_or_was_rejected
extracted_tables/043_Health_Bulletin_2007/table_0078.csv,quarantined_tables/043_Health_Bulletin_2007/table_0078.csv,review_required,unclassified,,blocked_quality_gate,no,0,table_requires_review_or_was_rejected
extracted_tables/043_Health_Bulletin_2007/table_0079.csv,quarantined_tables/043_Health_Bulletin_2007/table_0079.csv,review_required,unclassified,,blocked_quality_gate,no,0,table_requires_review_or_was_rejected
extracted_tables/043_Health_Bulletin_2007/table_0080.csv,quarantined_tables/043_Health_Bulletin_2007/table_0080.csv,review_required,unclassified,,blocked_quality_gate,no,0,table_requires_review_or_was_rejected
extracted_tables/043_Health_Bulletin_2007/table_0081.csv,quarantined_tables/043_Health_Bulletin_2007/table_0081.csv,review_required,unclassified,,blocked_quality_gate,no,0,table_requires_review_or_was_rejected
extracted_tables/043_Health_Bulletin_2007/table_0082.csv,quarantined_tables/043_Health_Bulletin_2007/table_0082.csv,review_required,unclassified,,blocked_quality_gate,no,0,table_requires_review_or_was_rejected
extracted_tables/043_Health_Bulletin_2007/table_0083.csv,quarantined_tables/043_Health_Bulletin_2007/table_0083.csv,review_required,unclassified,,blocked_quality_gate,no,0,table_requires_review_or_was_rejected
extracted_tables/043_Health_Bulletin_2007/table_0084.csv,quarantined_tables/043_Health_Bulletin_2007/table_0084.csv,review_required,unclassified,,blocked_quality_gate,no,0,table_requires_review_or_was_rejected
extracted_tables/043_Health_Bulletin_2007/table_0085.csv,quarantined_tables/043_Health_Bulletin_2007/table_0085.csv,review_required,unclassified,,blocked_quality_gate,no,0,table_requires_review_or_was_rejected
extracted_tables/043_Health_Bulletin_2007/table_0086.csv,quarantined_tables/043_Health_Bulletin_2007/table_0086.csv,review_required,unclassified,,blocked_quality_gate,no,0,table_requires_review_or_was_rejected
extracted_tables/043_Health_Bulletin_2007/table_0087.csv,quarantined_tables/043_Health_Bulletin_2007/table_0087.csv,review_required,unclassified,,blocked_quality_gate,no,0,table_requires_review_or_was_rejected
extracted_tables/043_Health_Bulletin_2007/table_0088.csv,quarantined_tables/043_Health_Bulletin_2007/table_0088.csv,review_required,unclassified,,blocked_quality_gate,no,0,table_requires_review_or_was_rejected
extracted_tables/043_Health_Bulletin_2007/table_0089.csv,quarantined_tables/043_Health_Bulletin_2007/table_0089.csv,review_required,unclassified,,blocked_quality_gate,no,0,table_requires_review_or_was_rejected
extracted_tables/043_Health_Bulletin_2007/table_0090.csv,quarantined_tables/043_Health_Bulletin_2007/table_0090.csv,review_required,unclassified,,blocked_quality_gate,no,0,table_requires_review_or_was_rejected
extracted_tables/043_Health_Bulletin_2007/table_0091.csv,quarantined_tables/043_Health_Bulletin_2007/table_0091.csv,review_required,unclassified,,blocked_quality_gate,no,0,table_requires_review_or_was_rejected
extracted_tables/043_Health_Bulletin_2007/table_0092.csv,quarantined_tables/043_Health_Bulletin_2007/table_0092.csv,review_required,unclassified,,blocked_quality_gate,no,0,table_requires_review_or_was_rejected
extracted_tables/043_Health_Bulletin_2007/table_0093.csv,quarantined_tables/043_Health_Bulletin_2007/table_0093.csv,review_required,unclassified,,blocked_quality_gate,no,0,table_requires_review_or_was_rejected
extracted_tables/043_Health_Bulletin_2007/table_0094.csv,quarantined_tables/043_Health_Bulletin_2007/table_0094.csv,rejected,unclassified,,blocked_quality_gate,no,0,table_requires_review_or_was_rejected
extracted_tables/043_Health_Bulletin_2007/table_0095.csv,quarantined_tables/043_Health_Bulletin_2007/table_0095.csv,review_required,unclassified,,blocked_quality_gate,no,0,table_requires_review_or_was_rejected
extracted_tables/043_Health_Bulletin_2007/table_0096.csv,quarantined_tables/043_Health_Bulletin_2007/table_0096.csv,review_required,unclassified,,blocked_quality_gate,no,0,table_requires_review_or_was_rejected
extracted_tables/043_Health_Bulletin_2007/table_0097.csv,quarantined_tables/043_Health_Bulletin_2007/table_0097.csv,rejected,unclassified,,blocked_quality_gate,no,0,table_requires_review_or_was_rejected
extracted_tables/043_Health_Bulletin_2007/table_0098.csv,quarantined_tables/043_Health_Bulletin_2007/table_0098.csv,review_required,unclassified,,blocked_quality_gate,no,0,table_requires_review_or_was_rejected
extracted_tables/043_Health_Bulletin_2007/table_0099.csv,quarantined_tables/043_Health_Bulletin_2007/table_0099.csv,review_required,unclassified,,blocked_quality_gate,no,0,table_requires_review_or_was_rejected
extracted_tables/043_Health_Bulletin_2007/table_0100.csv,quarantined_tables/043_Health_Bulletin_2007/table_0100.csv,review_required,unclassified,,blocked_quality_gate,no,0,table_requires_review_or_was_rejected
extracted_tables/043_Health_Bulletin_2007/table_0101.csv,quarantined_tables/043_Health_Bulletin_2007/table_0101.csv,review_required,unclassified,,blocked_quality_gate,no,0,table_requires_review_or_was_rejected
extracted_tables/043_Health_Bulletin_2007/table_0102.csv,quarantined_tables/043_Health_Bulletin_2007/table_0102.csv,review_required,unclassified,,blocked_quality_gate,no,0,table_requires_review_or_was_rejected
extracted_tables/043_Health_Bulletin_2007/table_0103.csv,quarantined_tables/043_Health_Bulletin_2007/table_0103.csv,review_required,unclassified,,blocked_quality_gate,no,0,table_requires_review_or_was_rejected
extracted_tables/043_Health_Bulletin_2007/table_0104.csv,quarantined_tables/043_Health_Bulletin_2007/table_0104.csv,review_required,unclassified,,blocked_quality_gate,no,0,table_requires_review_or_was_rejected
extracted_tables/043_Health_Bulletin_2007/table_0105.csv,quarantined_tables/043_Health_Bulletin_2007/table_0105.csv,review_required,unclassified,,blocked_quality_gate,no,0,table_requires_review_or_was_rejected
extracted_tables/043_Health_Bulletin_2007/table_0106.csv,quarantined_tables/043_Health_Bulletin_2007/table_0106.csv,review_required,unclassified,,blocked_quality_gate,no,0,table_requires_review_or_was_rejected
extracted_tables/043_Health_Bulletin_2007/table_0107.csv,quarantined_tables/043_Health_Bulletin_2007/table_0107.csv,review_required,unclassified,,blocked_quality_gate,no,0,table_requires_review_or_was_rejected
extracted_tables/043_Health_Bulletin_2007/table_0108.csv,quarantined_tables/043_Health_Bulletin_2007/table_0108.csv,review_required,unclassified,,blocked_quality_gate,no,0,table_requires_review_or_was_rejected
extracted_tables/043_Health_Bulletin_2007/table_0109.csv,quarantined_tables/043_Health_Bulletin_2007/table_0109.csv,review_required,unclassified,,blocked_quality_gate,no,0,table_requires_review_or_was_rejected
extracted_tables/043_Health_Bulletin_2007/table_0110.csv,quarantined_tables/043_Health_Bulletin_2007/table_0110.csv,review_required,unclassified,,blocked_quality_gate,no,0,table_requires_review_or_was_rejected
extracted_tables/043_Health_Bulletin_2007/table_0111.csv,quarantined_tables/043_Health_Bulletin_2007/table_0111.csv,review_required,unclassified,,blocked_quality_gate,no,0,table_requires_review_or_was_rejected
extracted_tables/043_Health_Bulletin_2007/table_0112.csv,quarantined_tables/043_Health_Bulletin_2007/table_0112.csv,review_required,unclassified,,blocked_quality_gate,no,0,table_requires_review_or_was_rejected
extracted_tables/043_Health_Bulletin_2007/table_0113.csv,quarantined_tables/043_Health_Bulletin_2007/table_0113.csv,review_required,unclassified,,blocked_quality_gate,no,0,table_requires_review_or_was_rejected
extracted_tables/043_Health_Bulletin_2007/table_0114.csv,quarantined_tables/043_Health_Bulletin_2007/table_0114.csv,review_required,unclassified,,blocked_quality_gate,no,0,table_requires_review_or_was_rejected
extracted_tables/043_Health_Bulletin_2007/table_0115.csv,quarantined_tables/043_Health_Bulletin_2007/table_0115.csv,review_required,unclassified,,blocked_quality_gate,no,0,table_requires_review_or_was_rejected
extracted_tables/043_Health_Bulletin_2007/table_0116.csv,quarantined_tables/043_Health_Bulletin_2007/table_0116.csv,review_required,unclassified,,blocked_quality_gate,no,0,table_requires_review_or_was_rejected
extracted_tables/043_Health_Bulletin_2007/table_0117.csv,quarantined_tables/043_Health_Bulletin_2007/table_0117.csv,review_required,unclassified,,blocked_quality_gate,no,0,table_requires_review_or_was_rejected
extracted_tables/043_Health_Bulletin_2007/table_0118.csv,quarantined_tables/043_Health_Bulletin_2007/table_0118.csv,rejected,unclassified,,blocked_quality_gate,no,0,table_requires_review_or_was_rejected
extracted_tables/043_Health_Bulletin_2007/table_0119.csv,quarantined_tables/043_Health_Bulletin_2007/table_0119.csv,review_required,unclassified,,blocked_quality_gate,no,0,table_requires_review_or_was_rejected
extracted_tables/043_Health_Bulletin_2007/table_0120.csv,quarantined_tables/043_Health_Bulletin_2007/table_0120.csv,review_required,unclassified,,blocked_quality_gate,no,0,table_requires_review_or_was_rejected
extracted_tables/043_Health_Bulletin_2007/table_0121.csv,quarantined_tables/043_Health_Bulletin_2007/table_0121.csv,review_required,unclassified,,blocked_quality_gate,no,0,table_requires_review_or_was_rejected
extracted_tables/043_Health_Bulletin_2007/table_0122.csv,quarantined_tables/043_Health_Bulletin_2007/table_0122.csv,review_required,unclassified,,blocked_quality_gate,no,0,table_requires_review_or_was_rejected
extracted_tables/043_Health_Bulletin_2007/table_0123.csv,quarantined_tables/043_Health_Bulletin_2007/table_0123.csv,review_required,unclassified,,blocked_quality_gate,no,0,table_requires_review_or_was_rejected
extracted_tables/043_Health_Bulletin_2007/table_0124.csv,quarantined_tables/043_Health_Bulletin_2007/table_0124.csv,review_required,unclassified,,blocked_quality_gate,no,0,table_requires_review_or_was_rejected
extracted_tables/043_Health_Bulletin_2007/table_0125.csv,quarantined_tables/043_Health_Bulletin_2007/table_0125.csv,review_required,unclassified,,blocked_quality_gate,no,0,table_requires_review_or_was_rejected
extracted_tables/043_Health_Bulletin_2007/table_0126.csv,quarantined_tables/043_Health_Bulletin_2007/table_0126.csv,review_required,unclassified,,blocked_quality_gate,no,0,table_requires_review_or_was_rejected
extracted_tables/043_Health_Bulletin_2007/table_0127.csv,quarantined_tables/043_Health_Bulletin_2007/table_0127.csv,review_required,unclassified,,blocked_quality_gate,no,0,table_requires_review_or_was_rejected
extracted_tables/043_Health_Bulletin_2007/table_0128.csv,quarantined_tables/043_Health_Bulletin_2007/table_0128.csv,review_required,unclassified,,blocked_quality_gate,no,0,table_requires_review_or_was_rejected
extracted_tables/043_Health_Bulletin_2007/table_0129.csv,quarantined_tables/043_Health_Bulletin_2007/table_0129.csv,review_required,unclassified,,blocked_quality_gate,no,0,table_requires_review_or_was_rejected
extracted_tables/043_Health_Bulletin_2007/table_0130.csv,quarantined_tables/043_Health_Bulletin_2007/table_0130.csv,review_required,unclassified,,blocked_quality_gate,no,0,table_requires_review_or_was_rejected
extracted_tables/043_Health_Bulletin_2007/table_0131.csv,quarantined_tables/043_Health_Bulletin_2007/table_0131.csv,review_required,unclassified,,blocked_quality_gate,no,0,table_requires_review_or_was_rejected
extracted_tables/043_Health_Bulletin_2007/table_0132.csv,quarantined_tables/043_Health_Bulletin_2007/table_0132.csv,review_required,unclassified,,blocked_quality_gate,no,0,table_requires_review_or_was_rejected
extracted_tables/043_Health_Bulletin_2007/table_0133.csv,quarantined_tables/043_Health_Bulletin_2007/table_0133.csv,review_required,unclassified,,blocked_quality_gate,no,0,table_requires_review_or_was_rejected
extracted_tables/043_Health_Bulletin_2007/table_0134.csv,quarantined_tables/043_Health_Bulletin_2007/table_0134.csv,review_required,unclassified,,blocked_quality_gate,no,0,table_requires_review_or_was_rejected
extracted_tables/043_Health_Bulletin_2007/table_0135.csv,quarantined_tables/043_Health_Bulletin_2007/table_0135.csv,review_required,unclassified,,blocked_quality_gate,no,0,table_requires_review_or_was_rejected
extracted_tables/043_Health_Bulletin_2007/table_0136.csv,quarantined_tables/043_Health_Bulletin_2007/table_0136.csv,review_required,unclassified,,blocked_quality_gate,no,0,table_requires_review_or_was_rejected
extracted_tables/043_Health_Bulletin_2007/table_0137.csv,quarantined_tables/043_Health_Bulletin_2007/table_0137.csv,review_required,unclassified,,blocked_quality_gate,no,0,table_requires_review_or_was_rejected
extracted_tables/043_Health_Bulletin_2007/table_0138.csv,quarantined_tables/043_Health_Bulletin_2007/table_0138.csv,review_required,unclassified,,blocked_quality_gate,no,0,table_requires_review_or_was_rejected
extracted_tables/043_Health_Bulletin_2007/table_0139.csv,quarantined_tables/043_Health_Bulletin_2007/table_0139.csv,review_required,unclassified,,blocked_quality_gate,no,0,table_requires_review_or_was_rejected
extracted_tables/043_Health_Bulletin_2007/table_0140.csv,quarantined_tables/043_Health_Bulletin_2007/table_0140.csv,review_required,unclassified,,blocked_quality_gate,no,0,table_requires_review_or_was_rejected
extracted_tables/043_Health_Bulletin_2007/table_0141.csv,quarantined_tables/043_Health_Bulletin_2007/table_0141.csv,review_required,unclassified,,blocked_quality_gate,no,0,table_requires_review_or_was_rejected
extracted_tables/043_Health_Bulletin_2007/table_0142.csv,quarantined_tables/043_Health_Bulletin_2007/table_0142.csv,review_required,unclassified,,blocked_quality_gate,no,0,table_requires_review_or_was_rejected
extracted_tables/043_Health_Bulletin_2007/table_0143.csv,quarantined_tables/043_Health_Bulletin_2007/table_0143.csv,review_required,unclassified,,blocked_quality_gate,no,0,table_requires_review_or_was_rejected
extracted_tables/043_Health_Bulletin_2007/table_0144.csv,quarantined_tables/043_Health_Bulletin_2007/table_0144.csv,review_required,unclassified,,blocked_quality_gate,no,0,table_requires_review_or_was_rejected
extracted_tables/043_Health_Bulletin_2007/table_0145.csv,quarantined_tables/043_Health_Bulletin_2007/table_0145.csv,review_required,unclassified,,blocked_quality_gate,no,0,table_requires_review_or_was_rejected
extracted_tables/043_Health_Bulletin_2007/table_0146.csv,quarantined_tables/043_Health_Bulletin_2007/table_0146.csv,review_required,unclassified,,blocked_quality_gate,no,0,table_requires_review_or_was_rejected
extracted_tables/043_Health_Bulletin_2007/table_0147.csv,quarantined_tables/043_Health_Bulletin_2007/table_0147.csv,review_required,unclassified,,blocked_quality_gate,no,0,table_requires_review_or_was_rejected
extracted_tables/043_Health_Bulletin_2007/table_0148.csv,quarantined_tables/043_Health_Bulletin_2007/table_0148.csv,review_required,unclassified,,blocked_quality_gate,no,0,table_requires_review_or_was_rejected
extracted_tables/043_Health_Bulletin_2007/table_0149.csv,quarantined_tables/043_Health_Bulletin_2007/table_0149.csv,review_required,unclassified,,blocked_quality_gate,no,0,table_requires_review_or_was_rejected
extracted_tables/043_Health_Bulletin_2007/table_0150.csv,quarantined_tables/043_Health_Bulletin_2007/table_0150.csv,review_required,unclassified,,blocked_quality_gate,no,0,table_requires_review_or_was_rejected
extracted_tables/043_Health_Bulletin_2007/table_0151.csv,quarantined_tables/043_Health_Bulletin_2007/table_0151.csv,review_required,unclassified,,blocked_quality_gate,no,0,table_requires_review_or_was_rejected
extracted_tables/043_Health_Bulletin_2007/table_0152.csv,quarantined_tables/043_Health_Bulletin_2007/table_0152.csv,review_required,unclassified,,blocked_quality_gate,no,0,table_requires_review_or_was_rejected
extracted_tables/043_Health_Bulletin_2007/table_0153.csv,quarantined_tables/043_Health_Bulletin_2007/table_0153.csv,review_required,unclassified,,blocked_quality_gate,no,0,table_requires_review_or_was_rejected
extracted_tables/043_Health_Bulletin_2007/table_0154.csv,quarantined_tables/043_Health_Bulletin_2007/table_0154.csv,review_required,unclassified,,blocked_quality_gate,no,0,table_requires_review_or_was_rejected
extracted_tables/043_Health_Bulletin_2007/table_0155.csv,quarantined_tables/043_Health_Bulletin_2007/table_0155.csv,review_required,unclassified,,blocked_quality_gate,no,0,table_requires_review_or_was_rejected
extracted_tables/043_Health_Bulletin_2007/table_0156.csv,quarantined_tables/043_Health_Bulletin_2007/table_0156.csv,review_required,unclassified,,blocked_quality_gate,no,0,table_requires_review_or_was_rejected
extracted_tables/043_Health_Bulletin_2007/table_0157.csv,quarantined_tables/043_Health_Bulletin_2007/table_0157.csv,review_required,unclassified,,blocked_quality_gate,no,0,table_requires_review_or_was_rejected
extracted_tables/043_Health_Bulletin_2007/table_0158.csv,quarantined_tables/043_Health_Bulletin_2007/table_0158.csv,review_required,unclassified,,blocked_quality_gate,no,0,table_requires_review_or_was_rejected
extracted_tables/043_Health_Bulletin_2007/table_0159.csv,quarantined_tables/043_Health_Bulletin_2007/table_0159.csv,review_required,unclassified,,blocked_quality_gate,no,0,table_requires_review_or_was_rejected
extracted_tables/043_Health_Bulletin_2007/table_0160.csv,quarantined_tables/043_Health_Bulletin_2007/table_0160.csv,review_required,unclassified,,blocked_quality_gate,no,0,table_requires_review_or_was_rejected
extracted_tables/043_Health_Bulletin_2007/table_0161.csv,quarantined_tables/043_Health_Bulletin_2007/table_0161.csv,review_required,unclassified,,blocked_quality_gate,no,0,table_requires_review_or_was_rejected
extracted_tables/043_Health_Bulletin_2007/table_0162.csv,quarantined_tables/043_Health_Bulletin_2007/table_0162.csv,review_required,unclassified,,blocked_quality_gate,no,0,table_requires_review_or_was_rejected
extracted_tables/043_Health_Bulletin_2007/table_0163.csv,quarantined_tables/043_Health_Bulletin_2007/table_0163.csv,review_required,unclassified,,blocked_quality_gate,no,0,table_requires_review_or_was_rejected
extracted_tables/043_Health_Bulletin_2007/table_0164.csv,quarantined_tables/043_Health_Bulletin_2007/table_0164.csv,review_required,unclassified,,blocked_quality_gate,no,0,table_requires_review_or_was_rejected
extracted_tables/043_Health_Bulletin_2007/table_0165.csv,quarantined_tables/043_Health_Bulletin_2007/table_0165.csv,review_required,unclassified,,blocked_quality_gate,no,0,table_requires_review_or_was_rejected
extracted_tables/043_Health_Bulletin_2007/table_0166.csv,quarantined_tables/043_Health_Bulletin_2007/table_0166.csv,review_required,unclassified,,blocked_quality_gate,no,0,table_requires_review_or_was_rejected
extracted_tables/043_Health_Bulletin_2007/table_0167.csv,quarantined_tables/043_Health_Bulletin_2007/table_0167.csv,review_required,unclassified,,blocked_quality_gate,no,0,table_requires_review_or_was_rejected
extracted_tables/043_Health_Bulletin_2007/table_0168.csv,quarantined_tables/043_Health_Bulletin_2007/table_0168.csv,review_required,unclassified,,blocked_quality_gate,no,0,table_requires_review_or_was_rejected
extracted_tables/043_Health_Bulletin_2007/table_0169.csv,quarantined_tables/043_Health_Bulletin_2007/table_0169.csv,review_required,unclassified,,blocked_quality_gate,no,0,table_requires_review_or_was_rejected
extracted_tables/043_Health_Bulletin_2007/table_0170.csv,quarantined_tables/043_Health_Bulletin_2007/table_0170.csv,review_required,unclassified,,blocked_quality_gate,no,0,table_requires_review_or_was_rejected
extracted_tables/043_Health_Bulletin_2007/table_0171.csv,quarantined_tables/043_Health_Bulletin_2007/table_0171.csv,review_required,unclassified,,blocked_quality_gate,no,0,table_requires_review_or_was_rejected
extracted_tables/043_Health_Bulletin_2007/table_0172.csv,quarantined_tables/043_Health_Bulletin_2007/table_0172.csv,review_required,unclassified,,blocked_quality_gate,no,0,table_requires_review_or_was_rejected
extracted_tables/043_Health_Bulletin_2007/table_0173.csv,quarantined_tables/043_Health_Bulletin_2007/table_0173.csv,review_required,unclassified,,blocked_quality_gate,no,0,table_requires_review_or_was_rejected
extracted_tables/043_Health_Bulletin_2007/table_0174.csv,quarantined_tables/043_Health_Bulletin_2007/table_0174.csv,review_required,unclassified,,blocked_quality_gate,no,0,table_requires_review_or_was_rejected
extracted_tables/043_Health_Bulletin_2007/table_0175.csv,quarantined_tables/043_Health_Bulletin_2007/table_0175.csv,review_required,unclassified,,blocked_quality_gate,no,0,table_requires_review_or_was_rejected
extracted_tables/043_Health_Bulletin_2007/table_0176.csv,quarantined_tables/043_Health_Bulletin_2007/table_0176.csv,review_required,unclassified,,blocked_quality_gate,no,0,table_requires_review_or_was_rejected
extracted_tables/043_Health_Bulletin_2007/table_0177.csv,quarantined_tables/043_Health_Bulletin_2007/table_0177.csv,review_required,unclassified,,blocked_quality_gate,no,0,table_requires_review_or_was_rejected
extracted_tables/043_Health_Bulletin_2007/table_0178.csv,quarantined_tables/043_Health_Bulletin_2007/table_0178.csv,review_required,unclassified,,blocked_quality_gate,no,0,table_requires_review_or_was_rejected
extracted_tables/043_Health_Bulletin_2007/table_0179.csv,quarantined_tables/043_Health_Bulletin_2007/table_0179.csv,review_required,unclassified,,blocked_quality_gate,no,0,table_requires_review_or_was_rejected
extracted_tables/043_Health_Bulletin_2007/table_0180.csv,quarantined_tables/043_Health_Bulletin_2007/table_0180.csv,review_required,unclassified,,blocked_quality_gate,no,0,table_requires_review_or_was_rejected
extracted_tables/043_Health_Bulletin_2007/table_0181.csv,quarantined_tables/043_Health_Bulletin_2007/table_0181.csv,review_required,unclassified,,blocked_quality_gate,no,0,table_requires_review_or_was_rejected
extracted_tables/043_Health_Bulletin_2007/table_0182.csv,quarantined_tables/043_Health_Bulletin_2007/table_0182.csv,review_required,unclassified,,blocked_quality_gate,no,0,table_requires_review_or_was_rejected
extracted_tables/043_Health_Bulletin_2007/table_0183.csv,quarantined_tables/043_Health_Bulletin_2007/table_0183.csv,review_required,unclassified,,blocked_quality_gate,no,0,table_requires_review_or_was_rejected
extracted_tables/043_Health_Bulletin_2007/table_0184.csv,quarantined_tables/043_Health_Bulletin_2007/table_0184.csv,review_required,unclassified,,blocked_quality_gate,no,0,table_requires_review_or_was_rejected
extracted_tables/043_Health_Bulletin_2007/table_0185.csv,quarantined_tables/043_Health_Bulletin_2007/table_0185.csv,review_required,unclassified,,blocked_quality_gate,no,0,table_requires_review_or_was_rejected
extracted_tables/043_Health_Bulletin_2007/table_0186.csv,quarantined_tables/043_Health_Bulletin_2007/table_0186.csv,review_required,unclassified,,blocked_quality_gate,no,0,table_requires_review_or_was_rejected
extracted_tables/043_Health_Bulletin_2007/table_0187.csv,quarantined_tables/043_Health_Bulletin_2007/table_0187.csv,review_required,unclassified,,blocked_quality_gate,no,0,table_requires_review_or_was_rejected
extracted_tables/043_Health_Bulletin_2007/table_0188.csv,quarantined_tables/043_Health_Bulletin_2007/table_0188.csv,review_required,unclassified,,blocked_quality_gate,no,0,table_requires_review_or_was_rejected
extracted_tables/043_Health_Bulletin_2007/table_0189.csv,quarantined_tables/043_Health_Bulletin_2007/table_0189.csv,review_required,unclassified,,blocked_quality_gate,no,0,table_requires_review_or_was_rejected
extracted_tables/043_Health_Bulletin_2007/table_0190.csv,quarantined_tables/043_Health_Bulletin_2007/table_0190.csv,review_required,unclassified,,blocked_quality_gate,no,0,table_requires_review_or_was_rejected
extracted_tables/043_Health_Bulletin_2007/table_0191.csv,quarantined_tables/043_Health_Bulletin_2007/table_0191.csv,review_required,unclassified,,blocked_quality_gate,no,0,table_requires_review_or_was_rejected
extracted_tables/043_Health_Bulletin_2007/table_0192.csv,quarantined_tables/043_Health_Bulletin_2007/table_0192.csv,review_required,unclassified,,blocked_quality_gate,no,0,table_requires_review_or_was_rejected
extracted_tables/043_Health_Bulletin_2007/table_0193.csv,quarantined_tables/043_Health_Bulletin_2007/table_0193.csv,review_required,unclassified,,blocked_quality_gate,no,0,table_requires_review_or_was_rejected
extracted_tables/043_Health_Bulletin_2007/table_0194.csv,quarantined_tables/043_Health_Bulletin_2007/table_0194.csv,review_required,unclassified,,blocked_quality_gate,no,0,table_requires_review_or_was_rejected
extracted_tables/043_Health_Bulletin_2007/table_0195.csv,quarantined_tables/043_Health_Bulletin_2007/table_0195.csv,review_required,unclassified,,blocked_quality_gate,no,0,table_requires_review_or_was_rejected
extracted_tables/043_Health_Bulletin_2007/table_0196.csv,quarantined_tables/043_Health_Bulletin_2007/table_0196.csv,review_required,unclassified,,blocked_quality_gate,no,0,table_requires_review_or_was_rejected
extracted_tables/043_Health_Bulletin_2007/table_0197.csv,quarantined_tables/043_Health_Bulletin_2007/table_0197.csv,review_required,unclassified,,blocked_quality_gate,no,0,table_requires_review_or_was_rejected
extracted_tables/043_Health_Bulletin_2007/table_0198.csv,quarantined_tables/043_Health_Bulletin_2007/table_0198.csv,review_required,unclassified,,blocked_quality_gate,no,0,table_requires_review_or_was_rejected
extracted_tables/043_Health_Bulletin_2007/table_0199.csv,quarantined_tables/043_Health_Bulletin_2007/table_0199.csv,review_required,unclassified,,blocked_quality_gate,no,0,table_requires_review_or_was_rejected
extracted_tables/043_Health_Bulletin_2007/table_0200.csv,quarantined_tables/043_Health_Bulletin_2007/table_0200.csv,review_required,unclassified,,blocked_quality_gate,no,0,table_requires_review_or_was_rejected
extracted_tables/043_Health_Bulletin_2007/table_0201.csv,quarantined_tables/043_Health_Bulletin_2007/table_0201.csv,review_required,unclassified,,blocked_quality_gate,no,0,table_requires_review_or_was_rejected
extracted_tables/043_Health_Bulletin_2007/table_0202.csv,quarantined_tables/043_Health_Bulletin_2007/table_0202.csv,review_required,unclassified,,blocked_quality_gate,no,0,table_requires_review_or_was_rejected
extracted_tables/043_Health_Bulletin_2007/table_0203.csv,quarantined_tables/043_Health_Bulletin_2007/table_0203.csv,review_required,unclassified,,blocked_quality_gate,no,0,table_requires_review_or_was_rejected
extracted_tables/043_Health_Bulletin_2007/table_0204.csv,quarantined_tables/043_Health_Bulletin_2007/table_0204.csv,review_required,unclassified,,blocked_quality_gate,no,0,table_requires_review_or_was_rejected
extracted_tables/043_Health_Bulletin_2007/table_0205.csv,quarantined_tables/043_Health_Bulletin_2007/table_0205.csv,review_required,unclassified,,blocked_quality_gate,no,0,table_requires_review_or_was_rejected
extracted_tables/043_Health_Bulletin_2007/table_0206.csv,quarantined_tables/043_Health_Bulletin_2007/table_0206.csv,review_required,unclassified,,blocked_quality_gate,no,0,table_requires_review_or_was_rejected
extracted_tables/043_Health_Bulletin_2007/table_0207.csv,quarantined_tables/043_Health_Bulletin_2007/table_0207.csv,review_required,unclassified,,blocked_quality_gate,no,0,table_requires_review_or_was_rejected
extracted_tables/043_Health_Bulletin_2007/table_0208.csv,quarantined_tables/043_Health_Bulletin_2007/table_0208.csv,review_required,unclassified,,blocked_quality_gate,no,0,table_requires_review_or_was_rejected
extracted_tables/043_Health_Bulletin_2007/table_0209.csv,quarantined_tables/043_Health_Bulletin_2007/table_0209.csv,review_required,unclassified,,blocked_quality_gate,no,0,table_requires_review_or_was_rejected
extracted_tables/043_Health_Bulletin_2007/table_0210.csv,quarantined_tables/043_Health_Bulletin_2007/table_0210.csv,review_required,unclassified,,blocked_quality_gate,no,0,table_requires_review_or_was_rejected
extracted_tables/043_Health_Bulletin_2007/table_0211.csv,quarantined_tables/043_Health_Bulletin_2007/table_0211.csv,review_required,unclassified,,blocked_quality_gate,no,0,table_requires_review_or_was_rejected
extracted_tables/043_Health_Bulletin_2007/table_0212.csv,quarantined_tables/043_Health_Bulletin_2007/table_0212.csv,review_required,unclassified,,blocked_quality_gate,no,0,table_requires_review_or_was_rejected
extracted_tables/043_Health_Bulletin_2007/table_0213.csv,quarantined_tables/043_Health_Bulletin_2007/table_0213.csv,review_required,unclassified,,blocked_quality_gate,no,0,table_requires_review_or_was_rejected
extracted_tables/043_Health_Bulletin_2007/table_0214.csv,quarantined_tables/043_Health_Bulletin_2007/table_0214.csv,review_required,unclassified,,blocked_quality_gate,no,0,table_requires_review_or_was_rejected
extracted_tables/043_Health_Bulletin_2007/table_0215.csv,quarantined_tables/043_Health_Bulletin_2007/table_0215.csv,review_required,unclassified,,blocked_quality_gate,no,0,table_requires_review_or_was_rejected
extracted_tables/043_Health_Bulletin_2007/table_0216.csv,quarantined_tables/043_Health_Bulletin_2007/table_0216.csv,review_required,unclassified,,blocked_quality_gate,no,0,table_requires_review_or_was_rejected
extracted_tables/043_Health_Bulletin_2007/table_0217.csv,quarantined_tables/043_Health_Bulletin_2007/table_0217.csv,review_required,unclassified,,blocked_quality_gate,no,0,table_requires_review_or_was_rejected
extracted_tables/043_Health_Bulletin_2007/table_0218.csv,quarantined_tables/043_Health_Bulletin_2007/table_0218.csv,review_required,unclassified,,blocked_quality_gate,no,0,table_requires_review_or_was_rejected
extracted_tables/043_Health_Bulletin_2007/table_0219.csv,quarantined_tables/043_Health_Bulletin_2007/table_0219.csv,review_required,unclassified,,blocked_quality_gate,no,0,table_requires_review_or_was_rejected
extracted_tables/043_Health_Bulletin_2007/table_0220.csv,quarantined_tables/043_Health_Bulletin_2007/table_0220.csv,review_required,unclassified,,blocked_quality_gate,no,0,table_requires_review_or_was_rejected
extracted_tables/043_Health_Bulletin_2007/table_0221.csv,quarantined_tables/043_Health_Bulletin_2007/table_0221.csv,review_required,unclassified,,blocked_quality_gate,no,0,table_requires_review_or_was_rejected
extracted_tables/043_Health_Bulletin_2007/table_0222.csv,quarantined_tables/043_Health_Bulletin_2007/table_0222.csv,review_required,unclassified,,blocked_quality_gate,no,0,table_requires_review_or_was_rejected
extracted_tables/043_Health_Bulletin_2007/table_0223.csv,quarantined_tables/043_Health_Bulletin_2007/table_0223.csv,review_required,unclassified,,blocked_quality_gate,no,0,table_requires_review_or_was_rejected
extracted_tables/043_Health_Bulletin_2007/table_0224.csv,quarantined_tables/043_Health_Bulletin_2007/table_0224.csv,review_required,unclassified,,blocked_quality_gate,no,0,table_requires_review_or_was_rejected
extracted_tables/043_Health_Bulletin_2007/table_0225.csv,quarantined_tables/043_Health_Bulletin_2007/table_0225.csv,review_required,unclassified,,blocked_quality_gate,no,0,table_requires_review_or_was_rejected
extracted_tables/043_Health_Bulletin_2007/table_0226.csv,quarantined_tables/043_Health_Bulletin_2007/table_0226.csv,review_required,unclassified,,blocked_quality_gate,no,0,table_requires_review_or_was_rejected
extracted_tables/043_Health_Bulletin_2007/table_0227.csv,quarantined_tables/043_Health_Bulletin_2007/table_0227.csv,review_required,unclassified,,blocked_quality_gate,no,0,table_requires_review_or_was_rejected
extracted_tables/043_Health_Bulletin_2007/table_0228.csv,quarantined_tables/043_Health_Bulletin_2007/table_0228.csv,review_required,unclassified,,blocked_quality_gate,no,0,table_requires_review_or_was_rejected
extracted_tables/043_Health_Bulletin_2007/table_0229.csv,quarantined_tables/043_Health_Bulletin_2007/table_0229.csv,review_required,unclassified,,blocked_quality_gate,no,0,table_requires_review_or_was_rejected
extracted_tables/043_Health_Bulletin_2007/table_0230.csv,quarantined_tables/043_Health_Bulletin_2007/table_0230.csv,review_required,unclassified,,blocked_quality_gate,no,0,table_requires_review_or_was_rejected
extracted_tables/044_EMP_for_Medical_Gas_System_SSKMCH_COVID-19/table_001.csv,quarantined_tables/044_EMP_for_Medical_Gas_System_SSKMCH_COVID-19/table_001.csv,review_required,unclassified,,blocked_quality_gate,no,0,table_requires_review_or_was_rejected
extracted_tables/044_EMP_for_Medical_Gas_System_SSKMCH_COVID-19/table_002.csv,quarantined_tables/044_EMP_for_Medical_Gas_System_SSKMCH_COVID-19/table_002.csv,review_required,unclassified,,blocked_quality_gate,no,0,table_requires_review_or_was_rejected
extracted_tables/044_EMP_for_Medical_Gas_System_SSKMCH_COVID-19/table_003.csv,quarantined_tables/044_EMP_for_Medical_Gas_System_SSKMCH_COVID-19/table_003.csv,review_required,unclassified,,blocked_quality_gate,no,0,table_requires_review_or_was_rejected
extracted_tables/044_EMP_for_Medical_Gas_System_SSKMCH_COVID-19/table_004.csv,quarantined_tables/044_EMP_for_Medical_Gas_System_SSKMCH_COVID-19/table_004.csv,review_required,unclassified,,blocked_quality_gate,no,0,table_requires_review_or_was_rejected
extracted_tables/044_EMP_for_Medical_Gas_System_SSKMCH_COVID-19/table_005.csv,quarantined_tables/044_EMP_for_Medical_Gas_System_SSKMCH_COVID-19/table_005.csv,review_required,unclassified,,blocked_quality_gate,no,0,table_requires_review_or_was_rejected
extracted_tables/044_EMP_for_Medical_Gas_System_SSKMCH_COVID-19/table_006.csv,quarantined_tables/044_EMP_for_Medical_Gas_System_SSKMCH_COVID-19/table_006.csv,review_required,unclassified,,blocked_quality_gate,no,0,table_requires_review_or_was_rejected
extracted_tables/044_EMP_for_Medical_Gas_System_SSKMCH_COVID-19/table_007.csv,quarantined_tables/044_EMP_for_Medical_Gas_System_SSKMCH_COVID-19/table_007.csv,review_required,unclassified,,blocked_quality_gate,no,0,table_requires_review_or_was_rejected
extracted_tables/044_EMP_for_Medical_Gas_System_SSKMCH_COVID-19/table_008.csv,quarantined_tables/044_EMP_for_Medical_Gas_System_SSKMCH_COVID-19/table_008.csv,review_required,unclassified,,blocked_quality_gate,no,0,table_requires_review_or_was_rejected
extracted_tables/044_EMP_for_Medical_Gas_System_SSKMCH_COVID-19/table_009.csv,quarantined_tables/044_EMP_for_Medical_Gas_System_SSKMCH_COVID-19/table_009.csv,review_required,unclassified,,blocked_quality_gate,no,0,table_requires_review_or_was_rejected
extracted_tables/044_EMP_for_Medical_Gas_System_SSKMCH_COVID-19/table_010.csv,quarantined_tables/044_EMP_for_Medical_Gas_System_SSKMCH_COVID-19/table_010.csv,review_required,unclassified,,blocked_quality_gate,no,0,table_requires_review_or_was_rejected
extracted_tables/044_EMP_for_Medical_Gas_System_SSKMCH_COVID-19/table_011.csv,quarantined_tables/044_EMP_for_Medical_Gas_System_SSKMCH_COVID-19/table_011.csv,rejected,unclassified,,blocked_quality_gate,no,0,table_requires_review_or_was_rejected
extracted_tables/044_EMP_for_Medical_Gas_System_SSKMCH_COVID-19/table_012.csv,quarantined_tables/044_EMP_for_Medical_Gas_System_SSKMCH_COVID-19/table_012.csv,review_required,unclassified,,blocked_quality_gate,no,0,table_requires_review_or_was_rejected
extracted_tables/044_EMP_for_Medical_Gas_System_SSKMCH_COVID-19/table_013.csv,quarantined_tables/044_EMP_for_Medical_Gas_System_SSKMCH_COVID-19/table_013.csv,review_required,unclassified,,blocked_quality_gate,no,0,table_requires_review_or_was_rejected
extracted_tables/044_EMP_for_Medical_Gas_System_SSKMCH_COVID-19/table_014.csv,quarantined_tables/044_EMP_for_Medical_Gas_System_SSKMCH_COVID-19/table_014.csv,review_required,unclassified,,blocked_quality_gate,no,0,table_requires_review_or_was_rejected
extracted_tables/045_EMP_for_50_Bed_Isolation_and_10_Bed_ICU_SSKMCH/table_001.csv,quarantined_tables/045_EMP_for_50_Bed_Isolation_and_10_Bed_ICU_SSKMCH/table_001.csv,review_required,unclassified,,blocked_quality_gate,no,0,table_requires_review_or_was_rejected
extracted_tables/045_EMP_for_50_Bed_Isolation_and_10_Bed_ICU_SSKMCH/table_002.csv,quarantined_tables/045_EMP_for_50_Bed_Isolation_and_10_Bed_ICU_SSKMCH/table_002.csv,review_required,unclassified,,blocked_quality_gate,no,0,table_requires_review_or_was_rejected
extracted_tables/045_EMP_for_50_Bed_Isolation_and_10_Bed_ICU_SSKMCH/table_003.csv,quarantined_tables/045_EMP_for_50_Bed_Isolation_and_10_Bed_ICU_SSKMCH/table_003.csv,review_required,unclassified,,blocked_quality_gate,no,0,table_requires_review_or_was_rejected
extracted_tables/045_EMP_for_50_Bed_Isolation_and_10_Bed_ICU_SSKMCH/table_004.csv,quarantined_tables/045_EMP_for_50_Bed_Isolation_and_10_Bed_ICU_SSKMCH/table_004.csv,review_required,unclassified,,blocked_quality_gate,no,0,table_requires_review_or_was_rejected
extracted_tables/045_EMP_for_50_Bed_Isolation_and_10_Bed_ICU_SSKMCH/table_005.csv,quarantined_tables/045_EMP_for_50_Bed_Isolation_and_10_Bed_ICU_SSKMCH/table_005.csv,review_required,unclassified,,blocked_quality_gate,no,0,table_requires_review_or_was_rejected
extracted_tables/045_EMP_for_50_Bed_Isolation_and_10_Bed_ICU_SSKMCH/table_006.csv,quarantined_tables/045_EMP_for_50_Bed_Isolation_and_10_Bed_ICU_SSKMCH/table_006.csv,review_required,unclassified,,blocked_quality_gate,no,0,table_requires_review_or_was_rejected
extracted_tables/045_EMP_for_50_Bed_Isolation_and_10_Bed_ICU_SSKMCH/table_007.csv,quarantined_tables/045_EMP_for_50_Bed_Isolation_and_10_Bed_ICU_SSKMCH/table_007.csv,review_required,unclassified,,blocked_quality_gate,no,0,table_requires_review_or_was_rejected
extracted_tables/046_Semi-Annual_Environmental_Monitoring_Report_for_CREAP_July_-_December_2023/table_001.csv,quarantined_tables/046_Semi-Annual_Environmental_Monitoring_Report_for_CREAP_July_-_December_2023/table_001.csv,review_required,unclassified,,blocked_quality_gate,no,0,table_requires_review_or_was_rejected
extracted_tables/046_Semi-Annual_Environmental_Monitoring_Report_for_CREAP_July_-_December_2023/table_002.csv,quarantined_tables/046_Semi-Annual_Environmental_Monitoring_Report_for_CREAP_July_-_December_2023/table_002.csv,review_required,unclassified,,blocked_quality_gate,no,0,table_requires_review_or_was_rejected
extracted_tables/046_Semi-Annual_Environmental_Monitoring_Report_for_CREAP_July_-_December_2023/table_003.csv,quarantined_tables/046_Semi-Annual_Environmental_Monitoring_Report_for_CREAP_July_-_December_2023/table_003.csv,review_required,unclassified,,blocked_quality_gate,no,0,table_requires_review_or_was_rejected
extracted_tables/046_Semi-Annual_Environmental_Monitoring_Report_for_CREAP_July_-_December_2023/table_004.csv,quarantined_tables/046_Semi-Annual_Environmental_Monitoring_Report_for_CREAP_July_-_December_2023/table_004.csv,review_required,unclassified,,blocked_quality_gate,no,0,table_requires_review_or_was_rejected
extracted_tables/046_Semi-Annual_Environmental_Monitoring_Report_for_CREAP_July_-_December_2023/table_005.csv,quarantined_tables/046_Semi-Annual_Environmental_Monitoring_Report_for_CREAP_July_-_December_2023/table_005.csv,review_required,unclassified,,blocked_quality_gate,no,0,table_requires_review_or_was_rejected
extracted_tables/046_Semi-Annual_Environmental_Monitoring_Report_for_CREAP_July_-_December_2023/table_006.csv,quarantined_tables/046_Semi-Annual_Environmental_Monitoring_Report_for_CREAP_July_-_December_2023/table_006.csv,review_required,unclassified,,blocked_quality_gate,no,0,table_requires_review_or_was_rejected
extracted_tables/046_Semi-Annual_Environmental_Monitoring_Report_for_CREAP_July_-_December_2023/table_007.csv,quarantined_tables/046_Semi-Annual_Environmental_Monitoring_Report_for_CREAP_July_-_December_2023/table_007.csv,review_required,unclassified,,blocked_quality_gate,no,0,table_requires_review_or_was_rejected
extracted_tables/046_Semi-Annual_Environmental_Monitoring_Report_for_CREAP_July_-_December_2023/table_008.csv,quarantined_tables/046_Semi-Annual_Environmental_Monitoring_Report_for_CREAP_July_-_December_2023/table_008.csv,review_required,unclassified,,blocked_quality_gate,no,0,table_requires_review_or_was_rejected
extracted_tables/046_Semi-Annual_Environmental_Monitoring_Report_for_CREAP_July_-_December_2023/table_009.csv,quarantined_tables/046_Semi-Annual_Environmental_Monitoring_Report_for_CREAP_July_-_December_2023/table_009.csv,review_required,unclassified,,blocked_quality_gate,no,0,table_requires_review_or_was_rejected
extracted_tables/046_Semi-Annual_Environmental_Monitoring_Report_for_CREAP_July_-_December_2023/table_010.csv,quarantined_tables/046_Semi-Annual_Environmental_Monitoring_Report_for_CREAP_July_-_December_2023/table_010.csv,review_required,unclassified,,blocked_quality_gate,no,0,table_requires_review_or_was_rejected
extracted_tables/046_Semi-Annual_Environmental_Monitoring_Report_for_CREAP_July_-_December_2023/table_011.csv,quarantined_tables/046_Semi-Annual_Environmental_Monitoring_Report_for_CREAP_July_-_December_2023/table_011.csv,review_required,unclassified,,blocked_quality_gate,no,0,table_requires_review_or_was_rejected
extracted_tables/046_Semi-Annual_Environmental_Monitoring_Report_for_CREAP_July_-_December_2023/table_012.csv,quarantined_tables/046_Semi-Annual_Environmental_Monitoring_Report_for_CREAP_July_-_December_2023/table_012.csv,review_required,unclassified,,blocked_quality_gate,no,0,table_requires_review_or_was_rejected
extracted_tables/046_Semi-Annual_Environmental_Monitoring_Report_for_CREAP_July_-_December_2023/table_013.csv,quarantined_tables/046_Semi-Annual_Environmental_Monitoring_Report_for_CREAP_July_-_December_2023/table_013.csv,review_required,unclassified,,blocked_quality_gate,no,0,table_requires_review_or_was_rejected
extracted_tables/046_Semi-Annual_Environmental_Monitoring_Report_for_CREAP_July_-_December_2023/table_014.csv,quarantined_tables/046_Semi-Annual_Environmental_Monitoring_Report_for_CREAP_July_-_December_2023/table_014.csv,review_required,unclassified,,blocked_quality_gate,no,0,table_requires_review_or_was_rejected
extracted_tables/046_Semi-Annual_Environmental_Monitoring_Report_for_CREAP_July_-_December_2023/table_015.csv,quarantined_tables/046_Semi-Annual_Environmental_Monitoring_Report_for_CREAP_July_-_December_2023/table_015.csv,review_required,unclassified,,blocked_quality_gate,no,0,table_requires_review_or_was_rejected
extracted_tables/046_Semi-Annual_Environmental_Monitoring_Report_for_CREAP_July_-_December_2023/table_016.csv,quarantined_tables/046_Semi-Annual_Environmental_Monitoring_Report_for_CREAP_July_-_December_2023/table_016.csv,review_required,unclassified,,blocked_quality_gate,no,0,table_requires_review_or_was_rejected
extracted_tables/046_Semi-Annual_Environmental_Monitoring_Report_for_CREAP_July_-_December_2023/table_017.csv,quarantined_tables/046_Semi-Annual_Environmental_Monitoring_Report_for_CREAP_July_-_December_2023/table_017.csv,review_required,unclassified,,blocked_quality_gate,no,0,table_requires_review_or_was_rejected
extracted_tables/046_Semi-Annual_Environmental_Monitoring_Report_for_CREAP_July_-_December_2023/table_018.csv,quarantined_tables/046_Semi-Annual_Environmental_Monitoring_Report_for_CREAP_July_-_December_2023/table_018.csv,review_required,unclassified,,blocked_quality_gate,no,0,table_requires_review_or_was_rejected
extracted_tables/046_Semi-Annual_Environmental_Monitoring_Report_for_CREAP_July_-_December_2023/table_019.csv,quarantined_tables/046_Semi-Annual_Environmental_Monitoring_Report_for_CREAP_July_-_December_2023/table_019.csv,review_required,unclassified,,blocked_quality_gate,no,0,table_requires_review_or_was_rejected
extracted_tables/046_Semi-Annual_Environmental_Monitoring_Report_for_CREAP_July_-_December_2023/table_020.csv,quarantined_tables/046_Semi-Annual_Environmental_Monitoring_Report_for_CREAP_July_-_December_2023/table_020.csv,review_required,unclassified,,blocked_quality_gate,no,0,table_requires_review_or_was_rejected
extracted_tables/046_Semi-Annual_Environmental_Monitoring_Report_for_CREAP_July_-_December_2023/table_021.csv,quarantined_tables/046_Semi-Annual_Environmental_Monitoring_Report_for_CREAP_July_-_December_2023/table_021.csv,review_required,unclassified,,blocked_quality_gate,no,0,table_requires_review_or_was_rejected
extracted_tables/046_Semi-Annual_Environmental_Monitoring_Report_for_CREAP_July_-_December_2023/table_022.csv,quarantined_tables/046_Semi-Annual_Environmental_Monitoring_Report_for_CREAP_July_-_December_2023/table_022.csv,review_required,unclassified,,blocked_quality_gate,no,0,table_requires_review_or_was_rejected
extracted_tables/046_Semi-Annual_Environmental_Monitoring_Report_for_CREAP_July_-_December_2023/table_023.csv,quarantined_tables/046_Semi-Annual_Environmental_Monitoring_Report_for_CREAP_July_-_December_2023/table_023.csv,review_required,unclassified,,blocked_quality_gate,no,0,table_requires_review_or_was_rejected
extracted_tables/046_Semi-Annual_Environmental_Monitoring_Report_for_CREAP_July_-_December_2023/table_024.csv,quarantined_tables/046_Semi-Annual_Environmental_Monitoring_Report_for_CREAP_July_-_December_2023/table_024.csv,review_required,unclassified,,blocked_quality_gate,no,0,table_requires_review_or_was_rejected
extracted_tables/046_Semi-Annual_Environmental_Monitoring_Report_for_CREAP_July_-_December_2023/table_025.csv,quarantined_tables/046_Semi-Annual_Environmental_Monitoring_Report_for_CREAP_July_-_December_2023/table_025.csv,review_required,unclassified,,blocked_quality_gate,no,0,table_requires_review_or_was_rejected
extracted_tables/046_Semi-Annual_Environmental_Monitoring_Report_for_CREAP_July_-_December_2023/table_026.csv,quarantined_tables/046_Semi-Annual_Environmental_Monitoring_Report_for_CREAP_July_-_December_2023/table_026.csv,review_required,unclassified,,blocked_quality_gate,no,0,table_requires_review_or_was_rejected
extracted_tables/046_Semi-Annual_Environmental_Monitoring_Report_for_CREAP_July_-_December_2023/table_027.csv,quarantined_tables/046_Semi-Annual_Environmental_Monitoring_Report_for_CREAP_July_-_December_2023/table_027.csv,review_required,unclassified,,blocked_quality_gate,no,0,table_requires_review_or_was_rejected
extracted_tables/046_Semi-Annual_Environmental_Monitoring_Report_for_CREAP_July_-_December_2023/table_028.csv,quarantined_tables/046_Semi-Annual_Environmental_Monitoring_Report_for_CREAP_July_-_December_2023/table_028.csv,review_required,unclassified,,blocked_quality_gate,no,0,table_requires_review_or_was_rejected
extracted_tables/046_Semi-Annual_Environmental_Monitoring_Report_for_CREAP_July_-_December_2023/table_029.csv,quarantined_tables/046_Semi-Annual_Environmental_Monitoring_Report_for_CREAP_July_-_December_2023/table_029.csv,review_required,unclassified,,blocked_quality_gate,no,0,table_requires_review_or_was_rejected
extracted_tables/046_Semi-Annual_Environmental_Monitoring_Report_for_CREAP_July_-_December_2023/table_030.csv,quarantined_tables/046_Semi-Annual_Environmental_Monitoring_Report_for_CREAP_July_-_December_2023/table_030.csv,review_required,unclassified,,blocked_quality_gate,no,0,table_requires_review_or_was_rejected
extracted_tables/046_Semi-Annual_Environmental_Monitoring_Report_for_CREAP_July_-_December_2023/table_031.csv,quarantined_tables/046_Semi-Annual_Environmental_Monitoring_Report_for_CREAP_July_-_December_2023/table_031.csv,rejected,unclassified,,blocked_quality_gate,no,0,table_requires_review_or_was_rejected
extracted_tables/046_Semi-Annual_Environmental_Monitoring_Report_for_CREAP_July_-_December_2023/table_032.csv,quarantined_tables/046_Semi-Annual_Environmental_Monitoring_Report_for_CREAP_July_-_December_2023/table_032.csv,review_required,unclassified,,blocked_quality_gate,no,0,table_requires_review_or_was_rejected
extracted_tables/046_Semi-Annual_Environmental_Monitoring_Report_for_CREAP_July_-_December_2023/table_033.csv,quarantined_tables/046_Semi-Annual_Environmental_Monitoring_Report_for_CREAP_July_-_December_2023/table_033.csv,review_required,unclassified,,blocked_quality_gate,no,0,table_requires_review_or_was_rejected
extracted_tables/046_Semi-Annual_Environmental_Monitoring_Report_for_CREAP_July_-_December_2023/table_034.csv,quarantined_tables/046_Semi-Annual_Environmental_Monitoring_Report_for_CREAP_July_-_December_2023/table_034.csv,review_required,unclassified,,blocked_quality_gate,no,0,table_requires_review_or_was_rejected
extracted_tables/046_Semi-Annual_Environmental_Monitoring_Report_for_CREAP_July_-_December_2023/table_035.csv,quarantined_tables/046_Semi-Annual_Environmental_Monitoring_Report_for_CREAP_July_-_December_2023/table_035.csv,review_required,unclassified,,blocked_quality_gate,no,0,table_requires_review_or_was_rejected
extracted_tables/046_Semi-Annual_Environmental_Monitoring_Report_for_CREAP_July_-_December_2023/table_036.csv,quarantined_tables/046_Semi-Annual_Environmental_Monitoring_Report_for_CREAP_July_-_December_2023/table_036.csv,review_required,unclassified,,blocked_quality_gate,no,0,table_requires_review_or_was_rejected
extracted_tables/046_Semi-Annual_Environmental_Monitoring_Report_for_CREAP_July_-_December_2023/table_037.csv,quarantined_tables/046_Semi-Annual_Environmental_Monitoring_Report_for_CREAP_July_-_December_2023/table_037.csv,review_required,unclassified,,blocked_quality_gate,no,0,table_requires_review_or_was_rejected
extracted_tables/046_Semi-Annual_Environmental_Monitoring_Report_for_CREAP_July_-_December_2023/table_038.csv,quarantined_tables/046_Semi-Annual_Environmental_Monitoring_Report_for_CREAP_July_-_December_2023/table_038.csv,review_required,unclassified,,blocked_quality_gate,no,0,table_requires_review_or_was_rejected
extracted_tables/046_Semi-Annual_Environmental_Monitoring_Report_for_CREAP_July_-_December_2023/table_039.csv,quarantined_tables/046_Semi-Annual_Environmental_Monitoring_Report_for_CREAP_July_-_December_2023/table_039.csv,review_required,unclassified,,blocked_quality_gate,no,0,table_requires_review_or_was_rejected
extracted_tables/046_Semi-Annual_Environmental_Monitoring_Report_for_CREAP_July_-_December_2023/table_040.csv,quarantined_tables/046_Semi-Annual_Environmental_Monitoring_Report_for_CREAP_July_-_December_2023/table_040.csv,review_required,unclassified,,blocked_quality_gate,no,0,table_requires_review_or_was_rejected
extracted_tables/046_Semi-Annual_Environmental_Monitoring_Report_for_CREAP_July_-_December_2023/table_041.csv,quarantined_tables/046_Semi-Annual_Environmental_Monitoring_Report_for_CREAP_July_-_December_2023/table_041.csv,review_required,unclassified,,blocked_quality_gate,no,0,table_requires_review_or_was_rejected
extracted_tables/046_Semi-Annual_Environmental_Monitoring_Report_for_CREAP_July_-_December_2023/table_042.csv,quarantined_tables/046_Semi-Annual_Environmental_Monitoring_Report_for_CREAP_July_-_December_2023/table_042.csv,review_required,unclassified,,blocked_quality_gate,no,0,table_requires_review_or_was_rejected
extracted_tables/046_Semi-Annual_Environmental_Monitoring_Report_for_CREAP_July_-_December_2023/table_043.csv,quarantined_tables/046_Semi-Annual_Environmental_Monitoring_Report_for_CREAP_July_-_December_2023/table_043.csv,review_required,unclassified,,blocked_quality_gate,no,0,table_requires_review_or_was_rejected
extracted_tables/046_Semi-Annual_Environmental_Monitoring_Report_for_CREAP_July_-_December_2023/table_044.csv,quarantined_tables/046_Semi-Annual_Environmental_Monitoring_Report_for_CREAP_July_-_December_2023/table_044.csv,review_required,unclassified,,blocked_quality_gate,no,0,table_requires_review_or_was_rejected
extracted_tables/046_Semi-Annual_Environmental_Monitoring_Report_for_CREAP_July_-_December_2023/table_045.csv,quarantined_tables/046_Semi-Annual_Environmental_Monitoring_Report_for_CREAP_July_-_December_2023/table_045.csv,review_required,unclassified,,blocked_quality_gate,no,0,table_requires_review_or_was_rejected
extracted_tables/046_Semi-Annual_Environmental_Monitoring_Report_for_CREAP_July_-_December_2023/table_046.csv,quarantined_tables/046_Semi-Annual_Environmental_Monitoring_Report_for_CREAP_July_-_December_2023/table_046.csv,review_required,unclassified,,blocked_quality_gate,no,0,table_requires_review_or_was_rejected
extracted_tables/046_Semi-Annual_Environmental_Monitoring_Report_for_CREAP_July_-_December_2023/table_047.csv,quarantined_tables/046_Semi-Annual_Environmental_Monitoring_Report_for_CREAP_July_-_December_2023/table_047.csv,review_required,unclassified,,blocked_quality_gate,no,0,table_requires_review_or_was_rejected
extracted_tables/046_Semi-Annual_Environmental_Monitoring_Report_for_CREAP_July_-_December_2023/table_048.csv,quarantined_tables/046_Semi-Annual_Environmental_Monitoring_Report_for_CREAP_July_-_December_2023/table_048.csv,review_required,unclassified,,blocked_quality_gate,no,0,table_requires_review_or_was_rejected
extracted_tables/046_Semi-Annual_Environmental_Monitoring_Report_for_CREAP_July_-_December_2023/table_049.csv,quarantined_tables/046_Semi-Annual_Environmental_Monitoring_Report_for_CREAP_July_-_December_2023/table_049.csv,review_required,unclassified,,blocked_quality_gate,no,0,table_requires_review_or_was_rejected
extracted_tables/046_Semi-Annual_Environmental_Monitoring_Report_for_CREAP_July_-_December_2023/table_050.csv,quarantined_tables/046_Semi-Annual_Environmental_Monitoring_Report_for_CREAP_July_-_December_2023/table_050.csv,review_required,unclassified,,blocked_quality_gate,no,0,table_requires_review_or_was_rejected
extracted_tables/046_Semi-Annual_Environmental_Monitoring_Report_for_CREAP_July_-_December_2023/table_051.csv,quarantined_tables/046_Semi-Annual_Environmental_Monitoring_Report_for_CREAP_July_-_December_2023/table_051.csv,review_required,unclassified,,blocked_quality_gate,no,0,table_requires_review_or_was_rejected
extracted_tables/046_Semi-Annual_Environmental_Monitoring_Report_for_CREAP_July_-_December_2023/table_052.csv,quarantined_tables/046_Semi-Annual_Environmental_Monitoring_Report_for_CREAP_July_-_December_2023/table_052.csv,rejected,unclassified,,blocked_quality_gate,no,0,table_requires_review_or_was_rejected
extracted_tables/046_Semi-Annual_Environmental_Monitoring_Report_for_CREAP_July_-_December_2023/table_053.csv,quarantined_tables/046_Semi-Annual_Environmental_Monitoring_Report_for_CREAP_July_-_December_2023/table_053.csv,rejected,unclassified,,blocked_quality_gate,no,0,table_requires_review_or_was_rejected
extracted_tables/046_Semi-Annual_Environmental_Monitoring_Report_for_CREAP_July_-_December_2023/table_054.csv,quarantined_tables/046_Semi-Annual_Environmental_Monitoring_Report_for_CREAP_July_-_December_2023/table_054.csv,rejected,unclassified,,blocked_quality_gate,no,0,table_requires_review_or_was_rejected
extracted_tables/046_Semi-Annual_Environmental_Monitoring_Report_for_CREAP_July_-_December_2023/table_055.csv,quarantined_tables/046_Semi-Annual_Environmental_Monitoring_Report_for_CREAP_July_-_December_2023/table_055.csv,rejected,unclassified,,blocked_quality_gate,no,0,table_requires_review_or_was_rejected
extracted_tables/046_Semi-Annual_Environmental_Monitoring_Report_for_CREAP_July_-_December_2023/table_056.csv,quarantined_tables/046_Semi-Annual_Environmental_Monitoring_Report_for_CREAP_July_-_December_2023/table_056.csv,review_required,unclassified,,blocked_quality_gate,no,0,table_requires_review_or_was_rejected
extracted_tables/047_Semi-annual_Environmental_Monitoring_Report_Jan-June-2020/table_001.csv,quarantined_tables/047_Semi-annual_Environmental_Monitoring_Report_Jan-June-2020/table_001.csv,review_required,unclassified,,blocked_quality_gate,no,0,table_requires_review_or_was_rejected
extracted_tables/047_Semi-annual_Environmental_Monitoring_Report_Jan-June-2020/table_002.csv,quarantined_tables/047_Semi-annual_Environmental_Monitoring_Report_Jan-June-2020/table_002.csv,review_required,unclassified,,blocked_quality_gate,no,0,table_requires_review_or_was_rejected
extracted_tables/047_Semi-annual_Environmental_Monitoring_Report_Jan-June-2020/table_003.csv,quarantined_tables/047_Semi-annual_Environmental_Monitoring_Report_Jan-June-2020/table_003.csv,review_required,unclassified,,blocked_quality_gate,no,0,table_requires_review_or_was_rejected
extracted_tables/047_Semi-annual_Environmental_Monitoring_Report_Jan-June-2020/table_004.csv,quarantined_tables/047_Semi-annual_Environmental_Monitoring_Report_Jan-June-2020/table_004.csv,review_required,unclassified,,blocked_quality_gate,no,0,table_requires_review_or_was_rejected
extracted_tables/047_Semi-annual_Environmental_Monitoring_Report_Jan-June-2020/table_005.csv,quarantined_tables/047_Semi-annual_Environmental_Monitoring_Report_Jan-June-2020/table_005.csv,review_required,unclassified,,blocked_quality_gate,no,0,table_requires_review_or_was_rejected
extracted_tables/047_Semi-annual_Environmental_Monitoring_Report_Jan-June-2020/table_006.csv,quarantined_tables/047_Semi-annual_Environmental_Monitoring_Report_Jan-June-2020/table_006.csv,review_required,unclassified,,blocked_quality_gate,no,0,table_requires_review_or_was_rejected
extracted_tables/047_Semi-annual_Environmental_Monitoring_Report_Jan-June-2020/table_007.csv,quarantined_tables/047_Semi-annual_Environmental_Monitoring_Report_Jan-June-2020/table_007.csv,review_required,unclassified,,blocked_quality_gate,no,0,table_requires_review_or_was_rejected
extracted_tables/047_Semi-annual_Environmental_Monitoring_Report_Jan-June-2020/table_008.csv,quarantined_tables/047_Semi-annual_Environmental_Monitoring_Report_Jan-June-2020/table_008.csv,review_required,unclassified,,blocked_quality_gate,no,0,table_requires_review_or_was_rejected
extracted_tables/047_Semi-annual_Environmental_Monitoring_Report_Jan-June-2020/table_009.csv,quarantined_tables/047_Semi-annual_Environmental_Monitoring_Report_Jan-June-2020/table_009.csv,review_required,unclassified,,blocked_quality_gate,no,0,table_requires_review_or_was_rejected
extracted_tables/048_Semi-annual_Environmental_Monitoring_Report_July-December-2020/table_001.csv,quarantined_tables/048_Semi-annual_Environmental_Monitoring_Report_July-December-2020/table_001.csv,review_required,unclassified,,blocked_quality_gate,no,0,table_requires_review_or_was_rejected
extracted_tables/048_Semi-annual_Environmental_Monitoring_Report_July-December-2020/table_002.csv,quarantined_tables/048_Semi-annual_Environmental_Monitoring_Report_July-December-2020/table_002.csv,review_required,unclassified,,blocked_quality_gate,no,0,table_requires_review_or_was_rejected
extracted_tables/048_Semi-annual_Environmental_Monitoring_Report_July-December-2020/table_003.csv,quarantined_tables/048_Semi-annual_Environmental_Monitoring_Report_July-December-2020/table_003.csv,review_required,unclassified,,blocked_quality_gate,no,0,table_requires_review_or_was_rejected
extracted_tables/048_Semi-annual_Environmental_Monitoring_Report_July-December-2020/table_004.csv,quarantined_tables/048_Semi-annual_Environmental_Monitoring_Report_July-December-2020/table_004.csv,review_required,unclassified,,blocked_quality_gate,no,0,table_requires_review_or_was_rejected
extracted_tables/048_Semi-annual_Environmental_Monitoring_Report_July-December-2020/table_005.csv,quarantined_tables/048_Semi-annual_Environmental_Monitoring_Report_July-December-2020/table_005.csv,review_required,unclassified,,blocked_quality_gate,no,0,table_requires_review_or_was_rejected
extracted_tables/048_Semi-annual_Environmental_Monitoring_Report_July-December-2020/table_006.csv,quarantined_tables/048_Semi-annual_Environmental_Monitoring_Report_July-December-2020/table_006.csv,review_required,unclassified,,blocked_quality_gate,no,0,table_requires_review_or_was_rejected
extracted_tables/048_Semi-annual_Environmental_Monitoring_Report_July-December-2020/table_007.csv,quarantined_tables/048_Semi-annual_Environmental_Monitoring_Report_July-December-2020/table_007.csv,review_required,unclassified,,blocked_quality_gate,no,0,table_requires_review_or_was_rejected
extracted_tables/048_Semi-annual_Environmental_Monitoring_Report_July-December-2020/table_008.csv,quarantined_tables/048_Semi-annual_Environmental_Monitoring_Report_July-December-2020/table_008.csv,review_required,unclassified,,blocked_quality_gate,no,0,table_requires_review_or_was_rejected
extracted_tables/048_Semi-annual_Environmental_Monitoring_Report_July-December-2020/table_009.csv,quarantined_tables/048_Semi-annual_Environmental_Monitoring_Report_July-December-2020/table_009.csv,review_required,unclassified,,blocked_quality_gate,no,0,table_requires_review_or_was_rejected
extracted_tables/048_Semi-annual_Environmental_Monitoring_Report_July-December-2020/table_010.csv,quarantined_tables/048_Semi-annual_Environmental_Monitoring_Report_July-December-2020/table_010.csv,review_required,unclassified,,blocked_quality_gate,no,0,table_requires_review_or_was_rejected
extracted_tables/048_Semi-annual_Environmental_Monitoring_Report_July-December-2020/table_011.csv,quarantined_tables/048_Semi-annual_Environmental_Monitoring_Report_July-December-2020/table_011.csv,review_required,unclassified,,blocked_quality_gate,no,0,table_requires_review_or_was_rejected
extracted_tables/048_Semi-annual_Environmental_Monitoring_Report_July-December-2020/table_012.csv,quarantined_tables/048_Semi-annual_Environmental_Monitoring_Report_July-December-2020/table_012.csv,review_required,unclassified,,blocked_quality_gate,no,0,table_requires_review_or_was_rejected
extracted_tables/049_Semi-annual_Environmental_Monitoring_Report_January-June-2021/table_001.csv,quarantined_tables/049_Semi-annual_Environmental_Monitoring_Report_January-June-2021/table_001.csv,review_required,unclassified,,blocked_quality_gate,no,0,table_requires_review_or_was_rejected
extracted_tables/049_Semi-annual_Environmental_Monitoring_Report_January-June-2021/table_002.csv,quarantined_tables/049_Semi-annual_Environmental_Monitoring_Report_January-June-2021/table_002.csv,review_required,unclassified,,blocked_quality_gate,no,0,table_requires_review_or_was_rejected
extracted_tables/049_Semi-annual_Environmental_Monitoring_Report_January-June-2021/table_003.csv,quarantined_tables/049_Semi-annual_Environmental_Monitoring_Report_January-June-2021/table_003.csv,review_required,unclassified,,blocked_quality_gate,no,0,table_requires_review_or_was_rejected
extracted_tables/049_Semi-annual_Environmental_Monitoring_Report_January-June-2021/table_004.csv,quarantined_tables/049_Semi-annual_Environmental_Monitoring_Report_January-June-2021/table_004.csv,review_required,unclassified,,blocked_quality_gate,no,0,table_requires_review_or_was_rejected
extracted_tables/049_Semi-annual_Environmental_Monitoring_Report_January-June-2021/table_005.csv,quarantined_tables/049_Semi-annual_Environmental_Monitoring_Report_January-June-2021/table_005.csv,review_required,unclassified,,blocked_quality_gate,no,0,table_requires_review_or_was_rejected
extracted_tables/049_Semi-annual_Environmental_Monitoring_Report_January-June-2021/table_006.csv,quarantined_tables/049_Semi-annual_Environmental_Monitoring_Report_January-June-2021/table_006.csv,review_required,unclassified,,blocked_quality_gate,no,0,table_requires_review_or_was_rejected
extracted_tables/049_Semi-annual_Environmental_Monitoring_Report_January-June-2021/table_007.csv,quarantined_tables/049_Semi-annual_Environmental_Monitoring_Report_January-June-2021/table_007.csv,review_required,unclassified,,blocked_quality_gate,no,0,table_requires_review_or_was_rejected
extracted_tables/049_Semi-annual_Environmental_Monitoring_Report_January-June-2021/table_008.csv,quarantined_tables/049_Semi-annual_Environmental_Monitoring_Report_January-June-2021/table_008.csv,review_required,unclassified,,blocked_quality_gate,no,0,table_requires_review_or_was_rejected
extracted_tables/049_Semi-annual_Environmental_Monitoring_Report_January-June-2021/table_009.csv,quarantined_tables/049_Semi-annual_Environmental_Monitoring_Report_January-June-2021/table_009.csv,review_required,unclassified,,blocked_quality_gate,no,0,table_requires_review_or_was_rejected
extracted_tables/049_Semi-annual_Environmental_Monitoring_Report_January-June-2021/table_010.csv,quarantined_tables/049_Semi-annual_Environmental_Monitoring_Report_January-June-2021/table_010.csv,review_required,unclassified,,blocked_quality_gate,no,0,table_requires_review_or_was_rejected
extracted_tables/049_Semi-annual_Environmental_Monitoring_Report_January-June-2021/table_011.csv,quarantined_tables/049_Semi-annual_Environmental_Monitoring_Report_January-June-2021/table_011.csv,review_required,unclassified,,blocked_quality_gate,no,0,table_requires_review_or_was_rejected
extracted_tables/050_Semi-annual_Environmental_Monitoring_Report_July_to_December_2021/table_001.csv,quarantined_tables/050_Semi-annual_Environmental_Monitoring_Report_July_to_December_2021/table_001.csv,review_required,unclassified,,blocked_quality_gate,no,0,table_requires_review_or_was_rejected
extracted_tables/050_Semi-annual_Environmental_Monitoring_Report_July_to_December_2021/table_002.csv,quarantined_tables/050_Semi-annual_Environmental_Monitoring_Report_July_to_December_2021/table_002.csv,review_required,unclassified,,blocked_quality_gate,no,0,table_requires_review_or_was_rejected
extracted_tables/050_Semi-annual_Environmental_Monitoring_Report_July_to_December_2021/table_003.csv,quarantined_tables/050_Semi-annual_Environmental_Monitoring_Report_July_to_December_2021/table_003.csv,review_required,unclassified,,blocked_quality_gate,no,0,table_requires_review_or_was_rejected
extracted_tables/050_Semi-annual_Environmental_Monitoring_Report_July_to_December_2021/table_004.csv,quarantined_tables/050_Semi-annual_Environmental_Monitoring_Report_July_to_December_2021/table_004.csv,review_required,unclassified,,blocked_quality_gate,no,0,table_requires_review_or_was_rejected
extracted_tables/050_Semi-annual_Environmental_Monitoring_Report_July_to_December_2021/table_005.csv,quarantined_tables/050_Semi-annual_Environmental_Monitoring_Report_July_to_December_2021/table_005.csv,review_required,unclassified,,blocked_quality_gate,no,0,table_requires_review_or_was_rejected
extracted_tables/050_Semi-annual_Environmental_Monitoring_Report_July_to_December_2021/table_006.csv,quarantined_tables/050_Semi-annual_Environmental_Monitoring_Report_July_to_December_2021/table_006.csv,review_required,unclassified,,blocked_quality_gate,no,0,table_requires_review_or_was_rejected
extracted_tables/050_Semi-annual_Environmental_Monitoring_Report_July_to_December_2021/table_007.csv,quarantined_tables/050_Semi-annual_Environmental_Monitoring_Report_July_to_December_2021/table_007.csv,review_required,unclassified,,blocked_quality_gate,no,0,table_requires_review_or_was_rejected
extracted_tables/050_Semi-annual_Environmental_Monitoring_Report_July_to_December_2021/table_008.csv,quarantined_tables/050_Semi-annual_Environmental_Monitoring_Report_July_to_December_2021/table_008.csv,review_required,unclassified,,blocked_quality_gate,no,0,table_requires_review_or_was_rejected
extracted_tables/050_Semi-annual_Environmental_Monitoring_Report_July_to_December_2021/table_009.csv,quarantined_tables/050_Semi-annual_Environmental_Monitoring_Report_July_to_December_2021/table_009.csv,review_required,unclassified,,blocked_quality_gate,no,0,table_requires_review_or_was_rejected
extracted_tables/050_Semi-annual_Environmental_Monitoring_Report_July_to_December_2021/table_010.csv,quarantined_tables/050_Semi-annual_Environmental_Monitoring_Report_July_to_December_2021/table_010.csv,review_required,unclassified,,blocked_quality_gate,no,0,table_requires_review_or_was_rejected
extracted_tables/050_Semi-annual_Environmental_Monitoring_Report_July_to_December_2021/table_011.csv,quarantined_tables/050_Semi-annual_Environmental_Monitoring_Report_July_to_December_2021/table_011.csv,review_required,unclassified,,blocked_quality_gate,no,0,table_requires_review_or_was_rejected
extracted_tables/050_Semi-annual_Environmental_Monitoring_Report_July_to_December_2021/table_012.csv,quarantined_tables/050_Semi-annual_Environmental_Monitoring_Report_July_to_December_2021/table_012.csv,review_required,unclassified,,blocked_quality_gate,no,0,table_requires_review_or_was_rejected
extracted_tables/050_Semi-annual_Environmental_Monitoring_Report_July_to_December_2021/table_013.csv,quarantined_tables/050_Semi-annual_Environmental_Monitoring_Report_July_to_December_2021/table_013.csv,review_required,unclassified,,blocked_quality_gate,no,0,table_requires_review_or_was_rejected
extracted_tables/050_Semi-annual_Environmental_Monitoring_Report_July_to_December_2021/table_014.csv,quarantined_tables/050_Semi-annual_Environmental_Monitoring_Report_July_to_December_2021/table_014.csv,rejected,unclassified,,blocked_quality_gate,no,0,table_requires_review_or_was_rejected
extracted_tables/050_Semi-annual_Environmental_Monitoring_Report_July_to_December_2021/table_015.csv,quarantined_tables/050_Semi-annual_Environmental_Monitoring_Report_July_to_December_2021/table_015.csv,rejected,unclassified,,blocked_quality_gate,no,0,table_requires_review_or_was_rejected
extracted_tables/051_Semi-annual_Environmental_Monitoring_Report_January_to_June_2022/table_001.csv,quarantined_tables/051_Semi-annual_Environmental_Monitoring_Report_January_to_June_2022/table_001.csv,review_required,unclassified,,blocked_quality_gate,no,0,table_requires_review_or_was_rejected
extracted_tables/051_Semi-annual_Environmental_Monitoring_Report_January_to_June_2022/table_002.csv,quarantined_tables/051_Semi-annual_Environmental_Monitoring_Report_January_to_June_2022/table_002.csv,review_required,unclassified,,blocked_quality_gate,no,0,table_requires_review_or_was_rejected
extracted_tables/051_Semi-annual_Environmental_Monitoring_Report_January_to_June_2022/table_003.csv,quarantined_tables/051_Semi-annual_Environmental_Monitoring_Report_January_to_June_2022/table_003.csv,review_required,unclassified,,blocked_quality_gate,no,0,table_requires_review_or_was_rejected
extracted_tables/051_Semi-annual_Environmental_Monitoring_Report_January_to_June_2022/table_004.csv,quarantined_tables/051_Semi-annual_Environmental_Monitoring_Report_January_to_June_2022/table_004.csv,review_required,unclassified,,blocked_quality_gate,no,0,table_requires_review_or_was_rejected
extracted_tables/051_Semi-annual_Environmental_Monitoring_Report_January_to_June_2022/table_005.csv,quarantined_tables/051_Semi-annual_Environmental_Monitoring_Report_January_to_June_2022/table_005.csv,review_required,unclassified,,blocked_quality_gate,no,0,table_requires_review_or_was_rejected
extracted_tables/051_Semi-annual_Environmental_Monitoring_Report_January_to_June_2022/table_006.csv,quarantined_tables/051_Semi-annual_Environmental_Monitoring_Report_January_to_June_2022/table_006.csv,review_required,unclassified,,blocked_quality_gate,no,0,table_requires_review_or_was_rejected
extracted_tables/051_Semi-annual_Environmental_Monitoring_Report_January_to_June_2022/table_007.csv,quarantined_tables/051_Semi-annual_Environmental_Monitoring_Report_January_to_June_2022/table_007.csv,review_required,unclassified,,blocked_quality_gate,no,0,table_requires_review_or_was_rejected
extracted_tables/051_Semi-annual_Environmental_Monitoring_Report_January_to_June_2022/table_008.csv,quarantined_tables/051_Semi-annual_Environmental_Monitoring_Report_January_to_June_2022/table_008.csv,review_required,unclassified,,blocked_quality_gate,no,0,table_requires_review_or_was_rejected
extracted_tables/051_Semi-annual_Environmental_Monitoring_Report_January_to_June_2022/table_009.csv,quarantined_tables/051_Semi-annual_Environmental_Monitoring_Report_January_to_June_2022/table_009.csv,review_required,unclassified,,blocked_quality_gate,no,0,table_requires_review_or_was_rejected
extracted_tables/051_Semi-annual_Environmental_Monitoring_Report_January_to_June_2022/table_010.csv,quarantined_tables/051_Semi-annual_Environmental_Monitoring_Report_January_to_June_2022/table_010.csv,rejected,unclassified,,blocked_quality_gate,no,0,table_requires_review_or_was_rejected
extracted_tables/051_Semi-annual_Environmental_Monitoring_Report_January_to_June_2022/table_011.csv,quarantined_tables/051_Semi-annual_Environmental_Monitoring_Report_January_to_June_2022/table_011.csv,review_required,unclassified,,blocked_quality_gate,no,0,table_requires_review_or_was_rejected
extracted_tables/051_Semi-annual_Environmental_Monitoring_Report_January_to_June_2022/table_012.csv,quarantined_tables/051_Semi-annual_Environmental_Monitoring_Report_January_to_June_2022/table_012.csv,review_required,unclassified,,blocked_quality_gate,no,0,table_requires_review_or_was_rejected
extracted_tables/051_Semi-annual_Environmental_Monitoring_Report_January_to_June_2022/table_013.csv,quarantined_tables/051_Semi-annual_Environmental_Monitoring_Report_January_to_June_2022/table_013.csv,review_required,unclassified,,blocked_quality_gate,no,0,table_requires_review_or_was_rejected
extracted_tables/052_Semi-annual_Environmental_Monitoring_Report_July_to_December_2022/table_001.csv,quarantined_tables/052_Semi-annual_Environmental_Monitoring_Report_July_to_December_2022/table_001.csv,review_required,unclassified,,blocked_quality_gate,no,0,table_requires_review_or_was_rejected
extracted_tables/052_Semi-annual_Environmental_Monitoring_Report_July_to_December_2022/table_002.csv,quarantined_tables/052_Semi-annual_Environmental_Monitoring_Report_July_to_December_2022/table_002.csv,review_required,unclassified,,blocked_quality_gate,no,0,table_requires_review_or_was_rejected
extracted_tables/052_Semi-annual_Environmental_Monitoring_Report_July_to_December_2022/table_003.csv,quarantined_tables/052_Semi-annual_Environmental_Monitoring_Report_July_to_December_2022/table_003.csv,review_required,unclassified,,blocked_quality_gate,no,0,table_requires_review_or_was_rejected
extracted_tables/052_Semi-annual_Environmental_Monitoring_Report_July_to_December_2022/table_004.csv,quarantined_tables/052_Semi-annual_Environmental_Monitoring_Report_July_to_December_2022/table_004.csv,review_required,unclassified,,blocked_quality_gate,no,0,table_requires_review_or_was_rejected
extracted_tables/052_Semi-annual_Environmental_Monitoring_Report_July_to_December_2022/table_005.csv,quarantined_tables/052_Semi-annual_Environmental_Monitoring_Report_July_to_December_2022/table_005.csv,review_required,unclassified,,blocked_quality_gate,no,0,table_requires_review_or_was_rejected
extracted_tables/052_Semi-annual_Environmental_Monitoring_Report_July_to_December_2022/table_006.csv,quarantined_tables/052_Semi-annual_Environmental_Monitoring_Report_July_to_December_2022/table_006.csv,review_required,unclassified,,blocked_quality_gate,no,0,table_requires_review_or_was_rejected
extracted_tables/052_Semi-annual_Environmental_Monitoring_Report_July_to_December_2022/table_007.csv,quarantined_tables/052_Semi-annual_Environmental_Monitoring_Report_July_to_December_2022/table_007.csv,review_required,unclassified,,blocked_quality_gate,no,0,table_requires_review_or_was_rejected
extracted_tables/052_Semi-annual_Environmental_Monitoring_Report_July_to_December_2022/table_008.csv,quarantined_tables/052_Semi-annual_Environmental_Monitoring_Report_July_to_December_2022/table_008.csv,review_required,unclassified,,blocked_quality_gate,no,0,table_requires_review_or_was_rejected
extracted_tables/052_Semi-annual_Environmental_Monitoring_Report_July_to_December_2022/table_009.csv,quarantined_tables/052_Semi-annual_Environmental_Monitoring_Report_July_to_December_2022/table_009.csv,review_required,unclassified,,blocked_quality_gate,no,0,table_requires_review_or_was_rejected
extracted_tables/052_Semi-annual_Environmental_Monitoring_Report_July_to_December_2022/table_010.csv,quarantined_tables/052_Semi-annual_Environmental_Monitoring_Report_July_to_December_2022/table_010.csv,review_required,unclassified,,blocked_quality_gate,no,0,table_requires_review_or_was_rejected
extracted_tables/052_Semi-annual_Environmental_Monitoring_Report_July_to_December_2022/table_011.csv,quarantined_tables/052_Semi-annual_Environmental_Monitoring_Report_July_to_December_2022/table_011.csv,rejected,unclassified,,blocked_quality_gate,no,0,table_requires_review_or_was_rejected
extracted_tables/052_Semi-annual_Environmental_Monitoring_Report_July_to_December_2022/table_012.csv,quarantined_tables/052_Semi-annual_Environmental_Monitoring_Report_July_to_December_2022/table_012.csv,review_required,unclassified,,blocked_quality_gate,no,0,table_requires_review_or_was_rejected
extracted_tables/052_Semi-annual_Environmental_Monitoring_Report_July_to_December_2022/table_013.csv,quarantined_tables/052_Semi-annual_Environmental_Monitoring_Report_July_to_December_2022/table_013.csv,review_required,unclassified,,blocked_quality_gate,no,0,table_requires_review_or_was_rejected
extracted_tables/052_Semi-annual_Environmental_Monitoring_Report_July_to_December_2022/table_014.csv,quarantined_tables/052_Semi-annual_Environmental_Monitoring_Report_July_to_December_2022/table_014.csv,review_required,unclassified,,blocked_quality_gate,no,0,table_requires_review_or_was_rejected
extracted_tables/052_Semi-annual_Environmental_Monitoring_Report_July_to_December_2022/table_015.csv,quarantined_tables/052_Semi-annual_Environmental_Monitoring_Report_July_to_December_2022/table_015.csv,review_required,unclassified,,blocked_quality_gate,no,0,table_requires_review_or_was_rejected
extracted_tables/052_Semi-annual_Environmental_Monitoring_Report_July_to_December_2022/table_016.csv,quarantined_tables/052_Semi-annual_Environmental_Monitoring_Report_July_to_December_2022/table_016.csv,review_required,unclassified,,blocked_quality_gate,no,0,table_requires_review_or_was_rejected
extracted_tables/052_Semi-annual_Environmental_Monitoring_Report_July_to_December_2022/table_017.csv,quarantined_tables/052_Semi-annual_Environmental_Monitoring_Report_July_to_December_2022/table_017.csv,review_required,unclassified,,blocked_quality_gate,no,0,table_requires_review_or_was_rejected
extracted_tables/052_Semi-annual_Environmental_Monitoring_Report_July_to_December_2022/table_018.csv,quarantined_tables/052_Semi-annual_Environmental_Monitoring_Report_July_to_December_2022/table_018.csv,review_required,unclassified,,blocked_quality_gate,no,0,table_requires_review_or_was_rejected
extracted_tables/052_Semi-annual_Environmental_Monitoring_Report_July_to_December_2022/table_019.csv,quarantined_tables/052_Semi-annual_Environmental_Monitoring_Report_July_to_December_2022/table_019.csv,review_required,unclassified,,blocked_quality_gate,no,0,table_requires_review_or_was_rejected
extracted_tables/052_Semi-annual_Environmental_Monitoring_Report_July_to_December_2022/table_020.csv,quarantined_tables/052_Semi-annual_Environmental_Monitoring_Report_July_to_December_2022/table_020.csv,review_required,unclassified,,blocked_quality_gate,no,0,table_requires_review_or_was_rejected
extracted_tables/053_Semi-annual_Environmental_Monitoring_Report_January_-_June_2023/table_001.csv,quarantined_tables/053_Semi-annual_Environmental_Monitoring_Report_January_-_June_2023/table_001.csv,review_required,unclassified,,blocked_quality_gate,no,0,table_requires_review_or_was_rejected
extracted_tables/053_Semi-annual_Environmental_Monitoring_Report_January_-_June_2023/table_002.csv,quarantined_tables/053_Semi-annual_Environmental_Monitoring_Report_January_-_June_2023/table_002.csv,review_required,unclassified,,blocked_quality_gate,no,0,table_requires_review_or_was_rejected
extracted_tables/053_Semi-annual_Environmental_Monitoring_Report_January_-_June_2023/table_003.csv,quarantined_tables/053_Semi-annual_Environmental_Monitoring_Report_January_-_June_2023/table_003.csv,review_required,unclassified,,blocked_quality_gate,no,0,table_requires_review_or_was_rejected
extracted_tables/053_Semi-annual_Environmental_Monitoring_Report_January_-_June_2023/table_004.csv,quarantined_tables/053_Semi-annual_Environmental_Monitoring_Report_January_-_June_2023/table_004.csv,review_required,unclassified,,blocked_quality_gate,no,0,table_requires_review_or_was_rejected
extracted_tables/053_Semi-annual_Environmental_Monitoring_Report_January_-_June_2023/table_005.csv,quarantined_tables/053_Semi-annual_Environmental_Monitoring_Report_January_-_June_2023/table_005.csv,review_required,unclassified,,blocked_quality_gate,no,0,table_requires_review_or_was_rejected
extracted_tables/053_Semi-annual_Environmental_Monitoring_Report_January_-_June_2023/table_006.csv,quarantined_tables/053_Semi-annual_Environmental_Monitoring_Report_January_-_June_2023/table_006.csv,review_required,unclassified,,blocked_quality_gate,no,0,table_requires_review_or_was_rejected
extracted_tables/053_Semi-annual_Environmental_Monitoring_Report_January_-_June_2023/table_007.csv,quarantined_tables/053_Semi-annual_Environmental_Monitoring_Report_January_-_June_2023/table_007.csv,review_required,unclassified,,blocked_quality_gate,no,0,table_requires_review_or_was_rejected
extracted_tables/053_Semi-annual_Environmental_Monitoring_Report_January_-_June_2023/table_008.csv,quarantined_tables/053_Semi-annual_Environmental_Monitoring_Report_January_-_June_2023/table_008.csv,review_required,unclassified,,blocked_quality_gate,no,0,table_requires_review_or_was_rejected
extracted_tables/053_Semi-annual_Environmental_Monitoring_Report_January_-_June_2023/table_009.csv,quarantined_tables/053_Semi-annual_Environmental_Monitoring_Report_January_-_June_2023/table_009.csv,review_required,unclassified,,blocked_quality_gate,no,0,table_requires_review_or_was_rejected
extracted_tables/053_Semi-annual_Environmental_Monitoring_Report_January_-_June_2023/table_010.csv,quarantined_tables/053_Semi-annual_Environmental_Monitoring_Report_January_-_June_2023/table_010.csv,rejected,unclassified,,blocked_quality_gate,no,0,table_requires_review_or_was_rejected
extracted_tables/053_Semi-annual_Environmental_Monitoring_Report_January_-_June_2023/table_011.csv,quarantined_tables/053_Semi-annual_Environmental_Monitoring_Report_January_-_June_2023/table_011.csv,review_required,unclassified,,blocked_quality_gate,no,0,table_requires_review_or_was_rejected
extracted_tables/053_Semi-annual_Environmental_Monitoring_Report_January_-_June_2023/table_012.csv,quarantined_tables/053_Semi-annual_Environmental_Monitoring_Report_January_-_June_2023/table_012.csv,review_required,unclassified,,blocked_quality_gate,no,0,table_requires_review_or_was_rejected
extracted_tables/053_Semi-annual_Environmental_Monitoring_Report_January_-_June_2023/table_013.csv,quarantined_tables/053_Semi-annual_Environmental_Monitoring_Report_January_-_June_2023/table_013.csv,review_required,unclassified,,blocked_quality_gate,no,0,table_requires_review_or_was_rejected
extracted_tables/053_Semi-annual_Environmental_Monitoring_Report_January_-_June_2023/table_014.csv,quarantined_tables/053_Semi-annual_Environmental_Monitoring_Report_January_-_June_2023/table_014.csv,rejected,unclassified,,blocked_quality_gate,no,0,table_requires_review_or_was_rejected
extracted_tables/054_Environmental_Management_Plan_Medical_Gas_System_CMCH/table_001.csv,quarantined_tables/054_Environmental_Management_Plan_Medical_Gas_System_CMCH/table_001.csv,review_required,unclassified,,blocked_quality_gate,no,0,table_requires_review_or_was_rejected
extracted_tables/054_Environmental_Management_Plan_Medical_Gas_System_CMCH/table_002.csv,quarantined_tables/054_Environmental_Management_Plan_Medical_Gas_System_CMCH/table_002.csv,review_required,unclassified,,blocked_quality_gate,no,0,table_requires_review_or_was_rejected
extracted_tables/054_Environmental_Management_Plan_Medical_Gas_System_CMCH/table_003.csv,quarantined_tables/054_Environmental_Management_Plan_Medical_Gas_System_CMCH/table_003.csv,review_required,unclassified,,blocked_quality_gate,no,0,table_requires_review_or_was_rejected
extracted_tables/054_Environmental_Management_Plan_Medical_Gas_System_CMCH/table_004.csv,quarantined_tables/054_Environmental_Management_Plan_Medical_Gas_System_CMCH/table_004.csv,review_required,unclassified,,blocked_quality_gate,no,0,table_requires_review_or_was_rejected
extracted_tables/054_Environmental_Management_Plan_Medical_Gas_System_CMCH/table_005.csv,quarantined_tables/054_Environmental_Management_Plan_Medical_Gas_System_CMCH/table_005.csv,review_required,unclassified,,blocked_quality_gate,no,0,table_requires_review_or_was_rejected
extracted_tables/054_Environmental_Management_Plan_Medical_Gas_System_CMCH/table_006.csv,quarantined_tables/054_Environmental_Management_Plan_Medical_Gas_System_CMCH/table_006.csv,review_required,unclassified,,blocked_quality_gate,no,0,table_requires_review_or_was_rejected
extracted_tables/054_Environmental_Management_Plan_Medical_Gas_System_CMCH/table_007.csv,quarantined_tables/054_Environmental_Management_Plan_Medical_Gas_System_CMCH/table_007.csv,review_required,unclassified,,blocked_quality_gate,no,0,table_requires_review_or_was_rejected
extracted_tables/054_Environmental_Management_Plan_Medical_Gas_System_CMCH/table_008.csv,quarantined_tables/054_Environmental_Management_Plan_Medical_Gas_System_CMCH/table_008.csv,review_required,unclassified,,blocked_quality_gate,no,0,table_requires_review_or_was_rejected
extracted_tables/054_Environmental_Management_Plan_Medical_Gas_System_CMCH/table_009.csv,quarantined_tables/054_Environmental_Management_Plan_Medical_Gas_System_CMCH/table_009.csv,review_required,unclassified,,blocked_quality_gate,no,0,table_requires_review_or_was_rejected
extracted_tables/055_Environmental_Management_Plan_Medical_Gas_System_CuMCH/table_001.csv,quarantined_tables/055_Environmental_Management_Plan_Medical_Gas_System_CuMCH/table_001.csv,review_required,unclassified,,blocked_quality_gate,no,0,table_requires_review_or_was_rejected
extracted_tables/055_Environmental_Management_Plan_Medical_Gas_System_CuMCH/table_002.csv,quarantined_tables/055_Environmental_Management_Plan_Medical_Gas_System_CuMCH/table_002.csv,review_required,unclassified,,blocked_quality_gate,no,0,table_requires_review_or_was_rejected
extracted_tables/055_Environmental_Management_Plan_Medical_Gas_System_CuMCH/table_003.csv,quarantined_tables/055_Environmental_Management_Plan_Medical_Gas_System_CuMCH/table_003.csv,review_required,unclassified,,blocked_quality_gate,no,0,table_requires_review_or_was_rejected
extracted_tables/055_Environmental_Management_Plan_Medical_Gas_System_CuMCH/table_004.csv,quarantined_tables/055_Environmental_Management_Plan_Medical_Gas_System_CuMCH/table_004.csv,review_required,unclassified,,blocked_quality_gate,no,0,table_requires_review_or_was_rejected
extracted_tables/055_Environmental_Management_Plan_Medical_Gas_System_CuMCH/table_005.csv,quarantined_tables/055_Environmental_Management_Plan_Medical_Gas_System_CuMCH/table_005.csv,review_required,unclassified,,blocked_quality_gate,no,0,table_requires_review_or_was_rejected
extracted_tables/055_Environmental_Management_Plan_Medical_Gas_System_CuMCH/table_006.csv,quarantined_tables/055_Environmental_Management_Plan_Medical_Gas_System_CuMCH/table_006.csv,review_required,unclassified,,blocked_quality_gate,no,0,table_requires_review_or_was_rejected
extracted_tables/055_Environmental_Management_Plan_Medical_Gas_System_CuMCH/table_007.csv,quarantined_tables/055_Environmental_Management_Plan_Medical_Gas_System_CuMCH/table_007.csv,review_required,unclassified,,blocked_quality_gate,no,0,table_requires_review_or_was_rejected
extracted_tables/055_Environmental_Management_Plan_Medical_Gas_System_CuMCH/table_008.csv,quarantined_tables/055_Environmental_Management_Plan_Medical_Gas_System_CuMCH/table_008.csv,review_required,unclassified,,blocked_quality_gate,no,0,table_requires_review_or_was_rejected
extracted_tables/055_Environmental_Management_Plan_Medical_Gas_System_CuMCH/table_009.csv,quarantined_tables/055_Environmental_Management_Plan_Medical_Gas_System_CuMCH/table_009.csv,rejected,unclassified,,blocked_quality_gate,no,0,table_requires_review_or_was_rejected
extracted_tables/055_Environmental_Management_Plan_Medical_Gas_System_CuMCH/table_010.csv,quarantined_tables/055_Environmental_Management_Plan_Medical_Gas_System_CuMCH/table_010.csv,rejected,unclassified,,blocked_quality_gate,no,0,table_requires_review_or_was_rejected
extracted_tables/055_Environmental_Management_Plan_Medical_Gas_System_CuMCH/table_011.csv,quarantined_tables/055_Environmental_Management_Plan_Medical_Gas_System_CuMCH/table_011.csv,review_required,unclassified,,blocked_quality_gate,no,0,table_requires_review_or_was_rejected
extracted_tables/056_Environmental_Management_Plan_Medical_Gas_System_DMCH/table_001.csv,quarantined_tables/056_Environmental_Management_Plan_Medical_Gas_System_DMCH/table_001.csv,review_required,unclassified,,blocked_quality_gate,no,0,table_requires_review_or_was_rejected
extracted_tables/056_Environmental_Management_Plan_Medical_Gas_System_DMCH/table_002.csv,quarantined_tables/056_Environmental_Management_Plan_Medical_Gas_System_DMCH/table_002.csv,review_required,unclassified,,blocked_quality_gate,no,0,table_requires_review_or_was_rejected
extracted_tables/056_Environmental_Management_Plan_Medical_Gas_System_DMCH/table_003.csv,quarantined_tables/056_Environmental_Management_Plan_Medical_Gas_System_DMCH/table_003.csv,review_required,unclassified,,blocked_quality_gate,no,0,table_requires_review_or_was_rejected
extracted_tables/056_Environmental_Management_Plan_Medical_Gas_System_DMCH/table_004.csv,quarantined_tables/056_Environmental_Management_Plan_Medical_Gas_System_DMCH/table_004.csv,review_required,unclassified,,blocked_quality_gate,no,0,table_requires_review_or_was_rejected
extracted_tables/056_Environmental_Management_Plan_Medical_Gas_System_DMCH/table_005.csv,quarantined_tables/056_Environmental_Management_Plan_Medical_Gas_System_DMCH/table_005.csv,review_required,unclassified,,blocked_quality_gate,no,0,table_requires_review_or_was_rejected
extracted_tables/057_Environmental_Management_Plan_Medical_Gas_System_KMCH/table_001.csv,quarantined_tables/057_Environmental_Management_Plan_Medical_Gas_System_KMCH/table_001.csv,review_required,unclassified,,blocked_quality_gate,no,0,table_requires_review_or_was_rejected
extracted_tables/057_Environmental_Management_Plan_Medical_Gas_System_KMCH/table_002.csv,quarantined_tables/057_Environmental_Management_Plan_Medical_Gas_System_KMCH/table_002.csv,review_required,unclassified,,blocked_quality_gate,no,0,table_requires_review_or_was_rejected
extracted_tables/057_Environmental_Management_Plan_Medical_Gas_System_KMCH/table_003.csv,quarantined_tables/057_Environmental_Management_Plan_Medical_Gas_System_KMCH/table_003.csv,review_required,unclassified,,blocked_quality_gate,no,0,table_requires_review_or_was_rejected
extracted_tables/057_Environmental_Management_Plan_Medical_Gas_System_KMCH/table_004.csv,quarantined_tables/057_Environmental_Management_Plan_Medical_Gas_System_KMCH/table_004.csv,review_required,unclassified,,blocked_quality_gate,no,0,table_requires_review_or_was_rejected
extracted_tables/057_Environmental_Management_Plan_Medical_Gas_System_KMCH/table_005.csv,quarantined_tables/057_Environmental_Management_Plan_Medical_Gas_System_KMCH/table_005.csv,review_required,unclassified,,blocked_quality_gate,no,0,table_requires_review_or_was_rejected
extracted_tables/057_Environmental_Management_Plan_Medical_Gas_System_KMCH/table_006.csv,quarantined_tables/057_Environmental_Management_Plan_Medical_Gas_System_KMCH/table_006.csv,review_required,unclassified,,blocked_quality_gate,no,0,table_requires_review_or_was_rejected
extracted_tables/058_Environmental_Management_Plan_Medical_Gas_System_MMCH/table_001.csv,quarantined_tables/058_Environmental_Management_Plan_Medical_Gas_System_MMCH/table_001.csv,review_required,unclassified,,blocked_quality_gate,no,0,table_requires_review_or_was_rejected
extracted_tables/058_Environmental_Management_Plan_Medical_Gas_System_MMCH/table_002.csv,quarantined_tables/058_Environmental_Management_Plan_Medical_Gas_System_MMCH/table_002.csv,review_required,unclassified,,blocked_quality_gate,no,0,table_requires_review_or_was_rejected
extracted_tables/058_Environmental_Management_Plan_Medical_Gas_System_MMCH/table_003.csv,quarantined_tables/058_Environmental_Management_Plan_Medical_Gas_System_MMCH/table_003.csv,review_required,unclassified,,blocked_quality_gate,no,0,table_requires_review_or_was_rejected
extracted_tables/058_Environmental_Management_Plan_Medical_Gas_System_MMCH/table_004.csv,quarantined_tables/058_Environmental_Management_Plan_Medical_Gas_System_MMCH/table_004.csv,review_required,unclassified,,blocked_quality_gate,no,0,table_requires_review_or_was_rejected
extracted_tables/058_Environmental_Management_Plan_Medical_Gas_System_MMCH/table_005.csv,quarantined_tables/058_Environmental_Management_Plan_Medical_Gas_System_MMCH/table_005.csv,review_required,unclassified,,blocked_quality_gate,no,0,table_requires_review_or_was_rejected
extracted_tables/059_Environmental_Management_Plan_Medical_Gas_System_Mugdha/table_001.csv,quarantined_tables/059_Environmental_Management_Plan_Medical_Gas_System_Mugdha/table_001.csv,review_required,unclassified,,blocked_quality_gate,no,0,table_requires_review_or_was_rejected
extracted_tables/059_Environmental_Management_Plan_Medical_Gas_System_Mugdha/table_002.csv,quarantined_tables/059_Environmental_Management_Plan_Medical_Gas_System_Mugdha/table_002.csv,review_required,unclassified,,blocked_quality_gate,no,0,table_requires_review_or_was_rejected
extracted_tables/059_Environmental_Management_Plan_Medical_Gas_System_Mugdha/table_003.csv,quarantined_tables/059_Environmental_Management_Plan_Medical_Gas_System_Mugdha/table_003.csv,review_required,unclassified,,blocked_quality_gate,no,0,table_requires_review_or_was_rejected
extracted_tables/059_Environmental_Management_Plan_Medical_Gas_System_Mugdha/table_004.csv,quarantined_tables/059_Environmental_Management_Plan_Medical_Gas_System_Mugdha/table_004.csv,review_required,unclassified,,blocked_quality_gate,no,0,table_requires_review_or_was_rejected
extracted_tables/059_Environmental_Management_Plan_Medical_Gas_System_Mugdha/table_005.csv,quarantined_tables/059_Environmental_Management_Plan_Medical_Gas_System_Mugdha/table_005.csv,review_required,unclassified,,blocked_quality_gate,no,0,table_requires_review_or_was_rejected
extracted_tables/059_Environmental_Management_Plan_Medical_Gas_System_Mugdha/table_006.csv,quarantined_tables/059_Environmental_Management_Plan_Medical_Gas_System_Mugdha/table_006.csv,review_required,unclassified,,blocked_quality_gate,no,0,table_requires_review_or_was_rejected
extracted_tables/059_Environmental_Management_Plan_Medical_Gas_System_Mugdha/table_007.csv,quarantined_tables/059_Environmental_Management_Plan_Medical_Gas_System_Mugdha/table_007.csv,review_required,unclassified,,blocked_quality_gate,no,0,table_requires_review_or_was_rejected
extracted_tables/060_Environmental_Management_Plan_Medical_Gas_System_SSMCH/table_001.csv,quarantined_tables/060_Environmental_Management_Plan_Medical_Gas_System_SSMCH/table_001.csv,review_required,unclassified,,blocked_quality_gate,no,0,table_requires_review_or_was_rejected
extracted_tables/060_Environmental_Management_Plan_Medical_Gas_System_SSMCH/table_002.csv,quarantined_tables/060_Environmental_Management_Plan_Medical_Gas_System_SSMCH/table_002.csv,review_required,unclassified,,blocked_quality_gate,no,0,table_requires_review_or_was_rejected
extracted_tables/060_Environmental_Management_Plan_Medical_Gas_System_SSMCH/table_003.csv,quarantined_tables/060_Environmental_Management_Plan_Medical_Gas_System_SSMCH/table_003.csv,review_required,unclassified,,blocked_quality_gate,no,0,table_requires_review_or_was_rejected
extracted_tables/060_Environmental_Management_Plan_Medical_Gas_System_SSMCH/table_004.csv,quarantined_tables/060_Environmental_Management_Plan_Medical_Gas_System_SSMCH/table_004.csv,review_required,unclassified,,blocked_quality_gate,no,0,table_requires_review_or_was_rejected
extracted_tables/060_Environmental_Management_Plan_Medical_Gas_System_SSMCH/table_005.csv,quarantined_tables/060_Environmental_Management_Plan_Medical_Gas_System_SSMCH/table_005.csv,review_required,unclassified,,blocked_quality_gate,no,0,table_requires_review_or_was_rejected
extracted_tables/060_Environmental_Management_Plan_Medical_Gas_System_SSMCH/table_006.csv,quarantined_tables/060_Environmental_Management_Plan_Medical_Gas_System_SSMCH/table_006.csv,review_required,unclassified,,blocked_quality_gate,no,0,table_requires_review_or_was_rejected
extracted_tables/061_Environmental_Management_Plan_Medical_Gas_RMCH/table_001.csv,quarantined_tables/061_Environmental_Management_Plan_Medical_Gas_RMCH/table_001.csv,review_required,unclassified,,blocked_quality_gate,no,0,table_requires_review_or_was_rejected
extracted_tables/061_Environmental_Management_Plan_Medical_Gas_RMCH/table_002.csv,quarantined_tables/061_Environmental_Management_Plan_Medical_Gas_RMCH/table_002.csv,review_required,unclassified,,blocked_quality_gate,no,0,table_requires_review_or_was_rejected
extracted_tables/061_Environmental_Management_Plan_Medical_Gas_RMCH/table_003.csv,quarantined_tables/061_Environmental_Management_Plan_Medical_Gas_RMCH/table_003.csv,review_required,unclassified,,blocked_quality_gate,no,0,table_requires_review_or_was_rejected
extracted_tables/061_Environmental_Management_Plan_Medical_Gas_RMCH/table_004.csv,quarantined_tables/061_Environmental_Management_Plan_Medical_Gas_RMCH/table_004.csv,review_required,unclassified,,blocked_quality_gate,no,0,table_requires_review_or_was_rejected
extracted_tables/061_Environmental_Management_Plan_Medical_Gas_RMCH/table_005.csv,quarantined_tables/061_Environmental_Management_Plan_Medical_Gas_RMCH/table_005.csv,review_required,unclassified,,blocked_quality_gate,no,0,table_requires_review_or_was_rejected
extracted_tables/061_Environmental_Management_Plan_Medical_Gas_RMCH/table_006.csv,quarantined_tables/061_Environmental_Management_Plan_Medical_Gas_RMCH/table_006.csv,review_required,unclassified,,blocked_quality_gate,no,0,table_requires_review_or_was_rejected
extracted_tables/061_Environmental_Management_Plan_Medical_Gas_RMCH/table_007.csv,quarantined_tables/061_Environmental_Management_Plan_Medical_Gas_RMCH/table_007.csv,review_required,unclassified,,blocked_quality_gate,no,0,table_requires_review_or_was_rejected
extracted_tables/061_Environmental_Management_Plan_Medical_Gas_RMCH/table_008.csv,quarantined_tables/061_Environmental_Management_Plan_Medical_Gas_RMCH/table_008.csv,review_required,unclassified,,blocked_quality_gate,no,0,table_requires_review_or_was_rejected
extracted_tables/061_Environmental_Management_Plan_Medical_Gas_RMCH/table_009.csv,quarantined_tables/061_Environmental_Management_Plan_Medical_Gas_RMCH/table_009.csv,review_required,unclassified,,blocked_quality_gate,no,0,table_requires_review_or_was_rejected
extracted_tables/061_Environmental_Management_Plan_Medical_Gas_RMCH/table_010.csv,quarantined_tables/061_Environmental_Management_Plan_Medical_Gas_RMCH/table_010.csv,review_required,unclassified,,blocked_quality_gate,no,0,table_requires_review_or_was_rejected
extracted_tables/062_Environmental_Management_Plan_PCR_Lab_DNCC/table_001.csv,quarantined_tables/062_Environmental_Management_Plan_PCR_Lab_DNCC/table_001.csv,review_required,unclassified,,blocked_quality_gate,no,0,table_requires_review_or_was_rejected
extracted_tables/062_Environmental_Management_Plan_PCR_Lab_DNCC/table_002.csv,quarantined_tables/062_Environmental_Management_Plan_PCR_Lab_DNCC/table_002.csv,review_required,unclassified,,blocked_quality_gate,no,0,table_requires_review_or_was_rejected
extracted_tables/062_Environmental_Management_Plan_PCR_Lab_DNCC/table_003.csv,quarantined_tables/062_Environmental_Management_Plan_PCR_Lab_DNCC/table_003.csv,review_required,unclassified,,blocked_quality_gate,no,0,table_requires_review_or_was_rejected
extracted_tables/062_Environmental_Management_Plan_PCR_Lab_DNCC/table_004.csv,quarantined_tables/062_Environmental_Management_Plan_PCR_Lab_DNCC/table_004.csv,review_required,unclassified,,blocked_quality_gate,no,0,table_requires_review_or_was_rejected
extracted_tables/062_Environmental_Management_Plan_PCR_Lab_DNCC/table_005.csv,quarantined_tables/062_Environmental_Management_Plan_PCR_Lab_DNCC/table_005.csv,review_required,unclassified,,blocked_quality_gate,no,0,table_requires_review_or_was_rejected
extracted_tables/063_Environmental_Management_Plan_PCR_Lab_NIPSOM/table_001.csv,quarantined_tables/063_Environmental_Management_Plan_PCR_Lab_NIPSOM/table_001.csv,review_required,unclassified,,blocked_quality_gate,no,0,table_requires_review_or_was_rejected
extracted_tables/063_Environmental_Management_Plan_PCR_Lab_NIPSOM/table_002.csv,quarantined_tables/063_Environmental_Management_Plan_PCR_Lab_NIPSOM/table_002.csv,review_required,unclassified,,blocked_quality_gate,no,0,table_requires_review_or_was_rejected
extracted_tables/063_Environmental_Management_Plan_PCR_Lab_NIPSOM/table_003.csv,quarantined_tables/063_Environmental_Management_Plan_PCR_Lab_NIPSOM/table_003.csv,review_required,unclassified,,blocked_quality_gate,no,0,table_requires_review_or_was_rejected
extracted_tables/063_Environmental_Management_Plan_PCR_Lab_NIPSOM/table_004.csv,quarantined_tables/063_Environmental_Management_Plan_PCR_Lab_NIPSOM/table_004.csv,review_required,unclassified,,blocked_quality_gate,no,0,table_requires_review_or_was_rejected
extracted_tables/063_Environmental_Management_Plan_PCR_Lab_NIPSOM/table_005.csv,quarantined_tables/063_Environmental_Management_Plan_PCR_Lab_NIPSOM/table_005.csv,review_required,unclassified,,blocked_quality_gate,no,0,table_requires_review_or_was_rejected
extracted_tables/064_Environmental_Assessment_and_Review_Framework__17_April_/table_001.csv,quarantined_tables/064_Environmental_Assessment_and_Review_Framework__17_April_/table_001.csv,review_required,unclassified,,blocked_quality_gate,no,0,table_requires_review_or_was_rejected
extracted_tables/064_Environmental_Assessment_and_Review_Framework__17_April_/table_002.csv,quarantined_tables/064_Environmental_Assessment_and_Review_Framework__17_April_/table_002.csv,review_required,unclassified,,blocked_quality_gate,no,0,table_requires_review_or_was_rejected
extracted_tables/064_Environmental_Assessment_and_Review_Framework__17_April_/table_003.csv,quarantined_tables/064_Environmental_Assessment_and_Review_Framework__17_April_/table_003.csv,review_required,unclassified,,blocked_quality_gate,no,0,table_requires_review_or_was_rejected
extracted_tables/064_Environmental_Assessment_and_Review_Framework__17_April_/table_004.csv,quarantined_tables/064_Environmental_Assessment_and_Review_Framework__17_April_/table_004.csv,review_required,unclassified,,blocked_quality_gate,no,0,table_requires_review_or_was_rejected
extracted_tables/064_Environmental_Assessment_and_Review_Framework__17_April_/table_005.csv,quarantined_tables/064_Environmental_Assessment_and_Review_Framework__17_April_/table_005.csv,review_required,unclassified,,blocked_quality_gate,no,0,table_requires_review_or_was_rejected
extracted_tables/064_Environmental_Assessment_and_Review_Framework__17_April_/table_006.csv,quarantined_tables/064_Environmental_Assessment_and_Review_Framework__17_April_/table_006.csv,review_required,unclassified,,blocked_quality_gate,no,0,table_requires_review_or_was_rejected
extracted_tables/064_Environmental_Assessment_and_Review_Framework__17_April_/table_007.csv,quarantined_tables/064_Environmental_Assessment_and_Review_Framework__17_April_/table_007.csv,review_required,unclassified,,blocked_quality_gate,no,0,table_requires_review_or_was_rejected
extracted_tables/064_Environmental_Assessment_and_Review_Framework__17_April_/table_008.csv,quarantined_tables/064_Environmental_Assessment_and_Review_Framework__17_April_/table_008.csv,review_required,unclassified,,blocked_quality_gate,no,0,table_requires_review_or_was_rejected
extracted_tables/064_Environmental_Assessment_and_Review_Framework__17_April_/table_009.csv,quarantined_tables/064_Environmental_Assessment_and_Review_Framework__17_April_/table_009.csv,review_required,unclassified,,blocked_quality_gate,no,0,table_requires_review_or_was_rejected
extracted_tables/064_Environmental_Assessment_and_Review_Framework__17_April_/table_010.csv,quarantined_tables/064_Environmental_Assessment_and_Review_Framework__17_April_/table_010.csv,review_required,unclassified,,blocked_quality_gate,no,0,table_requires_review_or_was_rejected
extracted_tables/064_Environmental_Assessment_and_Review_Framework__17_April_/table_011.csv,quarantined_tables/064_Environmental_Assessment_and_Review_Framework__17_April_/table_011.csv,review_required,unclassified,,blocked_quality_gate,no,0,table_requires_review_or_was_rejected
extracted_tables/064_Environmental_Assessment_and_Review_Framework__17_April_/table_012.csv,quarantined_tables/064_Environmental_Assessment_and_Review_Framework__17_April_/table_012.csv,review_required,unclassified,,blocked_quality_gate,no,0,table_requires_review_or_was_rejected
extracted_tables/064_Environmental_Assessment_and_Review_Framework__17_April_/table_013.csv,quarantined_tables/064_Environmental_Assessment_and_Review_Framework__17_April_/table_013.csv,review_required,unclassified,,blocked_quality_gate,no,0,table_requires_review_or_was_rejected
extracted_tables/064_Environmental_Assessment_and_Review_Framework__17_April_/table_014.csv,quarantined_tables/064_Environmental_Assessment_and_Review_Framework__17_April_/table_014.csv,review_required,unclassified,,blocked_quality_gate,no,0,table_requires_review_or_was_rejected
extracted_tables/064_Environmental_Assessment_and_Review_Framework__17_April_/table_015.csv,quarantined_tables/064_Environmental_Assessment_and_Review_Framework__17_April_/table_015.csv,review_required,unclassified,,blocked_quality_gate,no,0,table_requires_review_or_was_rejected
extracted_tables/064_Environmental_Assessment_and_Review_Framework__17_April_/table_016.csv,quarantined_tables/064_Environmental_Assessment_and_Review_Framework__17_April_/table_016.csv,review_required,unclassified,,blocked_quality_gate,no,0,table_requires_review_or_was_rejected
extracted_tables/064_Environmental_Assessment_and_Review_Framework__17_April_/table_017.csv,quarantined_tables/064_Environmental_Assessment_and_Review_Framework__17_April_/table_017.csv,review_required,unclassified,,blocked_quality_gate,no,0,table_requires_review_or_was_rejected
extracted_tables/064_Environmental_Assessment_and_Review_Framework__17_April_/table_018.csv,quarantined_tables/064_Environmental_Assessment_and_Review_Framework__17_April_/table_018.csv,review_required,unclassified,,blocked_quality_gate,no,0,table_requires_review_or_was_rejected
extracted_tables/064_Environmental_Assessment_and_Review_Framework__17_April_/table_019.csv,quarantined_tables/064_Environmental_Assessment_and_Review_Framework__17_April_/table_019.csv,review_required,unclassified,,blocked_quality_gate,no,0,table_requires_review_or_was_rejected
extracted_tables/064_Environmental_Assessment_and_Review_Framework__17_April_/table_020.csv,quarantined_tables/064_Environmental_Assessment_and_Review_Framework__17_April_/table_020.csv,review_required,unclassified,,blocked_quality_gate,no,0,table_requires_review_or_was_rejected
extracted_tables/064_Environmental_Assessment_and_Review_Framework__17_April_/table_021.csv,quarantined_tables/064_Environmental_Assessment_and_Review_Framework__17_April_/table_021.csv,review_required,unclassified,,blocked_quality_gate,no,0,table_requires_review_or_was_rejected
extracted_tables/064_Environmental_Assessment_and_Review_Framework__17_April_/table_022.csv,quarantined_tables/064_Environmental_Assessment_and_Review_Framework__17_April_/table_022.csv,review_required,unclassified,,blocked_quality_gate,no,0,table_requires_review_or_was_rejected
extracted_tables/064_Environmental_Assessment_and_Review_Framework__17_April_/table_023.csv,quarantined_tables/064_Environmental_Assessment_and_Review_Framework__17_April_/table_023.csv,review_required,unclassified,,blocked_quality_gate,no,0,table_requires_review_or_was_rejected
extracted_tables/064_Environmental_Assessment_and_Review_Framework__17_April_/table_024.csv,quarantined_tables/064_Environmental_Assessment_and_Review_Framework__17_April_/table_024.csv,review_required,unclassified,,blocked_quality_gate,no,0,table_requires_review_or_was_rejected
extracted_tables/064_Environmental_Assessment_and_Review_Framework__17_April_/table_025.csv,quarantined_tables/064_Environmental_Assessment_and_Review_Framework__17_April_/table_025.csv,review_required,unclassified,,blocked_quality_gate,no,0,table_requires_review_or_was_rejected
extracted_tables/064_Environmental_Assessment_and_Review_Framework__17_April_/table_026.csv,quarantined_tables/064_Environmental_Assessment_and_Review_Framework__17_April_/table_026.csv,review_required,unclassified,,blocked_quality_gate,no,0,table_requires_review_or_was_rejected
extracted_tables/064_Environmental_Assessment_and_Review_Framework__17_April_/table_027.csv,quarantined_tables/064_Environmental_Assessment_and_Review_Framework__17_April_/table_027.csv,rejected,unclassified,,blocked_quality_gate,no,0,table_requires_review_or_was_rejected
extracted_tables/064_Environmental_Assessment_and_Review_Framework__17_April_/table_028.csv,quarantined_tables/064_Environmental_Assessment_and_Review_Framework__17_April_/table_028.csv,review_required,unclassified,,blocked_quality_gate,no,0,table_requires_review_or_was_rejected
extracted_tables/064_Environmental_Assessment_and_Review_Framework__17_April_/table_029.csv,quarantined_tables/064_Environmental_Assessment_and_Review_Framework__17_April_/table_029.csv,review_required,unclassified,,blocked_quality_gate,no,0,table_requires_review_or_was_rejected
extracted_tables/064_Environmental_Assessment_and_Review_Framework__17_April_/table_030.csv,quarantined_tables/064_Environmental_Assessment_and_Review_Framework__17_April_/table_030.csv,review_required,unclassified,,blocked_quality_gate,no,0,table_requires_review_or_was_rejected
extracted_tables/064_Environmental_Assessment_and_Review_Framework__17_April_/table_031.csv,quarantined_tables/064_Environmental_Assessment_and_Review_Framework__17_April_/table_031.csv,review_required,unclassified,,blocked_quality_gate,no,0,table_requires_review_or_was_rejected
extracted_tables/064_Environmental_Assessment_and_Review_Framework__17_April_/table_032.csv,quarantined_tables/064_Environmental_Assessment_and_Review_Framework__17_April_/table_032.csv,review_required,unclassified,,blocked_quality_gate,no,0,table_requires_review_or_was_rejected
extracted_tables/067_Information_on_Corona_hospitals_beds_and_others_/table_001.csv,quarantined_tables/067_Information_on_Corona_hospitals_beds_and_others_/table_001.csv,review_required,unclassified,,blocked_quality_gate,no,0,table_requires_review_or_was_rejected
extracted_tables/067_Information_on_Corona_hospitals_beds_and_others_/table_002.csv,quarantined_tables/067_Information_on_Corona_hospitals_beds_and_others_/table_002.csv,review_required,unclassified,,blocked_quality_gate,no,0,table_requires_review_or_was_rejected
extracted_tables/067_Information_on_Corona_hospitals_beds_and_others_/table_003.csv,quarantined_tables/067_Information_on_Corona_hospitals_beds_and_others_/table_003.csv,review_required,unclassified,,blocked_quality_gate,no,0,table_requires_review_or_was_rejected
extracted_tables/067_Information_on_Corona_hospitals_beds_and_others_/table_004.csv,quarantined_tables/067_Information_on_Corona_hospitals_beds_and_others_/table_004.csv,review_required,unclassified,,blocked_quality_gate,no,0,table_requires_review_or_was_rejected
extracted_tables/067_Information_on_Corona_hospitals_beds_and_others_/table_005.csv,quarantined_tables/067_Information_on_Corona_hospitals_beds_and_others_/table_005.csv,review_required,unclassified,,blocked_quality_gate,no,0,table_requires_review_or_was_rejected
extracted_tables/068_Press-release-of-02-05-2026_pdf/table_001.csv,quarantined_tables/068_Press-release-of-02-05-2026_pdf/table_001.csv,review_required,unclassified,,blocked_quality_gate,no,0,table_requires_review_or_was_rejected
extracted_tables/068_Press-release-of-02-05-2026_pdf/table_002.csv,quarantined_tables/068_Press-release-of-02-05-2026_pdf/table_002.csv,review_required,unclassified,,blocked_quality_gate,no,0,table_requires_review_or_was_rejected
extracted_tables/068_Press-release-of-02-05-2026_pdf/table_003.csv,quarantined_tables/068_Press-release-of-02-05-2026_pdf/table_003.csv,review_required,unclassified,,blocked_quality_gate,no,0,table_requires_review_or_was_rejected
extracted_tables/068_Press-release-of-02-05-2026_pdf/table_004.csv,quarantined_tables/068_Press-release-of-02-05-2026_pdf/table_004.csv,review_required,unclassified,,blocked_quality_gate,no,0,table_requires_review_or_was_rejected
extracted_tables/068_Press-release-of-02-05-2026_pdf/table_005.csv,quarantined_tables/068_Press-release-of-02-05-2026_pdf/table_005.csv,review_required,unclassified,,blocked_quality_gate,no,0,table_requires_review_or_was_rejected
extracted_tables/068_Press-release-of-02-05-2026_pdf/table_006.csv,quarantined_tables/068_Press-release-of-02-05-2026_pdf/table_006.csv,review_required,unclassified,,blocked_quality_gate,no,0,table_requires_review_or_was_rejected
extracted_tables/068_Press-release-of-02-05-2026_pdf/table_007.csv,quarantined_tables/068_Press-release-of-02-05-2026_pdf/table_007.csv,review_required,unclassified,,blocked_quality_gate,no,0,table_requires_review_or_was_rejected
extracted_tables/068_Press-release-of-02-05-2026_pdf/table_008.csv,quarantined_tables/068_Press-release-of-02-05-2026_pdf/table_008.csv,review_required,unclassified,,blocked_quality_gate,no,0,table_requires_review_or_was_rejected
extracted_tables/068_Press-release-of-02-05-2026_pdf/table_009.csv,quarantined_tables/068_Press-release-of-02-05-2026_pdf/table_009.csv,review_required,unclassified,,blocked_quality_gate,no,0,table_requires_review_or_was_rejected
extracted_tables/068_Press-release-of-02-05-2026_pdf/table_010.csv,quarantined_tables/068_Press-release-of-02-05-2026_pdf/table_010.csv,review_required,unclassified,,blocked_quality_gate,no,0,table_requires_review_or_was_rejected
extracted_tables/068_Press-release-of-02-05-2026_pdf/table_011.csv,quarantined_tables/068_Press-release-of-02-05-2026_pdf/table_011.csv,review_required,unclassified,,blocked_quality_gate,no,0,table_requires_review_or_was_rejected
extracted_tables/068_Press-release-of-02-05-2026_pdf/table_012.csv,quarantined_tables/068_Press-release-of-02-05-2026_pdf/table_012.csv,review_required,unclassified,,blocked_quality_gate,no,0,table_requires_review_or_was_rejected
extracted_tables/069_Covid-19_Health_Bulletin_2020/table_0001.csv,quarantined_tables/069_Covid-19_Health_Bulletin_2020/table_0001.csv,rejected,unclassified,,blocked_quality_gate,no,0,table_requires_review_or_was_rejected
extracted_tables/069_Covid-19_Health_Bulletin_2020/table_0002.csv,quarantined_tables/069_Covid-19_Health_Bulletin_2020/table_0002.csv,rejected,unclassified,,blocked_quality_gate,no,0,table_requires_review_or_was_rejected
extracted_tables/069_Covid-19_Health_Bulletin_2020/table_0003.csv,quarantined_tables/069_Covid-19_Health_Bulletin_2020/table_0003.csv,rejected,unclassified,,blocked_quality_gate,no,0,table_requires_review_or_was_rejected
extracted_tables/069_Covid-19_Health_Bulletin_2020/table_0004.csv,quarantined_tables/069_Covid-19_Health_Bulletin_2020/table_0004.csv,rejected,unclassified,,blocked_quality_gate,no,0,table_requires_review_or_was_rejected
extracted_tables/069_Covid-19_Health_Bulletin_2020/table_0005.csv,quarantined_tables/069_Covid-19_Health_Bulletin_2020/table_0005.csv,rejected,unclassified,,blocked_quality_gate,no,0,table_requires_review_or_was_rejected
extracted_tables/069_Covid-19_Health_Bulletin_2020/table_0006.csv,quarantined_tables/069_Covid-19_Health_Bulletin_2020/table_0006.csv,rejected,unclassified,,blocked_quality_gate,no,0,table_requires_review_or_was_rejected
extracted_tables/069_Covid-19_Health_Bulletin_2020/table_0007.csv,quarantined_tables/069_Covid-19_Health_Bulletin_2020/table_0007.csv,rejected,unclassified,,blocked_quality_gate,no,0,table_requires_review_or_was_rejected
extracted_tables/071_Other_information_including_vacant_beds_in_Corona_hospitals/table_001.csv,quarantined_tables/071_Other_information_including_vacant_beds_in_Corona_hospitals/table_001.csv,review_required,unclassified,,blocked_quality_gate,no,0,table_requires_review_or_was_rejected
extracted_tables/071_Other_information_including_vacant_beds_in_Corona_hospitals/table_002.csv,quarantined_tables/071_Other_information_including_vacant_beds_in_Corona_hospitals/table_002.csv,review_required,unclassified,,blocked_quality_gate,no,0,table_requires_review_or_was_rejected
extracted_tables/071_Other_information_including_vacant_beds_in_Corona_hospitals/table_003.csv,quarantined_tables/071_Other_information_including_vacant_beds_in_Corona_hospitals/table_003.csv,review_required,unclassified,,blocked_quality_gate,no,0,table_requires_review_or_was_rejected
extracted_tables/071_Other_information_including_vacant_beds_in_Corona_hospitals/table_004.csv,quarantined_tables/071_Other_information_including_vacant_beds_in_Corona_hospitals/table_004.csv,review_required,unclassified,,blocked_quality_gate,no,0,table_requires_review_or_was_rejected
extracted_tables/071_Other_information_including_vacant_beds_in_Corona_hospitals/table_005.csv,quarantined_tables/071_Other_information_including_vacant_beds_in_Corona_hospitals/table_005.csv,review_required,unclassified,,blocked_quality_gate,no,0,table_requires_review_or_was_rejected
extracted_tables/074_Hospital_Cancer_Registry_Report_2014/table_001.csv,quarantined_tables/074_Hospital_Cancer_Registry_Report_2014/table_001.csv,review_required,unclassified,,blocked_quality_gate,no,0,table_requires_review_or_was_rejected
extracted_tables/074_Hospital_Cancer_Registry_Report_2014/table_002.csv,quarantined_tables/074_Hospital_Cancer_Registry_Report_2014/table_002.csv,review_required,unclassified,,blocked_quality_gate,no,0,table_requires_review_or_was_rejected
extracted_tables/074_Hospital_Cancer_Registry_Report_2014/table_003.csv,quarantined_tables/074_Hospital_Cancer_Registry_Report_2014/table_003.csv,review_required,unclassified,,blocked_quality_gate,no,0,table_requires_review_or_was_rejected
extracted_tables/074_Hospital_Cancer_Registry_Report_2014/table_004.csv,quarantined_tables/074_Hospital_Cancer_Registry_Report_2014/table_004.csv,review_required,unclassified,,blocked_quality_gate,no,0,table_requires_review_or_was_rejected
extracted_tables/074_Hospital_Cancer_Registry_Report_2014/table_005.csv,quarantined_tables/074_Hospital_Cancer_Registry_Report_2014/table_005.csv,rejected,unclassified,,blocked_quality_gate,no,0,table_requires_review_or_was_rejected
extracted_tables/074_Hospital_Cancer_Registry_Report_2014/table_006.csv,quarantined_tables/074_Hospital_Cancer_Registry_Report_2014/table_006.csv,review_required,unclassified,,blocked_quality_gate,no,0,table_requires_review_or_was_rejected
extracted_tables/074_Hospital_Cancer_Registry_Report_2014/table_007.csv,quarantined_tables/074_Hospital_Cancer_Registry_Report_2014/table_007.csv,review_required,unclassified,,blocked_quality_gate,no,0,table_requires_review_or_was_rejected
extracted_tables/074_Hospital_Cancer_Registry_Report_2014/table_008.csv,quarantined_tables/074_Hospital_Cancer_Registry_Report_2014/table_008.csv,review_required,unclassified,,blocked_quality_gate,no,0,table_requires_review_or_was_rejected
extracted_tables/074_Hospital_Cancer_Registry_Report_2014/table_009.csv,quarantined_tables/074_Hospital_Cancer_Registry_Report_2014/table_009.csv,review_required,unclassified,,blocked_quality_gate,no,0,table_requires_review_or_was_rejected
extracted_tables/074_Hospital_Cancer_Registry_Report_2014/table_010.csv,quarantined_tables/074_Hospital_Cancer_Registry_Report_2014/table_010.csv,review_required,unclassified,,blocked_quality_gate,no,0,table_requires_review_or_was_rejected
extracted_tables/074_Hospital_Cancer_Registry_Report_2014/table_011.csv,quarantined_tables/074_Hospital_Cancer_Registry_Report_2014/table_011.csv,review_required,unclassified,,blocked_quality_gate,no,0,table_requires_review_or_was_rejected
extracted_tables/074_Hospital_Cancer_Registry_Report_2014/table_012.csv,quarantined_tables/074_Hospital_Cancer_Registry_Report_2014/table_012.csv,review_required,unclassified,,blocked_quality_gate,no,0,table_requires_review_or_was_rejected
extracted_tables/074_Hospital_Cancer_Registry_Report_2014/table_013.csv,quarantined_tables/074_Hospital_Cancer_Registry_Report_2014/table_013.csv,review_required,unclassified,,blocked_quality_gate,no,0,table_requires_review_or_was_rejected
extracted_tables/074_Hospital_Cancer_Registry_Report_2014/table_014.csv,quarantined_tables/074_Hospital_Cancer_Registry_Report_2014/table_014.csv,review_required,unclassified,,blocked_quality_gate,no,0,table_requires_review_or_was_rejected
extracted_tables/074_Hospital_Cancer_Registry_Report_2014/table_015.csv,quarantined_tables/074_Hospital_Cancer_Registry_Report_2014/table_015.csv,review_required,unclassified,,blocked_quality_gate,no,0,table_requires_review_or_was_rejected
extracted_tables/074_Hospital_Cancer_Registry_Report_2014/table_016.csv,quarantined_tables/074_Hospital_Cancer_Registry_Report_2014/table_016.csv,review_required,unclassified,,blocked_quality_gate,no,0,table_requires_review_or_was_rejected
extracted_tables/074_Hospital_Cancer_Registry_Report_2014/table_017.csv,quarantined_tables/074_Hospital_Cancer_Registry_Report_2014/table_017.csv,review_required,unclassified,,blocked_quality_gate,no,0,table_requires_review_or_was_rejected
extracted_tables/074_Hospital_Cancer_Registry_Report_2014/table_018.csv,quarantined_tables/074_Hospital_Cancer_Registry_Report_2014/table_018.csv,review_required,unclassified,,blocked_quality_gate,no,0,table_requires_review_or_was_rejected
extracted_tables/074_Hospital_Cancer_Registry_Report_2014/table_019.csv,quarantined_tables/074_Hospital_Cancer_Registry_Report_2014/table_019.csv,review_required,unclassified,,blocked_quality_gate,no,0,table_requires_review_or_was_rejected
extracted_tables/074_Hospital_Cancer_Registry_Report_2014/table_020.csv,quarantined_tables/074_Hospital_Cancer_Registry_Report_2014/table_020.csv,review_required,unclassified,,blocked_quality_gate,no,0,table_requires_review_or_was_rejected
extracted_tables/074_Hospital_Cancer_Registry_Report_2014/table_021.csv,quarantined_tables/074_Hospital_Cancer_Registry_Report_2014/table_021.csv,review_required,unclassified,,blocked_quality_gate,no,0,table_requires_review_or_was_rejected
extracted_tables/074_Hospital_Cancer_Registry_Report_2014/table_022.csv,quarantined_tables/074_Hospital_Cancer_Registry_Report_2014/table_022.csv,review_required,unclassified,,blocked_quality_gate,no,0,table_requires_review_or_was_rejected
extracted_tables/074_Hospital_Cancer_Registry_Report_2014/table_023.csv,quarantined_tables/074_Hospital_Cancer_Registry_Report_2014/table_023.csv,review_required,unclassified,,blocked_quality_gate,no,0,table_requires_review_or_was_rejected
extracted_tables/074_Hospital_Cancer_Registry_Report_2014/table_024.csv,quarantined_tables/074_Hospital_Cancer_Registry_Report_2014/table_024.csv,rejected,unclassified,,blocked_quality_gate,no,0,table_requires_review_or_was_rejected
extracted_tables/074_Hospital_Cancer_Registry_Report_2014/table_025.csv,quarantined_tables/074_Hospital_Cancer_Registry_Report_2014/table_025.csv,review_required,unclassified,,blocked_quality_gate,no,0,table_requires_review_or_was_rejected
extracted_tables/074_Hospital_Cancer_Registry_Report_2014/table_026.csv,quarantined_tables/074_Hospital_Cancer_Registry_Report_2014/table_026.csv,review_required,unclassified,,blocked_quality_gate,no,0,table_requires_review_or_was_rejected
extracted_tables/074_Hospital_Cancer_Registry_Report_2014/table_027.csv,quarantined_tables/074_Hospital_Cancer_Registry_Report_2014/table_027.csv,review_required,unclassified,,blocked_quality_gate,no,0,table_requires_review_or_was_rejected
extracted_tables/074_Hospital_Cancer_Registry_Report_2014/table_028.csv,quarantined_tables/074_Hospital_Cancer_Registry_Report_2014/table_028.csv,review_required,unclassified,,blocked_quality_gate,no,0,table_requires_review_or_was_rejected
extracted_tables/074_Hospital_Cancer_Registry_Report_2014/table_029.csv,quarantined_tables/074_Hospital_Cancer_Registry_Report_2014/table_029.csv,review_required,unclassified,,blocked_quality_gate,no,0,table_requires_review_or_was_rejected
extracted_tables/074_Hospital_Cancer_Registry_Report_2014/table_030.csv,quarantined_tables/074_Hospital_Cancer_Registry_Report_2014/table_030.csv,review_required,unclassified,,blocked_quality_gate,no,0,table_requires_review_or_was_rejected
extracted_tables/074_Hospital_Cancer_Registry_Report_2014/table_031.csv,quarantined_tables/074_Hospital_Cancer_Registry_Report_2014/table_031.csv,review_required,unclassified,,blocked_quality_gate,no,0,table_requires_review_or_was_rejected
extracted_tables/074_Hospital_Cancer_Registry_Report_2014/table_032.csv,quarantined_tables/074_Hospital_Cancer_Registry_Report_2014/table_032.csv,review_required,unclassified,,blocked_quality_gate,no,0,table_requires_review_or_was_rejected
extracted_tables/074_Hospital_Cancer_Registry_Report_2014/table_033.csv,quarantined_tables/074_Hospital_Cancer_Registry_Report_2014/table_033.csv,review_required,unclassified,,blocked_quality_gate,no,0,table_requires_review_or_was_rejected
extracted_tables/074_Hospital_Cancer_Registry_Report_2014/table_034.csv,quarantined_tables/074_Hospital_Cancer_Registry_Report_2014/table_034.csv,review_required,unclassified,,blocked_quality_gate,no,0,table_requires_review_or_was_rejected
extracted_tables/074_Hospital_Cancer_Registry_Report_2014/table_035.csv,quarantined_tables/074_Hospital_Cancer_Registry_Report_2014/table_035.csv,review_required,unclassified,,blocked_quality_gate,no,0,table_requires_review_or_was_rejected
extracted_tables/075_Hospital_Cancer_Registry_Report_2015-2017/table_001.csv,quarantined_tables/075_Hospital_Cancer_Registry_Report_2015-2017/table_001.csv,review_required,unclassified,,blocked_quality_gate,no,0,table_requires_review_or_was_rejected
extracted_tables/075_Hospital_Cancer_Registry_Report_2015-2017/table_002.csv,quarantined_tables/075_Hospital_Cancer_Registry_Report_2015-2017/table_002.csv,review_required,unclassified,,blocked_quality_gate,no,0,table_requires_review_or_was_rejected
extracted_tables/075_Hospital_Cancer_Registry_Report_2015-2017/table_003.csv,quarantined_tables/075_Hospital_Cancer_Registry_Report_2015-2017/table_003.csv,review_required,unclassified,,blocked_quality_gate,no,0,table_requires_review_or_was_rejected
extracted_tables/075_Hospital_Cancer_Registry_Report_2015-2017/table_004.csv,quarantined_tables/075_Hospital_Cancer_Registry_Report_2015-2017/table_004.csv,review_required,unclassified,,blocked_quality_gate,no,0,table_requires_review_or_was_rejected
extracted_tables/075_Hospital_Cancer_Registry_Report_2015-2017/table_005.csv,quarantined_tables/075_Hospital_Cancer_Registry_Report_2015-2017/table_005.csv,review_required,unclassified,,blocked_quality_gate,no,0,table_requires_review_or_was_rejected
extracted_tables/075_Hospital_Cancer_Registry_Report_2015-2017/table_006.csv,quarantined_tables/075_Hospital_Cancer_Registry_Report_2015-2017/table_006.csv,review_required,unclassified,,blocked_quality_gate,no,0,table_requires_review_or_was_rejected
extracted_tables/075_Hospital_Cancer_Registry_Report_2015-2017/table_007.csv,quarantined_tables/075_Hospital_Cancer_Registry_Report_2015-2017/table_007.csv,review_required,unclassified,,blocked_quality_gate,no,0,table_requires_review_or_was_rejected
extracted_tables/075_Hospital_Cancer_Registry_Report_2015-2017/table_008.csv,quarantined_tables/075_Hospital_Cancer_Registry_Report_2015-2017/table_008.csv,review_required,unclassified,,blocked_quality_gate,no,0,table_requires_review_or_was_rejected
extracted_tables/075_Hospital_Cancer_Registry_Report_2015-2017/table_009.csv,quarantined_tables/075_Hospital_Cancer_Registry_Report_2015-2017/table_009.csv,review_required,unclassified,,blocked_quality_gate,no,0,table_requires_review_or_was_rejected
extracted_tables/075_Hospital_Cancer_Registry_Report_2015-2017/table_010.csv,quarantined_tables/075_Hospital_Cancer_Registry_Report_2015-2017/table_010.csv,review_required,unclassified,,blocked_quality_gate,no,0,table_requires_review_or_was_rejected
extracted_tables/075_Hospital_Cancer_Registry_Report_2015-2017/table_011.csv,quarantined_tables/075_Hospital_Cancer_Registry_Report_2015-2017/table_011.csv,review_required,unclassified,,blocked_quality_gate,no,0,table_requires_review_or_was_rejected
extracted_tables/075_Hospital_Cancer_Registry_Report_2015-2017/table_012.csv,quarantined_tables/075_Hospital_Cancer_Registry_Report_2015-2017/table_012.csv,review_required,unclassified,,blocked_quality_gate,no,0,table_requires_review_or_was_rejected
extracted_tables/075_Hospital_Cancer_Registry_Report_2015-2017/table_013.csv,quarantined_tables/075_Hospital_Cancer_Registry_Report_2015-2017/table_013.csv,review_required,unclassified,,blocked_quality_gate,no,0,table_requires_review_or_was_rejected
extracted_tables/075_Hospital_Cancer_Registry_Report_2015-2017/table_014.csv,quarantined_tables/075_Hospital_Cancer_Registry_Report_2015-2017/table_014.csv,review_required,unclassified,,blocked_quality_gate,no,0,table_requires_review_or_was_rejected
extracted_tables/075_Hospital_Cancer_Registry_Report_2015-2017/table_015.csv,quarantined_tables/075_Hospital_Cancer_Registry_Report_2015-2017/table_015.csv,review_required,unclassified,,blocked_quality_gate,no,0,table_requires_review_or_was_rejected
extracted_tables/075_Hospital_Cancer_Registry_Report_2015-2017/table_016.csv,quarantined_tables/075_Hospital_Cancer_Registry_Report_2015-2017/table_016.csv,review_required,unclassified,,blocked_quality_gate,no,0,table_requires_review_or_was_rejected
extracted_tables/075_Hospital_Cancer_Registry_Report_2015-2017/table_017.csv,quarantined_tables/075_Hospital_Cancer_Registry_Report_2015-2017/table_017.csv,review_required,unclassified,,blocked_quality_gate,no,0,table_requires_review_or_was_rejected
extracted_tables/075_Hospital_Cancer_Registry_Report_2015-2017/table_018.csv,quarantined_tables/075_Hospital_Cancer_Registry_Report_2015-2017/table_018.csv,review_required,unclassified,,blocked_quality_gate,no,0,table_requires_review_or_was_rejected
extracted_tables/075_Hospital_Cancer_Registry_Report_2015-2017/table_019.csv,quarantined_tables/075_Hospital_Cancer_Registry_Report_2015-2017/table_019.csv,review_required,unclassified,,blocked_quality_gate,no,0,table_requires_review_or_was_rejected
extracted_tables/075_Hospital_Cancer_Registry_Report_2015-2017/table_020.csv,quarantined_tables/075_Hospital_Cancer_Registry_Report_2015-2017/table_020.csv,review_required,unclassified,,blocked_quality_gate,no,0,table_requires_review_or_was_rejected
extracted_tables/075_Hospital_Cancer_Registry_Report_2015-2017/table_021.csv,quarantined_tables/075_Hospital_Cancer_Registry_Report_2015-2017/table_021.csv,rejected,unclassified,,blocked_quality_gate,no,0,table_requires_review_or_was_rejected
extracted_tables/075_Hospital_Cancer_Registry_Report_2015-2017/table_022.csv,quarantined_tables/075_Hospital_Cancer_Registry_Report_2015-2017/table_022.csv,review_required,unclassified,,blocked_quality_gate,no,0,table_requires_review_or_was_rejected
extracted_tables/075_Hospital_Cancer_Registry_Report_2015-2017/table_023.csv,quarantined_tables/075_Hospital_Cancer_Registry_Report_2015-2017/table_023.csv,review_required,unclassified,,blocked_quality_gate,no,0,table_requires_review_or_was_rejected
extracted_tables/075_Hospital_Cancer_Registry_Report_2015-2017/table_024.csv,quarantined_tables/075_Hospital_Cancer_Registry_Report_2015-2017/table_024.csv,review_required,unclassified,,blocked_quality_gate,no,0,table_requires_review_or_was_rejected
extracted_tables/075_Hospital_Cancer_Registry_Report_2015-2017/table_025.csv,quarantined_tables/075_Hospital_Cancer_Registry_Report_2015-2017/table_025.csv,review_required,unclassified,,blocked_quality_gate,no,0,table_requires_review_or_was_rejected
extracted_tables/075_Hospital_Cancer_Registry_Report_2015-2017/table_026.csv,quarantined_tables/075_Hospital_Cancer_Registry_Report_2015-2017/table_026.csv,review_required,unclassified,,blocked_quality_gate,no,0,table_requires_review_or_was_rejected
extracted_tables/075_Hospital_Cancer_Registry_Report_2015-2017/table_027.csv,quarantined_tables/075_Hospital_Cancer_Registry_Report_2015-2017/table_027.csv,review_required,unclassified,,blocked_quality_gate,no,0,table_requires_review_or_was_rejected
extracted_tables/075_Hospital_Cancer_Registry_Report_2015-2017/table_028.csv,quarantined_tables/075_Hospital_Cancer_Registry_Report_2015-2017/table_028.csv,review_required,unclassified,,blocked_quality_gate,no,0,table_requires_review_or_was_rejected
extracted_tables/075_Hospital_Cancer_Registry_Report_2015-2017/table_029.csv,quarantined_tables/075_Hospital_Cancer_Registry_Report_2015-2017/table_029.csv,review_required,unclassified,,blocked_quality_gate,no,0,table_requires_review_or_was_rejected
extracted_tables/075_Hospital_Cancer_Registry_Report_2015-2017/table_030.csv,quarantined_tables/075_Hospital_Cancer_Registry_Report_2015-2017/table_030.csv,review_required,unclassified,,blocked_quality_gate,no,0,table_requires_review_or_was_rejected
extracted_tables/075_Hospital_Cancer_Registry_Report_2015-2017/table_031.csv,quarantined_tables/075_Hospital_Cancer_Registry_Report_2015-2017/table_031.csv,review_required,unclassified,,blocked_quality_gate,no,0,table_requires_review_or_was_rejected
extracted_tables/075_Hospital_Cancer_Registry_Report_2015-2017/table_032.csv,quarantined_tables/075_Hospital_Cancer_Registry_Report_2015-2017/table_032.csv,review_required,unclassified,,blocked_quality_gate,no,0,table_requires_review_or_was_rejected
extracted_tables/075_Hospital_Cancer_Registry_Report_2015-2017/table_033.csv,quarantined_tables/075_Hospital_Cancer_Registry_Report_2015-2017/table_033.csv,review_required,unclassified,,blocked_quality_gate,no,0,table_requires_review_or_was_rejected
extracted_tables/075_Hospital_Cancer_Registry_Report_2015-2017/table_034.csv,quarantined_tables/075_Hospital_Cancer_Registry_Report_2015-2017/table_034.csv,review_required,unclassified,,blocked_quality_gate,no,0,table_requires_review_or_was_rejected
extracted_tables/075_Hospital_Cancer_Registry_Report_2015-2017/table_035.csv,quarantined_tables/075_Hospital_Cancer_Registry_Report_2015-2017/table_035.csv,review_required,unclassified,,blocked_quality_gate,no,0,table_requires_review_or_was_rejected
extracted_tables/075_Hospital_Cancer_Registry_Report_2015-2017/table_036.csv,quarantined_tables/075_Hospital_Cancer_Registry_Report_2015-2017/table_036.csv,review_required,unclassified,,blocked_quality_gate,no,0,table_requires_review_or_was_rejected
extracted_tables/075_Hospital_Cancer_Registry_Report_2015-2017/table_037.csv,quarantined_tables/075_Hospital_Cancer_Registry_Report_2015-2017/table_037.csv,review_required,unclassified,,blocked_quality_gate,no,0,table_requires_review_or_was_rejected
extracted_tables/075_Hospital_Cancer_Registry_Report_2015-2017/table_038.csv,quarantined_tables/075_Hospital_Cancer_Registry_Report_2015-2017/table_038.csv,review_required,unclassified,,blocked_quality_gate,no,0,table_requires_review_or_was_rejected
extracted_tables/075_Hospital_Cancer_Registry_Report_2015-2017/table_039.csv,quarantined_tables/075_Hospital_Cancer_Registry_Report_2015-2017/table_039.csv,review_required,unclassified,,blocked_quality_gate,no,0,table_requires_review_or_was_rejected
extracted_tables/075_Hospital_Cancer_Registry_Report_2015-2017/table_040.csv,quarantined_tables/075_Hospital_Cancer_Registry_Report_2015-2017/table_040.csv,review_required,unclassified,,blocked_quality_gate,no,0,table_requires_review_or_was_rejected
extracted_tables/075_Hospital_Cancer_Registry_Report_2015-2017/table_041.csv,quarantined_tables/075_Hospital_Cancer_Registry_Report_2015-2017/table_041.csv,review_required,unclassified,,blocked_quality_gate,no,0,table_requires_review_or_was_rejected
extracted_tables/075_Hospital_Cancer_Registry_Report_2015-2017/table_042.csv,quarantined_tables/075_Hospital_Cancer_Registry_Report_2015-2017/table_042.csv,review_required,unclassified,,blocked_quality_gate,no,0,table_requires_review_or_was_rejected
extracted_tables/075_Hospital_Cancer_Registry_Report_2015-2017/table_043.csv,quarantined_tables/075_Hospital_Cancer_Registry_Report_2015-2017/table_043.csv,review_required,unclassified,,blocked_quality_gate,no,0,table_requires_review_or_was_rejected
extracted_tables/075_Hospital_Cancer_Registry_Report_2015-2017/table_044.csv,quarantined_tables/075_Hospital_Cancer_Registry_Report_2015-2017/table_044.csv,review_required,unclassified,,blocked_quality_gate,no,0,table_requires_review_or_was_rejected
extracted_tables/075_Hospital_Cancer_Registry_Report_2015-2017/table_045.csv,quarantined_tables/075_Hospital_Cancer_Registry_Report_2015-2017/table_045.csv,review_required,unclassified,,blocked_quality_gate,no,0,table_requires_review_or_was_rejected
extracted_tables/075_Hospital_Cancer_Registry_Report_2015-2017/table_046.csv,quarantined_tables/075_Hospital_Cancer_Registry_Report_2015-2017/table_046.csv,review_required,unclassified,,blocked_quality_gate,no,0,table_requires_review_or_was_rejected
extracted_tables/075_Hospital_Cancer_Registry_Report_2015-2017/table_047.csv,quarantined_tables/075_Hospital_Cancer_Registry_Report_2015-2017/table_047.csv,review_required,unclassified,,blocked_quality_gate,no,0,table_requires_review_or_was_rejected
extracted_tables/075_Hospital_Cancer_Registry_Report_2015-2017/table_048.csv,quarantined_tables/075_Hospital_Cancer_Registry_Report_2015-2017/table_048.csv,rejected,unclassified,,blocked_quality_gate,no,0,table_requires_review_or_was_rejected
extracted_tables/075_Hospital_Cancer_Registry_Report_2015-2017/table_049.csv,quarantined_tables/075_Hospital_Cancer_Registry_Report_2015-2017/table_049.csv,review_required,unclassified,,blocked_quality_gate,no,0,table_requires_review_or_was_rejected
extracted_tables/075_Hospital_Cancer_Registry_Report_2015-2017/table_050.csv,quarantined_tables/075_Hospital_Cancer_Registry_Report_2015-2017/table_050.csv,review_required,unclassified,,blocked_quality_gate,no,0,table_requires_review_or_was_rejected
extracted_tables/075_Hospital_Cancer_Registry_Report_2015-2017/table_051.csv,quarantined_tables/075_Hospital_Cancer_Registry_Report_2015-2017/table_051.csv,rejected,unclassified,,blocked_quality_gate,no,0,table_requires_review_or_was_rejected
extracted_tables/075_Hospital_Cancer_Registry_Report_2015-2017/table_052.csv,quarantined_tables/075_Hospital_Cancer_Registry_Report_2015-2017/table_052.csv,review_required,unclassified,,blocked_quality_gate,no,0,table_requires_review_or_was_rejected
extracted_tables/075_Hospital_Cancer_Registry_Report_2015-2017/table_053.csv,quarantined_tables/075_Hospital_Cancer_Registry_Report_2015-2017/table_053.csv,review_required,unclassified,,blocked_quality_gate,no,0,table_requires_review_or_was_rejected
extracted_tables/075_Hospital_Cancer_Registry_Report_2015-2017/table_054.csv,quarantined_tables/075_Hospital_Cancer_Registry_Report_2015-2017/table_054.csv,rejected,unclassified,,blocked_quality_gate,no,0,table_requires_review_or_was_rejected
extracted_tables/075_Hospital_Cancer_Registry_Report_2015-2017/table_055.csv,quarantined_tables/075_Hospital_Cancer_Registry_Report_2015-2017/table_055.csv,rejected,unclassified,,blocked_quality_gate,no,0,table_requires_review_or_was_rejected
extracted_tables/075_Hospital_Cancer_Registry_Report_2015-2017/table_056.csv,quarantined_tables/075_Hospital_Cancer_Registry_Report_2015-2017/table_056.csv,rejected,unclassified,,blocked_quality_gate,no,0,table_requires_review_or_was_rejected
extracted_tables/075_Hospital_Cancer_Registry_Report_2015-2017/table_057.csv,quarantined_tables/075_Hospital_Cancer_Registry_Report_2015-2017/table_057.csv,review_required,unclassified,,blocked_quality_gate,no,0,table_requires_review_or_was_rejected
extracted_tables/075_Hospital_Cancer_Registry_Report_2015-2017/table_058.csv,quarantined_tables/075_Hospital_Cancer_Registry_Report_2015-2017/table_058.csv,review_required,unclassified,,blocked_quality_gate,no,0,table_requires_review_or_was_rejected
extracted_tables/075_Hospital_Cancer_Registry_Report_2015-2017/table_059.csv,quarantined_tables/075_Hospital_Cancer_Registry_Report_2015-2017/table_059.csv,review_required,unclassified,,blocked_quality_gate,no,0,table_requires_review_or_was_rejected
extracted_tables/075_Hospital_Cancer_Registry_Report_2015-2017/table_060.csv,quarantined_tables/075_Hospital_Cancer_Registry_Report_2015-2017/table_060.csv,review_required,unclassified,,blocked_quality_gate,no,0,table_requires_review_or_was_rejected
extracted_tables/075_Hospital_Cancer_Registry_Report_2015-2017/table_061.csv,quarantined_tables/075_Hospital_Cancer_Registry_Report_2015-2017/table_061.csv,review_required,unclassified,,blocked_quality_gate,no,0,table_requires_review_or_was_rejected
extracted_tables/075_Hospital_Cancer_Registry_Report_2015-2017/table_062.csv,quarantined_tables/075_Hospital_Cancer_Registry_Report_2015-2017/table_062.csv,review_required,unclassified,,blocked_quality_gate,no,0,table_requires_review_or_was_rejected
extracted_tables/075_Hospital_Cancer_Registry_Report_2015-2017/table_063.csv,quarantined_tables/075_Hospital_Cancer_Registry_Report_2015-2017/table_063.csv,review_required,unclassified,,blocked_quality_gate,no,0,table_requires_review_or_was_rejected
extracted_tables/075_Hospital_Cancer_Registry_Report_2015-2017/table_064.csv,quarantined_tables/075_Hospital_Cancer_Registry_Report_2015-2017/table_064.csv,review_required,unclassified,,blocked_quality_gate,no,0,table_requires_review_or_was_rejected
extracted_tables/075_Hospital_Cancer_Registry_Report_2015-2017/table_065.csv,quarantined_tables/075_Hospital_Cancer_Registry_Report_2015-2017/table_065.csv,review_required,unclassified,,blocked_quality_gate,no,0,table_requires_review_or_was_rejected
extracted_tables/075_Hospital_Cancer_Registry_Report_2015-2017/table_066.csv,quarantined_tables/075_Hospital_Cancer_Registry_Report_2015-2017/table_066.csv,review_required,unclassified,,blocked_quality_gate,no,0,table_requires_review_or_was_rejected
extracted_tables/075_Hospital_Cancer_Registry_Report_2015-2017/table_067.csv,quarantined_tables/075_Hospital_Cancer_Registry_Report_2015-2017/table_067.csv,review_required,unclassified,,blocked_quality_gate,no,0,table_requires_review_or_was_rejected
extracted_tables/075_Hospital_Cancer_Registry_Report_2015-2017/table_068.csv,quarantined_tables/075_Hospital_Cancer_Registry_Report_2015-2017/table_068.csv,review_required,unclassified,,blocked_quality_gate,no,0,table_requires_review_or_was_rejected
extracted_tables/075_Hospital_Cancer_Registry_Report_2015-2017/table_069.csv,quarantined_tables/075_Hospital_Cancer_Registry_Report_2015-2017/table_069.csv,review_required,unclassified,,blocked_quality_gate,no,0,table_requires_review_or_was_rejected
extracted_tables/075_Hospital_Cancer_Registry_Report_2015-2017/table_070.csv,quarantined_tables/075_Hospital_Cancer_Registry_Report_2015-2017/table_070.csv,review_required,unclassified,,blocked_quality_gate,no,0,table_requires_review_or_was_rejected
extracted_tables/075_Hospital_Cancer_Registry_Report_2015-2017/table_071.csv,quarantined_tables/075_Hospital_Cancer_Registry_Report_2015-2017/table_071.csv,review_required,unclassified,,blocked_quality_gate,no,0,table_requires_review_or_was_rejected
extracted_tables/075_Hospital_Cancer_Registry_Report_2015-2017/table_072.csv,quarantined_tables/075_Hospital_Cancer_Registry_Report_2015-2017/table_072.csv,review_required,unclassified,,blocked_quality_gate,no,0,table_requires_review_or_was_rejected
extracted_tables/075_Hospital_Cancer_Registry_Report_2015-2017/table_073.csv,quarantined_tables/075_Hospital_Cancer_Registry_Report_2015-2017/table_073.csv,review_required,unclassified,,blocked_quality_gate,no,0,table_requires_review_or_was_rejected
extracted_tables/075_Hospital_Cancer_Registry_Report_2015-2017/table_074.csv,quarantined_tables/075_Hospital_Cancer_Registry_Report_2015-2017/table_074.csv,review_required,unclassified,,blocked_quality_gate,no,0,table_requires_review_or_was_rejected
extracted_tables/075_Hospital_Cancer_Registry_Report_2015-2017/table_075.csv,quarantined_tables/075_Hospital_Cancer_Registry_Report_2015-2017/table_075.csv,review_required,unclassified,,blocked_quality_gate,no,0,table_requires_review_or_was_rejected
extracted_tables/075_Hospital_Cancer_Registry_Report_2015-2017/table_076.csv,quarantined_tables/075_Hospital_Cancer_Registry_Report_2015-2017/table_076.csv,review_required,unclassified,,blocked_quality_gate,no,0,table_requires_review_or_was_rejected
extracted_tables/075_Hospital_Cancer_Registry_Report_2015-2017/table_077.csv,quarantined_tables/075_Hospital_Cancer_Registry_Report_2015-2017/table_077.csv,review_required,unclassified,,blocked_quality_gate,no,0,table_requires_review_or_was_rejected
extracted_tables/075_Hospital_Cancer_Registry_Report_2015-2017/table_078.csv,quarantined_tables/075_Hospital_Cancer_Registry_Report_2015-2017/table_078.csv,review_required,unclassified,,blocked_quality_gate,no,0,table_requires_review_or_was_rejected
extracted_tables/075_Hospital_Cancer_Registry_Report_2015-2017/table_079.csv,quarantined_tables/075_Hospital_Cancer_Registry_Report_2015-2017/table_079.csv,review_required,unclassified,,blocked_quality_gate,no,0,table_requires_review_or_was_rejected
extracted_tables/075_Hospital_Cancer_Registry_Report_2015-2017/table_080.csv,quarantined_tables/075_Hospital_Cancer_Registry_Report_2015-2017/table_080.csv,review_required,unclassified,,blocked_quality_gate,no,0,table_requires_review_or_was_rejected
extracted_tables/075_Hospital_Cancer_Registry_Report_2015-2017/table_081.csv,quarantined_tables/075_Hospital_Cancer_Registry_Report_2015-2017/table_081.csv,review_required,unclassified,,blocked_quality_gate,no,0,table_requires_review_or_was_rejected
extracted_tables/075_Hospital_Cancer_Registry_Report_2015-2017/table_082.csv,quarantined_tables/075_Hospital_Cancer_Registry_Report_2015-2017/table_082.csv,review_required,unclassified,,blocked_quality_gate,no,0,table_requires_review_or_was_rejected
extracted_tables/075_Hospital_Cancer_Registry_Report_2015-2017/table_083.csv,quarantined_tables/075_Hospital_Cancer_Registry_Report_2015-2017/table_083.csv,review_required,unclassified,,blocked_quality_gate,no,0,table_requires_review_or_was_rejected
extracted_tables/075_Hospital_Cancer_Registry_Report_2015-2017/table_084.csv,quarantined_tables/075_Hospital_Cancer_Registry_Report_2015-2017/table_084.csv,review_required,unclassified,,blocked_quality_gate,no,0,table_requires_review_or_was_rejected
extracted_tables/075_Hospital_Cancer_Registry_Report_2015-2017/table_085.csv,quarantined_tables/075_Hospital_Cancer_Registry_Report_2015-2017/table_085.csv,review_required,unclassified,,blocked_quality_gate,no,0,table_requires_review_or_was_rejected
extracted_tables/075_Hospital_Cancer_Registry_Report_2015-2017/table_086.csv,quarantined_tables/075_Hospital_Cancer_Registry_Report_2015-2017/table_086.csv,review_required,unclassified,,blocked_quality_gate,no,0,table_requires_review_or_was_rejected
extracted_tables/075_Hospital_Cancer_Registry_Report_2015-2017/table_087.csv,quarantined_tables/075_Hospital_Cancer_Registry_Report_2015-2017/table_087.csv,review_required,unclassified,,blocked_quality_gate,no,0,table_requires_review_or_was_rejected
extracted_tables/075_Hospital_Cancer_Registry_Report_2015-2017/table_088.csv,quarantined_tables/075_Hospital_Cancer_Registry_Report_2015-2017/table_088.csv,review_required,unclassified,,blocked_quality_gate,no,0,table_requires_review_or_was_rejected
extracted_tables/075_Hospital_Cancer_Registry_Report_2015-2017/table_089.csv,quarantined_tables/075_Hospital_Cancer_Registry_Report_2015-2017/table_089.csv,review_required,unclassified,,blocked_quality_gate,no,0,table_requires_review_or_was_rejected
extracted_tables/075_Hospital_Cancer_Registry_Report_2015-2017/table_090.csv,quarantined_tables/075_Hospital_Cancer_Registry_Report_2015-2017/table_090.csv,review_required,unclassified,,blocked_quality_gate,no,0,table_requires_review_or_was_rejected
extracted_tables/075_Hospital_Cancer_Registry_Report_2015-2017/table_091.csv,quarantined_tables/075_Hospital_Cancer_Registry_Report_2015-2017/table_091.csv,review_required,unclassified,,blocked_quality_gate,no,0,table_requires_review_or_was_rejected
extracted_tables/075_Hospital_Cancer_Registry_Report_2015-2017/table_092.csv,quarantined_tables/075_Hospital_Cancer_Registry_Report_2015-2017/table_092.csv,review_required,unclassified,,blocked_quality_gate,no,0,table_requires_review_or_was_rejected
extracted_tables/075_Hospital_Cancer_Registry_Report_2015-2017/table_093.csv,quarantined_tables/075_Hospital_Cancer_Registry_Report_2015-2017/table_093.csv,review_required,unclassified,,blocked_quality_gate,no,0,table_requires_review_or_was_rejected
extracted_tables/075_Hospital_Cancer_Registry_Report_2015-2017/table_094.csv,quarantined_tables/075_Hospital_Cancer_Registry_Report_2015-2017/table_094.csv,review_required,unclassified,,blocked_quality_gate,no,0,table_requires_review_or_was_rejected
extracted_tables/075_Hospital_Cancer_Registry_Report_2015-2017/table_095.csv,quarantined_tables/075_Hospital_Cancer_Registry_Report_2015-2017/table_095.csv,review_required,unclassified,,blocked_quality_gate,no,0,table_requires_review_or_was_rejected
extracted_tables/075_Hospital_Cancer_Registry_Report_2015-2017/table_096.csv,quarantined_tables/075_Hospital_Cancer_Registry_Report_2015-2017/table_096.csv,review_required,unclassified,,blocked_quality_gate,no,0,table_requires_review_or_was_rejected
extracted_tables/075_Hospital_Cancer_Registry_Report_2015-2017/table_097.csv,quarantined_tables/075_Hospital_Cancer_Registry_Report_2015-2017/table_097.csv,review_required,unclassified,,blocked_quality_gate,no,0,table_requires_review_or_was_rejected
extracted_tables/075_Hospital_Cancer_Registry_Report_2015-2017/table_098.csv,quarantined_tables/075_Hospital_Cancer_Registry_Report_2015-2017/table_098.csv,review_required,unclassified,,blocked_quality_gate,no,0,table_requires_review_or_was_rejected
extracted_tables/078_Research_Abstract_of_Planning_Monitoring_and_Research_Operational_Plan_2021-2022/table_001.csv,quarantined_tables/078_Research_Abstract_of_Planning_Monitoring_and_Research_Operational_Plan_2021-2022/table_001.csv,review_required,unclassified,,blocked_quality_gate,no,0,table_requires_review_or_was_rejected
extracted_tables/078_Research_Abstract_of_Planning_Monitoring_and_Research_Operational_Plan_2021-2022/table_002.csv,quarantined_tables/078_Research_Abstract_of_Planning_Monitoring_and_Research_Operational_Plan_2021-2022/table_002.csv,review_required,unclassified,,blocked_quality_gate,no,0,table_requires_review_or_was_rejected
extracted_tables/081_Global_Climate_Change_Health_Impacts_on_Bangladesh/table_001.csv,quarantined_tables/081_Global_Climate_Change_Health_Impacts_on_Bangladesh/table_001.csv,review_required,unclassified,,blocked_quality_gate,no,0,table_requires_review_or_was_rejected
extracted_tables/081_Global_Climate_Change_Health_Impacts_on_Bangladesh/table_002.csv,quarantined_tables/081_Global_Climate_Change_Health_Impacts_on_Bangladesh/table_002.csv,review_required,unclassified,,blocked_quality_gate,no,0,table_requires_review_or_was_rejected
extracted_tables/081_Global_Climate_Change_Health_Impacts_on_Bangladesh/table_003.csv,quarantined_tables/081_Global_Climate_Change_Health_Impacts_on_Bangladesh/table_003.csv,review_required,unclassified,,blocked_quality_gate,no,0,table_requires_review_or_was_rejected
extracted_tables/081_Global_Climate_Change_Health_Impacts_on_Bangladesh/table_004.csv,quarantined_tables/081_Global_Climate_Change_Health_Impacts_on_Bangladesh/table_004.csv,review_required,unclassified,,blocked_quality_gate,no,0,table_requires_review_or_was_rejected
extracted_tables/081_Global_Climate_Change_Health_Impacts_on_Bangladesh/table_005.csv,quarantined_tables/081_Global_Climate_Change_Health_Impacts_on_Bangladesh/table_005.csv,review_required,unclassified,,blocked_quality_gate,no,0,table_requires_review_or_was_rejected
extracted_tables/081_Global_Climate_Change_Health_Impacts_on_Bangladesh/table_006.csv,quarantined_tables/081_Global_Climate_Change_Health_Impacts_on_Bangladesh/table_006.csv,review_required,unclassified,,blocked_quality_gate,no,0,table_requires_review_or_was_rejected
extracted_tables/081_Global_Climate_Change_Health_Impacts_on_Bangladesh/table_007.csv,quarantined_tables/081_Global_Climate_Change_Health_Impacts_on_Bangladesh/table_007.csv,rejected,unclassified,,blocked_quality_gate,no,0,table_requires_review_or_was_rejected
extracted_tables/081_Global_Climate_Change_Health_Impacts_on_Bangladesh/table_008.csv,quarantined_tables/081_Global_Climate_Change_Health_Impacts_on_Bangladesh/table_008.csv,review_required,unclassified,,blocked_quality_gate,no,0,table_requires_review_or_was_rejected
extracted_tables/081_Global_Climate_Change_Health_Impacts_on_Bangladesh/table_009.csv,quarantined_tables/081_Global_Climate_Change_Health_Impacts_on_Bangladesh/table_009.csv,review_required,unclassified,,blocked_quality_gate,no,0,table_requires_review_or_was_rejected
extracted_tables/081_Global_Climate_Change_Health_Impacts_on_Bangladesh/table_010.csv,quarantined_tables/081_Global_Climate_Change_Health_Impacts_on_Bangladesh/table_010.csv,review_required,unclassified,,blocked_quality_gate,no,0,table_requires_review_or_was_rejected
extracted_tables/081_Global_Climate_Change_Health_Impacts_on_Bangladesh/table_011.csv,quarantined_tables/081_Global_Climate_Change_Health_Impacts_on_Bangladesh/table_011.csv,review_required,unclassified,,blocked_quality_gate,no,0,table_requires_review_or_was_rejected
extracted_tables/081_Global_Climate_Change_Health_Impacts_on_Bangladesh/table_012.csv,quarantined_tables/081_Global_Climate_Change_Health_Impacts_on_Bangladesh/table_012.csv,review_required,unclassified,,blocked_quality_gate,no,0,table_requires_review_or_was_rejected
extracted_tables/081_Global_Climate_Change_Health_Impacts_on_Bangladesh/table_013.csv,quarantined_tables/081_Global_Climate_Change_Health_Impacts_on_Bangladesh/table_013.csv,rejected,unclassified,,blocked_quality_gate,no,0,table_requires_review_or_was_rejected
extracted_tables/082_MR_bulletin_2nd_quarter_2021_/table_001.csv,quarantined_tables/082_MR_bulletin_2nd_quarter_2021_/table_001.csv,rejected,unclassified,,blocked_quality_gate,no,0,table_requires_review_or_was_rejected
extracted_tables/082_MR_bulletin_2nd_quarter_2021_/table_002.csv,quarantined_tables/082_MR_bulletin_2nd_quarter_2021_/table_002.csv,rejected,unclassified,,blocked_quality_gate,no,0,table_requires_review_or_was_rejected
extracted_tables/082_MR_bulletin_2nd_quarter_2021_/table_003.csv,quarantined_tables/082_MR_bulletin_2nd_quarter_2021_/table_003.csv,rejected,unclassified,,blocked_quality_gate,no,0,table_requires_review_or_was_rejected
extracted_tables/082_MR_bulletin_2nd_quarter_2021_/table_004.csv,quarantined_tables/082_MR_bulletin_2nd_quarter_2021_/table_004.csv,rejected,unclassified,,blocked_quality_gate,no,0,table_requires_review_or_was_rejected
extracted_tables/082_MR_bulletin_2nd_quarter_2021_/table_005.csv,quarantined_tables/082_MR_bulletin_2nd_quarter_2021_/table_005.csv,rejected,unclassified,,blocked_quality_gate,no,0,table_requires_review_or_was_rejected
extracted_tables/082_MR_bulletin_2nd_quarter_2021_/table_006.csv,quarantined_tables/082_MR_bulletin_2nd_quarter_2021_/table_006.csv,rejected,unclassified,,blocked_quality_gate,no,0,table_requires_review_or_was_rejected
extracted_tables/082_MR_bulletin_2nd_quarter_2021_/table_007.csv,quarantined_tables/082_MR_bulletin_2nd_quarter_2021_/table_007.csv,rejected,unclassified,,blocked_quality_gate,no,0,table_requires_review_or_was_rejected
extracted_tables/082_MR_bulletin_2nd_quarter_2021_/table_008.csv,quarantined_tables/082_MR_bulletin_2nd_quarter_2021_/table_008.csv,rejected,unclassified,,blocked_quality_gate,no,0,table_requires_review_or_was_rejected
extracted_tables/083_MR_Bulletin_Volume_1/table_001.csv,quarantined_tables/083_MR_Bulletin_Volume_1/table_001.csv,review_required,unclassified,,blocked_quality_gate,no,0,table_requires_review_or_was_rejected
extracted_tables/083_MR_Bulletin_Volume_1/table_002.csv,quarantined_tables/083_MR_Bulletin_Volume_1/table_002.csv,review_required,unclassified,,blocked_quality_gate,no,0,table_requires_review_or_was_rejected
extracted_tables/083_MR_Bulletin_Volume_1/table_003.csv,quarantined_tables/083_MR_Bulletin_Volume_1/table_003.csv,review_required,unclassified,,blocked_quality_gate,no,0,table_requires_review_or_was_rejected
extracted_tables/083_MR_Bulletin_Volume_1/table_004.csv,quarantined_tables/083_MR_Bulletin_Volume_1/table_004.csv,rejected,unclassified,,blocked_quality_gate,no,0,table_requires_review_or_was_rejected
extracted_tables/083_MR_Bulletin_Volume_1/table_005.csv,quarantined_tables/083_MR_Bulletin_Volume_1/table_005.csv,rejected,unclassified,,blocked_quality_gate,no,0,table_requires_review_or_was_rejected
extracted_tables/083_MR_Bulletin_Volume_1/table_006.csv,quarantined_tables/083_MR_Bulletin_Volume_1/table_006.csv,rejected,unclassified,,blocked_quality_gate,no,0,table_requires_review_or_was_rejected
extracted_tables/083_MR_Bulletin_Volume_1/table_007.csv,quarantined_tables/083_MR_Bulletin_Volume_1/table_007.csv,review_required,unclassified,,blocked_quality_gate,no,0,table_requires_review_or_was_rejected
extracted_tables/083_MR_Bulletin_Volume_1/table_008.csv,quarantined_tables/083_MR_Bulletin_Volume_1/table_008.csv,review_required,unclassified,,blocked_quality_gate,no,0,table_requires_review_or_was_rejected
extracted_tables/083_MR_Bulletin_Volume_1/table_009.csv,quarantined_tables/083_MR_Bulletin_Volume_1/table_009.csv,review_required,unclassified,,blocked_quality_gate,no,0,table_requires_review_or_was_rejected
extracted_tables/083_MR_Bulletin_Volume_1/table_010.csv,quarantined_tables/083_MR_Bulletin_Volume_1/table_010.csv,review_required,unclassified,,blocked_quality_gate,no,0,table_requires_review_or_was_rejected
extracted_tables/083_MR_Bulletin_Volume_1/table_011.csv,quarantined_tables/083_MR_Bulletin_Volume_1/table_011.csv,review_required,unclassified,,blocked_quality_gate,no,0,table_requires_review_or_was_rejected
extracted_tables/083_MR_Bulletin_Volume_1/table_012.csv,quarantined_tables/083_MR_Bulletin_Volume_1/table_012.csv,review_required,unclassified,,blocked_quality_gate,no,0,table_requires_review_or_was_rejected
extracted_tables/084_MR_Bulletin_Volume_2/table_001.csv,quarantined_tables/084_MR_Bulletin_Volume_2/table_001.csv,review_required,unclassified,,blocked_quality_gate,no,0,table_requires_review_or_was_rejected
extracted_tables/084_MR_Bulletin_Volume_2/table_002.csv,quarantined_tables/084_MR_Bulletin_Volume_2/table_002.csv,review_required,unclassified,,blocked_quality_gate,no,0,table_requires_review_or_was_rejected
extracted_tables/084_MR_Bulletin_Volume_2/table_003.csv,quarantined_tables/084_MR_Bulletin_Volume_2/table_003.csv,review_required,unclassified,,blocked_quality_gate,no,0,table_requires_review_or_was_rejected
extracted_tables/084_MR_Bulletin_Volume_2/table_004.csv,quarantined_tables/084_MR_Bulletin_Volume_2/table_004.csv,rejected,unclassified,,blocked_quality_gate,no,0,table_requires_review_or_was_rejected
extracted_tables/084_MR_Bulletin_Volume_2/table_005.csv,quarantined_tables/084_MR_Bulletin_Volume_2/table_005.csv,rejected,unclassified,,blocked_quality_gate,no,0,table_requires_review_or_was_rejected
extracted_tables/084_MR_Bulletin_Volume_2/table_006.csv,quarantined_tables/084_MR_Bulletin_Volume_2/table_006.csv,review_required,unclassified,,blocked_quality_gate,no,0,table_requires_review_or_was_rejected
extracted_tables/084_MR_Bulletin_Volume_2/table_007.csv,quarantined_tables/084_MR_Bulletin_Volume_2/table_007.csv,review_required,unclassified,,blocked_quality_gate,no,0,table_requires_review_or_was_rejected
extracted_tables/084_MR_Bulletin_Volume_2/table_008.csv,quarantined_tables/084_MR_Bulletin_Volume_2/table_008.csv,review_required,unclassified,,blocked_quality_gate,no,0,table_requires_review_or_was_rejected
extracted_tables/084_MR_Bulletin_Volume_2/table_009.csv,quarantined_tables/084_MR_Bulletin_Volume_2/table_009.csv,review_required,unclassified,,blocked_quality_gate,no,0,table_requires_review_or_was_rejected
extracted_tables/084_MR_Bulletin_Volume_2/table_010.csv,quarantined_tables/084_MR_Bulletin_Volume_2/table_010.csv,review_required,unclassified,,blocked_quality_gate,no,0,table_requires_review_or_was_rejected
extracted_tables/084_MR_Bulletin_Volume_2/table_011.csv,quarantined_tables/084_MR_Bulletin_Volume_2/table_011.csv,review_required,unclassified,,blocked_quality_gate,no,0,table_requires_review_or_was_rejected
extracted_tables/085_MR_Bulletin_Volume_3/table_001.csv,quarantined_tables/085_MR_Bulletin_Volume_3/table_001.csv,review_required,unclassified,,blocked_quality_gate,no,0,table_requires_review_or_was_rejected
extracted_tables/085_MR_Bulletin_Volume_3/table_002.csv,quarantined_tables/085_MR_Bulletin_Volume_3/table_002.csv,review_required,unclassified,,blocked_quality_gate,no,0,table_requires_review_or_was_rejected
extracted_tables/085_MR_Bulletin_Volume_3/table_003.csv,quarantined_tables/085_MR_Bulletin_Volume_3/table_003.csv,review_required,unclassified,,blocked_quality_gate,no,0,table_requires_review_or_was_rejected
extracted_tables/085_MR_Bulletin_Volume_3/table_004.csv,quarantined_tables/085_MR_Bulletin_Volume_3/table_004.csv,rejected,unclassified,,blocked_quality_gate,no,0,table_requires_review_or_was_rejected
extracted_tables/085_MR_Bulletin_Volume_3/table_005.csv,quarantined_tables/085_MR_Bulletin_Volume_3/table_005.csv,review_required,unclassified,,blocked_quality_gate,no,0,table_requires_review_or_was_rejected
extracted_tables/085_MR_Bulletin_Volume_3/table_006.csv,quarantined_tables/085_MR_Bulletin_Volume_3/table_006.csv,review_required,unclassified,,blocked_quality_gate,no,0,table_requires_review_or_was_rejected
extracted_tables/085_MR_Bulletin_Volume_3/table_007.csv,quarantined_tables/085_MR_Bulletin_Volume_3/table_007.csv,review_required,unclassified,,blocked_quality_gate,no,0,table_requires_review_or_was_rejected
extracted_tables/085_MR_Bulletin_Volume_3/table_008.csv,quarantined_tables/085_MR_Bulletin_Volume_3/table_008.csv,review_required,unclassified,,blocked_quality_gate,no,0,table_requires_review_or_was_rejected
extracted_tables/085_MR_Bulletin_Volume_3/table_009.csv,quarantined_tables/085_MR_Bulletin_Volume_3/table_009.csv,review_required,unclassified,,blocked_quality_gate,no,0,table_requires_review_or_was_rejected
extracted_tables/085_MR_Bulletin_Volume_3/table_010.csv,quarantined_tables/085_MR_Bulletin_Volume_3/table_010.csv,review_required,unclassified,,blocked_quality_gate,no,0,table_requires_review_or_was_rejected
extracted_tables/085_MR_Bulletin_Volume_3/table_011.csv,quarantined_tables/085_MR_Bulletin_Volume_3/table_011.csv,review_required,unclassified,,blocked_quality_gate,no,0,table_requires_review_or_was_rejected
extracted_tables/085_MR_Bulletin_Volume_3/table_012.csv,quarantined_tables/085_MR_Bulletin_Volume_3/table_012.csv,review_required,unclassified,,blocked_quality_gate,no,0,table_requires_review_or_was_rejected
extracted_tables/086_Measles_Update_Till_14_05_26_/table_001.csv,cleaned_tables/086_Measles_Update_Till_14_05_26_/table_001.csv,accepted_curated,measles_aggregate,Measles,excluded,no,0,aggregate_grain_does_not_match_patient_event_table
extracted_tables/086_Measles_Update_Till_14_05_26_/table_002.csv,cleaned_tables/086_Measles_Update_Till_14_05_26_/table_002.csv,accepted_curated,measles_aggregate,Measles,excluded,no,0,aggregate_grain_does_not_match_patient_event_table
extracted_tables/086_Measles_Update_Till_14_05_26_/table_003.csv,cleaned_tables/086_Measles_Update_Till_14_05_26_/table_003.csv,accepted_curated,measles_aggregate,Measles,excluded,no,0,aggregate_grain_does_not_match_patient_event_table
extracted_tables/091_Bangladesh_Health_Workforce_Strategy_2024/table_001.csv,quarantined_tables/091_Bangladesh_Health_Workforce_Strategy_2024/table_001.csv,rejected,unclassified,,blocked_quality_gate,no,0,table_requires_review_or_was_rejected
extracted_tables/091_Bangladesh_Health_Workforce_Strategy_2024/table_002.csv,quarantined_tables/091_Bangladesh_Health_Workforce_Strategy_2024/table_002.csv,rejected,unclassified,,blocked_quality_gate,no,0,table_requires_review_or_was_rejected
extracted_tables/091_Bangladesh_Health_Workforce_Strategy_2024/table_003.csv,quarantined_tables/091_Bangladesh_Health_Workforce_Strategy_2024/table_003.csv,rejected,unclassified,,blocked_quality_gate,no,0,table_requires_review_or_was_rejected
extracted_tables/091_Bangladesh_Health_Workforce_Strategy_2024/table_004.csv,quarantined_tables/091_Bangladesh_Health_Workforce_Strategy_2024/table_004.csv,rejected,unclassified,,blocked_quality_gate,no,0,table_requires_review_or_was_rejected
extracted_tables/091_Bangladesh_Health_Workforce_Strategy_2024/table_005.csv,quarantined_tables/091_Bangladesh_Health_Workforce_Strategy_2024/table_005.csv,rejected,unclassified,,blocked_quality_gate,no,0,table_requires_review_or_was_rejected
extracted_tables/091_Bangladesh_Health_Workforce_Strategy_2024/table_006.csv,quarantined_tables/091_Bangladesh_Health_Workforce_Strategy_2024/table_006.csv,rejected,unclassified,,blocked_quality_gate,no,0,table_requires_review_or_was_rejected
extracted_tables/091_Bangladesh_Health_Workforce_Strategy_2024/table_007.csv,quarantined_tables/091_Bangladesh_Health_Workforce_Strategy_2024/table_007.csv,rejected,unclassified,,blocked_quality_gate,no,0,table_requires_review_or_was_rejected
extracted_tables/092__HRH_Data_Sheet_2023/table_001.csv,quarantined_tables/092__HRH_Data_Sheet_2023/table_001.csv,rejected,unclassified,,blocked_quality_gate,no,0,table_requires_review_or_was_rejected
extracted_tables/092__HRH_Data_Sheet_2023/table_002.csv,quarantined_tables/092__HRH_Data_Sheet_2023/table_002.csv,rejected,unclassified,,blocked_quality_gate,no,0,table_requires_review_or_was_rejected
extracted_tables/093_Health_Labour_Market_Analysis_in_Bangladesh_2021/table_001.csv,quarantined_tables/093_Health_Labour_Market_Analysis_in_Bangladesh_2021/table_001.csv,review_required,unclassified,,blocked_quality_gate,no,0,table_requires_review_or_was_rejected
extracted_tables/093_Health_Labour_Market_Analysis_in_Bangladesh_2021/table_002.csv,quarantined_tables/093_Health_Labour_Market_Analysis_in_Bangladesh_2021/table_002.csv,review_required,unclassified,,blocked_quality_gate,no,0,table_requires_review_or_was_rejected
extracted_tables/093_Health_Labour_Market_Analysis_in_Bangladesh_2021/table_003.csv,quarantined_tables/093_Health_Labour_Market_Analysis_in_Bangladesh_2021/table_003.csv,review_required,unclassified,,blocked_quality_gate,no,0,table_requires_review_or_was_rejected
extracted_tables/093_Health_Labour_Market_Analysis_in_Bangladesh_2021/table_004.csv,quarantined_tables/093_Health_Labour_Market_Analysis_in_Bangladesh_2021/table_004.csv,review_required,unclassified,,blocked_quality_gate,no,0,table_requires_review_or_was_rejected
extracted_tables/093_Health_Labour_Market_Analysis_in_Bangladesh_2021/table_005.csv,quarantined_tables/093_Health_Labour_Market_Analysis_in_Bangladesh_2021/table_005.csv,review_required,unclassified,,blocked_quality_gate,no,0,table_requires_review_or_was_rejected
extracted_tables/093_Health_Labour_Market_Analysis_in_Bangladesh_2021/table_006.csv,quarantined_tables/093_Health_Labour_Market_Analysis_in_Bangladesh_2021/table_006.csv,review_required,unclassified,,blocked_quality_gate,no,0,table_requires_review_or_was_rejected
extracted_tables/093_Health_Labour_Market_Analysis_in_Bangladesh_2021/table_007.csv,quarantined_tables/093_Health_Labour_Market_Analysis_in_Bangladesh_2021/table_007.csv,review_required,unclassified,,blocked_quality_gate,no,0,table_requires_review_or_was_rejected
extracted_tables/093_Health_Labour_Market_Analysis_in_Bangladesh_2021/table_008.csv,quarantined_tables/093_Health_Labour_Market_Analysis_in_Bangladesh_2021/table_008.csv,review_required,unclassified,,blocked_quality_gate,no,0,table_requires_review_or_was_rejected
extracted_tables/093_Health_Labour_Market_Analysis_in_Bangladesh_2021/table_009.csv,quarantined_tables/093_Health_Labour_Market_Analysis_in_Bangladesh_2021/table_009.csv,review_required,unclassified,,blocked_quality_gate,no,0,table_requires_review_or_was_rejected
extracted_tables/093_Health_Labour_Market_Analysis_in_Bangladesh_2021/table_010.csv,quarantined_tables/093_Health_Labour_Market_Analysis_in_Bangladesh_2021/table_010.csv,review_required,unclassified,,blocked_quality_gate,no,0,table_requires_review_or_was_rejected
extracted_tables/093_Health_Labour_Market_Analysis_in_Bangladesh_2021/table_011.csv,quarantined_tables/093_Health_Labour_Market_Analysis_in_Bangladesh_2021/table_011.csv,review_required,unclassified,,blocked_quality_gate,no,0,table_requires_review_or_was_rejected
extracted_tables/093_Health_Labour_Market_Analysis_in_Bangladesh_2021/table_012.csv,quarantined_tables/093_Health_Labour_Market_Analysis_in_Bangladesh_2021/table_012.csv,review_required,unclassified,,blocked_quality_gate,no,0,table_requires_review_or_was_rejected
extracted_tables/093_Health_Labour_Market_Analysis_in_Bangladesh_2021/table_013.csv,quarantined_tables/093_Health_Labour_Market_Analysis_in_Bangladesh_2021/table_013.csv,review_required,unclassified,,blocked_quality_gate,no,0,table_requires_review_or_was_rejected
extracted_tables/093_Health_Labour_Market_Analysis_in_Bangladesh_2021/table_014.csv,quarantined_tables/093_Health_Labour_Market_Analysis_in_Bangladesh_2021/table_014.csv,review_required,unclassified,,blocked_quality_gate,no,0,table_requires_review_or_was_rejected
extracted_tables/093_Health_Labour_Market_Analysis_in_Bangladesh_2021/table_015.csv,quarantined_tables/093_Health_Labour_Market_Analysis_in_Bangladesh_2021/table_015.csv,review_required,unclassified,,blocked_quality_gate,no,0,table_requires_review_or_was_rejected
extracted_tables/093_Health_Labour_Market_Analysis_in_Bangladesh_2021/table_016.csv,quarantined_tables/093_Health_Labour_Market_Analysis_in_Bangladesh_2021/table_016.csv,review_required,unclassified,,blocked_quality_gate,no,0,table_requires_review_or_was_rejected
extracted_tables/093_Health_Labour_Market_Analysis_in_Bangladesh_2021/table_017.csv,quarantined_tables/093_Health_Labour_Market_Analysis_in_Bangladesh_2021/table_017.csv,review_required,unclassified,,blocked_quality_gate,no,0,table_requires_review_or_was_rejected
extracted_tables/093_Health_Labour_Market_Analysis_in_Bangladesh_2021/table_018.csv,quarantined_tables/093_Health_Labour_Market_Analysis_in_Bangladesh_2021/table_018.csv,review_required,unclassified,,blocked_quality_gate,no,0,table_requires_review_or_was_rejected
extracted_tables/093_Health_Labour_Market_Analysis_in_Bangladesh_2021/table_019.csv,quarantined_tables/093_Health_Labour_Market_Analysis_in_Bangladesh_2021/table_019.csv,review_required,unclassified,,blocked_quality_gate,no,0,table_requires_review_or_was_rejected
extracted_tables/093_Health_Labour_Market_Analysis_in_Bangladesh_2021/table_020.csv,quarantined_tables/093_Health_Labour_Market_Analysis_in_Bangladesh_2021/table_020.csv,review_required,unclassified,,blocked_quality_gate,no,0,table_requires_review_or_was_rejected
extracted_tables/093_Health_Labour_Market_Analysis_in_Bangladesh_2021/table_021.csv,quarantined_tables/093_Health_Labour_Market_Analysis_in_Bangladesh_2021/table_021.csv,review_required,unclassified,,blocked_quality_gate,no,0,table_requires_review_or_was_rejected
extracted_tables/093_Health_Labour_Market_Analysis_in_Bangladesh_2021/table_022.csv,quarantined_tables/093_Health_Labour_Market_Analysis_in_Bangladesh_2021/table_022.csv,review_required,unclassified,,blocked_quality_gate,no,0,table_requires_review_or_was_rejected
extracted_tables/093_Health_Labour_Market_Analysis_in_Bangladesh_2021/table_023.csv,quarantined_tables/093_Health_Labour_Market_Analysis_in_Bangladesh_2021/table_023.csv,review_required,unclassified,,blocked_quality_gate,no,0,table_requires_review_or_was_rejected
extracted_tables/093_Health_Labour_Market_Analysis_in_Bangladesh_2021/table_024.csv,quarantined_tables/093_Health_Labour_Market_Analysis_in_Bangladesh_2021/table_024.csv,review_required,unclassified,,blocked_quality_gate,no,0,table_requires_review_or_was_rejected
extracted_tables/093_Health_Labour_Market_Analysis_in_Bangladesh_2021/table_025.csv,quarantined_tables/093_Health_Labour_Market_Analysis_in_Bangladesh_2021/table_025.csv,review_required,unclassified,,blocked_quality_gate,no,0,table_requires_review_or_was_rejected
extracted_tables/093_Health_Labour_Market_Analysis_in_Bangladesh_2021/table_026.csv,quarantined_tables/093_Health_Labour_Market_Analysis_in_Bangladesh_2021/table_026.csv,review_required,unclassified,,blocked_quality_gate,no,0,table_requires_review_or_was_rejected
extracted_tables/093_Health_Labour_Market_Analysis_in_Bangladesh_2021/table_027.csv,quarantined_tables/093_Health_Labour_Market_Analysis_in_Bangladesh_2021/table_027.csv,review_required,unclassified,,blocked_quality_gate,no,0,table_requires_review_or_was_rejected
extracted_tables/093_Health_Labour_Market_Analysis_in_Bangladesh_2021/table_028.csv,quarantined_tables/093_Health_Labour_Market_Analysis_in_Bangladesh_2021/table_028.csv,review_required,unclassified,,blocked_quality_gate,no,0,table_requires_review_or_was_rejected
extracted_tables/093_Health_Labour_Market_Analysis_in_Bangladesh_2021/table_029.csv,quarantined_tables/093_Health_Labour_Market_Analysis_in_Bangladesh_2021/table_029.csv,rejected,unclassified,,blocked_quality_gate,no,0,table_requires_review_or_was_rejected
extracted_tables/093_Health_Labour_Market_Analysis_in_Bangladesh_2021/table_030.csv,quarantined_tables/093_Health_Labour_Market_Analysis_in_Bangladesh_2021/table_030.csv,review_required,unclassified,,blocked_quality_gate,no,0,table_requires_review_or_was_rejected
extracted_tables/093_Health_Labour_Market_Analysis_in_Bangladesh_2021/table_031.csv,quarantined_tables/093_Health_Labour_Market_Analysis_in_Bangladesh_2021/table_031.csv,review_required,unclassified,,blocked_quality_gate,no,0,table_requires_review_or_was_rejected
extracted_tables/093_Health_Labour_Market_Analysis_in_Bangladesh_2021/table_032.csv,quarantined_tables/093_Health_Labour_Market_Analysis_in_Bangladesh_2021/table_032.csv,review_required,unclassified,,blocked_quality_gate,no,0,table_requires_review_or_was_rejected
extracted_tables/093_Health_Labour_Market_Analysis_in_Bangladesh_2021/table_033.csv,quarantined_tables/093_Health_Labour_Market_Analysis_in_Bangladesh_2021/table_033.csv,review_required,unclassified,,blocked_quality_gate,no,0,table_requires_review_or_was_rejected
extracted_tables/093_Health_Labour_Market_Analysis_in_Bangladesh_2021/table_034.csv,quarantined_tables/093_Health_Labour_Market_Analysis_in_Bangladesh_2021/table_034.csv,review_required,unclassified,,blocked_quality_gate,no,0,table_requires_review_or_was_rejected
extracted_tables/093_Health_Labour_Market_Analysis_in_Bangladesh_2021/table_035.csv,quarantined_tables/093_Health_Labour_Market_Analysis_in_Bangladesh_2021/table_035.csv,review_required,unclassified,,blocked_quality_gate,no,0,table_requires_review_or_was_rejected
extracted_tables/093_Health_Labour_Market_Analysis_in_Bangladesh_2021/table_036.csv,quarantined_tables/093_Health_Labour_Market_Analysis_in_Bangladesh_2021/table_036.csv,review_required,unclassified,,blocked_quality_gate,no,0,table_requires_review_or_was_rejected
extracted_tables/093_Health_Labour_Market_Analysis_in_Bangladesh_2021/table_037.csv,quarantined_tables/093_Health_Labour_Market_Analysis_in_Bangladesh_2021/table_037.csv,review_required,unclassified,,blocked_quality_gate,no,0,table_requires_review_or_was_rejected
extracted_tables/093_Health_Labour_Market_Analysis_in_Bangladesh_2021/table_038.csv,quarantined_tables/093_Health_Labour_Market_Analysis_in_Bangladesh_2021/table_038.csv,review_required,unclassified,,blocked_quality_gate,no,0,table_requires_review_or_was_rejected
extracted_tables/093_Health_Labour_Market_Analysis_in_Bangladesh_2021/table_039.csv,quarantined_tables/093_Health_Labour_Market_Analysis_in_Bangladesh_2021/table_039.csv,rejected,unclassified,,blocked_quality_gate,no,0,table_requires_review_or_was_rejected
extracted_tables/093_Health_Labour_Market_Analysis_in_Bangladesh_2021/table_040.csv,quarantined_tables/093_Health_Labour_Market_Analysis_in_Bangladesh_2021/table_040.csv,review_required,unclassified,,blocked_quality_gate,no,0,table_requires_review_or_was_rejected
extracted_tables/093_Health_Labour_Market_Analysis_in_Bangladesh_2021/table_041.csv,quarantined_tables/093_Health_Labour_Market_Analysis_in_Bangladesh_2021/table_041.csv,review_required,unclassified,,blocked_quality_gate,no,0,table_requires_review_or_was_rejected
extracted_tables/093_Health_Labour_Market_Analysis_in_Bangladesh_2021/table_042.csv,quarantined_tables/093_Health_Labour_Market_Analysis_in_Bangladesh_2021/table_042.csv,review_required,unclassified,,blocked_quality_gate,no,0,table_requires_review_or_was_rejected
extracted_tables/093_Health_Labour_Market_Analysis_in_Bangladesh_2021/table_043.csv,quarantined_tables/093_Health_Labour_Market_Analysis_in_Bangladesh_2021/table_043.csv,review_required,unclassified,,blocked_quality_gate,no,0,table_requires_review_or_was_rejected
extracted_tables/093_Health_Labour_Market_Analysis_in_Bangladesh_2021/table_044.csv,quarantined_tables/093_Health_Labour_Market_Analysis_in_Bangladesh_2021/table_044.csv,review_required,unclassified,,blocked_quality_gate,no,0,table_requires_review_or_was_rejected
extracted_tables/093_Health_Labour_Market_Analysis_in_Bangladesh_2021/table_045.csv,quarantined_tables/093_Health_Labour_Market_Analysis_in_Bangladesh_2021/table_045.csv,review_required,unclassified,,blocked_quality_gate,no,0,table_requires_review_or_was_rejected
extracted_tables/093_Health_Labour_Market_Analysis_in_Bangladesh_2021/table_046.csv,quarantined_tables/093_Health_Labour_Market_Analysis_in_Bangladesh_2021/table_046.csv,rejected,unclassified,,blocked_quality_gate,no,0,table_requires_review_or_was_rejected
extracted_tables/093_Health_Labour_Market_Analysis_in_Bangladesh_2021/table_047.csv,quarantined_tables/093_Health_Labour_Market_Analysis_in_Bangladesh_2021/table_047.csv,review_required,unclassified,,blocked_quality_gate,no,0,table_requires_review_or_was_rejected
extracted_tables/093_Health_Labour_Market_Analysis_in_Bangladesh_2021/table_048.csv,quarantined_tables/093_Health_Labour_Market_Analysis_in_Bangladesh_2021/table_048.csv,review_required,unclassified,,blocked_quality_gate,no,0,table_requires_review_or_was_rejected
extracted_tables/093_Health_Labour_Market_Analysis_in_Bangladesh_2021/table_049.csv,quarantined_tables/093_Health_Labour_Market_Analysis_in_Bangladesh_2021/table_049.csv,review_required,unclassified,,blocked_quality_gate,no,0,table_requires_review_or_was_rejected
extracted_tables/093_Health_Labour_Market_Analysis_in_Bangladesh_2021/table_050.csv,quarantined_tables/093_Health_Labour_Market_Analysis_in_Bangladesh_2021/table_050.csv,review_required,unclassified,,blocked_quality_gate,no,0,table_requires_review_or_was_rejected
extracted_tables/093_Health_Labour_Market_Analysis_in_Bangladesh_2021/table_051.csv,quarantined_tables/093_Health_Labour_Market_Analysis_in_Bangladesh_2021/table_051.csv,review_required,unclassified,,blocked_quality_gate,no,0,table_requires_review_or_was_rejected
extracted_tables/093_Health_Labour_Market_Analysis_in_Bangladesh_2021/table_052.csv,quarantined_tables/093_Health_Labour_Market_Analysis_in_Bangladesh_2021/table_052.csv,review_required,unclassified,,blocked_quality_gate,no,0,table_requires_review_or_was_rejected
extracted_tables/093_Health_Labour_Market_Analysis_in_Bangladesh_2021/table_053.csv,quarantined_tables/093_Health_Labour_Market_Analysis_in_Bangladesh_2021/table_053.csv,review_required,unclassified,,blocked_quality_gate,no,0,table_requires_review_or_was_rejected
extracted_tables/093_Health_Labour_Market_Analysis_in_Bangladesh_2021/table_054.csv,quarantined_tables/093_Health_Labour_Market_Analysis_in_Bangladesh_2021/table_054.csv,review_required,unclassified,,blocked_quality_gate,no,0,table_requires_review_or_was_rejected
extracted_tables/093_Health_Labour_Market_Analysis_in_Bangladesh_2021/table_055.csv,quarantined_tables/093_Health_Labour_Market_Analysis_in_Bangladesh_2021/table_055.csv,review_required,unclassified,,blocked_quality_gate,no,0,table_requires_review_or_was_rejected
extracted_tables/093_Health_Labour_Market_Analysis_in_Bangladesh_2021/table_056.csv,quarantined_tables/093_Health_Labour_Market_Analysis_in_Bangladesh_2021/table_056.csv,review_required,unclassified,,blocked_quality_gate,no,0,table_requires_review_or_was_rejected
extracted_tables/093_Health_Labour_Market_Analysis_in_Bangladesh_2021/table_057.csv,quarantined_tables/093_Health_Labour_Market_Analysis_in_Bangladesh_2021/table_057.csv,review_required,unclassified,,blocked_quality_gate,no,0,table_requires_review_or_was_rejected
extracted_tables/093_Health_Labour_Market_Analysis_in_Bangladesh_2021/table_058.csv,quarantined_tables/093_Health_Labour_Market_Analysis_in_Bangladesh_2021/table_058.csv,review_required,unclassified,,blocked_quality_gate,no,0,table_requires_review_or_was_rejected
extracted_tables/093_Health_Labour_Market_Analysis_in_Bangladesh_2021/table_059.csv,quarantined_tables/093_Health_Labour_Market_Analysis_in_Bangladesh_2021/table_059.csv,review_required,unclassified,,blocked_quality_gate,no,0,table_requires_review_or_was_rejected
extracted_tables/093_Health_Labour_Market_Analysis_in_Bangladesh_2021/table_060.csv,quarantined_tables/093_Health_Labour_Market_Analysis_in_Bangladesh_2021/table_060.csv,review_required,unclassified,,blocked_quality_gate,no,0,table_requires_review_or_was_rejected
extracted_tables/093_Health_Labour_Market_Analysis_in_Bangladesh_2021/table_061.csv,quarantined_tables/093_Health_Labour_Market_Analysis_in_Bangladesh_2021/table_061.csv,review_required,unclassified,,blocked_quality_gate,no,0,table_requires_review_or_was_rejected
extracted_tables/093_Health_Labour_Market_Analysis_in_Bangladesh_2021/table_062.csv,quarantined_tables/093_Health_Labour_Market_Analysis_in_Bangladesh_2021/table_062.csv,review_required,unclassified,,blocked_quality_gate,no,0,table_requires_review_or_was_rejected
extracted_tables/093_Health_Labour_Market_Analysis_in_Bangladesh_2021/table_063.csv,quarantined_tables/093_Health_Labour_Market_Analysis_in_Bangladesh_2021/table_063.csv,review_required,unclassified,,blocked_quality_gate,no,0,table_requires_review_or_was_rejected
extracted_tables/093_Health_Labour_Market_Analysis_in_Bangladesh_2021/table_064.csv,quarantined_tables/093_Health_Labour_Market_Analysis_in_Bangladesh_2021/table_064.csv,review_required,unclassified,,blocked_quality_gate,no,0,table_requires_review_or_was_rejected
extracted_tables/093_Health_Labour_Market_Analysis_in_Bangladesh_2021/table_065.csv,quarantined_tables/093_Health_Labour_Market_Analysis_in_Bangladesh_2021/table_065.csv,rejected,unclassified,,blocked_quality_gate,no,0,table_requires_review_or_was_rejected
extracted_tables/093_Health_Labour_Market_Analysis_in_Bangladesh_2021/table_066.csv,quarantined_tables/093_Health_Labour_Market_Analysis_in_Bangladesh_2021/table_066.csv,review_required,unclassified,,blocked_quality_gate,no,0,table_requires_review_or_was_rejected
extracted_tables/093_Health_Labour_Market_Analysis_in_Bangladesh_2021/table_067.csv,quarantined_tables/093_Health_Labour_Market_Analysis_in_Bangladesh_2021/table_067.csv,review_required,unclassified,,blocked_quality_gate,no,0,table_requires_review_or_was_rejected
extracted_tables/093_Health_Labour_Market_Analysis_in_Bangladesh_2021/table_068.csv,quarantined_tables/093_Health_Labour_Market_Analysis_in_Bangladesh_2021/table_068.csv,review_required,unclassified,,blocked_quality_gate,no,0,table_requires_review_or_was_rejected
extracted_tables/093_Health_Labour_Market_Analysis_in_Bangladesh_2021/table_069.csv,quarantined_tables/093_Health_Labour_Market_Analysis_in_Bangladesh_2021/table_069.csv,review_required,unclassified,,blocked_quality_gate,no,0,table_requires_review_or_was_rejected
extracted_tables/093_Health_Labour_Market_Analysis_in_Bangladesh_2021/table_070.csv,quarantined_tables/093_Health_Labour_Market_Analysis_in_Bangladesh_2021/table_070.csv,review_required,unclassified,,blocked_quality_gate,no,0,table_requires_review_or_was_rejected
extracted_tables/093_Health_Labour_Market_Analysis_in_Bangladesh_2021/table_071.csv,quarantined_tables/093_Health_Labour_Market_Analysis_in_Bangladesh_2021/table_071.csv,review_required,unclassified,,blocked_quality_gate,no,0,table_requires_review_or_was_rejected
extracted_tables/093_Health_Labour_Market_Analysis_in_Bangladesh_2021/table_072.csv,quarantined_tables/093_Health_Labour_Market_Analysis_in_Bangladesh_2021/table_072.csv,rejected,unclassified,,blocked_quality_gate,no,0,table_requires_review_or_was_rejected
extracted_tables/093_Health_Labour_Market_Analysis_in_Bangladesh_2021/table_073.csv,quarantined_tables/093_Health_Labour_Market_Analysis_in_Bangladesh_2021/table_073.csv,review_required,unclassified,,blocked_quality_gate,no,0,table_requires_review_or_was_rejected
extracted_tables/093_Health_Labour_Market_Analysis_in_Bangladesh_2021/table_074.csv,quarantined_tables/093_Health_Labour_Market_Analysis_in_Bangladesh_2021/table_074.csv,review_required,unclassified,,blocked_quality_gate,no,0,table_requires_review_or_was_rejected
extracted_tables/093_Health_Labour_Market_Analysis_in_Bangladesh_2021/table_075.csv,quarantined_tables/093_Health_Labour_Market_Analysis_in_Bangladesh_2021/table_075.csv,review_required,unclassified,,blocked_quality_gate,no,0,table_requires_review_or_was_rejected
extracted_tables/093_Health_Labour_Market_Analysis_in_Bangladesh_2021/table_076.csv,quarantined_tables/093_Health_Labour_Market_Analysis_in_Bangladesh_2021/table_076.csv,review_required,unclassified,,blocked_quality_gate,no,0,table_requires_review_or_was_rejected
extracted_tables/093_Health_Labour_Market_Analysis_in_Bangladesh_2021/table_077.csv,quarantined_tables/093_Health_Labour_Market_Analysis_in_Bangladesh_2021/table_077.csv,review_required,unclassified,,blocked_quality_gate,no,0,table_requires_review_or_was_rejected
extracted_tables/093_Health_Labour_Market_Analysis_in_Bangladesh_2021/table_078.csv,quarantined_tables/093_Health_Labour_Market_Analysis_in_Bangladesh_2021/table_078.csv,review_required,unclassified,,blocked_quality_gate,no,0,table_requires_review_or_was_rejected
extracted_tables/093_Health_Labour_Market_Analysis_in_Bangladesh_2021/table_079.csv,quarantined_tables/093_Health_Labour_Market_Analysis_in_Bangladesh_2021/table_079.csv,rejected,unclassified,,blocked_quality_gate,no,0,table_requires_review_or_was_rejected
extracted_tables/093_Health_Labour_Market_Analysis_in_Bangladesh_2021/table_080.csv,quarantined_tables/093_Health_Labour_Market_Analysis_in_Bangladesh_2021/table_080.csv,rejected,unclassified,,blocked_quality_gate,no,0,table_requires_review_or_was_rejected
extracted_tables/093_Health_Labour_Market_Analysis_in_Bangladesh_2021/table_081.csv,quarantined_tables/093_Health_Labour_Market_Analysis_in_Bangladesh_2021/table_081.csv,review_required,unclassified,,blocked_quality_gate,no,0,table_requires_review_or_was_rejected
extracted_tables/093_Health_Labour_Market_Analysis_in_Bangladesh_2021/table_082.csv,quarantined_tables/093_Health_Labour_Market_Analysis_in_Bangladesh_2021/table_082.csv,review_required,unclassified,,blocked_quality_gate,no,0,table_requires_review_or_was_rejected
extracted_tables/093_Health_Labour_Market_Analysis_in_Bangladesh_2021/table_083.csv,quarantined_tables/093_Health_Labour_Market_Analysis_in_Bangladesh_2021/table_083.csv,review_required,unclassified,,blocked_quality_gate,no,0,table_requires_review_or_was_rejected
extracted_tables/093_Health_Labour_Market_Analysis_in_Bangladesh_2021/table_084.csv,quarantined_tables/093_Health_Labour_Market_Analysis_in_Bangladesh_2021/table_084.csv,review_required,unclassified,,blocked_quality_gate,no,0,table_requires_review_or_was_rejected
extracted_tables/093_Health_Labour_Market_Analysis_in_Bangladesh_2021/table_085.csv,quarantined_tables/093_Health_Labour_Market_Analysis_in_Bangladesh_2021/table_085.csv,review_required,unclassified,,blocked_quality_gate,no,0,table_requires_review_or_was_rejected
extracted_tables/093_Health_Labour_Market_Analysis_in_Bangladesh_2021/table_086.csv,quarantined_tables/093_Health_Labour_Market_Analysis_in_Bangladesh_2021/table_086.csv,review_required,unclassified,,blocked_quality_gate,no,0,table_requires_review_or_was_rejected
extracted_tables/093_Health_Labour_Market_Analysis_in_Bangladesh_2021/table_087.csv,quarantined_tables/093_Health_Labour_Market_Analysis_in_Bangladesh_2021/table_087.csv,review_required,unclassified,,blocked_quality_gate,no,0,table_requires_review_or_was_rejected
extracted_tables/093_Health_Labour_Market_Analysis_in_Bangladesh_2021/table_088.csv,quarantined_tables/093_Health_Labour_Market_Analysis_in_Bangladesh_2021/table_088.csv,review_required,unclassified,,blocked_quality_gate,no,0,table_requires_review_or_was_rejected
extracted_tables/093_Health_Labour_Market_Analysis_in_Bangladesh_2021/table_089.csv,quarantined_tables/093_Health_Labour_Market_Analysis_in_Bangladesh_2021/table_089.csv,review_required,unclassified,,blocked_quality_gate,no,0,table_requires_review_or_was_rejected
extracted_tables/093_Health_Labour_Market_Analysis_in_Bangladesh_2021/table_090.csv,quarantined_tables/093_Health_Labour_Market_Analysis_in_Bangladesh_2021/table_090.csv,review_required,unclassified,,blocked_quality_gate,no,0,table_requires_review_or_was_rejected
extracted_tables/093_Health_Labour_Market_Analysis_in_Bangladesh_2021/table_091.csv,quarantined_tables/093_Health_Labour_Market_Analysis_in_Bangladesh_2021/table_091.csv,review_required,unclassified,,blocked_quality_gate,no,0,table_requires_review_or_was_rejected
extracted_tables/093_Health_Labour_Market_Analysis_in_Bangladesh_2021/table_092.csv,quarantined_tables/093_Health_Labour_Market_Analysis_in_Bangladesh_2021/table_092.csv,review_required,unclassified,,blocked_quality_gate,no,0,table_requires_review_or_was_rejected
extracted_tables/093_Health_Labour_Market_Analysis_in_Bangladesh_2021/table_093.csv,quarantined_tables/093_Health_Labour_Market_Analysis_in_Bangladesh_2021/table_093.csv,rejected,unclassified,,blocked_quality_gate,no,0,table_requires_review_or_was_rejected
extracted_tables/093_Health_Labour_Market_Analysis_in_Bangladesh_2021/table_094.csv,quarantined_tables/093_Health_Labour_Market_Analysis_in_Bangladesh_2021/table_094.csv,review_required,unclassified,,blocked_quality_gate,no,0,table_requires_review_or_was_rejected
extracted_tables/093_Health_Labour_Market_Analysis_in_Bangladesh_2021/table_095.csv,quarantined_tables/093_Health_Labour_Market_Analysis_in_Bangladesh_2021/table_095.csv,review_required,unclassified,,blocked_quality_gate,no,0,table_requires_review_or_was_rejected
extracted_tables/093_Health_Labour_Market_Analysis_in_Bangladesh_2021/table_096.csv,quarantined_tables/093_Health_Labour_Market_Analysis_in_Bangladesh_2021/table_096.csv,review_required,unclassified,,blocked_quality_gate,no,0,table_requires_review_or_was_rejected
extracted_tables/093_Health_Labour_Market_Analysis_in_Bangladesh_2021/table_097.csv,quarantined_tables/093_Health_Labour_Market_Analysis_in_Bangladesh_2021/table_097.csv,review_required,unclassified,,blocked_quality_gate,no,0,table_requires_review_or_was_rejected
extracted_tables/093_Health_Labour_Market_Analysis_in_Bangladesh_2021/table_098.csv,quarantined_tables/093_Health_Labour_Market_Analysis_in_Bangladesh_2021/table_098.csv,review_required,unclassified,,blocked_quality_gate,no,0,table_requires_review_or_was_rejected
extracted_tables/093_Health_Labour_Market_Analysis_in_Bangladesh_2021/table_099.csv,quarantined_tables/093_Health_Labour_Market_Analysis_in_Bangladesh_2021/table_099.csv,review_required,unclassified,,blocked_quality_gate,no,0,table_requires_review_or_was_rejected
extracted_tables/093_Health_Labour_Market_Analysis_in_Bangladesh_2021/table_100.csv,quarantined_tables/093_Health_Labour_Market_Analysis_in_Bangladesh_2021/table_100.csv,rejected,unclassified,,blocked_quality_gate,no,0,table_requires_review_or_was_rejected
extracted_tables/093_Health_Labour_Market_Analysis_in_Bangladesh_2021/table_101.csv,quarantined_tables/093_Health_Labour_Market_Analysis_in_Bangladesh_2021/table_101.csv,review_required,unclassified,,blocked_quality_gate,no,0,table_requires_review_or_was_rejected
extracted_tables/093_Health_Labour_Market_Analysis_in_Bangladesh_2021/table_102.csv,quarantined_tables/093_Health_Labour_Market_Analysis_in_Bangladesh_2021/table_102.csv,review_required,unclassified,,blocked_quality_gate,no,0,table_requires_review_or_was_rejected
extracted_tables/093_Health_Labour_Market_Analysis_in_Bangladesh_2021/table_103.csv,quarantined_tables/093_Health_Labour_Market_Analysis_in_Bangladesh_2021/table_103.csv,review_required,unclassified,,blocked_quality_gate,no,0,table_requires_review_or_was_rejected
extracted_tables/093_Health_Labour_Market_Analysis_in_Bangladesh_2021/table_104.csv,quarantined_tables/093_Health_Labour_Market_Analysis_in_Bangladesh_2021/table_104.csv,review_required,unclassified,,blocked_quality_gate,no,0,table_requires_review_or_was_rejected
extracted_tables/093_Health_Labour_Market_Analysis_in_Bangladesh_2021/table_105.csv,quarantined_tables/093_Health_Labour_Market_Analysis_in_Bangladesh_2021/table_105.csv,review_required,unclassified,,blocked_quality_gate,no,0,table_requires_review_or_was_rejected
extracted_tables/093_Health_Labour_Market_Analysis_in_Bangladesh_2021/table_106.csv,quarantined_tables/093_Health_Labour_Market_Analysis_in_Bangladesh_2021/table_106.csv,review_required,unclassified,,blocked_quality_gate,no,0,table_requires_review_or_was_rejected
extracted_tables/093_Health_Labour_Market_Analysis_in_Bangladesh_2021/table_107.csv,quarantined_tables/093_Health_Labour_Market_Analysis_in_Bangladesh_2021/table_107.csv,rejected,unclassified,,blocked_quality_gate,no,0,table_requires_review_or_was_rejected
extracted_tables/093_Health_Labour_Market_Analysis_in_Bangladesh_2021/table_108.csv,quarantined_tables/093_Health_Labour_Market_Analysis_in_Bangladesh_2021/table_108.csv,review_required,unclassified,,blocked_quality_gate,no,0,table_requires_review_or_was_rejected
extracted_tables/093_Health_Labour_Market_Analysis_in_Bangladesh_2021/table_109.csv,quarantined_tables/093_Health_Labour_Market_Analysis_in_Bangladesh_2021/table_109.csv,review_required,unclassified,,blocked_quality_gate,no,0,table_requires_review_or_was_rejected
extracted_tables/093_Health_Labour_Market_Analysis_in_Bangladesh_2021/table_110.csv,quarantined_tables/093_Health_Labour_Market_Analysis_in_Bangladesh_2021/table_110.csv,review_required,unclassified,,blocked_quality_gate,no,0,table_requires_review_or_was_rejected
extracted_tables/093_Health_Labour_Market_Analysis_in_Bangladesh_2021/table_111.csv,quarantined_tables/093_Health_Labour_Market_Analysis_in_Bangladesh_2021/table_111.csv,review_required,unclassified,,blocked_quality_gate,no,0,table_requires_review_or_was_rejected
extracted_tables/093_Health_Labour_Market_Analysis_in_Bangladesh_2021/table_112.csv,quarantined_tables/093_Health_Labour_Market_Analysis_in_Bangladesh_2021/table_112.csv,review_required,unclassified,,blocked_quality_gate,no,0,table_requires_review_or_was_rejected
extracted_tables/093_Health_Labour_Market_Analysis_in_Bangladesh_2021/table_113.csv,quarantined_tables/093_Health_Labour_Market_Analysis_in_Bangladesh_2021/table_113.csv,review_required,unclassified,,blocked_quality_gate,no,0,table_requires_review_or_was_rejected
extracted_tables/093_Health_Labour_Market_Analysis_in_Bangladesh_2021/table_114.csv,quarantined_tables/093_Health_Labour_Market_Analysis_in_Bangladesh_2021/table_114.csv,review_required,unclassified,,blocked_quality_gate,no,0,table_requires_review_or_was_rejected
extracted_tables/093_Health_Labour_Market_Analysis_in_Bangladesh_2021/table_115.csv,quarantined_tables/093_Health_Labour_Market_Analysis_in_Bangladesh_2021/table_115.csv,review_required,unclassified,,blocked_quality_gate,no,0,table_requires_review_or_was_rejected
extracted_tables/093_Health_Labour_Market_Analysis_in_Bangladesh_2021/table_116.csv,quarantined_tables/093_Health_Labour_Market_Analysis_in_Bangladesh_2021/table_116.csv,review_required,unclassified,,blocked_quality_gate,no,0,table_requires_review_or_was_rejected
extracted_tables/093_Health_Labour_Market_Analysis_in_Bangladesh_2021/table_117.csv,quarantined_tables/093_Health_Labour_Market_Analysis_in_Bangladesh_2021/table_117.csv,review_required,unclassified,,blocked_quality_gate,no,0,table_requires_review_or_was_rejected
extracted_tables/093_Health_Labour_Market_Analysis_in_Bangladesh_2021/table_118.csv,quarantined_tables/093_Health_Labour_Market_Analysis_in_Bangladesh_2021/table_118.csv,review_required,unclassified,,blocked_quality_gate,no,0,table_requires_review_or_was_rejected
extracted_tables/093_Health_Labour_Market_Analysis_in_Bangladesh_2021/table_119.csv,quarantined_tables/093_Health_Labour_Market_Analysis_in_Bangladesh_2021/table_119.csv,rejected,unclassified,,blocked_quality_gate,no,0,table_requires_review_or_was_rejected
extracted_tables/093_Health_Labour_Market_Analysis_in_Bangladesh_2021/table_120.csv,quarantined_tables/093_Health_Labour_Market_Analysis_in_Bangladesh_2021/table_120.csv,rejected,unclassified,,blocked_quality_gate,no,0,table_requires_review_or_was_rejected
extracted_tables/093_Health_Labour_Market_Analysis_in_Bangladesh_2021/table_121.csv,quarantined_tables/093_Health_Labour_Market_Analysis_in_Bangladesh_2021/table_121.csv,review_required,unclassified,,blocked_quality_gate,no,0,table_requires_review_or_was_rejected
extracted_tables/093_Health_Labour_Market_Analysis_in_Bangladesh_2021/table_122.csv,quarantined_tables/093_Health_Labour_Market_Analysis_in_Bangladesh_2021/table_122.csv,review_required,unclassified,,blocked_quality_gate,no,0,table_requires_review_or_was_rejected
extracted_tables/093_Health_Labour_Market_Analysis_in_Bangladesh_2021/table_123.csv,quarantined_tables/093_Health_Labour_Market_Analysis_in_Bangladesh_2021/table_123.csv,review_required,unclassified,,blocked_quality_gate,no,0,table_requires_review_or_was_rejected
extracted_tables/093_Health_Labour_Market_Analysis_in_Bangladesh_2021/table_124.csv,quarantined_tables/093_Health_Labour_Market_Analysis_in_Bangladesh_2021/table_124.csv,review_required,unclassified,,blocked_quality_gate,no,0,table_requires_review_or_was_rejected
extracted_tables/093_Health_Labour_Market_Analysis_in_Bangladesh_2021/table_125.csv,quarantined_tables/093_Health_Labour_Market_Analysis_in_Bangladesh_2021/table_125.csv,review_required,unclassified,,blocked_quality_gate,no,0,table_requires_review_or_was_rejected
extracted_tables/093_Health_Labour_Market_Analysis_in_Bangladesh_2021/table_126.csv,quarantined_tables/093_Health_Labour_Market_Analysis_in_Bangladesh_2021/table_126.csv,review_required,unclassified,,blocked_quality_gate,no,0,table_requires_review_or_was_rejected
extracted_tables/093_Health_Labour_Market_Analysis_in_Bangladesh_2021/table_127.csv,quarantined_tables/093_Health_Labour_Market_Analysis_in_Bangladesh_2021/table_127.csv,review_required,unclassified,,blocked_quality_gate,no,0,table_requires_review_or_was_rejected
extracted_tables/093_Health_Labour_Market_Analysis_in_Bangladesh_2021/table_128.csv,quarantined_tables/093_Health_Labour_Market_Analysis_in_Bangladesh_2021/table_128.csv,review_required,unclassified,,blocked_quality_gate,no,0,table_requires_review_or_was_rejected
extracted_tables/093_Health_Labour_Market_Analysis_in_Bangladesh_2021/table_129.csv,quarantined_tables/093_Health_Labour_Market_Analysis_in_Bangladesh_2021/table_129.csv,review_required,unclassified,,blocked_quality_gate,no,0,table_requires_review_or_was_rejected
extracted_tables/093_Health_Labour_Market_Analysis_in_Bangladesh_2021/table_130.csv,quarantined_tables/093_Health_Labour_Market_Analysis_in_Bangladesh_2021/table_130.csv,review_required,unclassified,,blocked_quality_gate,no,0,table_requires_review_or_was_rejected
extracted_tables/093_Health_Labour_Market_Analysis_in_Bangladesh_2021/table_131.csv,quarantined_tables/093_Health_Labour_Market_Analysis_in_Bangladesh_2021/table_131.csv,review_required,unclassified,,blocked_quality_gate,no,0,table_requires_review_or_was_rejected
extracted_tables/093_Health_Labour_Market_Analysis_in_Bangladesh_2021/table_132.csv,quarantined_tables/093_Health_Labour_Market_Analysis_in_Bangladesh_2021/table_132.csv,review_required,unclassified,,blocked_quality_gate,no,0,table_requires_review_or_was_rejected
extracted_tables/093_Health_Labour_Market_Analysis_in_Bangladesh_2021/table_133.csv,quarantined_tables/093_Health_Labour_Market_Analysis_in_Bangladesh_2021/table_133.csv,review_required,unclassified,,blocked_quality_gate,no,0,table_requires_review_or_was_rejected
extracted_tables/093_Health_Labour_Market_Analysis_in_Bangladesh_2021/table_134.csv,quarantined_tables/093_Health_Labour_Market_Analysis_in_Bangladesh_2021/table_134.csv,rejected,unclassified,,blocked_quality_gate,no,0,table_requires_review_or_was_rejected
extracted_tables/093_Health_Labour_Market_Analysis_in_Bangladesh_2021/table_135.csv,quarantined_tables/093_Health_Labour_Market_Analysis_in_Bangladesh_2021/table_135.csv,rejected,unclassified,,blocked_quality_gate,no,0,table_requires_review_or_was_rejected
extracted_tables/094_HRH_Data_Sheet_2022_of_HSD/table_001.csv,quarantined_tables/094_HRH_Data_Sheet_2022_of_HSD/table_001.csv,rejected,unclassified,,blocked_quality_gate,no,0,table_requires_review_or_was_rejected
extracted_tables/094_HRH_Data_Sheet_2022_of_HSD/table_002.csv,quarantined_tables/094_HRH_Data_Sheet_2022_of_HSD/table_002.csv,rejected,unclassified,,blocked_quality_gate,no,0,table_requires_review_or_was_rejected
extracted_tables/094_HRH_Data_Sheet_2022_of_HSD/table_003.csv,quarantined_tables/094_HRH_Data_Sheet_2022_of_HSD/table_003.csv,rejected,unclassified,,blocked_quality_gate,no,0,table_requires_review_or_was_rejected
extracted_tables/094_HRH_Data_Sheet_2022_of_HSD/table_004.csv,quarantined_tables/094_HRH_Data_Sheet_2022_of_HSD/table_004.csv,rejected,unclassified,,blocked_quality_gate,no,0,table_requires_review_or_was_rejected
extracted_tables/094_HRH_Data_Sheet_2022_of_HSD/table_005.csv,quarantined_tables/094_HRH_Data_Sheet_2022_of_HSD/table_005.csv,rejected,unclassified,,blocked_quality_gate,no,0,table_requires_review_or_was_rejected
extracted_tables/095__HRH_Data_Sheet_2019_of_HSD/table_001.csv,quarantined_tables/095__HRH_Data_Sheet_2019_of_HSD/table_001.csv,review_required,unclassified,,blocked_quality_gate,no,0,table_requires_review_or_was_rejected
extracted_tables/095__HRH_Data_Sheet_2019_of_HSD/table_002.csv,quarantined_tables/095__HRH_Data_Sheet_2019_of_HSD/table_002.csv,review_required,unclassified,,blocked_quality_gate,no,0,table_requires_review_or_was_rejected
extracted_tables/095__HRH_Data_Sheet_2019_of_HSD/table_003.csv,quarantined_tables/095__HRH_Data_Sheet_2019_of_HSD/table_003.csv,review_required,unclassified,,blocked_quality_gate,no,0,table_requires_review_or_was_rejected
extracted_tables/095__HRH_Data_Sheet_2019_of_HSD/table_004.csv,quarantined_tables/095__HRH_Data_Sheet_2019_of_HSD/table_004.csv,review_required,unclassified,,blocked_quality_gate,no,0,table_requires_review_or_was_rejected
extracted_tables/095__HRH_Data_Sheet_2019_of_HSD/table_005.csv,quarantined_tables/095__HRH_Data_Sheet_2019_of_HSD/table_005.csv,review_required,unclassified,,blocked_quality_gate,no,0,table_requires_review_or_was_rejected
extracted_tables/095__HRH_Data_Sheet_2019_of_HSD/table_006.csv,quarantined_tables/095__HRH_Data_Sheet_2019_of_HSD/table_006.csv,review_required,unclassified,,blocked_quality_gate,no,0,table_requires_review_or_was_rejected
extracted_tables/095__HRH_Data_Sheet_2019_of_HSD/table_007.csv,quarantined_tables/095__HRH_Data_Sheet_2019_of_HSD/table_007.csv,review_required,unclassified,,blocked_quality_gate,no,0,table_requires_review_or_was_rejected
extracted_tables/095__HRH_Data_Sheet_2019_of_HSD/table_008.csv,quarantined_tables/095__HRH_Data_Sheet_2019_of_HSD/table_008.csv,review_required,unclassified,,blocked_quality_gate,no,0,table_requires_review_or_was_rejected
extracted_tables/095__HRH_Data_Sheet_2019_of_HSD/table_009.csv,quarantined_tables/095__HRH_Data_Sheet_2019_of_HSD/table_009.csv,review_required,unclassified,,blocked_quality_gate,no,0,table_requires_review_or_was_rejected
extracted_tables/095__HRH_Data_Sheet_2019_of_HSD/table_010.csv,quarantined_tables/095__HRH_Data_Sheet_2019_of_HSD/table_010.csv,review_required,unclassified,,blocked_quality_gate,no,0,table_requires_review_or_was_rejected
extracted_tables/098_HRD_Data_Sheet_2011_of_MOHFW/table_001.csv,quarantined_tables/098_HRD_Data_Sheet_2011_of_MOHFW/table_001.csv,review_required,unclassified,,blocked_quality_gate,no,0,table_requires_review_or_was_rejected
extracted_tables/098_HRD_Data_Sheet_2011_of_MOHFW/table_002.csv,quarantined_tables/098_HRD_Data_Sheet_2011_of_MOHFW/table_002.csv,review_required,unclassified,,blocked_quality_gate,no,0,table_requires_review_or_was_rejected
extracted_tables/098_HRD_Data_Sheet_2011_of_MOHFW/table_003.csv,quarantined_tables/098_HRD_Data_Sheet_2011_of_MOHFW/table_003.csv,review_required,unclassified,,blocked_quality_gate,no,0,table_requires_review_or_was_rejected
extracted_tables/098_HRD_Data_Sheet_2011_of_MOHFW/table_004.csv,quarantined_tables/098_HRD_Data_Sheet_2011_of_MOHFW/table_004.csv,review_required,unclassified,,blocked_quality_gate,no,0,table_requires_review_or_was_rejected
extracted_tables/098_HRD_Data_Sheet_2011_of_MOHFW/table_005.csv,quarantined_tables/098_HRD_Data_Sheet_2011_of_MOHFW/table_005.csv,review_required,unclassified,,blocked_quality_gate,no,0,table_requires_review_or_was_rejected
extracted_tables/098_HRD_Data_Sheet_2011_of_MOHFW/table_006.csv,quarantined_tables/098_HRD_Data_Sheet_2011_of_MOHFW/table_006.csv,review_required,unclassified,,blocked_quality_gate,no,0,table_requires_review_or_was_rejected
extracted_tables/098_HRD_Data_Sheet_2011_of_MOHFW/table_007.csv,quarantined_tables/098_HRD_Data_Sheet_2011_of_MOHFW/table_007.csv,review_required,unclassified,,blocked_quality_gate,no,0,table_requires_review_or_was_rejected
extracted_tables/098_HRD_Data_Sheet_2011_of_MOHFW/table_008.csv,quarantined_tables/098_HRD_Data_Sheet_2011_of_MOHFW/table_008.csv,review_required,unclassified,,blocked_quality_gate,no,0,table_requires_review_or_was_rejected
extracted_tables/098_HRD_Data_Sheet_2011_of_MOHFW/table_009.csv,quarantined_tables/098_HRD_Data_Sheet_2011_of_MOHFW/table_009.csv,review_required,unclassified,,blocked_quality_gate,no,0,table_requires_review_or_was_rejected
extracted_tables/098_HRD_Data_Sheet_2011_of_MOHFW/table_010.csv,quarantined_tables/098_HRD_Data_Sheet_2011_of_MOHFW/table_010.csv,review_required,unclassified,,blocked_quality_gate,no,0,table_requires_review_or_was_rejected
extracted_tables/098_HRD_Data_Sheet_2011_of_MOHFW/table_011.csv,quarantined_tables/098_HRD_Data_Sheet_2011_of_MOHFW/table_011.csv,review_required,unclassified,,blocked_quality_gate,no,0,table_requires_review_or_was_rejected
extracted_tables/098_HRD_Data_Sheet_2011_of_MOHFW/table_012.csv,quarantined_tables/098_HRD_Data_Sheet_2011_of_MOHFW/table_012.csv,review_required,unclassified,,blocked_quality_gate,no,0,table_requires_review_or_was_rejected
extracted_tables/098_HRD_Data_Sheet_2011_of_MOHFW/table_013.csv,quarantined_tables/098_HRD_Data_Sheet_2011_of_MOHFW/table_013.csv,review_required,unclassified,,blocked_quality_gate,no,0,table_requires_review_or_was_rejected
extracted_tables/098_HRD_Data_Sheet_2011_of_MOHFW/table_014.csv,quarantined_tables/098_HRD_Data_Sheet_2011_of_MOHFW/table_014.csv,review_required,unclassified,,blocked_quality_gate,no,0,table_requires_review_or_was_rejected
extracted_tables/100_Pregnancy_History_Information/table_001.csv,quarantined_tables/100_Pregnancy_History_Information/table_001.csv,rejected,unclassified,,blocked_quality_gate,no,0,table_requires_review_or_was_rejected
extracted_tables/100_Pregnancy_History_Information/table_002.csv,quarantined_tables/100_Pregnancy_History_Information/table_002.csv,rejected,unclassified,,blocked_quality_gate,no,0,table_requires_review_or_was_rejected
extracted_tables/100_Pregnancy_History_Information/table_003.csv,quarantined_tables/100_Pregnancy_History_Information/table_003.csv,rejected,unclassified,,blocked_quality_gate,no,0,table_requires_review_or_was_rejected
extracted_tables/100_Pregnancy_History_Information/table_004.csv,quarantined_tables/100_Pregnancy_History_Information/table_004.csv,rejected,unclassified,,blocked_quality_gate,no,0,table_requires_review_or_was_rejected
extracted_tables/102_Cancer_J_Bangladesh_Vol_5_No_2/table_001.csv,quarantined_tables/102_Cancer_J_Bangladesh_Vol_5_No_2/table_001.csv,rejected,unclassified,,blocked_quality_gate,no,0,table_requires_review_or_was_rejected
extracted_tables/104_Yearbook_2023/table_0001.csv,quarantined_tables/104_Yearbook_2023/table_0001.csv,rejected,unclassified,,blocked_quality_gate,no,0,table_requires_review_or_was_rejected
extracted_tables/104_Yearbook_2023/table_0002.csv,quarantined_tables/104_Yearbook_2023/table_0002.csv,review_required,unclassified,,blocked_quality_gate,no,0,table_requires_review_or_was_rejected
extracted_tables/104_Yearbook_2023/table_0003.csv,quarantined_tables/104_Yearbook_2023/table_0003.csv,rejected,unclassified,,blocked_quality_gate,no,0,table_requires_review_or_was_rejected
extracted_tables/104_Yearbook_2023/table_0004.csv,quarantined_tables/104_Yearbook_2023/table_0004.csv,review_required,unclassified,,blocked_quality_gate,no,0,table_requires_review_or_was_rejected
extracted_tables/104_Yearbook_2023/table_0005.csv,quarantined_tables/104_Yearbook_2023/table_0005.csv,rejected,unclassified,,blocked_quality_gate,no,0,table_requires_review_or_was_rejected
extracted_tables/104_Yearbook_2023/table_0006.csv,quarantined_tables/104_Yearbook_2023/table_0006.csv,review_required,unclassified,,blocked_quality_gate,no,0,table_requires_review_or_was_rejected
extracted_tables/104_Yearbook_2023/table_0007.csv,quarantined_tables/104_Yearbook_2023/table_0007.csv,review_required,unclassified,,blocked_quality_gate,no,0,table_requires_review_or_was_rejected
extracted_tables/104_Yearbook_2023/table_0008.csv,quarantined_tables/104_Yearbook_2023/table_0008.csv,review_required,unclassified,,blocked_quality_gate,no,0,table_requires_review_or_was_rejected
extracted_tables/104_Yearbook_2023/table_0009.csv,quarantined_tables/104_Yearbook_2023/table_0009.csv,review_required,unclassified,,blocked_quality_gate,no,0,table_requires_review_or_was_rejected
extracted_tables/104_Yearbook_2023/table_0010.csv,quarantined_tables/104_Yearbook_2023/table_0010.csv,review_required,unclassified,,blocked_quality_gate,no,0,table_requires_review_or_was_rejected
extracted_tables/104_Yearbook_2023/table_0011.csv,quarantined_tables/104_Yearbook_2023/table_0011.csv,review_required,unclassified,,blocked_quality_gate,no,0,table_requires_review_or_was_rejected
extracted_tables/104_Yearbook_2023/table_0012.csv,quarantined_tables/104_Yearbook_2023/table_0012.csv,rejected,unclassified,,blocked_quality_gate,no,0,table_requires_review_or_was_rejected
extracted_tables/104_Yearbook_2023/table_0013.csv,quarantined_tables/104_Yearbook_2023/table_0013.csv,review_required,unclassified,,blocked_quality_gate,no,0,table_requires_review_or_was_rejected
extracted_tables/104_Yearbook_2023/table_0014.csv,quarantined_tables/104_Yearbook_2023/table_0014.csv,review_required,unclassified,,blocked_quality_gate,no,0,table_requires_review_or_was_rejected
extracted_tables/104_Yearbook_2023/table_0015.csv,quarantined_tables/104_Yearbook_2023/table_0015.csv,review_required,unclassified,,blocked_quality_gate,no,0,table_requires_review_or_was_rejected
extracted_tables/104_Yearbook_2023/table_0016.csv,quarantined_tables/104_Yearbook_2023/table_0016.csv,review_required,unclassified,,blocked_quality_gate,no,0,table_requires_review_or_was_rejected
extracted_tables/104_Yearbook_2023/table_0017.csv,quarantined_tables/104_Yearbook_2023/table_0017.csv,rejected,unclassified,,blocked_quality_gate,no,0,table_requires_review_or_was_rejected
extracted_tables/104_Yearbook_2023/table_0018.csv,quarantined_tables/104_Yearbook_2023/table_0018.csv,review_required,unclassified,,blocked_quality_gate,no,0,table_requires_review_or_was_rejected
extracted_tables/104_Yearbook_2023/table_0019.csv,quarantined_tables/104_Yearbook_2023/table_0019.csv,rejected,unclassified,,blocked_quality_gate,no,0,table_requires_review_or_was_rejected
extracted_tables/104_Yearbook_2023/table_0020.csv,quarantined_tables/104_Yearbook_2023/table_0020.csv,review_required,unclassified,,blocked_quality_gate,no,0,table_requires_review_or_was_rejected
extracted_tables/104_Yearbook_2023/table_0021.csv,quarantined_tables/104_Yearbook_2023/table_0021.csv,review_required,unclassified,,blocked_quality_gate,no,0,table_requires_review_or_was_rejected
extracted_tables/104_Yearbook_2023/table_0022.csv,quarantined_tables/104_Yearbook_2023/table_0022.csv,review_required,unclassified,,blocked_quality_gate,no,0,table_requires_review_or_was_rejected
extracted_tables/104_Yearbook_2023/table_0023.csv,quarantined_tables/104_Yearbook_2023/table_0023.csv,rejected,unclassified,,blocked_quality_gate,no,0,table_requires_review_or_was_rejected
extracted_tables/104_Yearbook_2023/table_0024.csv,quarantined_tables/104_Yearbook_2023/table_0024.csv,review_required,unclassified,,blocked_quality_gate,no,0,table_requires_review_or_was_rejected
extracted_tables/104_Yearbook_2023/table_0025.csv,quarantined_tables/104_Yearbook_2023/table_0025.csv,rejected,unclassified,,blocked_quality_gate,no,0,table_requires_review_or_was_rejected
extracted_tables/104_Yearbook_2023/table_0026.csv,quarantined_tables/104_Yearbook_2023/table_0026.csv,review_required,unclassified,,blocked_quality_gate,no,0,table_requires_review_or_was_rejected
extracted_tables/104_Yearbook_2023/table_0027.csv,quarantined_tables/104_Yearbook_2023/table_0027.csv,review_required,unclassified,,blocked_quality_gate,no,0,table_requires_review_or_was_rejected
extracted_tables/104_Yearbook_2023/table_0028.csv,quarantined_tables/104_Yearbook_2023/table_0028.csv,rejected,unclassified,,blocked_quality_gate,no,0,table_requires_review_or_was_rejected
extracted_tables/104_Yearbook_2023/table_0029.csv,quarantined_tables/104_Yearbook_2023/table_0029.csv,review_required,unclassified,,blocked_quality_gate,no,0,table_requires_review_or_was_rejected
extracted_tables/104_Yearbook_2023/table_0030.csv,quarantined_tables/104_Yearbook_2023/table_0030.csv,review_required,unclassified,,blocked_quality_gate,no,0,table_requires_review_or_was_rejected
extracted_tables/104_Yearbook_2023/table_0031.csv,quarantined_tables/104_Yearbook_2023/table_0031.csv,rejected,unclassified,,blocked_quality_gate,no,0,table_requires_review_or_was_rejected
extracted_tables/104_Yearbook_2023/table_0032.csv,quarantined_tables/104_Yearbook_2023/table_0032.csv,rejected,unclassified,,blocked_quality_gate,no,0,table_requires_review_or_was_rejected
extracted_tables/104_Yearbook_2023/table_0033.csv,quarantined_tables/104_Yearbook_2023/table_0033.csv,review_required,unclassified,,blocked_quality_gate,no,0,table_requires_review_or_was_rejected
extracted_tables/104_Yearbook_2023/table_0034.csv,quarantined_tables/104_Yearbook_2023/table_0034.csv,review_required,unclassified,,blocked_quality_gate,no,0,table_requires_review_or_was_rejected
extracted_tables/104_Yearbook_2023/table_0035.csv,quarantined_tables/104_Yearbook_2023/table_0035.csv,rejected,unclassified,,blocked_quality_gate,no,0,table_requires_review_or_was_rejected
extracted_tables/104_Yearbook_2023/table_0036.csv,quarantined_tables/104_Yearbook_2023/table_0036.csv,review_required,unclassified,,blocked_quality_gate,no,0,table_requires_review_or_was_rejected
extracted_tables/104_Yearbook_2023/table_0037.csv,quarantined_tables/104_Yearbook_2023/table_0037.csv,review_required,unclassified,,blocked_quality_gate,no,0,table_requires_review_or_was_rejected
extracted_tables/104_Yearbook_2023/table_0038.csv,quarantined_tables/104_Yearbook_2023/table_0038.csv,rejected,unclassified,,blocked_quality_gate,no,0,table_requires_review_or_was_rejected
extracted_tables/104_Yearbook_2023/table_0039.csv,quarantined_tables/104_Yearbook_2023/table_0039.csv,review_required,unclassified,,blocked_quality_gate,no,0,table_requires_review_or_was_rejected
extracted_tables/104_Yearbook_2023/table_0040.csv,quarantined_tables/104_Yearbook_2023/table_0040.csv,review_required,unclassified,,blocked_quality_gate,no,0,table_requires_review_or_was_rejected
extracted_tables/104_Yearbook_2023/table_0041.csv,quarantined_tables/104_Yearbook_2023/table_0041.csv,review_required,unclassified,,blocked_quality_gate,no,0,table_requires_review_or_was_rejected
extracted_tables/104_Yearbook_2023/table_0042.csv,quarantined_tables/104_Yearbook_2023/table_0042.csv,rejected,unclassified,,blocked_quality_gate,no,0,table_requires_review_or_was_rejected
extracted_tables/104_Yearbook_2023/table_0043.csv,quarantined_tables/104_Yearbook_2023/table_0043.csv,review_required,unclassified,,blocked_quality_gate,no,0,table_requires_review_or_was_rejected
extracted_tables/104_Yearbook_2023/table_0044.csv,quarantined_tables/104_Yearbook_2023/table_0044.csv,review_required,unclassified,,blocked_quality_gate,no,0,table_requires_review_or_was_rejected
extracted_tables/104_Yearbook_2023/table_0045.csv,quarantined_tables/104_Yearbook_2023/table_0045.csv,rejected,unclassified,,blocked_quality_gate,no,0,table_requires_review_or_was_rejected
extracted_tables/104_Yearbook_2023/table_0046.csv,quarantined_tables/104_Yearbook_2023/table_0046.csv,review_required,unclassified,,blocked_quality_gate,no,0,table_requires_review_or_was_rejected
extracted_tables/104_Yearbook_2023/table_0047.csv,quarantined_tables/104_Yearbook_2023/table_0047.csv,review_required,unclassified,,blocked_quality_gate,no,0,table_requires_review_or_was_rejected
extracted_tables/104_Yearbook_2023/table_0048.csv,quarantined_tables/104_Yearbook_2023/table_0048.csv,rejected,unclassified,,blocked_quality_gate,no,0,table_requires_review_or_was_rejected
extracted_tables/104_Yearbook_2023/table_0049.csv,quarantined_tables/104_Yearbook_2023/table_0049.csv,review_required,unclassified,,blocked_quality_gate,no,0,table_requires_review_or_was_rejected
extracted_tables/104_Yearbook_2023/table_0050.csv,quarantined_tables/104_Yearbook_2023/table_0050.csv,review_required,unclassified,,blocked_quality_gate,no,0,table_requires_review_or_was_rejected
extracted_tables/104_Yearbook_2023/table_0051.csv,quarantined_tables/104_Yearbook_2023/table_0051.csv,review_required,unclassified,,blocked_quality_gate,no,0,table_requires_review_or_was_rejected
extracted_tables/104_Yearbook_2023/table_0052.csv,quarantined_tables/104_Yearbook_2023/table_0052.csv,review_required,unclassified,,blocked_quality_gate,no,0,table_requires_review_or_was_rejected
extracted_tables/104_Yearbook_2023/table_0053.csv,quarantined_tables/104_Yearbook_2023/table_0053.csv,review_required,unclassified,,blocked_quality_gate,no,0,table_requires_review_or_was_rejected
extracted_tables/104_Yearbook_2023/table_0054.csv,quarantined_tables/104_Yearbook_2023/table_0054.csv,rejected,unclassified,,blocked_quality_gate,no,0,table_requires_review_or_was_rejected
extracted_tables/104_Yearbook_2023/table_0055.csv,quarantined_tables/104_Yearbook_2023/table_0055.csv,rejected,unclassified,,blocked_quality_gate,no,0,table_requires_review_or_was_rejected
extracted_tables/104_Yearbook_2023/table_0056.csv,quarantined_tables/104_Yearbook_2023/table_0056.csv,review_required,unclassified,,blocked_quality_gate,no,0,table_requires_review_or_was_rejected
extracted_tables/104_Yearbook_2023/table_0057.csv,quarantined_tables/104_Yearbook_2023/table_0057.csv,rejected,unclassified,,blocked_quality_gate,no,0,table_requires_review_or_was_rejected
extracted_tables/104_Yearbook_2023/table_0058.csv,quarantined_tables/104_Yearbook_2023/table_0058.csv,review_required,unclassified,,blocked_quality_gate,no,0,table_requires_review_or_was_rejected
extracted_tables/104_Yearbook_2023/table_0059.csv,quarantined_tables/104_Yearbook_2023/table_0059.csv,review_required,unclassified,,blocked_quality_gate,no,0,table_requires_review_or_was_rejected
extracted_tables/104_Yearbook_2023/table_0060.csv,quarantined_tables/104_Yearbook_2023/table_0060.csv,review_required,unclassified,,blocked_quality_gate,no,0,table_requires_review_or_was_rejected
extracted_tables/104_Yearbook_2023/table_0061.csv,quarantined_tables/104_Yearbook_2023/table_0061.csv,rejected,unclassified,,blocked_quality_gate,no,0,table_requires_review_or_was_rejected
extracted_tables/104_Yearbook_2023/table_0062.csv,quarantined_tables/104_Yearbook_2023/table_0062.csv,review_required,unclassified,,blocked_quality_gate,no,0,table_requires_review_or_was_rejected
extracted_tables/104_Yearbook_2023/table_0063.csv,quarantined_tables/104_Yearbook_2023/table_0063.csv,review_required,unclassified,,blocked_quality_gate,no,0,table_requires_review_or_was_rejected
extracted_tables/104_Yearbook_2023/table_0064.csv,quarantined_tables/104_Yearbook_2023/table_0064.csv,review_required,unclassified,,blocked_quality_gate,no,0,table_requires_review_or_was_rejected
extracted_tables/104_Yearbook_2023/table_0065.csv,quarantined_tables/104_Yearbook_2023/table_0065.csv,review_required,unclassified,,blocked_quality_gate,no,0,table_requires_review_or_was_rejected
extracted_tables/104_Yearbook_2023/table_0066.csv,quarantined_tables/104_Yearbook_2023/table_0066.csv,rejected,unclassified,,blocked_quality_gate,no,0,table_requires_review_or_was_rejected
extracted_tables/104_Yearbook_2023/table_0067.csv,quarantined_tables/104_Yearbook_2023/table_0067.csv,review_required,unclassified,,blocked_quality_gate,no,0,table_requires_review_or_was_rejected
extracted_tables/104_Yearbook_2023/table_0068.csv,quarantined_tables/104_Yearbook_2023/table_0068.csv,review_required,unclassified,,blocked_quality_gate,no,0,table_requires_review_or_was_rejected
extracted_tables/104_Yearbook_2023/table_0069.csv,quarantined_tables/104_Yearbook_2023/table_0069.csv,rejected,unclassified,,blocked_quality_gate,no,0,table_requires_review_or_was_rejected
extracted_tables/104_Yearbook_2023/table_0070.csv,quarantined_tables/104_Yearbook_2023/table_0070.csv,review_required,unclassified,,blocked_quality_gate,no,0,table_requires_review_or_was_rejected
extracted_tables/104_Yearbook_2023/table_0071.csv,quarantined_tables/104_Yearbook_2023/table_0071.csv,review_required,unclassified,,blocked_quality_gate,no,0,table_requires_review_or_was_rejected
extracted_tables/104_Yearbook_2023/table_0072.csv,quarantined_tables/104_Yearbook_2023/table_0072.csv,rejected,unclassified,,blocked_quality_gate,no,0,table_requires_review_or_was_rejected
extracted_tables/104_Yearbook_2023/table_0073.csv,quarantined_tables/104_Yearbook_2023/table_0073.csv,review_required,unclassified,,blocked_quality_gate,no,0,table_requires_review_or_was_rejected
extracted_tables/104_Yearbook_2023/table_0074.csv,quarantined_tables/104_Yearbook_2023/table_0074.csv,review_required,unclassified,,blocked_quality_gate,no,0,table_requires_review_or_was_rejected
extracted_tables/104_Yearbook_2023/table_0075.csv,quarantined_tables/104_Yearbook_2023/table_0075.csv,rejected,unclassified,,blocked_quality_gate,no,0,table_requires_review_or_was_rejected
extracted_tables/104_Yearbook_2023/table_0076.csv,quarantined_tables/104_Yearbook_2023/table_0076.csv,review_required,unclassified,,blocked_quality_gate,no,0,table_requires_review_or_was_rejected
extracted_tables/104_Yearbook_2023/table_0077.csv,quarantined_tables/104_Yearbook_2023/table_0077.csv,rejected,unclassified,,blocked_quality_gate,no,0,table_requires_review_or_was_rejected
extracted_tables/104_Yearbook_2023/table_0078.csv,quarantined_tables/104_Yearbook_2023/table_0078.csv,review_required,unclassified,,blocked_quality_gate,no,0,table_requires_review_or_was_rejected
extracted_tables/104_Yearbook_2023/table_0079.csv,quarantined_tables/104_Yearbook_2023/table_0079.csv,review_required,unclassified,,blocked_quality_gate,no,0,table_requires_review_or_was_rejected
extracted_tables/104_Yearbook_2023/table_0080.csv,quarantined_tables/104_Yearbook_2023/table_0080.csv,rejected,unclassified,,blocked_quality_gate,no,0,table_requires_review_or_was_rejected
extracted_tables/104_Yearbook_2023/table_0081.csv,quarantined_tables/104_Yearbook_2023/table_0081.csv,review_required,unclassified,,blocked_quality_gate,no,0,table_requires_review_or_was_rejected
extracted_tables/104_Yearbook_2023/table_0082.csv,quarantined_tables/104_Yearbook_2023/table_0082.csv,review_required,unclassified,,blocked_quality_gate,no,0,table_requires_review_or_was_rejected
extracted_tables/104_Yearbook_2023/table_0083.csv,quarantined_tables/104_Yearbook_2023/table_0083.csv,rejected,unclassified,,blocked_quality_gate,no,0,table_requires_review_or_was_rejected
extracted_tables/104_Yearbook_2023/table_0084.csv,quarantined_tables/104_Yearbook_2023/table_0084.csv,rejected,unclassified,,blocked_quality_gate,no,0,table_requires_review_or_was_rejected
extracted_tables/104_Yearbook_2023/table_0085.csv,quarantined_tables/104_Yearbook_2023/table_0085.csv,review_required,unclassified,,blocked_quality_gate,no,0,table_requires_review_or_was_rejected
extracted_tables/104_Yearbook_2023/table_0086.csv,quarantined_tables/104_Yearbook_2023/table_0086.csv,review_required,unclassified,,blocked_quality_gate,no,0,table_requires_review_or_was_rejected
extracted_tables/104_Yearbook_2023/table_0087.csv,quarantined_tables/104_Yearbook_2023/table_0087.csv,rejected,unclassified,,blocked_quality_gate,no,0,table_requires_review_or_was_rejected
extracted_tables/104_Yearbook_2023/table_0088.csv,quarantined_tables/104_Yearbook_2023/table_0088.csv,rejected,unclassified,,blocked_quality_gate,no,0,table_requires_review_or_was_rejected
extracted_tables/104_Yearbook_2023/table_0089.csv,quarantined_tables/104_Yearbook_2023/table_0089.csv,review_required,unclassified,,blocked_quality_gate,no,0,table_requires_review_or_was_rejected
extracted_tables/104_Yearbook_2023/table_0090.csv,quarantined_tables/104_Yearbook_2023/table_0090.csv,rejected,unclassified,,blocked_quality_gate,no,0,table_requires_review_or_was_rejected
extracted_tables/104_Yearbook_2023/table_0091.csv,quarantined_tables/104_Yearbook_2023/table_0091.csv,review_required,unclassified,,blocked_quality_gate,no,0,table_requires_review_or_was_rejected
extracted_tables/104_Yearbook_2023/table_0092.csv,quarantined_tables/104_Yearbook_2023/table_0092.csv,review_required,unclassified,,blocked_quality_gate,no,0,table_requires_review_or_was_rejected
extracted_tables/104_Yearbook_2023/table_0093.csv,quarantined_tables/104_Yearbook_2023/table_0093.csv,rejected,unclassified,,blocked_quality_gate,no,0,table_requires_review_or_was_rejected
extracted_tables/104_Yearbook_2023/table_0094.csv,quarantined_tables/104_Yearbook_2023/table_0094.csv,review_required,unclassified,,blocked_quality_gate,no,0,table_requires_review_or_was_rejected
extracted_tables/104_Yearbook_2023/table_0095.csv,quarantined_tables/104_Yearbook_2023/table_0095.csv,review_required,unclassified,,blocked_quality_gate,no,0,table_requires_review_or_was_rejected
extracted_tables/104_Yearbook_2023/table_0096.csv,quarantined_tables/104_Yearbook_2023/table_0096.csv,rejected,unclassified,,blocked_quality_gate,no,0,table_requires_review_or_was_rejected
extracted_tables/104_Yearbook_2023/table_0097.csv,quarantined_tables/104_Yearbook_2023/table_0097.csv,rejected,unclassified,,blocked_quality_gate,no,0,table_requires_review_or_was_rejected
extracted_tables/104_Yearbook_2023/table_0098.csv,quarantined_tables/104_Yearbook_2023/table_0098.csv,rejected,unclassified,,blocked_quality_gate,no,0,table_requires_review_or_was_rejected
extracted_tables/104_Yearbook_2023/table_0099.csv,quarantined_tables/104_Yearbook_2023/table_0099.csv,review_required,unclassified,,blocked_quality_gate,no,0,table_requires_review_or_was_rejected
extracted_tables/104_Yearbook_2023/table_0100.csv,quarantined_tables/104_Yearbook_2023/table_0100.csv,rejected,unclassified,,blocked_quality_gate,no,0,table_requires_review_or_was_rejected
extracted_tables/104_Yearbook_2023/table_0101.csv,quarantined_tables/104_Yearbook_2023/table_0101.csv,review_required,unclassified,,blocked_quality_gate,no,0,table_requires_review_or_was_rejected
extracted_tables/104_Yearbook_2023/table_0102.csv,quarantined_tables/104_Yearbook_2023/table_0102.csv,review_required,unclassified,,blocked_quality_gate,no,0,table_requires_review_or_was_rejected
extracted_tables/104_Yearbook_2023/table_0103.csv,quarantined_tables/104_Yearbook_2023/table_0103.csv,review_required,unclassified,,blocked_quality_gate,no,0,table_requires_review_or_was_rejected
extracted_tables/104_Yearbook_2023/table_0104.csv,quarantined_tables/104_Yearbook_2023/table_0104.csv,rejected,unclassified,,blocked_quality_gate,no,0,table_requires_review_or_was_rejected
extracted_tables/104_Yearbook_2023/table_0105.csv,quarantined_tables/104_Yearbook_2023/table_0105.csv,review_required,unclassified,,blocked_quality_gate,no,0,table_requires_review_or_was_rejected
extracted_tables/104_Yearbook_2023/table_0106.csv,quarantined_tables/104_Yearbook_2023/table_0106.csv,review_required,unclassified,,blocked_quality_gate,no,0,table_requires_review_or_was_rejected
extracted_tables/104_Yearbook_2023/table_0107.csv,quarantined_tables/104_Yearbook_2023/table_0107.csv,rejected,unclassified,,blocked_quality_gate,no,0,table_requires_review_or_was_rejected
extracted_tables/104_Yearbook_2023/table_0108.csv,quarantined_tables/104_Yearbook_2023/table_0108.csv,review_required,unclassified,,blocked_quality_gate,no,0,table_requires_review_or_was_rejected
extracted_tables/104_Yearbook_2023/table_0109.csv,quarantined_tables/104_Yearbook_2023/table_0109.csv,review_required,unclassified,,blocked_quality_gate,no,0,table_requires_review_or_was_rejected
extracted_tables/104_Yearbook_2023/table_0110.csv,quarantined_tables/104_Yearbook_2023/table_0110.csv,rejected,unclassified,,blocked_quality_gate,no,0,table_requires_review_or_was_rejected
extracted_tables/104_Yearbook_2023/table_0111.csv,quarantined_tables/104_Yearbook_2023/table_0111.csv,review_required,unclassified,,blocked_quality_gate,no,0,table_requires_review_or_was_rejected
extracted_tables/104_Yearbook_2023/table_0112.csv,quarantined_tables/104_Yearbook_2023/table_0112.csv,review_required,unclassified,,blocked_quality_gate,no,0,table_requires_review_or_was_rejected
extracted_tables/104_Yearbook_2023/table_0113.csv,quarantined_tables/104_Yearbook_2023/table_0113.csv,rejected,unclassified,,blocked_quality_gate,no,0,table_requires_review_or_was_rejected
extracted_tables/104_Yearbook_2023/table_0114.csv,quarantined_tables/104_Yearbook_2023/table_0114.csv,review_required,unclassified,,blocked_quality_gate,no,0,table_requires_review_or_was_rejected
extracted_tables/104_Yearbook_2023/table_0115.csv,quarantined_tables/104_Yearbook_2023/table_0115.csv,rejected,unclassified,,blocked_quality_gate,no,0,table_requires_review_or_was_rejected
extracted_tables/104_Yearbook_2023/table_0116.csv,quarantined_tables/104_Yearbook_2023/table_0116.csv,review_required,unclassified,,blocked_quality_gate,no,0,table_requires_review_or_was_rejected
extracted_tables/104_Yearbook_2023/table_0117.csv,quarantined_tables/104_Yearbook_2023/table_0117.csv,review_required,unclassified,,blocked_quality_gate,no,0,table_requires_review_or_was_rejected
extracted_tables/104_Yearbook_2023/table_0118.csv,quarantined_tables/104_Yearbook_2023/table_0118.csv,review_required,unclassified,,blocked_quality_gate,no,0,table_requires_review_or_was_rejected
extracted_tables/104_Yearbook_2023/table_0119.csv,quarantined_tables/104_Yearbook_2023/table_0119.csv,review_required,unclassified,,blocked_quality_gate,no,0,table_requires_review_or_was_rejected
extracted_tables/104_Yearbook_2023/table_0120.csv,quarantined_tables/104_Yearbook_2023/table_0120.csv,rejected,unclassified,,blocked_quality_gate,no,0,table_requires_review_or_was_rejected
extracted_tables/104_Yearbook_2023/table_0121.csv,quarantined_tables/104_Yearbook_2023/table_0121.csv,review_required,unclassified,,blocked_quality_gate,no,0,table_requires_review_or_was_rejected
extracted_tables/104_Yearbook_2023/table_0122.csv,quarantined_tables/104_Yearbook_2023/table_0122.csv,review_required,unclassified,,blocked_quality_gate,no,0,table_requires_review_or_was_rejected
extracted_tables/104_Yearbook_2023/table_0123.csv,quarantined_tables/104_Yearbook_2023/table_0123.csv,rejected,unclassified,,blocked_quality_gate,no,0,table_requires_review_or_was_rejected
extracted_tables/104_Yearbook_2023/table_0124.csv,quarantined_tables/104_Yearbook_2023/table_0124.csv,review_required,unclassified,,blocked_quality_gate,no,0,table_requires_review_or_was_rejected
extracted_tables/104_Yearbook_2023/table_0125.csv,quarantined_tables/104_Yearbook_2023/table_0125.csv,rejected,unclassified,,blocked_quality_gate,no,0,table_requires_review_or_was_rejected
extracted_tables/104_Yearbook_2023/table_0126.csv,quarantined_tables/104_Yearbook_2023/table_0126.csv,review_required,unclassified,,blocked_quality_gate,no,0,table_requires_review_or_was_rejected
extracted_tables/104_Yearbook_2023/table_0127.csv,quarantined_tables/104_Yearbook_2023/table_0127.csv,review_required,unclassified,,blocked_quality_gate,no,0,table_requires_review_or_was_rejected
extracted_tables/104_Yearbook_2023/table_0128.csv,quarantined_tables/104_Yearbook_2023/table_0128.csv,review_required,unclassified,,blocked_quality_gate,no,0,table_requires_review_or_was_rejected
extracted_tables/104_Yearbook_2023/table_0129.csv,quarantined_tables/104_Yearbook_2023/table_0129.csv,review_required,unclassified,,blocked_quality_gate,no,0,table_requires_review_or_was_rejected
extracted_tables/104_Yearbook_2023/table_0130.csv,quarantined_tables/104_Yearbook_2023/table_0130.csv,rejected,unclassified,,blocked_quality_gate,no,0,table_requires_review_or_was_rejected
extracted_tables/104_Yearbook_2023/table_0131.csv,quarantined_tables/104_Yearbook_2023/table_0131.csv,review_required,unclassified,,blocked_quality_gate,no,0,table_requires_review_or_was_rejected
extracted_tables/104_Yearbook_2023/table_0132.csv,quarantined_tables/104_Yearbook_2023/table_0132.csv,rejected,unclassified,,blocked_quality_gate,no,0,table_requires_review_or_was_rejected
extracted_tables/104_Yearbook_2023/table_0133.csv,quarantined_tables/104_Yearbook_2023/table_0133.csv,review_required,unclassified,,blocked_quality_gate,no,0,table_requires_review_or_was_rejected
extracted_tables/104_Yearbook_2023/table_0134.csv,quarantined_tables/104_Yearbook_2023/table_0134.csv,review_required,unclassified,,blocked_quality_gate,no,0,table_requires_review_or_was_rejected
extracted_tables/104_Yearbook_2023/table_0135.csv,quarantined_tables/104_Yearbook_2023/table_0135.csv,rejected,unclassified,,blocked_quality_gate,no,0,table_requires_review_or_was_rejected
extracted_tables/104_Yearbook_2023/table_0136.csv,quarantined_tables/104_Yearbook_2023/table_0136.csv,review_required,unclassified,,blocked_quality_gate,no,0,table_requires_review_or_was_rejected
extracted_tables/104_Yearbook_2023/table_0137.csv,quarantined_tables/104_Yearbook_2023/table_0137.csv,review_required,unclassified,,blocked_quality_gate,no,0,table_requires_review_or_was_rejected
extracted_tables/104_Yearbook_2023/table_0138.csv,quarantined_tables/104_Yearbook_2023/table_0138.csv,review_required,unclassified,,blocked_quality_gate,no,0,table_requires_review_or_was_rejected
extracted_tables/104_Yearbook_2023/table_0139.csv,quarantined_tables/104_Yearbook_2023/table_0139.csv,rejected,unclassified,,blocked_quality_gate,no,0,table_requires_review_or_was_rejected
extracted_tables/104_Yearbook_2023/table_0140.csv,quarantined_tables/104_Yearbook_2023/table_0140.csv,review_required,unclassified,,blocked_quality_gate,no,0,table_requires_review_or_was_rejected
extracted_tables/104_Yearbook_2023/table_0141.csv,quarantined_tables/104_Yearbook_2023/table_0141.csv,review_required,unclassified,,blocked_quality_gate,no,0,table_requires_review_or_was_rejected
extracted_tables/104_Yearbook_2023/table_0142.csv,quarantined_tables/104_Yearbook_2023/table_0142.csv,review_required,unclassified,,blocked_quality_gate,no,0,table_requires_review_or_was_rejected
extracted_tables/104_Yearbook_2023/table_0143.csv,quarantined_tables/104_Yearbook_2023/table_0143.csv,review_required,unclassified,,blocked_quality_gate,no,0,table_requires_review_or_was_rejected
extracted_tables/104_Yearbook_2023/table_0144.csv,quarantined_tables/104_Yearbook_2023/table_0144.csv,review_required,unclassified,,blocked_quality_gate,no,0,table_requires_review_or_was_rejected
extracted_tables/104_Yearbook_2023/table_0145.csv,quarantined_tables/104_Yearbook_2023/table_0145.csv,review_required,unclassified,,blocked_quality_gate,no,0,table_requires_review_or_was_rejected
extracted_tables/104_Yearbook_2023/table_0146.csv,quarantined_tables/104_Yearbook_2023/table_0146.csv,rejected,unclassified,,blocked_quality_gate,no,0,table_requires_review_or_was_rejected
extracted_tables/104_Yearbook_2023/table_0147.csv,quarantined_tables/104_Yearbook_2023/table_0147.csv,review_required,unclassified,,blocked_quality_gate,no,0,table_requires_review_or_was_rejected
extracted_tables/104_Yearbook_2023/table_0148.csv,quarantined_tables/104_Yearbook_2023/table_0148.csv,review_required,unclassified,,blocked_quality_gate,no,0,table_requires_review_or_was_rejected
extracted_tables/104_Yearbook_2023/table_0149.csv,quarantined_tables/104_Yearbook_2023/table_0149.csv,rejected,unclassified,,blocked_quality_gate,no,0,table_requires_review_or_was_rejected
extracted_tables/104_Yearbook_2023/table_0150.csv,quarantined_tables/104_Yearbook_2023/table_0150.csv,rejected,unclassified,,blocked_quality_gate,no,0,table_requires_review_or_was_rejected
extracted_tables/104_Yearbook_2023/table_0151.csv,quarantined_tables/104_Yearbook_2023/table_0151.csv,review_required,unclassified,,blocked_quality_gate,no,0,table_requires_review_or_was_rejected
extracted_tables/104_Yearbook_2023/table_0152.csv,quarantined_tables/104_Yearbook_2023/table_0152.csv,review_required,unclassified,,blocked_quality_gate,no,0,table_requires_review_or_was_rejected
extracted_tables/104_Yearbook_2023/table_0153.csv,quarantined_tables/104_Yearbook_2023/table_0153.csv,rejected,unclassified,,blocked_quality_gate,no,0,table_requires_review_or_was_rejected
extracted_tables/104_Yearbook_2023/table_0154.csv,quarantined_tables/104_Yearbook_2023/table_0154.csv,review_required,unclassified,,blocked_quality_gate,no,0,table_requires_review_or_was_rejected
extracted_tables/104_Yearbook_2023/table_0155.csv,quarantined_tables/104_Yearbook_2023/table_0155.csv,review_required,unclassified,,blocked_quality_gate,no,0,table_requires_review_or_was_rejected
extracted_tables/104_Yearbook_2023/table_0156.csv,quarantined_tables/104_Yearbook_2023/table_0156.csv,rejected,unclassified,,blocked_quality_gate,no,0,table_requires_review_or_was_rejected
extracted_tables/104_Yearbook_2023/table_0157.csv,quarantined_tables/104_Yearbook_2023/table_0157.csv,rejected,unclassified,,blocked_quality_gate,no,0,table_requires_review_or_was_rejected
extracted_tables/104_Yearbook_2023/table_0158.csv,quarantined_tables/104_Yearbook_2023/table_0158.csv,rejected,unclassified,,blocked_quality_gate,no,0,table_requires_review_or_was_rejected
extracted_tables/104_Yearbook_2023/table_0159.csv,quarantined_tables/104_Yearbook_2023/table_0159.csv,review_required,unclassified,,blocked_quality_gate,no,0,table_requires_review_or_was_rejected
extracted_tables/104_Yearbook_2023/table_0160.csv,quarantined_tables/104_Yearbook_2023/table_0160.csv,rejected,unclassified,,blocked_quality_gate,no,0,table_requires_review_or_was_rejected
extracted_tables/104_Yearbook_2023/table_0161.csv,quarantined_tables/104_Yearbook_2023/table_0161.csv,review_required,unclassified,,blocked_quality_gate,no,0,table_requires_review_or_was_rejected
extracted_tables/104_Yearbook_2023/table_0162.csv,quarantined_tables/104_Yearbook_2023/table_0162.csv,rejected,unclassified,,blocked_quality_gate,no,0,table_requires_review_or_was_rejected
extracted_tables/104_Yearbook_2023/table_0163.csv,quarantined_tables/104_Yearbook_2023/table_0163.csv,rejected,unclassified,,blocked_quality_gate,no,0,table_requires_review_or_was_rejected
extracted_tables/104_Yearbook_2023/table_0164.csv,quarantined_tables/104_Yearbook_2023/table_0164.csv,rejected,unclassified,,blocked_quality_gate,no,0,table_requires_review_or_was_rejected
extracted_tables/104_Yearbook_2023/table_0165.csv,quarantined_tables/104_Yearbook_2023/table_0165.csv,review_required,unclassified,,blocked_quality_gate,no,0,table_requires_review_or_was_rejected
extracted_tables/104_Yearbook_2023/table_0166.csv,quarantined_tables/104_Yearbook_2023/table_0166.csv,review_required,unclassified,,blocked_quality_gate,no,0,table_requires_review_or_was_rejected
extracted_tables/104_Yearbook_2023/table_0167.csv,quarantined_tables/104_Yearbook_2023/table_0167.csv,review_required,unclassified,,blocked_quality_gate,no,0,table_requires_review_or_was_rejected
extracted_tables/104_Yearbook_2023/table_0168.csv,quarantined_tables/104_Yearbook_2023/table_0168.csv,rejected,unclassified,,blocked_quality_gate,no,0,table_requires_review_or_was_rejected
extracted_tables/104_Yearbook_2023/table_0169.csv,quarantined_tables/104_Yearbook_2023/table_0169.csv,review_required,unclassified,,blocked_quality_gate,no,0,table_requires_review_or_was_rejected
extracted_tables/104_Yearbook_2023/table_0170.csv,quarantined_tables/104_Yearbook_2023/table_0170.csv,review_required,unclassified,,blocked_quality_gate,no,0,table_requires_review_or_was_rejected
extracted_tables/104_Yearbook_2023/table_0171.csv,quarantined_tables/104_Yearbook_2023/table_0171.csv,rejected,unclassified,,blocked_quality_gate,no,0,table_requires_review_or_was_rejected
extracted_tables/104_Yearbook_2023/table_0172.csv,quarantined_tables/104_Yearbook_2023/table_0172.csv,review_required,unclassified,,blocked_quality_gate,no,0,table_requires_review_or_was_rejected
extracted_tables/104_Yearbook_2023/table_0173.csv,quarantined_tables/104_Yearbook_2023/table_0173.csv,review_required,unclassified,,blocked_quality_gate,no,0,table_requires_review_or_was_rejected
extracted_tables/104_Yearbook_2023/table_0174.csv,quarantined_tables/104_Yearbook_2023/table_0174.csv,rejected,unclassified,,blocked_quality_gate,no,0,table_requires_review_or_was_rejected
extracted_tables/104_Yearbook_2023/table_0175.csv,quarantined_tables/104_Yearbook_2023/table_0175.csv,rejected,unclassified,,blocked_quality_gate,no,0,table_requires_review_or_was_rejected
extracted_tables/104_Yearbook_2023/table_0176.csv,quarantined_tables/104_Yearbook_2023/table_0176.csv,review_required,unclassified,,blocked_quality_gate,no,0,table_requires_review_or_was_rejected
extracted_tables/104_Yearbook_2023/table_0177.csv,quarantined_tables/104_Yearbook_2023/table_0177.csv,rejected,unclassified,,blocked_quality_gate,no,0,table_requires_review_or_was_rejected
extracted_tables/104_Yearbook_2023/table_0178.csv,quarantined_tables/104_Yearbook_2023/table_0178.csv,review_required,unclassified,,blocked_quality_gate,no,0,table_requires_review_or_was_rejected
extracted_tables/104_Yearbook_2023/table_0179.csv,quarantined_tables/104_Yearbook_2023/table_0179.csv,review_required,unclassified,,blocked_quality_gate,no,0,table_requires_review_or_was_rejected
extracted_tables/104_Yearbook_2023/table_0180.csv,quarantined_tables/104_Yearbook_2023/table_0180.csv,rejected,unclassified,,blocked_quality_gate,no,0,table_requires_review_or_was_rejected
extracted_tables/104_Yearbook_2023/table_0181.csv,quarantined_tables/104_Yearbook_2023/table_0181.csv,review_required,unclassified,,blocked_quality_gate,no,0,table_requires_review_or_was_rejected
extracted_tables/104_Yearbook_2023/table_0182.csv,quarantined_tables/104_Yearbook_2023/table_0182.csv,review_required,unclassified,,blocked_quality_gate,no,0,table_requires_review_or_was_rejected
extracted_tables/104_Yearbook_2023/table_0183.csv,quarantined_tables/104_Yearbook_2023/table_0183.csv,review_required,unclassified,,blocked_quality_gate,no,0,table_requires_review_or_was_rejected
extracted_tables/104_Yearbook_2023/table_0184.csv,quarantined_tables/104_Yearbook_2023/table_0184.csv,review_required,unclassified,,blocked_quality_gate,no,0,table_requires_review_or_was_rejected
extracted_tables/104_Yearbook_2023/table_0185.csv,quarantined_tables/104_Yearbook_2023/table_0185.csv,rejected,unclassified,,blocked_quality_gate,no,0,table_requires_review_or_was_rejected
extracted_tables/104_Yearbook_2023/table_0186.csv,quarantined_tables/104_Yearbook_2023/table_0186.csv,review_required,unclassified,,blocked_quality_gate,no,0,table_requires_review_or_was_rejected
extracted_tables/104_Yearbook_2023/table_0187.csv,quarantined_tables/104_Yearbook_2023/table_0187.csv,rejected,unclassified,,blocked_quality_gate,no,0,table_requires_review_or_was_rejected
extracted_tables/104_Yearbook_2023/table_0188.csv,quarantined_tables/104_Yearbook_2023/table_0188.csv,rejected,unclassified,,blocked_quality_gate,no,0,table_requires_review_or_was_rejected
extracted_tables/104_Yearbook_2023/table_0189.csv,quarantined_tables/104_Yearbook_2023/table_0189.csv,rejected,unclassified,,blocked_quality_gate,no,0,table_requires_review_or_was_rejected
extracted_tables/104_Yearbook_2023/table_0190.csv,quarantined_tables/104_Yearbook_2023/table_0190.csv,review_required,unclassified,,blocked_quality_gate,no,0,table_requires_review_or_was_rejected
extracted_tables/104_Yearbook_2023/table_0191.csv,quarantined_tables/104_Yearbook_2023/table_0191.csv,rejected,unclassified,,blocked_quality_gate,no,0,table_requires_review_or_was_rejected
extracted_tables/104_Yearbook_2023/table_0192.csv,quarantined_tables/104_Yearbook_2023/table_0192.csv,review_required,unclassified,,blocked_quality_gate,no,0,table_requires_review_or_was_rejected
extracted_tables/104_Yearbook_2023/table_0193.csv,quarantined_tables/104_Yearbook_2023/table_0193.csv,review_required,unclassified,,blocked_quality_gate,no,0,table_requires_review_or_was_rejected
extracted_tables/104_Yearbook_2023/table_0194.csv,quarantined_tables/104_Yearbook_2023/table_0194.csv,rejected,unclassified,,blocked_quality_gate,no,0,table_requires_review_or_was_rejected
extracted_tables/104_Yearbook_2023/table_0195.csv,quarantined_tables/104_Yearbook_2023/table_0195.csv,review_required,unclassified,,blocked_quality_gate,no,0,table_requires_review_or_was_rejected
extracted_tables/104_Yearbook_2023/table_0196.csv,quarantined_tables/104_Yearbook_2023/table_0196.csv,review_required,unclassified,,blocked_quality_gate,no,0,table_requires_review_or_was_rejected
extracted_tables/104_Yearbook_2023/table_0197.csv,quarantined_tables/104_Yearbook_2023/table_0197.csv,rejected,unclassified,,blocked_quality_gate,no,0,table_requires_review_or_was_rejected
extracted_tables/104_Yearbook_2023/table_0198.csv,quarantined_tables/104_Yearbook_2023/table_0198.csv,review_required,unclassified,,blocked_quality_gate,no,0,table_requires_review_or_was_rejected
extracted_tables/104_Yearbook_2023/table_0199.csv,quarantined_tables/104_Yearbook_2023/table_0199.csv,review_required,unclassified,,blocked_quality_gate,no,0,table_requires_review_or_was_rejected
extracted_tables/104_Yearbook_2023/table_0200.csv,quarantined_tables/104_Yearbook_2023/table_0200.csv,rejected,unclassified,,blocked_quality_gate,no,0,table_requires_review_or_was_rejected
extracted_tables/104_Yearbook_2023/table_0201.csv,quarantined_tables/104_Yearbook_2023/table_0201.csv,review_required,unclassified,,blocked_quality_gate,no,0,table_requires_review_or_was_rejected
extracted_tables/104_Yearbook_2023/table_0202.csv,quarantined_tables/104_Yearbook_2023/table_0202.csv,review_required,unclassified,,blocked_quality_gate,no,0,table_requires_review_or_was_rejected
extracted_tables/104_Yearbook_2023/table_0203.csv,quarantined_tables/104_Yearbook_2023/table_0203.csv,rejected,unclassified,,blocked_quality_gate,no,0,table_requires_review_or_was_rejected
extracted_tables/104_Yearbook_2023/table_0204.csv,quarantined_tables/104_Yearbook_2023/table_0204.csv,review_required,unclassified,,blocked_quality_gate,no,0,table_requires_review_or_was_rejected
extracted_tables/104_Yearbook_2023/table_0205.csv,quarantined_tables/104_Yearbook_2023/table_0205.csv,rejected,unclassified,,blocked_quality_gate,no,0,table_requires_review_or_was_rejected
extracted_tables/104_Yearbook_2023/table_0206.csv,quarantined_tables/104_Yearbook_2023/table_0206.csv,review_required,unclassified,,blocked_quality_gate,no,0,table_requires_review_or_was_rejected
extracted_tables/104_Yearbook_2023/table_0207.csv,quarantined_tables/104_Yearbook_2023/table_0207.csv,review_required,unclassified,,blocked_quality_gate,no,0,table_requires_review_or_was_rejected
extracted_tables/104_Yearbook_2023/table_0208.csv,quarantined_tables/104_Yearbook_2023/table_0208.csv,review_required,unclassified,,blocked_quality_gate,no,0,table_requires_review_or_was_rejected
extracted_tables/104_Yearbook_2023/table_0209.csv,quarantined_tables/104_Yearbook_2023/table_0209.csv,rejected,unclassified,,blocked_quality_gate,no,0,table_requires_review_or_was_rejected
extracted_tables/104_Yearbook_2023/table_0210.csv,quarantined_tables/104_Yearbook_2023/table_0210.csv,review_required,unclassified,,blocked_quality_gate,no,0,table_requires_review_or_was_rejected
extracted_tables/104_Yearbook_2023/table_0211.csv,quarantined_tables/104_Yearbook_2023/table_0211.csv,review_required,unclassified,,blocked_quality_gate,no,0,table_requires_review_or_was_rejected
extracted_tables/104_Yearbook_2023/table_0212.csv,quarantined_tables/104_Yearbook_2023/table_0212.csv,rejected,unclassified,,blocked_quality_gate,no,0,table_requires_review_or_was_rejected
extracted_tables/104_Yearbook_2023/table_0213.csv,quarantined_tables/104_Yearbook_2023/table_0213.csv,rejected,unclassified,,blocked_quality_gate,no,0,table_requires_review_or_was_rejected
extracted_tables/104_Yearbook_2023/table_0214.csv,quarantined_tables/104_Yearbook_2023/table_0214.csv,review_required,unclassified,,blocked_quality_gate,no,0,table_requires_review_or_was_rejected
extracted_tables/104_Yearbook_2023/table_0215.csv,quarantined_tables/104_Yearbook_2023/table_0215.csv,rejected,unclassified,,blocked_quality_gate,no,0,table_requires_review_or_was_rejected
extracted_tables/104_Yearbook_2023/table_0216.csv,quarantined_tables/104_Yearbook_2023/table_0216.csv,review_required,unclassified,,blocked_quality_gate,no,0,table_requires_review_or_was_rejected
extracted_tables/104_Yearbook_2023/table_0217.csv,quarantined_tables/104_Yearbook_2023/table_0217.csv,review_required,unclassified,,blocked_quality_gate,no,0,table_requires_review_or_was_rejected
extracted_tables/104_Yearbook_2023/table_0218.csv,quarantined_tables/104_Yearbook_2023/table_0218.csv,rejected,unclassified,,blocked_quality_gate,no,0,table_requires_review_or_was_rejected
extracted_tables/104_Yearbook_2023/table_0219.csv,quarantined_tables/104_Yearbook_2023/table_0219.csv,review_required,unclassified,,blocked_quality_gate,no,0,table_requires_review_or_was_rejected
extracted_tables/104_Yearbook_2023/table_0220.csv,quarantined_tables/104_Yearbook_2023/table_0220.csv,review_required,unclassified,,blocked_quality_gate,no,0,table_requires_review_or_was_rejected
extracted_tables/104_Yearbook_2023/table_0221.csv,quarantined_tables/104_Yearbook_2023/table_0221.csv,review_required,unclassified,,blocked_quality_gate,no,0,table_requires_review_or_was_rejected
extracted_tables/104_Yearbook_2023/table_0222.csv,quarantined_tables/104_Yearbook_2023/table_0222.csv,rejected,unclassified,,blocked_quality_gate,no,0,table_requires_review_or_was_rejected
extracted_tables/104_Yearbook_2023/table_0223.csv,quarantined_tables/104_Yearbook_2023/table_0223.csv,review_required,unclassified,,blocked_quality_gate,no,0,table_requires_review_or_was_rejected
extracted_tables/104_Yearbook_2023/table_0224.csv,quarantined_tables/104_Yearbook_2023/table_0224.csv,rejected,unclassified,,blocked_quality_gate,no,0,table_requires_review_or_was_rejected
extracted_tables/104_Yearbook_2023/table_0225.csv,quarantined_tables/104_Yearbook_2023/table_0225.csv,review_required,unclassified,,blocked_quality_gate,no,0,table_requires_review_or_was_rejected
extracted_tables/104_Yearbook_2023/table_0226.csv,quarantined_tables/104_Yearbook_2023/table_0226.csv,review_required,unclassified,,blocked_quality_gate,no,0,table_requires_review_or_was_rejected
extracted_tables/104_Yearbook_2023/table_0227.csv,quarantined_tables/104_Yearbook_2023/table_0227.csv,review_required,unclassified,,blocked_quality_gate,no,0,table_requires_review_or_was_rejected
extracted_tables/104_Yearbook_2023/table_0228.csv,quarantined_tables/104_Yearbook_2023/table_0228.csv,review_required,unclassified,,blocked_quality_gate,no,0,table_requires_review_or_was_rejected
extracted_tables/104_Yearbook_2023/table_0229.csv,quarantined_tables/104_Yearbook_2023/table_0229.csv,review_required,unclassified,,blocked_quality_gate,no,0,table_requires_review_or_was_rejected
extracted_tables/104_Yearbook_2023/table_0230.csv,quarantined_tables/104_Yearbook_2023/table_0230.csv,rejected,unclassified,,blocked_quality_gate,no,0,table_requires_review_or_was_rejected
extracted_tables/104_Yearbook_2023/table_0231.csv,quarantined_tables/104_Yearbook_2023/table_0231.csv,review_required,unclassified,,blocked_quality_gate,no,0,table_requires_review_or_was_rejected
extracted_tables/104_Yearbook_2023/table_0232.csv,quarantined_tables/104_Yearbook_2023/table_0232.csv,rejected,unclassified,,blocked_quality_gate,no,0,table_requires_review_or_was_rejected
extracted_tables/104_Yearbook_2023/table_0233.csv,quarantined_tables/104_Yearbook_2023/table_0233.csv,review_required,unclassified,,blocked_quality_gate,no,0,table_requires_review_or_was_rejected
extracted_tables/104_Yearbook_2023/table_0234.csv,quarantined_tables/104_Yearbook_2023/table_0234.csv,rejected,unclassified,,blocked_quality_gate,no,0,table_requires_review_or_was_rejected
extracted_tables/104_Yearbook_2023/table_0235.csv,quarantined_tables/104_Yearbook_2023/table_0235.csv,review_required,unclassified,,blocked_quality_gate,no,0,table_requires_review_or_was_rejected
extracted_tables/104_Yearbook_2023/table_0236.csv,quarantined_tables/104_Yearbook_2023/table_0236.csv,rejected,unclassified,,blocked_quality_gate,no,0,table_requires_review_or_was_rejected
extracted_tables/104_Yearbook_2023/table_0237.csv,quarantined_tables/104_Yearbook_2023/table_0237.csv,review_required,unclassified,,blocked_quality_gate,no,0,table_requires_review_or_was_rejected
extracted_tables/104_Yearbook_2023/table_0238.csv,quarantined_tables/104_Yearbook_2023/table_0238.csv,review_required,unclassified,,blocked_quality_gate,no,0,table_requires_review_or_was_rejected
extracted_tables/104_Yearbook_2023/table_0239.csv,quarantined_tables/104_Yearbook_2023/table_0239.csv,rejected,unclassified,,blocked_quality_gate,no,0,table_requires_review_or_was_rejected
extracted_tables/104_Yearbook_2023/table_0240.csv,quarantined_tables/104_Yearbook_2023/table_0240.csv,review_required,unclassified,,blocked_quality_gate,no,0,table_requires_review_or_was_rejected
extracted_tables/104_Yearbook_2023/table_0241.csv,quarantined_tables/104_Yearbook_2023/table_0241.csv,rejected,unclassified,,blocked_quality_gate,no,0,table_requires_review_or_was_rejected
extracted_tables/104_Yearbook_2023/table_0242.csv,quarantined_tables/104_Yearbook_2023/table_0242.csv,rejected,unclassified,,blocked_quality_gate,no,0,table_requires_review_or_was_rejected
extracted_tables/104_Yearbook_2023/table_0243.csv,quarantined_tables/104_Yearbook_2023/table_0243.csv,rejected,unclassified,,blocked_quality_gate,no,0,table_requires_review_or_was_rejected
extracted_tables/104_Yearbook_2023/table_0244.csv,quarantined_tables/104_Yearbook_2023/table_0244.csv,review_required,unclassified,,blocked_quality_gate,no,0,table_requires_review_or_was_rejected
extracted_tables/104_Yearbook_2023/table_0245.csv,quarantined_tables/104_Yearbook_2023/table_0245.csv,review_required,unclassified,,blocked_quality_gate,no,0,table_requires_review_or_was_rejected
extracted_tables/104_Yearbook_2023/table_0246.csv,quarantined_tables/104_Yearbook_2023/table_0246.csv,rejected,unclassified,,blocked_quality_gate,no,0,table_requires_review_or_was_rejected
extracted_tables/104_Yearbook_2023/table_0247.csv,quarantined_tables/104_Yearbook_2023/table_0247.csv,review_required,unclassified,,blocked_quality_gate,no,0,table_requires_review_or_was_rejected
extracted_tables/104_Yearbook_2023/table_0248.csv,quarantined_tables/104_Yearbook_2023/table_0248.csv,review_required,unclassified,,blocked_quality_gate,no,0,table_requires_review_or_was_rejected
extracted_tables/104_Yearbook_2023/table_0249.csv,quarantined_tables/104_Yearbook_2023/table_0249.csv,rejected,unclassified,,blocked_quality_gate,no,0,table_requires_review_or_was_rejected
extracted_tables/105_Cancer_J_Bangladesh_Vol_4_No_2/table_001.csv,quarantined_tables/105_Cancer_J_Bangladesh_Vol_4_No_2/table_001.csv,rejected,unclassified,,blocked_quality_gate,no,0,table_requires_review_or_was_rejected
extracted_tables/105_Cancer_J_Bangladesh_Vol_4_No_2/table_002.csv,quarantined_tables/105_Cancer_J_Bangladesh_Vol_4_No_2/table_002.csv,review_required,unclassified,,blocked_quality_gate,no,0,table_requires_review_or_was_rejected
extracted_tables/105_Cancer_J_Bangladesh_Vol_4_No_2/table_003.csv,quarantined_tables/105_Cancer_J_Bangladesh_Vol_4_No_2/table_003.csv,review_required,unclassified,,blocked_quality_gate,no,0,table_requires_review_or_was_rejected
extracted_tables/105_Cancer_J_Bangladesh_Vol_4_No_2/table_004.csv,quarantined_tables/105_Cancer_J_Bangladesh_Vol_4_No_2/table_004.csv,review_required,unclassified,,blocked_quality_gate,no,0,table_requires_review_or_was_rejected
extracted_tables/107_Cancer_J_Bangladesh_Vol_3_No_1/table_001.csv,quarantined_tables/107_Cancer_J_Bangladesh_Vol_3_No_1/table_001.csv,rejected,unclassified,,blocked_quality_gate,no,0,table_requires_review_or_was_rejected
extracted_tables/107_Cancer_J_Bangladesh_Vol_3_No_1/table_002.csv,quarantined_tables/107_Cancer_J_Bangladesh_Vol_3_No_1/table_002.csv,review_required,unclassified,,blocked_quality_gate,no,0,table_requires_review_or_was_rejected
extracted_tables/107_Cancer_J_Bangladesh_Vol_3_No_1/table_003.csv,quarantined_tables/107_Cancer_J_Bangladesh_Vol_3_No_1/table_003.csv,review_required,unclassified,,blocked_quality_gate,no,0,table_requires_review_or_was_rejected
extracted_tables/110_Cancer_J_Bangladesh_Vol_2_No_1_January_2021/table_001.csv,quarantined_tables/110_Cancer_J_Bangladesh_Vol_2_No_1_January_2021/table_001.csv,rejected,unclassified,,blocked_quality_gate,no,0,table_requires_review_or_was_rejected
extracted_tables/110_Cancer_J_Bangladesh_Vol_2_No_1_January_2021/table_002.csv,quarantined_tables/110_Cancer_J_Bangladesh_Vol_2_No_1_January_2021/table_002.csv,rejected,unclassified,,blocked_quality_gate,no,0,table_requires_review_or_was_rejected
extracted_tables/111_Cancer_J_Bangladesh_Vol_1_No_1_July_2020/table_001.csv,quarantined_tables/111_Cancer_J_Bangladesh_Vol_1_No_1_July_2020/table_001.csv,rejected,unclassified,,blocked_quality_gate,no,0,table_requires_review_or_was_rejected
extracted_tables/114_DGHS_Active_Facility_Registry/table_0001.csv,quarantined_tables/114_DGHS_Active_Facility_Registry/table_0001.csv,review_required,unclassified,,blocked_quality_gate,no,0,table_requires_review_or_was_rejected
extracted_tables/115_Bangladesh_Core_FHIR_IG/table_0001.csv,cleaned_tables/115_Bangladesh_Core_FHIR_IG/table_0001.csv,accepted,interoperability_reference,,reference_only,no,0,implementation_guide_inventory_not_observation_data
extracted_tables/116_Bangladesh_ICD11_Condition_ValueSet/table_0001.csv,cleaned_tables/116_Bangladesh_ICD11_Condition_ValueSet/table_0001.csv,accepted,unclassified,,reference_only,no,0,no_explicit_field_level_mapping_to_21_table_schema
extracted_tables/117_Bangladesh_Vaccine_Value_Set/table_0001.csv,cleaned_tables/117_Bangladesh_Vaccine_Value_Set/table_0001.csv,accepted,health_stat,,reference_only,no,0,no_explicit_field_level_mapping_to_21_table_schema
extracted_tables/118_Bangladesh_Open_Data_Doctor_Directory/table_0001.csv,cleaned_tables/118_Bangladesh_Open_Data_Doctor_Directory/table_0001.csv,accepted,human_resource,,reference_only,no,0,no_explicit_field_level_mapping_to_21_table_schema
