source_file,file,rows,cols,quality_status,quality_reasons,status,error
derived_mapping_output,cleaned_tables/114_DGHS_Active_Facility_Registry/HealthFacility.csv,39434,4,accepted_mapped,explicit_source_to_schema_mapping,ok,
derived_mapping_output,cleaned_tables/114_DGHS_Active_Facility_Registry/Laboratory.csv,9694,3,accepted_mapped,explicit_source_to_schema_mapping,ok,
derived_mapping_output,cleaned_tables/116_Bangladesh_ICD11_Condition_ValueSet/Disease.csv,18508,3,accepted_mapped,explicit_source_to_schema_mapping,ok,
derived_mapping_output,cleaned_tables/117_Bangladesh_Vaccine_Value_Set/VaccineReference.csv,10,5,accepted_mapped,explicit_source_to_schema_mapping,ok,
derived_mapping_output,cleaned_tables/118_Bangladesh_Open_Data_Doctor_Directory/Designation.csv,54,2,accepted_mapped,explicit_source_to_schema_mapping,ok,
extracted_tables/003_bangladesh-country-fact-sheet/table_001.csv,quarantined_tables/003_bangladesh-country-fact-sheet/table_001.csv,5,2,review_required,placeholder_headers,ok,
extracted_tables/003_bangladesh-country-fact-sheet/table_002.csv,quarantined_tables/003_bangladesh-country-fact-sheet/table_002.csv,2,2,review_required,placeholder_headers;high_internal_blank_ratio,ok,
extracted_tables/003_bangladesh-country-fact-sheet/table_003.csv,quarantined_tables/003_bangladesh-country-fact-sheet/table_003.csv,13,6,review_required,placeholder_headers;high_internal_blank_ratio,ok,
extracted_tables/003_bangladesh-country-fact-sheet/table_004.csv,quarantined_tables/003_bangladesh-country-fact-sheet/table_004.csv,34,13,review_required,placeholder_headers;high_internal_blank_ratio,ok,
extracted_tables/003_bangladesh-country-fact-sheet/table_005.csv,quarantined_tables/003_bangladesh-country-fact-sheet/table_005.csv,8,2,review_required,placeholder_headers,ok,
extracted_tables/003_bangladesh-country-fact-sheet/table_006.csv,quarantined_tables/003_bangladesh-country-fact-sheet/table_006.csv,28,5,review_required,placeholder_headers;high_internal_blank_ratio,ok,
extracted_tables/010_Joint_UNICEF_Bangladesh_Government_of_Bangladesh_Nutrition_Programme_MidTerm_Evaluation_2017-2020/table_001.csv,quarantined_tables/010_Joint_UNICEF_Bangladesh_Government_of_Bangladesh_Nutrition_Programme_MidTerm_Evaluation_2017-2020/table_001.csv,7,2,review_required,placeholder_headers,ok,
extracted_tables/010_Joint_UNICEF_Bangladesh_Government_of_Bangladesh_Nutrition_Programme_MidTerm_Evaluation_2017-2020/table_002.csv,quarantined_tables/010_Joint_UNICEF_Bangladesh_Government_of_Bangladesh_Nutrition_Programme_MidTerm_Evaluation_2017-2020/table_002.csv,5,3,review_required,placeholder_headers;high_internal_blank_ratio,ok,
extracted_tables/010_Joint_UNICEF_Bangladesh_Government_of_Bangladesh_Nutrition_Programme_MidTerm_Evaluation_2017-2020/table_003.csv,quarantined_tables/010_Joint_UNICEF_Bangladesh_Government_of_Bangladesh_Nutrition_Programme_MidTerm_Evaluation_2017-2020/table_003.csv,9,2,review_required,placeholder_headers;high_internal_blank_ratio,ok,
extracted_tables/010_Joint_UNICEF_Bangladesh_Government_of_Bangladesh_Nutrition_Programme_MidTerm_Evaluation_2017-2020/table_004.csv,quarantined_tables/010_Joint_UNICEF_Bangladesh_Government_of_Bangladesh_Nutrition_Programme_MidTerm_Evaluation_2017-2020/table_004.csv,8,4,review_required,placeholder_headers;high_internal_blank_ratio,ok,
extracted_tables/010_Joint_UNICEF_Bangladesh_Government_of_Bangladesh_Nutrition_Programme_MidTerm_Evaluation_2017-2020/table_005.csv,quarantined_tables/010_Joint_UNICEF_Bangladesh_Government_of_Bangladesh_Nutrition_Programme_MidTerm_Evaluation_2017-2020/table_005.csv,50,6,review_required,placeholder_headers;high_internal_blank_ratio,ok,
extracted_tables/010_Joint_UNICEF_Bangladesh_Government_of_Bangladesh_Nutrition_Programme_MidTerm_Evaluation_2017-2020/table_006.csv,quarantined_tables/010_Joint_UNICEF_Bangladesh_Government_of_Bangladesh_Nutrition_Programme_MidTerm_Evaluation_2017-2020/table_006.csv,24,6,review_required,placeholder_headers;high_internal_blank_ratio,ok,
extracted_tables/010_Joint_UNICEF_Bangladesh_Government_of_Bangladesh_Nutrition_Programme_MidTerm_Evaluation_2017-2020/table_007.csv,quarantined_tables/010_Joint_UNICEF_Bangladesh_Government_of_Bangladesh_Nutrition_Programme_MidTerm_Evaluation_2017-2020/table_007.csv,31,4,review_required,placeholder_headers;high_internal_blank_ratio,ok,
extracted_tables/010_Joint_UNICEF_Bangladesh_Government_of_Bangladesh_Nutrition_Programme_MidTerm_Evaluation_2017-2020/table_008.csv,quarantined_tables/010_Joint_UNICEF_Bangladesh_Government_of_Bangladesh_Nutrition_Programme_MidTerm_Evaluation_2017-2020/table_008.csv,23,6,review_required,placeholder_headers;high_internal_blank_ratio,ok,
extracted_tables/010_Joint_UNICEF_Bangladesh_Government_of_Bangladesh_Nutrition_Programme_MidTerm_Evaluation_2017-2020/table_009.csv,quarantined_tables/010_Joint_UNICEF_Bangladesh_Government_of_Bangladesh_Nutrition_Programme_MidTerm_Evaluation_2017-2020/table_009.csv,24,5,review_required,placeholder_headers;high_internal_blank_ratio,ok,
extracted_tables/010_Joint_UNICEF_Bangladesh_Government_of_Bangladesh_Nutrition_Programme_MidTerm_Evaluation_2017-2020/table_010.csv,quarantined_tables/010_Joint_UNICEF_Bangladesh_Government_of_Bangladesh_Nutrition_Programme_MidTerm_Evaluation_2017-2020/table_010.csv,16,4,review_required,placeholder_headers;high_internal_blank_ratio,ok,
extracted_tables/010_Joint_UNICEF_Bangladesh_Government_of_Bangladesh_Nutrition_Programme_MidTerm_Evaluation_2017-2020/table_011.csv,quarantined_tables/010_Joint_UNICEF_Bangladesh_Government_of_Bangladesh_Nutrition_Programme_MidTerm_Evaluation_2017-2020/table_011.csv,19,4,review_required,placeholder_headers;high_internal_blank_ratio,ok,
extracted_tables/010_Joint_UNICEF_Bangladesh_Government_of_Bangladesh_Nutrition_Programme_MidTerm_Evaluation_2017-2020/table_012.csv,quarantined_tables/010_Joint_UNICEF_Bangladesh_Government_of_Bangladesh_Nutrition_Programme_MidTerm_Evaluation_2017-2020/table_012.csv,6,4,review_required,placeholder_headers;high_internal_blank_ratio,ok,
extracted_tables/010_Joint_UNICEF_Bangladesh_Government_of_Bangladesh_Nutrition_Programme_MidTerm_Evaluation_2017-2020/table_013.csv,quarantined_tables/010_Joint_UNICEF_Bangladesh_Government_of_Bangladesh_Nutrition_Programme_MidTerm_Evaluation_2017-2020/table_013.csv,5,4,review_required,placeholder_headers;high_internal_blank_ratio,ok,
extracted_tables/010_Joint_UNICEF_Bangladesh_Government_of_Bangladesh_Nutrition_Programme_MidTerm_Evaluation_2017-2020/table_014.csv,quarantined_tables/010_Joint_UNICEF_Bangladesh_Government_of_Bangladesh_Nutrition_Programme_MidTerm_Evaluation_2017-2020/table_014.csv,5,4,review_required,placeholder_headers;high_internal_blank_ratio,ok,
extracted_tables/010_Joint_UNICEF_Bangladesh_Government_of_Bangladesh_Nutrition_Programme_MidTerm_Evaluation_2017-2020/table_015.csv,quarantined_tables/010_Joint_UNICEF_Bangladesh_Government_of_Bangladesh_Nutrition_Programme_MidTerm_Evaluation_2017-2020/table_015.csv,6,4,review_required,placeholder_headers;high_internal_blank_ratio,ok,
extracted_tables/010_Joint_UNICEF_Bangladesh_Government_of_Bangladesh_Nutrition_Programme_MidTerm_Evaluation_2017-2020/table_016.csv,quarantined_tables/010_Joint_UNICEF_Bangladesh_Government_of_Bangladesh_Nutrition_Programme_MidTerm_Evaluation_2017-2020/table_016.csv,2,1,rejected,empty_or_single_column,ok,
extracted_tables/010_Joint_UNICEF_Bangladesh_Government_of_Bangladesh_Nutrition_Programme_MidTerm_Evaluation_2017-2020/table_017.csv,quarantined_tables/010_Joint_UNICEF_Bangladesh_Government_of_Bangladesh_Nutrition_Programme_MidTerm_Evaluation_2017-2020/table_017.csv,9,5,review_required,placeholder_headers,ok,
extracted_tables/010_Joint_UNICEF_Bangladesh_Government_of_Bangladesh_Nutrition_Programme_MidTerm_Evaluation_2017-2020/table_018.csv,quarantined_tables/010_Joint_UNICEF_Bangladesh_Government_of_Bangladesh_Nutrition_Programme_MidTerm_Evaluation_2017-2020/table_018.csv,8,5,review_required,placeholder_headers;high_internal_blank_ratio,ok,
extracted_tables/010_Joint_UNICEF_Bangladesh_Government_of_Bangladesh_Nutrition_Programme_MidTerm_Evaluation_2017-2020/table_019.csv,quarantined_tables/010_Joint_UNICEF_Bangladesh_Government_of_Bangladesh_Nutrition_Programme_MidTerm_Evaluation_2017-2020/table_019.csv,10,24,review_required,placeholder_headers;high_internal_blank_ratio,ok,
extracted_tables/010_Joint_UNICEF_Bangladesh_Government_of_Bangladesh_Nutrition_Programme_MidTerm_Evaluation_2017-2020/table_020.csv,quarantined_tables/010_Joint_UNICEF_Bangladesh_Government_of_Bangladesh_Nutrition_Programme_MidTerm_Evaluation_2017-2020/table_020.csv,12,24,review_required,placeholder_headers;high_internal_blank_ratio,ok,
extracted_tables/010_Joint_UNICEF_Bangladesh_Government_of_Bangladesh_Nutrition_Programme_MidTerm_Evaluation_2017-2020/table_021.csv,quarantined_tables/010_Joint_UNICEF_Bangladesh_Government_of_Bangladesh_Nutrition_Programme_MidTerm_Evaluation_2017-2020/table_021.csv,19,4,review_required,placeholder_headers;high_internal_blank_ratio,ok,
extracted_tables/010_Joint_UNICEF_Bangladesh_Government_of_Bangladesh_Nutrition_Programme_MidTerm_Evaluation_2017-2020/table_022.csv,quarantined_tables/010_Joint_UNICEF_Bangladesh_Government_of_Bangladesh_Nutrition_Programme_MidTerm_Evaluation_2017-2020/table_022.csv,15,4,review_required,placeholder_headers;high_internal_blank_ratio,ok,
extracted_tables/021_Preventation_and_Management_of_Mental_Health_Conditions_in_Bangladesh/table_001.csv,quarantined_tables/021_Preventation_and_Management_of_Mental_Health_Conditions_in_Bangladesh/table_001.csv,8,4,review_required,placeholder_headers,ok,
extracted_tables/021_Preventation_and_Management_of_Mental_Health_Conditions_in_Bangladesh/table_002.csv,quarantined_tables/021_Preventation_and_Management_of_Mental_Health_Conditions_in_Bangladesh/table_002.csv,1,1,rejected,empty_or_single_column,ok,
extracted_tables/021_Preventation_and_Management_of_Mental_Health_Conditions_in_Bangladesh/table_003.csv,quarantined_tables/021_Preventation_and_Management_of_Mental_Health_Conditions_in_Bangladesh/table_003.csv,2,2,review_required,placeholder_headers;high_internal_blank_ratio;suspected_mojibake_or_replacement_character,ok,
extracted_tables/021_Preventation_and_Management_of_Mental_Health_Conditions_in_Bangladesh/table_004.csv,quarantined_tables/021_Preventation_and_Management_of_Mental_Health_Conditions_in_Bangladesh/table_004.csv,0,0,rejected,empty_or_single_column,ok,
extracted_tables/021_Preventation_and_Management_of_Mental_Health_Conditions_in_Bangladesh/table_005.csv,quarantined_tables/021_Preventation_and_Management_of_Mental_Health_Conditions_in_Bangladesh/table_005.csv,0,0,rejected,empty_or_single_column,ok,
extracted_tables/021_Preventation_and_Management_of_Mental_Health_Conditions_in_Bangladesh/table_006.csv,quarantined_tables/021_Preventation_and_Management_of_Mental_Health_Conditions_in_Bangladesh/table_006.csv,0,0,rejected,empty_or_single_column,ok,
extracted_tables/021_Preventation_and_Management_of_Mental_Health_Conditions_in_Bangladesh/table_007.csv,quarantined_tables/021_Preventation_and_Management_of_Mental_Health_Conditions_in_Bangladesh/table_007.csv,1,1,rejected,empty_or_single_column,ok,
extracted_tables/021_Preventation_and_Management_of_Mental_Health_Conditions_in_Bangladesh/table_008.csv,quarantined_tables/021_Preventation_and_Management_of_Mental_Health_Conditions_in_Bangladesh/table_008.csv,0,0,rejected,empty_or_single_column,ok,
extracted_tables/021_Preventation_and_Management_of_Mental_Health_Conditions_in_Bangladesh/table_009.csv,quarantined_tables/021_Preventation_and_Management_of_Mental_Health_Conditions_in_Bangladesh/table_009.csv,0,0,rejected,empty_or_single_column,ok,
extracted_tables/021_Preventation_and_Management_of_Mental_Health_Conditions_in_Bangladesh/table_010.csv,quarantined_tables/021_Preventation_and_Management_of_Mental_Health_Conditions_in_Bangladesh/table_010.csv,0,0,rejected,empty_or_single_column,ok,
extracted_tables/021_Preventation_and_Management_of_Mental_Health_Conditions_in_Bangladesh/table_011.csv,quarantined_tables/021_Preventation_and_Management_of_Mental_Health_Conditions_in_Bangladesh/table_011.csv,1,1,rejected,empty_or_single_column,ok,
extracted_tables/021_Preventation_and_Management_of_Mental_Health_Conditions_in_Bangladesh/table_012.csv,quarantined_tables/021_Preventation_and_Management_of_Mental_Health_Conditions_in_Bangladesh/table_012.csv,1,1,rejected,empty_or_single_column,ok,
extracted_tables/021_Preventation_and_Management_of_Mental_Health_Conditions_in_Bangladesh/table_013.csv,quarantined_tables/021_Preventation_and_Management_of_Mental_Health_Conditions_in_Bangladesh/table_013.csv,1,1,rejected,empty_or_single_column,ok,
extracted_tables/021_Preventation_and_Management_of_Mental_Health_Conditions_in_Bangladesh/table_014.csv,quarantined_tables/021_Preventation_and_Management_of_Mental_Health_Conditions_in_Bangladesh/table_014.csv,1,1,rejected,empty_or_single_column,ok,
extracted_tables/021_Preventation_and_Management_of_Mental_Health_Conditions_in_Bangladesh/table_015.csv,quarantined_tables/021_Preventation_and_Management_of_Mental_Health_Conditions_in_Bangladesh/table_015.csv,0,0,rejected,empty_or_single_column,ok,
extracted_tables/021_Preventation_and_Management_of_Mental_Health_Conditions_in_Bangladesh/table_016.csv,quarantined_tables/021_Preventation_and_Management_of_Mental_Health_Conditions_in_Bangladesh/table_016.csv,0,0,rejected,empty_or_single_column,ok,
extracted_tables/021_Preventation_and_Management_of_Mental_Health_Conditions_in_Bangladesh/table_017.csv,quarantined_tables/021_Preventation_and_Management_of_Mental_Health_Conditions_in_Bangladesh/table_017.csv,0,0,rejected,empty_or_single_column,ok,
extracted_tables/021_Preventation_and_Management_of_Mental_Health_Conditions_in_Bangladesh/table_018.csv,quarantined_tables/021_Preventation_and_Management_of_Mental_Health_Conditions_in_Bangladesh/table_018.csv,1,1,rejected,empty_or_single_column,ok,
extracted_tables/021_Preventation_and_Management_of_Mental_Health_Conditions_in_Bangladesh/table_019.csv,quarantined_tables/021_Preventation_and_Management_of_Mental_Health_Conditions_in_Bangladesh/table_019.csv,0,0,rejected,empty_or_single_column,ok,
extracted_tables/022_United_Nations_Populations_fund/table_001.csv,quarantined_tables/022_United_Nations_Populations_fund/table_001.csv,7,5,review_required,placeholder_headers,ok,
extracted_tables/022_United_Nations_Populations_fund/table_002.csv,quarantined_tables/022_United_Nations_Populations_fund/table_002.csv,28,7,review_required,placeholder_headers;high_internal_blank_ratio,ok,
extracted_tables/022_United_Nations_Populations_fund/table_003.csv,quarantined_tables/022_United_Nations_Populations_fund/table_003.csv,10,7,review_required,placeholder_headers;high_internal_blank_ratio,ok,
extracted_tables/022_United_Nations_Populations_fund/table_004.csv,quarantined_tables/022_United_Nations_Populations_fund/table_004.csv,12,7,review_required,placeholder_headers;high_internal_blank_ratio,ok,
extracted_tables/023_nan/table_001.csv,quarantined_tables/023_nan/table_001.csv,7,5,review_required,placeholder_headers,ok,
extracted_tables/023_nan/table_002.csv,quarantined_tables/023_nan/table_002.csv,10,8,review_required,placeholder_headers;high_internal_blank_ratio,ok,
extracted_tables/023_nan/table_003.csv,quarantined_tables/023_nan/table_003.csv,8,6,review_required,placeholder_headers;high_internal_blank_ratio,ok,
extracted_tables/025_nan/table_001.csv,quarantined_tables/025_nan/table_001.csv,6,4,review_required,placeholder_headers,ok,
extracted_tables/025_nan/table_002.csv,quarantined_tables/025_nan/table_002.csv,5,6,review_required,placeholder_headers;high_internal_blank_ratio,ok,
extracted_tables/025_nan/table_003.csv,quarantined_tables/025_nan/table_003.csv,9,6,review_required,placeholder_headers;high_internal_blank_ratio,ok,
extracted_tables/027_Health_Bulletin_2023/table_0001.csv,quarantined_tables/027_Health_Bulletin_2023/table_0001.csv,1,1,rejected,empty_or_single_column,ok,
extracted_tables/027_Health_Bulletin_2023/table_0002.csv,quarantined_tables/027_Health_Bulletin_2023/table_0002.csv,16,4,review_required,placeholder_headers;high_internal_blank_ratio,ok,
extracted_tables/027_Health_Bulletin_2023/table_0003.csv,quarantined_tables/027_Health_Bulletin_2023/table_0003.csv,16,4,review_required,placeholder_headers;high_internal_blank_ratio,ok,
extracted_tables/027_Health_Bulletin_2023/table_0004.csv,quarantined_tables/027_Health_Bulletin_2023/table_0004.csv,17,13,review_required,placeholder_headers;high_internal_blank_ratio,ok,
extracted_tables/027_Health_Bulletin_2023/table_0005.csv,quarantined_tables/027_Health_Bulletin_2023/table_0005.csv,17,4,review_required,placeholder_headers;high_internal_blank_ratio,ok,
extracted_tables/027_Health_Bulletin_2023/table_0006.csv,quarantined_tables/027_Health_Bulletin_2023/table_0006.csv,26,4,review_required,placeholder_headers,ok,
extracted_tables/027_Health_Bulletin_2023/table_0007.csv,quarantined_tables/027_Health_Bulletin_2023/table_0007.csv,17,4,review_required,placeholder_headers,ok,
extracted_tables/027_Health_Bulletin_2023/table_0008.csv,quarantined_tables/027_Health_Bulletin_2023/table_0008.csv,0,0,rejected,empty_or_single_column,ok,
extracted_tables/027_Health_Bulletin_2023/table_0009.csv,quarantined_tables/027_Health_Bulletin_2023/table_0009.csv,9,4,review_required,placeholder_headers;high_internal_blank_ratio,ok,
extracted_tables/027_Health_Bulletin_2023/table_0010.csv,quarantined_tables/027_Health_Bulletin_2023/table_0010.csv,6,2,review_required,placeholder_headers,ok,
extracted_tables/027_Health_Bulletin_2023/table_0011.csv,quarantined_tables/027_Health_Bulletin_2023/table_0011.csv,29,4,review_required,placeholder_headers,ok,
extracted_tables/027_Health_Bulletin_2023/table_0012.csv,quarantined_tables/027_Health_Bulletin_2023/table_0012.csv,10,4,review_required,placeholder_headers;high_internal_blank_ratio,ok,
extracted_tables/027_Health_Bulletin_2023/table_0013.csv,quarantined_tables/027_Health_Bulletin_2023/table_0013.csv,10,4,review_required,placeholder_headers;high_internal_blank_ratio,ok,
extracted_tables/027_Health_Bulletin_2023/table_0014.csv,quarantined_tables/027_Health_Bulletin_2023/table_0014.csv,11,4,review_required,placeholder_headers;high_internal_blank_ratio,ok,
extracted_tables/027_Health_Bulletin_2023/table_0015.csv,quarantined_tables/027_Health_Bulletin_2023/table_0015.csv,8,4,review_required,placeholder_headers,ok,
extracted_tables/027_Health_Bulletin_2023/table_0016.csv,quarantined_tables/027_Health_Bulletin_2023/table_0016.csv,5,4,review_required,placeholder_headers,ok,
extracted_tables/027_Health_Bulletin_2023/table_0017.csv,quarantined_tables/027_Health_Bulletin_2023/table_0017.csv,12,3,review_required,placeholder_headers,ok,
extracted_tables/027_Health_Bulletin_2023/table_0018.csv,quarantined_tables/027_Health_Bulletin_2023/table_0018.csv,2,2,review_required,placeholder_headers;high_internal_blank_ratio,ok,
extracted_tables/027_Health_Bulletin_2023/table_0019.csv,quarantined_tables/027_Health_Bulletin_2023/table_0019.csv,1,2,review_required,placeholder_headers,ok,
extracted_tables/027_Health_Bulletin_2023/table_0020.csv,quarantined_tables/027_Health_Bulletin_2023/table_0020.csv,4,2,review_required,placeholder_headers,ok,
extracted_tables/027_Health_Bulletin_2023/table_0021.csv,quarantined_tables/027_Health_Bulletin_2023/table_0021.csv,8,4,review_required,placeholder_headers;high_internal_blank_ratio,ok,
extracted_tables/027_Health_Bulletin_2023/table_0022.csv,quarantined_tables/027_Health_Bulletin_2023/table_0022.csv,11,4,review_required,placeholder_headers,ok,
extracted_tables/027_Health_Bulletin_2023/table_0023.csv,quarantined_tables/027_Health_Bulletin_2023/table_0023.csv,12,2,review_required,placeholder_headers,ok,
extracted_tables/027_Health_Bulletin_2023/table_0024.csv,quarantined_tables/027_Health_Bulletin_2023/table_0024.csv,0,0,rejected,empty_or_single_column,ok,
extracted_tables/027_Health_Bulletin_2023/table_0025.csv,quarantined_tables/027_Health_Bulletin_2023/table_0025.csv,0,0,rejected,empty_or_single_column,ok,
extracted_tables/027_Health_Bulletin_2023/table_0026.csv,quarantined_tables/027_Health_Bulletin_2023/table_0026.csv,9,17,review_required,placeholder_headers,ok,
extracted_tables/027_Health_Bulletin_2023/table_0027.csv,quarantined_tables/027_Health_Bulletin_2023/table_0027.csv,3,2,review_required,placeholder_headers,ok,
extracted_tables/027_Health_Bulletin_2023/table_0028.csv,quarantined_tables/027_Health_Bulletin_2023/table_0028.csv,0,0,rejected,empty_or_single_column,ok,
extracted_tables/027_Health_Bulletin_2023/table_0029.csv,quarantined_tables/027_Health_Bulletin_2023/table_0029.csv,7,2,review_required,placeholder_headers,ok,
extracted_tables/027_Health_Bulletin_2023/table_0030.csv,quarantined_tables/027_Health_Bulletin_2023/table_0030.csv,3,3,review_required,placeholder_headers;high_internal_blank_ratio,ok,
extracted_tables/027_Health_Bulletin_2023/table_0031.csv,quarantined_tables/027_Health_Bulletin_2023/table_0031.csv,0,0,rejected,empty_or_single_column,ok,
extracted_tables/027_Health_Bulletin_2023/table_0032.csv,quarantined_tables/027_Health_Bulletin_2023/table_0032.csv,11,4,review_required,placeholder_headers;high_internal_blank_ratio,ok,
extracted_tables/027_Health_Bulletin_2023/table_0033.csv,quarantined_tables/027_Health_Bulletin_2023/table_0033.csv,2,2,review_required,placeholder_headers;high_internal_blank_ratio,ok,
extracted_tables/027_Health_Bulletin_2023/table_0034.csv,quarantined_tables/027_Health_Bulletin_2023/table_0034.csv,0,0,rejected,empty_or_single_column,ok,
extracted_tables/027_Health_Bulletin_2023/table_0035.csv,quarantined_tables/027_Health_Bulletin_2023/table_0035.csv,0,0,rejected,empty_or_single_column,ok,
extracted_tables/027_Health_Bulletin_2023/table_0036.csv,quarantined_tables/027_Health_Bulletin_2023/table_0036.csv,0,0,rejected,empty_or_single_column,ok,
extracted_tables/027_Health_Bulletin_2023/table_0037.csv,quarantined_tables/027_Health_Bulletin_2023/table_0037.csv,0,0,rejected,empty_or_single_column,ok,
extracted_tables/027_Health_Bulletin_2023/table_0038.csv,quarantined_tables/027_Health_Bulletin_2023/table_0038.csv,0,0,rejected,empty_or_single_column,ok,
extracted_tables/027_Health_Bulletin_2023/table_0039.csv,quarantined_tables/027_Health_Bulletin_2023/table_0039.csv,0,0,rejected,empty_or_single_column,ok,
extracted_tables/027_Health_Bulletin_2023/table_0040.csv,quarantined_tables/027_Health_Bulletin_2023/table_0040.csv,0,0,rejected,empty_or_single_column,ok,
extracted_tables/027_Health_Bulletin_2023/table_0041.csv,quarantined_tables/027_Health_Bulletin_2023/table_0041.csv,7,8,review_required,placeholder_headers,ok,
extracted_tables/027_Health_Bulletin_2023/table_0042.csv,quarantined_tables/027_Health_Bulletin_2023/table_0042.csv,7,12,review_required,placeholder_headers;high_internal_blank_ratio,ok,
extracted_tables/027_Health_Bulletin_2023/table_0043.csv,quarantined_tables/027_Health_Bulletin_2023/table_0043.csv,4,8,review_required,placeholder_headers,ok,
extracted_tables/027_Health_Bulletin_2023/table_0044.csv,quarantined_tables/027_Health_Bulletin_2023/table_0044.csv,0,0,rejected,empty_or_single_column,ok,
extracted_tables/027_Health_Bulletin_2023/table_0045.csv,quarantined_tables/027_Health_Bulletin_2023/table_0045.csv,0,0,rejected,empty_or_single_column,ok,
extracted_tables/027_Health_Bulletin_2023/table_0046.csv,quarantined_tables/027_Health_Bulletin_2023/table_0046.csv,0,0,rejected,empty_or_single_column,ok,
extracted_tables/027_Health_Bulletin_2023/table_0047.csv,quarantined_tables/027_Health_Bulletin_2023/table_0047.csv,5,8,review_required,placeholder_headers,ok,
extracted_tables/027_Health_Bulletin_2023/table_0048.csv,quarantined_tables/027_Health_Bulletin_2023/table_0048.csv,5,5,review_required,placeholder_headers,ok,
extracted_tables/027_Health_Bulletin_2023/table_0049.csv,quarantined_tables/027_Health_Bulletin_2023/table_0049.csv,20,2,review_required,placeholder_headers,ok,
extracted_tables/027_Health_Bulletin_2023/table_0050.csv,quarantined_tables/027_Health_Bulletin_2023/table_0050.csv,6,2,review_required,placeholder_headers,ok,
extracted_tables/027_Health_Bulletin_2023/table_0051.csv,quarantined_tables/027_Health_Bulletin_2023/table_0051.csv,8,5,review_required,placeholder_headers,ok,
extracted_tables/027_Health_Bulletin_2023/table_0052.csv,quarantined_tables/027_Health_Bulletin_2023/table_0052.csv,7,2,review_required,placeholder_headers,ok,
extracted_tables/027_Health_Bulletin_2023/table_0053.csv,quarantined_tables/027_Health_Bulletin_2023/table_0053.csv,3,5,review_required,placeholder_headers;high_internal_blank_ratio,ok,
extracted_tables/027_Health_Bulletin_2023/table_0054.csv,quarantined_tables/027_Health_Bulletin_2023/table_0054.csv,8,9,review_required,placeholder_headers,ok,
extracted_tables/027_Health_Bulletin_2023/table_0055.csv,quarantined_tables/027_Health_Bulletin_2023/table_0055.csv,1,1,rejected,empty_or_single_column,ok,
extracted_tables/027_Health_Bulletin_2023/table_0056.csv,quarantined_tables/027_Health_Bulletin_2023/table_0056.csv,1,3,review_required,placeholder_headers,ok,
extracted_tables/027_Health_Bulletin_2023/table_0057.csv,quarantined_tables/027_Health_Bulletin_2023/table_0057.csv,4,25,review_required,placeholder_headers,ok,
extracted_tables/027_Health_Bulletin_2023/table_0058.csv,quarantined_tables/027_Health_Bulletin_2023/table_0058.csv,11,4,review_required,placeholder_headers,ok,
extracted_tables/027_Health_Bulletin_2023/table_0059.csv,quarantined_tables/027_Health_Bulletin_2023/table_0059.csv,6,7,review_required,placeholder_headers,ok,
extracted_tables/027_Health_Bulletin_2023/table_0060.csv,quarantined_tables/027_Health_Bulletin_2023/table_0060.csv,8,17,review_required,placeholder_headers;high_internal_blank_ratio,ok,
extracted_tables/027_Health_Bulletin_2023/table_0061.csv,quarantined_tables/027_Health_Bulletin_2023/table_0061.csv,7,5,review_required,placeholder_headers;high_internal_blank_ratio,ok,
extracted_tables/027_Health_Bulletin_2023/table_0062.csv,quarantined_tables/027_Health_Bulletin_2023/table_0062.csv,6,5,review_required,placeholder_headers,ok,
extracted_tables/027_Health_Bulletin_2023/table_0063.csv,quarantined_tables/027_Health_Bulletin_2023/table_0063.csv,7,3,review_required,placeholder_headers,ok,
extracted_tables/027_Health_Bulletin_2023/table_0064.csv,quarantined_tables/027_Health_Bulletin_2023/table_0064.csv,10,2,review_required,placeholder_headers,ok,
extracted_tables/027_Health_Bulletin_2023/table_0065.csv,quarantined_tables/027_Health_Bulletin_2023/table_0065.csv,16,35,review_required,placeholder_headers;high_internal_blank_ratio;wide_table_requires_structural_review,ok,
extracted_tables/027_Health_Bulletin_2023/table_0066.csv,quarantined_tables/027_Health_Bulletin_2023/table_0066.csv,0,0,rejected,empty_or_single_column,ok,
extracted_tables/027_Health_Bulletin_2023/table_0067.csv,quarantined_tables/027_Health_Bulletin_2023/table_0067.csv,8,2,review_required,placeholder_headers,ok,
extracted_tables/027_Health_Bulletin_2023/table_0068.csv,quarantined_tables/027_Health_Bulletin_2023/table_0068.csv,12,3,review_required,placeholder_headers,ok,
extracted_tables/027_Health_Bulletin_2023/table_0069.csv,quarantined_tables/027_Health_Bulletin_2023/table_0069.csv,6,3,review_required,placeholder_headers,ok,
extracted_tables/027_Health_Bulletin_2023/table_0070.csv,quarantined_tables/027_Health_Bulletin_2023/table_0070.csv,4,4,review_required,placeholder_headers;high_internal_blank_ratio,ok,
extracted_tables/027_Health_Bulletin_2023/table_0071.csv,quarantined_tables/027_Health_Bulletin_2023/table_0071.csv,5,2,review_required,placeholder_headers,ok,
extracted_tables/027_Health_Bulletin_2023/table_0072.csv,quarantined_tables/027_Health_Bulletin_2023/table_0072.csv,9,2,review_required,placeholder_headers,ok,
extracted_tables/027_Health_Bulletin_2023/table_0073.csv,quarantined_tables/027_Health_Bulletin_2023/table_0073.csv,4,2,review_required,placeholder_headers,ok,
extracted_tables/027_Health_Bulletin_2023/table_0074.csv,quarantined_tables/027_Health_Bulletin_2023/table_0074.csv,3,2,review_required,placeholder_headers,ok,
extracted_tables/027_Health_Bulletin_2023/table_0075.csv,quarantined_tables/027_Health_Bulletin_2023/table_0075.csv,12,4,review_required,placeholder_headers,ok,
extracted_tables/027_Health_Bulletin_2023/table_0076.csv,quarantined_tables/027_Health_Bulletin_2023/table_0076.csv,16,18,review_required,placeholder_headers,ok,
extracted_tables/027_Health_Bulletin_2023/table_0077.csv,quarantined_tables/027_Health_Bulletin_2023/table_0077.csv,12,9,review_required,placeholder_headers,ok,
extracted_tables/027_Health_Bulletin_2023/table_0078.csv,quarantined_tables/027_Health_Bulletin_2023/table_0078.csv,15,5,review_required,placeholder_headers,ok,
extracted_tables/027_Health_Bulletin_2023/table_0079.csv,quarantined_tables/027_Health_Bulletin_2023/table_0079.csv,0,0,rejected,empty_or_single_column,ok,
extracted_tables/027_Health_Bulletin_2023/table_0080.csv,quarantined_tables/027_Health_Bulletin_2023/table_0080.csv,15,3,review_required,placeholder_headers;high_internal_blank_ratio,ok,
extracted_tables/027_Health_Bulletin_2023/table_0081.csv,quarantined_tables/027_Health_Bulletin_2023/table_0081.csv,10,3,review_required,placeholder_headers,ok,
extracted_tables/027_Health_Bulletin_2023/table_0082.csv,quarantined_tables/027_Health_Bulletin_2023/table_0082.csv,3,4,review_required,placeholder_headers,ok,
extracted_tables/027_Health_Bulletin_2023/table_0083.csv,quarantined_tables/027_Health_Bulletin_2023/table_0083.csv,5,5,review_required,placeholder_headers;high_internal_blank_ratio,ok,
extracted_tables/027_Health_Bulletin_2023/table_0084.csv,quarantined_tables/027_Health_Bulletin_2023/table_0084.csv,14,5,review_required,placeholder_headers,ok,
extracted_tables/027_Health_Bulletin_2023/table_0085.csv,quarantined_tables/027_Health_Bulletin_2023/table_0085.csv,11,6,review_required,placeholder_headers;high_internal_blank_ratio,ok,
extracted_tables/027_Health_Bulletin_2023/table_0086.csv,quarantined_tables/027_Health_Bulletin_2023/table_0086.csv,6,6,review_required,placeholder_headers;high_internal_blank_ratio,ok,
extracted_tables/027_Health_Bulletin_2023/table_0087.csv,quarantined_tables/027_Health_Bulletin_2023/table_0087.csv,13,11,review_required,placeholder_headers,ok,
extracted_tables/027_Health_Bulletin_2023/table_0088.csv,quarantined_tables/027_Health_Bulletin_2023/table_0088.csv,7,4,review_required,placeholder_headers,ok,
extracted_tables/027_Health_Bulletin_2023/table_0089.csv,quarantined_tables/027_Health_Bulletin_2023/table_0089.csv,5,4,review_required,placeholder_headers,ok,
extracted_tables/027_Health_Bulletin_2023/table_0090.csv,quarantined_tables/027_Health_Bulletin_2023/table_0090.csv,10,4,review_required,placeholder_headers,ok,
extracted_tables/027_Health_Bulletin_2023/table_0091.csv,quarantined_tables/027_Health_Bulletin_2023/table_0091.csv,6,4,review_required,placeholder_headers,ok,
extracted_tables/027_Health_Bulletin_2023/table_0092.csv,quarantined_tables/027_Health_Bulletin_2023/table_0092.csv,6,4,review_required,placeholder_headers,ok,
extracted_tables/027_Health_Bulletin_2023/table_0093.csv,quarantined_tables/027_Health_Bulletin_2023/table_0093.csv,5,2,review_required,placeholder_headers,ok,
extracted_tables/027_Health_Bulletin_2023/table_0094.csv,quarantined_tables/027_Health_Bulletin_2023/table_0094.csv,15,6,review_required,placeholder_headers;high_internal_blank_ratio,ok,
extracted_tables/027_Health_Bulletin_2023/table_0095.csv,quarantined_tables/027_Health_Bulletin_2023/table_0095.csv,3,3,review_required,placeholder_headers,ok,
extracted_tables/027_Health_Bulletin_2023/table_0096.csv,quarantined_tables/027_Health_Bulletin_2023/table_0096.csv,4,2,review_required,placeholder_headers,ok,
extracted_tables/027_Health_Bulletin_2023/table_0097.csv,quarantined_tables/027_Health_Bulletin_2023/table_0097.csv,15,3,review_required,placeholder_headers,ok,
extracted_tables/027_Health_Bulletin_2023/table_0098.csv,quarantined_tables/027_Health_Bulletin_2023/table_0098.csv,11,4,review_required,placeholder_headers,ok,
extracted_tables/027_Health_Bulletin_2023/table_0099.csv,quarantined_tables/027_Health_Bulletin_2023/table_0099.csv,11,9,review_required,placeholder_headers,ok,
extracted_tables/027_Health_Bulletin_2023/table_0100.csv,quarantined_tables/027_Health_Bulletin_2023/table_0100.csv,10,5,review_required,placeholder_headers,ok,
extracted_tables/027_Health_Bulletin_2023/table_0101.csv,quarantined_tables/027_Health_Bulletin_2023/table_0101.csv,14,2,review_required,placeholder_headers,ok,
extracted_tables/027_Health_Bulletin_2023/table_0102.csv,quarantined_tables/027_Health_Bulletin_2023/table_0102.csv,6,6,review_required,placeholder_headers;high_internal_blank_ratio,ok,
extracted_tables/027_Health_Bulletin_2023/table_0103.csv,quarantined_tables/027_Health_Bulletin_2023/table_0103.csv,26,6,review_required,placeholder_headers,ok,
extracted_tables/027_Health_Bulletin_2023/table_0104.csv,quarantined_tables/027_Health_Bulletin_2023/table_0104.csv,4,4,review_required,placeholder_headers,ok,
extracted_tables/027_Health_Bulletin_2023/table_0105.csv,quarantined_tables/027_Health_Bulletin_2023/table_0105.csv,14,17,review_required,placeholder_headers,ok,
extracted_tables/027_Health_Bulletin_2023/table_0106.csv,quarantined_tables/027_Health_Bulletin_2023/table_0106.csv,14,5,review_required,placeholder_headers,ok,
extracted_tables/027_Health_Bulletin_2023/table_0107.csv,quarantined_tables/027_Health_Bulletin_2023/table_0107.csv,6,16,review_required,placeholder_headers,ok,
extracted_tables/027_Health_Bulletin_2023/table_0108.csv,quarantined_tables/027_Health_Bulletin_2023/table_0108.csv,5,5,review_required,placeholder_headers,ok,
extracted_tables/027_Health_Bulletin_2023/table_0109.csv,quarantined_tables/027_Health_Bulletin_2023/table_0109.csv,10,3,review_required,placeholder_headers;high_internal_blank_ratio,ok,
extracted_tables/027_Health_Bulletin_2023/table_0110.csv,quarantined_tables/027_Health_Bulletin_2023/table_0110.csv,22,4,review_required,placeholder_headers,ok,
extracted_tables/027_Health_Bulletin_2023/table_0111.csv,quarantined_tables/027_Health_Bulletin_2023/table_0111.csv,7,4,review_required,placeholder_headers;high_internal_blank_ratio,ok,
extracted_tables/027_Health_Bulletin_2023/table_0112.csv,quarantined_tables/027_Health_Bulletin_2023/table_0112.csv,20,4,review_required,placeholder_headers,ok,
extracted_tables/027_Health_Bulletin_2023/table_0113.csv,quarantined_tables/027_Health_Bulletin_2023/table_0113.csv,8,11,review_required,placeholder_headers;high_internal_blank_ratio,ok,
extracted_tables/027_Health_Bulletin_2023/table_0114.csv,quarantined_tables/027_Health_Bulletin_2023/table_0114.csv,13,11,review_required,placeholder_headers,ok,
extracted_tables/027_Health_Bulletin_2023/table_0115.csv,quarantined_tables/027_Health_Bulletin_2023/table_0115.csv,8,11,review_required,placeholder_headers,ok,
extracted_tables/027_Health_Bulletin_2023/table_0116.csv,quarantined_tables/027_Health_Bulletin_2023/table_0116.csv,7,11,review_required,placeholder_headers;high_internal_blank_ratio,ok,
extracted_tables/027_Health_Bulletin_2023/table_0117.csv,quarantined_tables/027_Health_Bulletin_2023/table_0117.csv,14,11,review_required,placeholder_headers,ok,
extracted_tables/027_Health_Bulletin_2023/table_0118.csv,quarantined_tables/027_Health_Bulletin_2023/table_0118.csv,12,11,review_required,placeholder_headers,ok,
extracted_tables/027_Health_Bulletin_2023/table_0119.csv,quarantined_tables/027_Health_Bulletin_2023/table_0119.csv,15,11,review_required,placeholder_headers,ok,
extracted_tables/027_Health_Bulletin_2023/table_0120.csv,quarantined_tables/027_Health_Bulletin_2023/table_0120.csv,15,11,review_required,placeholder_headers,ok,
extracted_tables/027_Health_Bulletin_2023/table_0121.csv,quarantined_tables/027_Health_Bulletin_2023/table_0121.csv,15,11,review_required,placeholder_headers,ok,
extracted_tables/027_Health_Bulletin_2023/table_0122.csv,quarantined_tables/027_Health_Bulletin_2023/table_0122.csv,15,11,review_required,placeholder_headers,ok,
extracted_tables/027_Health_Bulletin_2023/table_0123.csv,quarantined_tables/027_Health_Bulletin_2023/table_0123.csv,16,11,review_required,placeholder_headers,ok,
extracted_tables/027_Health_Bulletin_2023/table_0124.csv,quarantined_tables/027_Health_Bulletin_2023/table_0124.csv,10,11,review_required,placeholder_headers,ok,
extracted_tables/027_Health_Bulletin_2023/table_0125.csv,quarantined_tables/027_Health_Bulletin_2023/table_0125.csv,16,3,review_required,placeholder_headers,ok,
extracted_tables/027_Health_Bulletin_2023/table_0126.csv,quarantined_tables/027_Health_Bulletin_2023/table_0126.csv,5,3,review_required,placeholder_headers;high_internal_blank_ratio,ok,
extracted_tables/027_Health_Bulletin_2023/table_0127.csv,quarantined_tables/027_Health_Bulletin_2023/table_0127.csv,23,3,review_required,placeholder_headers,ok,
extracted_tables/027_Health_Bulletin_2023/table_0128.csv,quarantined_tables/027_Health_Bulletin_2023/table_0128.csv,29,3,review_required,placeholder_headers,ok,
extracted_tables/027_Health_Bulletin_2023/table_0129.csv,quarantined_tables/027_Health_Bulletin_2023/table_0129.csv,29,3,review_required,placeholder_headers,ok,
extracted_tables/027_Health_Bulletin_2023/table_0130.csv,quarantined_tables/027_Health_Bulletin_2023/table_0130.csv,14,3,review_required,placeholder_headers,ok,
extracted_tables/027_Health_Bulletin_2023/table_0131.csv,quarantined_tables/027_Health_Bulletin_2023/table_0131.csv,3,3,review_required,placeholder_headers,ok,
extracted_tables/027_Health_Bulletin_2023/table_0132.csv,quarantined_tables/027_Health_Bulletin_2023/table_0132.csv,12,8,review_required,placeholder_headers,ok,
extracted_tables/027_Health_Bulletin_2023/table_0133.csv,quarantined_tables/027_Health_Bulletin_2023/table_0133.csv,6,2,review_required,placeholder_headers,ok,
extracted_tables/027_Health_Bulletin_2023/table_0134.csv,quarantined_tables/027_Health_Bulletin_2023/table_0134.csv,6,3,review_required,placeholder_headers,ok,
extracted_tables/027_Health_Bulletin_2023/table_0135.csv,quarantined_tables/027_Health_Bulletin_2023/table_0135.csv,5,4,review_required,placeholder_headers,ok,
extracted_tables/027_Health_Bulletin_2023/table_0136.csv,quarantined_tables/027_Health_Bulletin_2023/table_0136.csv,7,6,review_required,placeholder_headers,ok,
extracted_tables/027_Health_Bulletin_2023/table_0137.csv,quarantined_tables/027_Health_Bulletin_2023/table_0137.csv,7,6,review_required,placeholder_headers,ok,
extracted_tables/027_Health_Bulletin_2023/table_0138.csv,quarantined_tables/027_Health_Bulletin_2023/table_0138.csv,7,6,review_required,placeholder_headers,ok,
extracted_tables/027_Health_Bulletin_2023/table_0139.csv,quarantined_tables/027_Health_Bulletin_2023/table_0139.csv,0,0,rejected,empty_or_single_column,ok,
extracted_tables/027_Health_Bulletin_2023/table_0140.csv,quarantined_tables/027_Health_Bulletin_2023/table_0140.csv,1,3,review_required,placeholder_headers,ok,
extracted_tables/027_Health_Bulletin_2023/table_0141.csv,quarantined_tables/027_Health_Bulletin_2023/table_0141.csv,0,0,rejected,empty_or_single_column,ok,
extracted_tables/027_Health_Bulletin_2023/table_0142.csv,quarantined_tables/027_Health_Bulletin_2023/table_0142.csv,12,3,review_required,placeholder_headers,ok,
extracted_tables/027_Health_Bulletin_2023/table_0143.csv,quarantined_tables/027_Health_Bulletin_2023/table_0143.csv,9,14,review_required,placeholder_headers;high_internal_blank_ratio,ok,
extracted_tables/027_Health_Bulletin_2023/table_0144.csv,quarantined_tables/027_Health_Bulletin_2023/table_0144.csv,31,7,review_required,placeholder_headers,ok,
extracted_tables/027_Health_Bulletin_2023/table_0145.csv,quarantined_tables/027_Health_Bulletin_2023/table_0145.csv,16,7,review_required,placeholder_headers,ok,
extracted_tables/027_Health_Bulletin_2023/table_0146.csv,quarantined_tables/027_Health_Bulletin_2023/table_0146.csv,8,4,review_required,placeholder_headers,ok,
extracted_tables/027_Health_Bulletin_2023/table_0147.csv,quarantined_tables/027_Health_Bulletin_2023/table_0147.csv,9,4,review_required,placeholder_headers,ok,
extracted_tables/027_Health_Bulletin_2023/table_0148.csv,quarantined_tables/027_Health_Bulletin_2023/table_0148.csv,34,4,review_required,placeholder_headers,ok,
extracted_tables/027_Health_Bulletin_2023/table_0149.csv,quarantined_tables/027_Health_Bulletin_2023/table_0149.csv,9,4,review_required,placeholder_headers,ok,
extracted_tables/027_Health_Bulletin_2023/table_0150.csv,quarantined_tables/027_Health_Bulletin_2023/table_0150.csv,7,4,review_required,placeholder_headers,ok,
extracted_tables/027_Health_Bulletin_2023/table_0151.csv,quarantined_tables/027_Health_Bulletin_2023/table_0151.csv,15,6,review_required,placeholder_headers;high_internal_blank_ratio,ok,
extracted_tables/027_Health_Bulletin_2023/table_0152.csv,quarantined_tables/027_Health_Bulletin_2023/table_0152.csv,14,7,review_required,placeholder_headers;high_internal_blank_ratio,ok,
extracted_tables/027_Health_Bulletin_2023/table_0153.csv,quarantined_tables/027_Health_Bulletin_2023/table_0153.csv,14,17,review_required,placeholder_headers,ok,
extracted_tables/027_Health_Bulletin_2023/table_0154.csv,quarantined_tables/027_Health_Bulletin_2023/table_0154.csv,14,16,review_required,placeholder_headers,ok,
extracted_tables/027_Health_Bulletin_2023/table_0155.csv,quarantined_tables/027_Health_Bulletin_2023/table_0155.csv,5,4,review_required,placeholder_headers,ok,
extracted_tables/027_Health_Bulletin_2023/table_0156.csv,quarantined_tables/027_Health_Bulletin_2023/table_0156.csv,18,4,review_required,placeholder_headers,ok,
extracted_tables/027_Health_Bulletin_2023/table_0157.csv,quarantined_tables/027_Health_Bulletin_2023/table_0157.csv,8,4,review_required,placeholder_headers,ok,
extracted_tables/027_Health_Bulletin_2023/table_0158.csv,quarantined_tables/027_Health_Bulletin_2023/table_0158.csv,6,5,review_required,placeholder_headers;high_internal_blank_ratio,ok,
extracted_tables/027_Health_Bulletin_2023/table_0159.csv,quarantined_tables/027_Health_Bulletin_2023/table_0159.csv,14,4,review_required,placeholder_headers,ok,
extracted_tables/027_Health_Bulletin_2023/table_0160.csv,quarantined_tables/027_Health_Bulletin_2023/table_0160.csv,0,0,rejected,empty_or_single_column,ok,
extracted_tables/027_Health_Bulletin_2023/table_0161.csv,quarantined_tables/027_Health_Bulletin_2023/table_0161.csv,3,4,review_required,placeholder_headers;high_internal_blank_ratio,ok,
extracted_tables/027_Health_Bulletin_2023/table_0162.csv,quarantined_tables/027_Health_Bulletin_2023/table_0162.csv,0,0,rejected,empty_or_single_column,ok,
extracted_tables/027_Health_Bulletin_2023/table_0163.csv,quarantined_tables/027_Health_Bulletin_2023/table_0163.csv,5,9,review_required,placeholder_headers,ok,
extracted_tables/027_Health_Bulletin_2023/table_0164.csv,quarantined_tables/027_Health_Bulletin_2023/table_0164.csv,4,5,review_required,placeholder_headers,ok,
extracted_tables/027_Health_Bulletin_2023/table_0165.csv,quarantined_tables/027_Health_Bulletin_2023/table_0165.csv,9,7,review_required,placeholder_headers;high_internal_blank_ratio,ok,
extracted_tables/027_Health_Bulletin_2023/table_0166.csv,quarantined_tables/027_Health_Bulletin_2023/table_0166.csv,15,6,review_required,placeholder_headers,ok,
extracted_tables/027_Health_Bulletin_2023/table_0167.csv,quarantined_tables/027_Health_Bulletin_2023/table_0167.csv,6,54,review_required,placeholder_headers;high_internal_blank_ratio;wide_table_requires_structural_review,ok,
extracted_tables/027_Health_Bulletin_2023/table_0168.csv,quarantined_tables/027_Health_Bulletin_2023/table_0168.csv,12,8,review_required,placeholder_headers,ok,
extracted_tables/027_Health_Bulletin_2023/table_0169.csv,quarantined_tables/027_Health_Bulletin_2023/table_0169.csv,17,8,review_required,placeholder_headers,ok,
extracted_tables/027_Health_Bulletin_2023/table_0170.csv,quarantined_tables/027_Health_Bulletin_2023/table_0170.csv,21,6,review_required,placeholder_headers,ok,
extracted_tables/027_Health_Bulletin_2023/table_0171.csv,quarantined_tables/027_Health_Bulletin_2023/table_0171.csv,7,6,review_required,placeholder_headers,ok,
extracted_tables/027_Health_Bulletin_2023/table_0172.csv,quarantined_tables/027_Health_Bulletin_2023/table_0172.csv,9,4,review_required,placeholder_headers,ok,
extracted_tables/027_Health_Bulletin_2023/table_0173.csv,quarantined_tables/027_Health_Bulletin_2023/table_0173.csv,12,7,review_required,placeholder_headers,ok,
extracted_tables/027_Health_Bulletin_2023/table_0174.csv,quarantined_tables/027_Health_Bulletin_2023/table_0174.csv,7,3,review_required,placeholder_headers,ok,
extracted_tables/027_Health_Bulletin_2023/table_0175.csv,quarantined_tables/027_Health_Bulletin_2023/table_0175.csv,8,4,review_required,placeholder_headers,ok,
extracted_tables/027_Health_Bulletin_2023/table_0176.csv,quarantined_tables/027_Health_Bulletin_2023/table_0176.csv,10,6,review_required,placeholder_headers,ok,
extracted_tables/027_Health_Bulletin_2023/table_0177.csv,quarantined_tables/027_Health_Bulletin_2023/table_0177.csv,1,1,rejected,empty_or_single_column,ok,
extracted_tables/027_Health_Bulletin_2023/table_0178.csv,quarantined_tables/027_Health_Bulletin_2023/table_0178.csv,9,2,review_required,placeholder_headers,ok,
extracted_tables/027_Health_Bulletin_2023/table_0179.csv,quarantined_tables/027_Health_Bulletin_2023/table_0179.csv,13,2,review_required,placeholder_headers,ok,
extracted_tables/027_Health_Bulletin_2023/table_0180.csv,quarantined_tables/027_Health_Bulletin_2023/table_0180.csv,14,4,review_required,placeholder_headers,ok,
extracted_tables/027_Health_Bulletin_2023/table_0181.csv,quarantined_tables/027_Health_Bulletin_2023/table_0181.csv,9,5,review_required,placeholder_headers;high_internal_blank_ratio,ok,
extracted_tables/027_Health_Bulletin_2023/table_0182.csv,quarantined_tables/027_Health_Bulletin_2023/table_0182.csv,14,5,review_required,placeholder_headers,ok,
extracted_tables/027_Health_Bulletin_2023/table_0183.csv,quarantined_tables/027_Health_Bulletin_2023/table_0183.csv,8,5,review_required,placeholder_headers;high_internal_blank_ratio,ok,
extracted_tables/027_Health_Bulletin_2023/table_0184.csv,quarantined_tables/027_Health_Bulletin_2023/table_0184.csv,10,5,review_required,placeholder_headers;high_internal_blank_ratio,ok,
extracted_tables/027_Health_Bulletin_2023/table_0185.csv,quarantined_tables/027_Health_Bulletin_2023/table_0185.csv,13,5,review_required,placeholder_headers,ok,
extracted_tables/027_Health_Bulletin_2023/table_0186.csv,quarantined_tables/027_Health_Bulletin_2023/table_0186.csv,6,5,review_required,placeholder_headers;high_internal_blank_ratio,ok,
extracted_tables/028_Health_Bulletin_2022/table_0001.csv,quarantined_tables/028_Health_Bulletin_2022/table_0001.csv,2,1,rejected,empty_or_single_column,ok,
extracted_tables/028_Health_Bulletin_2022/table_0002.csv,quarantined_tables/028_Health_Bulletin_2022/table_0002.csv,2,1,rejected,empty_or_single_column,ok,
extracted_tables/028_Health_Bulletin_2022/table_0003.csv,quarantined_tables/028_Health_Bulletin_2022/table_0003.csv,11,3,review_required,placeholder_headers;high_internal_blank_ratio,ok,
extracted_tables/028_Health_Bulletin_2022/table_0004.csv,quarantined_tables/028_Health_Bulletin_2022/table_0004.csv,2,2,review_required,placeholder_headers,ok,
extracted_tables/028_Health_Bulletin_2022/table_0005.csv,quarantined_tables/028_Health_Bulletin_2022/table_0005.csv,2,2,review_required,placeholder_headers,ok,
extracted_tables/028_Health_Bulletin_2022/table_0006.csv,quarantined_tables/028_Health_Bulletin_2022/table_0006.csv,6,3,review_required,placeholder_headers;high_internal_blank_ratio,ok,
extracted_tables/028_Health_Bulletin_2022/table_0007.csv,quarantined_tables/028_Health_Bulletin_2022/table_0007.csv,18,15,review_required,placeholder_headers;high_internal_blank_ratio,ok,
extracted_tables/028_Health_Bulletin_2022/table_0008.csv,quarantined_tables/028_Health_Bulletin_2022/table_0008.csv,27,3,review_required,placeholder_headers;high_internal_blank_ratio,ok,
extracted_tables/028_Health_Bulletin_2022/table_0009.csv,quarantined_tables/028_Health_Bulletin_2022/table_0009.csv,21,4,review_required,placeholder_headers;high_internal_blank_ratio,ok,
extracted_tables/028_Health_Bulletin_2022/table_0010.csv,quarantined_tables/028_Health_Bulletin_2022/table_0010.csv,27,3,review_required,placeholder_headers;high_internal_blank_ratio,ok,
extracted_tables/028_Health_Bulletin_2022/table_0011.csv,quarantined_tables/028_Health_Bulletin_2022/table_0011.csv,15,3,review_required,placeholder_headers;high_internal_blank_ratio,ok,
extracted_tables/028_Health_Bulletin_2022/table_0012.csv,quarantined_tables/028_Health_Bulletin_2022/table_0012.csv,4,3,review_required,placeholder_headers;high_internal_blank_ratio,ok,
extracted_tables/028_Health_Bulletin_2022/table_0013.csv,quarantined_tables/028_Health_Bulletin_2022/table_0013.csv,5,3,review_required,placeholder_headers;high_internal_blank_ratio,ok,
extracted_tables/028_Health_Bulletin_2022/table_0014.csv,quarantined_tables/028_Health_Bulletin_2022/table_0014.csv,3,3,review_required,placeholder_headers;high_internal_blank_ratio,ok,
extracted_tables/028_Health_Bulletin_2022/table_0015.csv,quarantined_tables/028_Health_Bulletin_2022/table_0015.csv,4,3,review_required,placeholder_headers;high_internal_blank_ratio,ok,
extracted_tables/028_Health_Bulletin_2022/table_0016.csv,quarantined_tables/028_Health_Bulletin_2022/table_0016.csv,2,3,review_required,placeholder_headers;high_internal_blank_ratio,ok,
extracted_tables/028_Health_Bulletin_2022/table_0017.csv,quarantined_tables/028_Health_Bulletin_2022/table_0017.csv,24,3,review_required,placeholder_headers;high_internal_blank_ratio,ok,
extracted_tables/028_Health_Bulletin_2022/table_0018.csv,quarantined_tables/028_Health_Bulletin_2022/table_0018.csv,21,3,review_required,placeholder_headers;high_internal_blank_ratio,ok,
extracted_tables/028_Health_Bulletin_2022/table_0019.csv,quarantined_tables/028_Health_Bulletin_2022/table_0019.csv,12,3,review_required,placeholder_headers,ok,
extracted_tables/028_Health_Bulletin_2022/table_0020.csv,quarantined_tables/028_Health_Bulletin_2022/table_0020.csv,3,2,review_required,placeholder_headers,ok,
extracted_tables/028_Health_Bulletin_2022/table_0021.csv,quarantined_tables/028_Health_Bulletin_2022/table_0021.csv,16,8,review_required,placeholder_headers;high_internal_blank_ratio,ok,
extracted_tables/028_Health_Bulletin_2022/table_0022.csv,quarantined_tables/028_Health_Bulletin_2022/table_0022.csv,2,4,review_required,placeholder_headers,ok,
extracted_tables/028_Health_Bulletin_2022/table_0023.csv,quarantined_tables/028_Health_Bulletin_2022/table_0023.csv,9,3,review_required,placeholder_headers,ok,
extracted_tables/028_Health_Bulletin_2022/table_0024.csv,quarantined_tables/028_Health_Bulletin_2022/table_0024.csv,0,0,rejected,empty_or_single_column,ok,
extracted_tables/028_Health_Bulletin_2022/table_0025.csv,quarantined_tables/028_Health_Bulletin_2022/table_0025.csv,0,0,rejected,empty_or_single_column,ok,
extracted_tables/028_Health_Bulletin_2022/table_0026.csv,quarantined_tables/028_Health_Bulletin_2022/table_0026.csv,11,27,review_required,placeholder_headers;high_internal_blank_ratio,ok,
extracted_tables/028_Health_Bulletin_2022/table_0027.csv,quarantined_tables/028_Health_Bulletin_2022/table_0027.csv,2,4,review_required,placeholder_headers;high_internal_blank_ratio,ok,
extracted_tables/028_Health_Bulletin_2022/table_0028.csv,quarantined_tables/028_Health_Bulletin_2022/table_0028.csv,7,3,review_required,placeholder_headers;high_internal_blank_ratio,ok,
extracted_tables/028_Health_Bulletin_2022/table_0029.csv,quarantined_tables/028_Health_Bulletin_2022/table_0029.csv,5,10,review_required,placeholder_headers;high_internal_blank_ratio,ok,
extracted_tables/028_Health_Bulletin_2022/table_0030.csv,quarantined_tables/028_Health_Bulletin_2022/table_0030.csv,8,10,review_required,placeholder_headers;high_internal_blank_ratio,ok,
extracted_tables/028_Health_Bulletin_2022/table_0031.csv,quarantined_tables/028_Health_Bulletin_2022/table_0031.csv,6,4,review_required,placeholder_headers;high_internal_blank_ratio,ok,
extracted_tables/028_Health_Bulletin_2022/table_0032.csv,quarantined_tables/028_Health_Bulletin_2022/table_0032.csv,0,0,rejected,empty_or_single_column,ok,
extracted_tables/028_Health_Bulletin_2022/table_0033.csv,quarantined_tables/028_Health_Bulletin_2022/table_0033.csv,3,10,review_required,placeholder_headers;high_internal_blank_ratio,ok,
extracted_tables/028_Health_Bulletin_2022/table_0034.csv,quarantined_tables/028_Health_Bulletin_2022/table_0034.csv,3,1,rejected,empty_or_single_column,ok,
extracted_tables/028_Health_Bulletin_2022/table_0035.csv,quarantined_tables/028_Health_Bulletin_2022/table_0035.csv,1,1,rejected,empty_or_single_column,ok,
extracted_tables/028_Health_Bulletin_2022/table_0036.csv,quarantined_tables/028_Health_Bulletin_2022/table_0036.csv,6,8,review_required,placeholder_headers;high_internal_blank_ratio,ok,
extracted_tables/028_Health_Bulletin_2022/table_0037.csv,quarantined_tables/028_Health_Bulletin_2022/table_0037.csv,4,8,review_required,placeholder_headers;high_internal_blank_ratio,ok,
extracted_tables/028_Health_Bulletin_2022/table_0038.csv,quarantined_tables/028_Health_Bulletin_2022/table_0038.csv,0,0,rejected,empty_or_single_column,ok,
extracted_tables/028_Health_Bulletin_2022/table_0039.csv,quarantined_tables/028_Health_Bulletin_2022/table_0039.csv,0,0,rejected,empty_or_single_column,ok,
extracted_tables/028_Health_Bulletin_2022/table_0040.csv,quarantined_tables/028_Health_Bulletin_2022/table_0040.csv,0,0,rejected,empty_or_single_column,ok,
extracted_tables/028_Health_Bulletin_2022/table_0041.csv,quarantined_tables/028_Health_Bulletin_2022/table_0041.csv,0,0,rejected,empty_or_single_column,ok,
extracted_tables/028_Health_Bulletin_2022/table_0042.csv,quarantined_tables/028_Health_Bulletin_2022/table_0042.csv,0,0,rejected,empty_or_single_column,ok,
extracted_tables/028_Health_Bulletin_2022/table_0043.csv,quarantined_tables/028_Health_Bulletin_2022/table_0043.csv,0,0,rejected,empty_or_single_column,ok,
extracted_tables/028_Health_Bulletin_2022/table_0044.csv,quarantined_tables/028_Health_Bulletin_2022/table_0044.csv,0,0,rejected,empty_or_single_column,ok,
extracted_tables/028_Health_Bulletin_2022/table_0045.csv,quarantined_tables/028_Health_Bulletin_2022/table_0045.csv,0,0,rejected,empty_or_single_column,ok,
extracted_tables/028_Health_Bulletin_2022/table_0046.csv,quarantined_tables/028_Health_Bulletin_2022/table_0046.csv,0,0,rejected,empty_or_single_column,ok,
extracted_tables/028_Health_Bulletin_2022/table_0047.csv,quarantined_tables/028_Health_Bulletin_2022/table_0047.csv,0,0,rejected,empty_or_single_column,ok,
extracted_tables/028_Health_Bulletin_2022/table_0048.csv,quarantined_tables/028_Health_Bulletin_2022/table_0048.csv,0,0,rejected,empty_or_single_column,ok,
extracted_tables/028_Health_Bulletin_2022/table_0049.csv,quarantined_tables/028_Health_Bulletin_2022/table_0049.csv,0,0,rejected,empty_or_single_column,ok,
extracted_tables/028_Health_Bulletin_2022/table_0050.csv,quarantined_tables/028_Health_Bulletin_2022/table_0050.csv,1,3,review_required,placeholder_headers,ok,
extracted_tables/028_Health_Bulletin_2022/table_0051.csv,quarantined_tables/028_Health_Bulletin_2022/table_0051.csv,7,3,review_required,placeholder_headers;high_internal_blank_ratio,ok,
extracted_tables/028_Health_Bulletin_2022/table_0052.csv,quarantined_tables/028_Health_Bulletin_2022/table_0052.csv,3,23,review_required,placeholder_headers,ok,
extracted_tables/028_Health_Bulletin_2022/table_0053.csv,quarantined_tables/028_Health_Bulletin_2022/table_0053.csv,3,12,review_required,placeholder_headers;high_internal_blank_ratio,ok,
extracted_tables/028_Health_Bulletin_2022/table_0054.csv,quarantined_tables/028_Health_Bulletin_2022/table_0054.csv,10,8,review_required,placeholder_headers;high_internal_blank_ratio,ok,
extracted_tables/028_Health_Bulletin_2022/table_0055.csv,quarantined_tables/028_Health_Bulletin_2022/table_0055.csv,17,11,review_required,placeholder_headers;high_internal_blank_ratio,ok,
extracted_tables/028_Health_Bulletin_2022/table_0056.csv,quarantined_tables/028_Health_Bulletin_2022/table_0056.csv,7,3,review_required,placeholder_headers;high_internal_blank_ratio,ok,
extracted_tables/028_Health_Bulletin_2022/table_0057.csv,quarantined_tables/028_Health_Bulletin_2022/table_0057.csv,5,3,review_required,placeholder_headers;high_internal_blank_ratio,ok,
extracted_tables/028_Health_Bulletin_2022/table_0058.csv,quarantined_tables/028_Health_Bulletin_2022/table_0058.csv,3,3,review_required,placeholder_headers;high_internal_blank_ratio,ok,
extracted_tables/028_Health_Bulletin_2022/table_0059.csv,quarantined_tables/028_Health_Bulletin_2022/table_0059.csv,4,3,review_required,placeholder_headers;high_internal_blank_ratio,ok,
extracted_tables/028_Health_Bulletin_2022/table_0060.csv,quarantined_tables/028_Health_Bulletin_2022/table_0060.csv,5,3,review_required,placeholder_headers;high_internal_blank_ratio,ok,
extracted_tables/028_Health_Bulletin_2022/table_0061.csv,quarantined_tables/028_Health_Bulletin_2022/table_0061.csv,3,3,review_required,placeholder_headers;high_internal_blank_ratio,ok,
extracted_tables/028_Health_Bulletin_2022/table_0062.csv,quarantined_tables/028_Health_Bulletin_2022/table_0062.csv,4,3,review_required,placeholder_headers;high_internal_blank_ratio,ok,
extracted_tables/028_Health_Bulletin_2022/table_0063.csv,quarantined_tables/028_Health_Bulletin_2022/table_0063.csv,5,10,review_required,placeholder_headers;high_internal_blank_ratio,ok,
extracted_tables/028_Health_Bulletin_2022/table_0064.csv,quarantined_tables/028_Health_Bulletin_2022/table_0064.csv,7,3,review_required,placeholder_headers,ok,
extracted_tables/028_Health_Bulletin_2022/table_0065.csv,quarantined_tables/028_Health_Bulletin_2022/table_0065.csv,10,4,review_required,placeholder_headers;high_internal_blank_ratio,ok,
extracted_tables/028_Health_Bulletin_2022/table_0066.csv,quarantined_tables/028_Health_Bulletin_2022/table_0066.csv,4,3,review_required,placeholder_headers;high_internal_blank_ratio,ok,
extracted_tables/028_Health_Bulletin_2022/table_0067.csv,quarantined_tables/028_Health_Bulletin_2022/table_0067.csv,5,3,review_required,placeholder_headers;high_internal_blank_ratio,ok,
extracted_tables/028_Health_Bulletin_2022/table_0068.csv,quarantined_tables/028_Health_Bulletin_2022/table_0068.csv,3,3,review_required,placeholder_headers;high_internal_blank_ratio,ok,
extracted_tables/028_Health_Bulletin_2022/table_0069.csv,quarantined_tables/028_Health_Bulletin_2022/table_0069.csv,6,3,review_required,placeholder_headers;high_internal_blank_ratio,ok,
extracted_tables/028_Health_Bulletin_2022/table_0070.csv,quarantined_tables/028_Health_Bulletin_2022/table_0070.csv,22,2,review_required,placeholder_headers;high_internal_blank_ratio,ok,
extracted_tables/028_Health_Bulletin_2022/table_0071.csv,quarantined_tables/028_Health_Bulletin_2022/table_0071.csv,7,12,review_required,placeholder_headers;high_internal_blank_ratio,ok,
extracted_tables/028_Health_Bulletin_2022/table_0072.csv,quarantined_tables/028_Health_Bulletin_2022/table_0072.csv,5,14,review_required,placeholder_headers;high_internal_blank_ratio,ok,
extracted_tables/028_Health_Bulletin_2022/table_0073.csv,quarantined_tables/028_Health_Bulletin_2022/table_0073.csv,10,6,review_required,placeholder_headers;high_internal_blank_ratio,ok,
extracted_tables/028_Health_Bulletin_2022/table_0074.csv,quarantined_tables/028_Health_Bulletin_2022/table_0074.csv,5,6,review_required,placeholder_headers;high_internal_blank_ratio,ok,
extracted_tables/028_Health_Bulletin_2022/table_0075.csv,quarantined_tables/028_Health_Bulletin_2022/table_0075.csv,6,6,review_required,placeholder_headers;high_internal_blank_ratio,ok,
extracted_tables/028_Health_Bulletin_2022/table_0076.csv,quarantined_tables/028_Health_Bulletin_2022/table_0076.csv,6,6,review_required,placeholder_headers;high_internal_blank_ratio,ok,
extracted_tables/028_Health_Bulletin_2022/table_0077.csv,quarantined_tables/028_Health_Bulletin_2022/table_0077.csv,1,2,review_required,placeholder_headers,ok,
extracted_tables/028_Health_Bulletin_2022/table_0078.csv,quarantined_tables/028_Health_Bulletin_2022/table_0078.csv,2,2,review_required,placeholder_headers,ok,
extracted_tables/028_Health_Bulletin_2022/table_0079.csv,quarantined_tables/028_Health_Bulletin_2022/table_0079.csv,8,4,review_required,placeholder_headers;high_internal_blank_ratio,ok,
extracted_tables/028_Health_Bulletin_2022/table_0080.csv,quarantined_tables/028_Health_Bulletin_2022/table_0080.csv,0,0,rejected,empty_or_single_column,ok,
extracted_tables/028_Health_Bulletin_2022/table_0081.csv,quarantined_tables/028_Health_Bulletin_2022/table_0081.csv,0,0,rejected,empty_or_single_column,ok,
extracted_tables/028_Health_Bulletin_2022/table_0082.csv,quarantined_tables/028_Health_Bulletin_2022/table_0082.csv,0,0,rejected,empty_or_single_column,ok,
extracted_tables/028_Health_Bulletin_2022/table_0083.csv,quarantined_tables/028_Health_Bulletin_2022/table_0083.csv,0,0,rejected,empty_or_single_column,ok,
extracted_tables/028_Health_Bulletin_2022/table_0084.csv,quarantined_tables/028_Health_Bulletin_2022/table_0084.csv,4,4,review_required,placeholder_headers;high_internal_blank_ratio,ok,
extracted_tables/028_Health_Bulletin_2022/table_0085.csv,quarantined_tables/028_Health_Bulletin_2022/table_0085.csv,0,0,rejected,empty_or_single_column,ok,
extracted_tables/028_Health_Bulletin_2022/table_0086.csv,quarantined_tables/028_Health_Bulletin_2022/table_0086.csv,0,0,rejected,empty_or_single_column,ok,
extracted_tables/028_Health_Bulletin_2022/table_0087.csv,quarantined_tables/028_Health_Bulletin_2022/table_0087.csv,0,0,rejected,empty_or_single_column,ok,
extracted_tables/028_Health_Bulletin_2022/table_0088.csv,quarantined_tables/028_Health_Bulletin_2022/table_0088.csv,0,0,rejected,empty_or_single_column,ok,
extracted_tables/028_Health_Bulletin_2022/table_0089.csv,quarantined_tables/028_Health_Bulletin_2022/table_0089.csv,0,0,rejected,empty_or_single_column,ok,
extracted_tables/028_Health_Bulletin_2022/table_0090.csv,quarantined_tables/028_Health_Bulletin_2022/table_0090.csv,0,0,rejected,empty_or_single_column,ok,
extracted_tables/028_Health_Bulletin_2022/table_0091.csv,quarantined_tables/028_Health_Bulletin_2022/table_0091.csv,0,0,rejected,empty_or_single_column,ok,
extracted_tables/028_Health_Bulletin_2022/table_0092.csv,quarantined_tables/028_Health_Bulletin_2022/table_0092.csv,0,0,rejected,empty_or_single_column,ok,
extracted_tables/028_Health_Bulletin_2022/table_0093.csv,quarantined_tables/028_Health_Bulletin_2022/table_0093.csv,0,0,rejected,empty_or_single_column,ok,
extracted_tables/028_Health_Bulletin_2022/table_0094.csv,quarantined_tables/028_Health_Bulletin_2022/table_0094.csv,0,0,rejected,empty_or_single_column,ok,
extracted_tables/028_Health_Bulletin_2022/table_0095.csv,quarantined_tables/028_Health_Bulletin_2022/table_0095.csv,0,0,rejected,empty_or_single_column,ok,
extracted_tables/028_Health_Bulletin_2022/table_0096.csv,quarantined_tables/028_Health_Bulletin_2022/table_0096.csv,0,0,rejected,empty_or_single_column,ok,
extracted_tables/028_Health_Bulletin_2022/table_0097.csv,quarantined_tables/028_Health_Bulletin_2022/table_0097.csv,0,0,rejected,empty_or_single_column,ok,
extracted_tables/028_Health_Bulletin_2022/table_0098.csv,quarantined_tables/028_Health_Bulletin_2022/table_0098.csv,11,4,review_required,placeholder_headers;high_internal_blank_ratio,ok,
extracted_tables/028_Health_Bulletin_2022/table_0099.csv,quarantined_tables/028_Health_Bulletin_2022/table_0099.csv,13,4,review_required,placeholder_headers;high_internal_blank_ratio,ok,
extracted_tables/028_Health_Bulletin_2022/table_0100.csv,quarantined_tables/028_Health_Bulletin_2022/table_0100.csv,9,3,review_required,placeholder_headers;high_internal_blank_ratio,ok,
extracted_tables/028_Health_Bulletin_2022/table_0101.csv,quarantined_tables/028_Health_Bulletin_2022/table_0101.csv,3,4,review_required,placeholder_headers;high_internal_blank_ratio,ok,
extracted_tables/028_Health_Bulletin_2022/table_0102.csv,quarantined_tables/028_Health_Bulletin_2022/table_0102.csv,12,14,review_required,placeholder_headers;high_internal_blank_ratio,ok,
extracted_tables/028_Health_Bulletin_2022/table_0103.csv,quarantined_tables/028_Health_Bulletin_2022/table_0103.csv,0,0,rejected,empty_or_single_column,ok,
extracted_tables/028_Health_Bulletin_2022/table_0104.csv,quarantined_tables/028_Health_Bulletin_2022/table_0104.csv,30,2,review_required,placeholder_headers;high_internal_blank_ratio,ok,
extracted_tables/028_Health_Bulletin_2022/table_0105.csv,quarantined_tables/028_Health_Bulletin_2022/table_0105.csv,9,2,review_required,placeholder_headers;high_internal_blank_ratio,ok,
extracted_tables/028_Health_Bulletin_2022/table_0106.csv,quarantined_tables/028_Health_Bulletin_2022/table_0106.csv,4,8,review_required,placeholder_headers;high_internal_blank_ratio,ok,
extracted_tables/028_Health_Bulletin_2022/table_0107.csv,quarantined_tables/028_Health_Bulletin_2022/table_0107.csv,5,6,review_required,placeholder_headers;high_internal_blank_ratio,ok,
extracted_tables/028_Health_Bulletin_2022/table_0108.csv,quarantined_tables/028_Health_Bulletin_2022/table_0108.csv,14,10,review_required,placeholder_headers;high_internal_blank_ratio,ok,
extracted_tables/028_Health_Bulletin_2022/table_0109.csv,quarantined_tables/028_Health_Bulletin_2022/table_0109.csv,16,10,review_required,placeholder_headers;high_internal_blank_ratio,ok,
extracted_tables/028_Health_Bulletin_2022/table_0110.csv,quarantined_tables/028_Health_Bulletin_2022/table_0110.csv,17,12,review_required,placeholder_headers;high_internal_blank_ratio,ok,
extracted_tables/028_Health_Bulletin_2022/table_0111.csv,quarantined_tables/028_Health_Bulletin_2022/table_0111.csv,14,22,review_required,placeholder_headers;high_internal_blank_ratio,ok,
extracted_tables/028_Health_Bulletin_2022/table_0112.csv,quarantined_tables/028_Health_Bulletin_2022/table_0112.csv,12,22,review_required,placeholder_headers;high_internal_blank_ratio,ok,
extracted_tables/028_Health_Bulletin_2022/table_0113.csv,quarantined_tables/028_Health_Bulletin_2022/table_0113.csv,19,14,review_required,placeholder_headers;high_internal_blank_ratio,ok,
extracted_tables/028_Health_Bulletin_2022/table_0114.csv,quarantined_tables/028_Health_Bulletin_2022/table_0114.csv,18,14,review_required,placeholder_headers;high_internal_blank_ratio,ok,
extracted_tables/028_Health_Bulletin_2022/table_0115.csv,quarantined_tables/028_Health_Bulletin_2022/table_0115.csv,8,23,review_required,placeholder_headers;high_internal_blank_ratio,ok,
extracted_tables/028_Health_Bulletin_2022/table_0116.csv,quarantined_tables/028_Health_Bulletin_2022/table_0116.csv,3,3,review_required,placeholder_headers;high_internal_blank_ratio,ok,
extracted_tables/028_Health_Bulletin_2022/table_0117.csv,quarantined_tables/028_Health_Bulletin_2022/table_0117.csv,2,2,review_required,placeholder_headers,ok,
extracted_tables/028_Health_Bulletin_2022/table_0118.csv,quarantined_tables/028_Health_Bulletin_2022/table_0118.csv,1,3,review_required,placeholder_headers,ok,
extracted_tables/028_Health_Bulletin_2022/table_0119.csv,quarantined_tables/028_Health_Bulletin_2022/table_0119.csv,6,8,review_required,placeholder_headers;high_internal_blank_ratio,ok,
extracted_tables/028_Health_Bulletin_2022/table_0120.csv,quarantined_tables/028_Health_Bulletin_2022/table_0120.csv,8,5,review_required,placeholder_headers;high_internal_blank_ratio,ok,
extracted_tables/028_Health_Bulletin_2022/table_0121.csv,quarantined_tables/028_Health_Bulletin_2022/table_0121.csv,9,12,review_required,placeholder_headers;high_internal_blank_ratio,ok,
extracted_tables/028_Health_Bulletin_2022/table_0122.csv,quarantined_tables/028_Health_Bulletin_2022/table_0122.csv,4,3,review_required,placeholder_headers;high_internal_blank_ratio,ok,
extracted_tables/028_Health_Bulletin_2022/table_0123.csv,quarantined_tables/028_Health_Bulletin_2022/table_0123.csv,4,7,review_required,placeholder_headers;high_internal_blank_ratio,ok,
extracted_tables/028_Health_Bulletin_2022/table_0124.csv,quarantined_tables/028_Health_Bulletin_2022/table_0124.csv,4,6,review_required,placeholder_headers;high_internal_blank_ratio,ok,
extracted_tables/028_Health_Bulletin_2022/table_0125.csv,quarantined_tables/028_Health_Bulletin_2022/table_0125.csv,9,2,review_required,placeholder_headers;high_internal_blank_ratio,ok,
extracted_tables/028_Health_Bulletin_2022/table_0126.csv,quarantined_tables/028_Health_Bulletin_2022/table_0126.csv,8,2,review_required,placeholder_headers;high_internal_blank_ratio,ok,
extracted_tables/028_Health_Bulletin_2022/table_0127.csv,quarantined_tables/028_Health_Bulletin_2022/table_0127.csv,0,0,rejected,empty_or_single_column,ok,
extracted_tables/028_Health_Bulletin_2022/table_0128.csv,quarantined_tables/028_Health_Bulletin_2022/table_0128.csv,3,9,review_required,placeholder_headers,ok,
extracted_tables/028_Health_Bulletin_2022/table_0129.csv,quarantined_tables/028_Health_Bulletin_2022/table_0129.csv,3,5,review_required,placeholder_headers;high_internal_blank_ratio,ok,
extracted_tables/028_Health_Bulletin_2022/table_0130.csv,quarantined_tables/028_Health_Bulletin_2022/table_0130.csv,0,0,rejected,empty_or_single_column,ok,
extracted_tables/028_Health_Bulletin_2022/table_0131.csv,quarantined_tables/028_Health_Bulletin_2022/table_0131.csv,4,4,review_required,placeholder_headers,ok,
extracted_tables/028_Health_Bulletin_2022/table_0132.csv,quarantined_tables/028_Health_Bulletin_2022/table_0132.csv,0,0,rejected,empty_or_single_column,ok,
extracted_tables/028_Health_Bulletin_2022/table_0133.csv,quarantined_tables/028_Health_Bulletin_2022/table_0133.csv,5,13,review_required,placeholder_headers,ok,
extracted_tables/028_Health_Bulletin_2022/table_0134.csv,quarantined_tables/028_Health_Bulletin_2022/table_0134.csv,14,18,review_required,placeholder_headers;high_internal_blank_ratio,ok,
extracted_tables/028_Health_Bulletin_2022/table_0135.csv,quarantined_tables/028_Health_Bulletin_2022/table_0135.csv,9,10,review_required,placeholder_headers;high_internal_blank_ratio,ok,
extracted_tables/028_Health_Bulletin_2022/table_0136.csv,quarantined_tables/028_Health_Bulletin_2022/table_0136.csv,50,4,review_required,placeholder_headers;high_internal_blank_ratio,ok,
extracted_tables/028_Health_Bulletin_2022/table_0137.csv,quarantined_tables/028_Health_Bulletin_2022/table_0137.csv,28,11,review_required,placeholder_headers;high_internal_blank_ratio,ok,
extracted_tables/028_Health_Bulletin_2022/table_0138.csv,quarantined_tables/028_Health_Bulletin_2022/table_0138.csv,4,8,review_required,placeholder_headers;high_internal_blank_ratio,ok,
extracted_tables/028_Health_Bulletin_2022/table_0139.csv,quarantined_tables/028_Health_Bulletin_2022/table_0139.csv,24,28,review_required,placeholder_headers;high_internal_blank_ratio,ok,
extracted_tables/028_Health_Bulletin_2022/table_0140.csv,quarantined_tables/028_Health_Bulletin_2022/table_0140.csv,42,1,rejected,empty_or_single_column,ok,
extracted_tables/028_Health_Bulletin_2022/table_0141.csv,quarantined_tables/028_Health_Bulletin_2022/table_0141.csv,5,8,review_required,placeholder_headers;high_internal_blank_ratio,ok,
extracted_tables/028_Health_Bulletin_2022/table_0142.csv,quarantined_tables/028_Health_Bulletin_2022/table_0142.csv,9,5,review_required,placeholder_headers;high_internal_blank_ratio,ok,
extracted_tables/028_Health_Bulletin_2022/table_0143.csv,quarantined_tables/028_Health_Bulletin_2022/table_0143.csv,23,8,review_required,placeholder_headers;high_internal_blank_ratio,ok,
extracted_tables/028_Health_Bulletin_2022/table_0144.csv,quarantined_tables/028_Health_Bulletin_2022/table_0144.csv,19,8,review_required,placeholder_headers;high_internal_blank_ratio,ok,
extracted_tables/028_Health_Bulletin_2022/table_0145.csv,quarantined_tables/028_Health_Bulletin_2022/table_0145.csv,31,9,review_required,placeholder_headers;high_internal_blank_ratio,ok,
extracted_tables/028_Health_Bulletin_2022/table_0146.csv,quarantined_tables/028_Health_Bulletin_2022/table_0146.csv,2,2,review_required,placeholder_headers;high_internal_blank_ratio,ok,
extracted_tables/028_Health_Bulletin_2022/table_0147.csv,quarantined_tables/028_Health_Bulletin_2022/table_0147.csv,1,1,rejected,empty_or_single_column,ok,
extracted_tables/028_Health_Bulletin_2022/table_0148.csv,quarantined_tables/028_Health_Bulletin_2022/table_0148.csv,1,1,rejected,empty_or_single_column,ok,
extracted_tables/028_Health_Bulletin_2022/table_0149.csv,quarantined_tables/028_Health_Bulletin_2022/table_0149.csv,4,7,review_required,placeholder_headers,ok,
extracted_tables/028_Health_Bulletin_2022/table_0150.csv,quarantined_tables/028_Health_Bulletin_2022/table_0150.csv,5,8,review_required,placeholder_headers;high_internal_blank_ratio,ok,
extracted_tables/028_Health_Bulletin_2022/table_0151.csv,quarantined_tables/028_Health_Bulletin_2022/table_0151.csv,4,7,review_required,placeholder_headers,ok,
extracted_tables/028_Health_Bulletin_2022/table_0152.csv,quarantined_tables/028_Health_Bulletin_2022/table_0152.csv,4,7,review_required,placeholder_headers,ok,
extracted_tables/028_Health_Bulletin_2022/table_0153.csv,quarantined_tables/028_Health_Bulletin_2022/table_0153.csv,20,15,review_required,placeholder_headers;high_internal_blank_ratio,ok,
extracted_tables/028_Health_Bulletin_2022/table_0154.csv,quarantined_tables/028_Health_Bulletin_2022/table_0154.csv,11,6,review_required,placeholder_headers,ok,
extracted_tables/028_Health_Bulletin_2022/table_0155.csv,quarantined_tables/028_Health_Bulletin_2022/table_0155.csv,20,18,review_required,placeholder_headers;high_internal_blank_ratio,ok,
extracted_tables/028_Health_Bulletin_2022/table_0156.csv,quarantined_tables/028_Health_Bulletin_2022/table_0156.csv,22,14,review_required,placeholder_headers;high_internal_blank_ratio,ok,
extracted_tables/028_Health_Bulletin_2022/table_0157.csv,quarantined_tables/028_Health_Bulletin_2022/table_0157.csv,20,23,review_required,placeholder_headers;high_internal_blank_ratio,ok,
extracted_tables/028_Health_Bulletin_2022/table_0158.csv,quarantined_tables/028_Health_Bulletin_2022/table_0158.csv,20,24,review_required,placeholder_headers;high_internal_blank_ratio,ok,
extracted_tables/028_Health_Bulletin_2022/table_0159.csv,quarantined_tables/028_Health_Bulletin_2022/table_0159.csv,20,23,review_required,placeholder_headers;high_internal_blank_ratio,ok,
extracted_tables/028_Health_Bulletin_2022/table_0160.csv,quarantined_tables/028_Health_Bulletin_2022/table_0160.csv,22,13,review_required,placeholder_headers;high_internal_blank_ratio,ok,
extracted_tables/028_Health_Bulletin_2022/table_0161.csv,quarantined_tables/028_Health_Bulletin_2022/table_0161.csv,24,9,review_required,placeholder_headers;high_internal_blank_ratio,ok,
extracted_tables/028_Health_Bulletin_2022/table_0162.csv,quarantined_tables/028_Health_Bulletin_2022/table_0162.csv,2,2,review_required,placeholder_headers;high_internal_blank_ratio,ok,
extracted_tables/028_Health_Bulletin_2022/table_0163.csv,quarantined_tables/028_Health_Bulletin_2022/table_0163.csv,16,5,review_required,placeholder_headers;high_internal_blank_ratio,ok,
extracted_tables/028_Health_Bulletin_2022/table_0164.csv,quarantined_tables/028_Health_Bulletin_2022/table_0164.csv,23,6,review_required,placeholder_headers;high_internal_blank_ratio,ok,
extracted_tables/028_Health_Bulletin_2022/table_0165.csv,quarantined_tables/028_Health_Bulletin_2022/table_0165.csv,37,6,review_required,placeholder_headers;high_internal_blank_ratio,ok,
extracted_tables/028_Health_Bulletin_2022/table_0166.csv,quarantined_tables/028_Health_Bulletin_2022/table_0166.csv,30,6,review_required,placeholder_headers;high_internal_blank_ratio,ok,
extracted_tables/028_Health_Bulletin_2022/table_0167.csv,quarantined_tables/028_Health_Bulletin_2022/table_0167.csv,4,6,review_required,placeholder_headers;high_internal_blank_ratio,ok,
extracted_tables/028_Health_Bulletin_2022/table_0168.csv,quarantined_tables/028_Health_Bulletin_2022/table_0168.csv,5,6,review_required,placeholder_headers;high_internal_blank_ratio,ok,
extracted_tables/028_Health_Bulletin_2022/table_0169.csv,quarantined_tables/028_Health_Bulletin_2022/table_0169.csv,3,8,review_required,placeholder_headers;high_internal_blank_ratio,ok,
extracted_tables/028_Health_Bulletin_2022/table_0170.csv,quarantined_tables/028_Health_Bulletin_2022/table_0170.csv,6,4,review_required,placeholder_headers;high_internal_blank_ratio,ok,
extracted_tables/028_Health_Bulletin_2022/table_0171.csv,quarantined_tables/028_Health_Bulletin_2022/table_0171.csv,6,10,review_required,placeholder_headers;high_internal_blank_ratio,ok,
extracted_tables/028_Health_Bulletin_2022/table_0172.csv,quarantined_tables/028_Health_Bulletin_2022/table_0172.csv,6,10,review_required,placeholder_headers;high_internal_blank_ratio,ok,
extracted_tables/028_Health_Bulletin_2022/table_0173.csv,quarantined_tables/028_Health_Bulletin_2022/table_0173.csv,6,11,review_required,placeholder_headers;high_internal_blank_ratio,ok,
extracted_tables/028_Health_Bulletin_2022/table_0174.csv,quarantined_tables/028_Health_Bulletin_2022/table_0174.csv,0,0,rejected,empty_or_single_column,ok,
extracted_tables/028_Health_Bulletin_2022/table_0175.csv,quarantined_tables/028_Health_Bulletin_2022/table_0175.csv,0,0,rejected,empty_or_single_column,ok,
extracted_tables/028_Health_Bulletin_2022/table_0176.csv,quarantined_tables/028_Health_Bulletin_2022/table_0176.csv,0,0,rejected,empty_or_single_column,ok,
extracted_tables/028_Health_Bulletin_2022/table_0177.csv,quarantined_tables/028_Health_Bulletin_2022/table_0177.csv,0,0,rejected,empty_or_single_column,ok,
extracted_tables/028_Health_Bulletin_2022/table_0178.csv,quarantined_tables/028_Health_Bulletin_2022/table_0178.csv,0,0,rejected,empty_or_single_column,ok,
extracted_tables/028_Health_Bulletin_2022/table_0179.csv,quarantined_tables/028_Health_Bulletin_2022/table_0179.csv,0,0,rejected,empty_or_single_column,ok,
extracted_tables/028_Health_Bulletin_2022/table_0180.csv,quarantined_tables/028_Health_Bulletin_2022/table_0180.csv,4,5,review_required,placeholder_headers;high_internal_blank_ratio,ok,
extracted_tables/028_Health_Bulletin_2022/table_0181.csv,quarantined_tables/028_Health_Bulletin_2022/table_0181.csv,0,0,rejected,empty_or_single_column,ok,
extracted_tables/028_Health_Bulletin_2022/table_0182.csv,quarantined_tables/028_Health_Bulletin_2022/table_0182.csv,0,0,rejected,empty_or_single_column,ok,
extracted_tables/028_Health_Bulletin_2022/table_0183.csv,quarantined_tables/028_Health_Bulletin_2022/table_0183.csv,0,0,rejected,empty_or_single_column,ok,
extracted_tables/028_Health_Bulletin_2022/table_0184.csv,quarantined_tables/028_Health_Bulletin_2022/table_0184.csv,2,13,review_required,placeholder_headers,ok,
extracted_tables/028_Health_Bulletin_2022/table_0185.csv,quarantined_tables/028_Health_Bulletin_2022/table_0185.csv,0,0,rejected,empty_or_single_column,ok,
extracted_tables/028_Health_Bulletin_2022/table_0186.csv,quarantined_tables/028_Health_Bulletin_2022/table_0186.csv,0,0,rejected,empty_or_single_column,ok,
extracted_tables/028_Health_Bulletin_2022/table_0187.csv,quarantined_tables/028_Health_Bulletin_2022/table_0187.csv,6,2,review_required,placeholder_headers,ok,
extracted_tables/028_Health_Bulletin_2022/table_0188.csv,quarantined_tables/028_Health_Bulletin_2022/table_0188.csv,0,0,rejected,empty_or_single_column,ok,
extracted_tables/028_Health_Bulletin_2022/table_0189.csv,quarantined_tables/028_Health_Bulletin_2022/table_0189.csv,0,0,rejected,empty_or_single_column,ok,
extracted_tables/028_Health_Bulletin_2022/table_0190.csv,quarantined_tables/028_Health_Bulletin_2022/table_0190.csv,6,2,review_required,placeholder_headers,ok,
extracted_tables/028_Health_Bulletin_2022/table_0191.csv,quarantined_tables/028_Health_Bulletin_2022/table_0191.csv,6,2,review_required,placeholder_headers,ok,
extracted_tables/028_Health_Bulletin_2022/table_0192.csv,quarantined_tables/028_Health_Bulletin_2022/table_0192.csv,0,0,rejected,empty_or_single_column,ok,
extracted_tables/028_Health_Bulletin_2022/table_0193.csv,quarantined_tables/028_Health_Bulletin_2022/table_0193.csv,3,1,rejected,empty_or_single_column,ok,
extracted_tables/028_Health_Bulletin_2022/table_0194.csv,quarantined_tables/028_Health_Bulletin_2022/table_0194.csv,2,1,rejected,empty_or_single_column,ok,
extracted_tables/028_Health_Bulletin_2022/table_0195.csv,quarantined_tables/028_Health_Bulletin_2022/table_0195.csv,0,0,rejected,empty_or_single_column,ok,
extracted_tables/028_Health_Bulletin_2022/table_0196.csv,quarantined_tables/028_Health_Bulletin_2022/table_0196.csv,0,0,rejected,empty_or_single_column,ok,
extracted_tables/028_Health_Bulletin_2022/table_0197.csv,quarantined_tables/028_Health_Bulletin_2022/table_0197.csv,0,0,rejected,empty_or_single_column,ok,
extracted_tables/028_Health_Bulletin_2022/table_0198.csv,quarantined_tables/028_Health_Bulletin_2022/table_0198.csv,0,0,rejected,empty_or_single_column,ok,
extracted_tables/028_Health_Bulletin_2022/table_0199.csv,quarantined_tables/028_Health_Bulletin_2022/table_0199.csv,11,14,review_required,placeholder_headers;high_internal_blank_ratio,ok,
extracted_tables/028_Health_Bulletin_2022/table_0200.csv,quarantined_tables/028_Health_Bulletin_2022/table_0200.csv,19,14,review_required,placeholder_headers;high_internal_blank_ratio,ok,
extracted_tables/028_Health_Bulletin_2022/table_0201.csv,quarantined_tables/028_Health_Bulletin_2022/table_0201.csv,8,14,review_required,placeholder_headers;high_internal_blank_ratio,ok,
extracted_tables/028_Health_Bulletin_2022/table_0202.csv,quarantined_tables/028_Health_Bulletin_2022/table_0202.csv,13,12,review_required,placeholder_headers;high_internal_blank_ratio,ok,
extracted_tables/028_Health_Bulletin_2022/table_0203.csv,quarantined_tables/028_Health_Bulletin_2022/table_0203.csv,9,8,review_required,placeholder_headers;high_internal_blank_ratio,ok,
extracted_tables/028_Health_Bulletin_2022/table_0204.csv,quarantined_tables/028_Health_Bulletin_2022/table_0204.csv,39,8,review_required,placeholder_headers;high_internal_blank_ratio,ok,
extracted_tables/028_Health_Bulletin_2022/table_0205.csv,quarantined_tables/028_Health_Bulletin_2022/table_0205.csv,8,8,review_required,placeholder_headers;high_internal_blank_ratio,ok,
extracted_tables/028_Health_Bulletin_2022/table_0206.csv,quarantined_tables/028_Health_Bulletin_2022/table_0206.csv,8,8,review_required,placeholder_headers;high_internal_blank_ratio,ok,
extracted_tables/028_Health_Bulletin_2022/table_0207.csv,quarantined_tables/028_Health_Bulletin_2022/table_0207.csv,16,11,review_required,placeholder_headers;high_internal_blank_ratio,ok,
extracted_tables/028_Health_Bulletin_2022/table_0208.csv,quarantined_tables/028_Health_Bulletin_2022/table_0208.csv,10,31,review_required,placeholder_headers;high_internal_blank_ratio;wide_table_requires_structural_review,ok,
extracted_tables/028_Health_Bulletin_2022/table_0209.csv,quarantined_tables/028_Health_Bulletin_2022/table_0209.csv,14,28,review_required,placeholder_headers,ok,
extracted_tables/028_Health_Bulletin_2022/table_0210.csv,quarantined_tables/028_Health_Bulletin_2022/table_0210.csv,5,8,review_required,placeholder_headers;high_internal_blank_ratio,ok,
extracted_tables/028_Health_Bulletin_2022/table_0211.csv,quarantined_tables/028_Health_Bulletin_2022/table_0211.csv,19,8,review_required,placeholder_headers;high_internal_blank_ratio,ok,
extracted_tables/028_Health_Bulletin_2022/table_0212.csv,quarantined_tables/028_Health_Bulletin_2022/table_0212.csv,6,10,review_required,placeholder_headers;high_internal_blank_ratio,ok,
extracted_tables/028_Health_Bulletin_2022/table_0213.csv,quarantined_tables/028_Health_Bulletin_2022/table_0213.csv,13,8,review_required,placeholder_headers;high_internal_blank_ratio,ok,
extracted_tables/028_Health_Bulletin_2022/table_0214.csv,quarantined_tables/028_Health_Bulletin_2022/table_0214.csv,3,2,review_required,placeholder_headers;high_internal_blank_ratio,ok,
extracted_tables/028_Health_Bulletin_2022/table_0215.csv,quarantined_tables/028_Health_Bulletin_2022/table_0215.csv,13,6,review_required,placeholder_headers;high_internal_blank_ratio,ok,
extracted_tables/028_Health_Bulletin_2022/table_0216.csv,quarantined_tables/028_Health_Bulletin_2022/table_0216.csv,2,2,review_required,placeholder_headers,ok,
extracted_tables/028_Health_Bulletin_2022/table_0217.csv,quarantined_tables/028_Health_Bulletin_2022/table_0217.csv,38,5,review_required,placeholder_headers;high_internal_blank_ratio,ok,
extracted_tables/028_Health_Bulletin_2022/table_0218.csv,quarantined_tables/028_Health_Bulletin_2022/table_0218.csv,40,3,review_required,placeholder_headers;high_internal_blank_ratio,ok,
extracted_tables/028_Health_Bulletin_2022/table_0219.csv,quarantined_tables/028_Health_Bulletin_2022/table_0219.csv,20,2,review_required,placeholder_headers;high_internal_blank_ratio,ok,
extracted_tables/028_Health_Bulletin_2022/table_0220.csv,quarantined_tables/028_Health_Bulletin_2022/table_0220.csv,0,0,rejected,empty_or_single_column,ok,
extracted_tables/028_Health_Bulletin_2022/table_0221.csv,quarantined_tables/028_Health_Bulletin_2022/table_0221.csv,7,5,review_required,placeholder_headers;high_internal_blank_ratio,ok,
extracted_tables/028_Health_Bulletin_2022/table_0222.csv,quarantined_tables/028_Health_Bulletin_2022/table_0222.csv,1,1,rejected,empty_or_single_column,ok,
extracted_tables/028_Health_Bulletin_2022/table_0223.csv,quarantined_tables/028_Health_Bulletin_2022/table_0223.csv,4,4,review_required,placeholder_headers;high_internal_blank_ratio,ok,
extracted_tables/028_Health_Bulletin_2022/table_0224.csv,quarantined_tables/028_Health_Bulletin_2022/table_0224.csv,15,18,review_required,placeholder_headers;high_internal_blank_ratio,ok,
extracted_tables/028_Health_Bulletin_2022/table_0225.csv,quarantined_tables/028_Health_Bulletin_2022/table_0225.csv,6,6,review_required,placeholder_headers;high_internal_blank_ratio,ok,
extracted_tables/028_Health_Bulletin_2022/table_0226.csv,quarantined_tables/028_Health_Bulletin_2022/table_0226.csv,0,0,rejected,empty_or_single_column,ok,
extracted_tables/028_Health_Bulletin_2022/table_0227.csv,quarantined_tables/028_Health_Bulletin_2022/table_0227.csv,1,1,rejected,empty_or_single_column,ok,
extracted_tables/028_Health_Bulletin_2022/table_0228.csv,quarantined_tables/028_Health_Bulletin_2022/table_0228.csv,3,5,review_required,placeholder_headers;high_internal_blank_ratio,ok,
extracted_tables/028_Health_Bulletin_2022/table_0229.csv,quarantined_tables/028_Health_Bulletin_2022/table_0229.csv,2,3,review_required,placeholder_headers;high_internal_blank_ratio,ok,
extracted_tables/028_Health_Bulletin_2022/table_0230.csv,quarantined_tables/028_Health_Bulletin_2022/table_0230.csv,4,10,review_required,placeholder_headers;high_internal_blank_ratio,ok,
extracted_tables/028_Health_Bulletin_2022/table_0231.csv,quarantined_tables/028_Health_Bulletin_2022/table_0231.csv,7,12,review_required,placeholder_headers;high_internal_blank_ratio,ok,
extracted_tables/028_Health_Bulletin_2022/table_0232.csv,quarantined_tables/028_Health_Bulletin_2022/table_0232.csv,4,21,review_required,placeholder_headers;high_internal_blank_ratio,ok,
extracted_tables/028_Health_Bulletin_2022/table_0233.csv,quarantined_tables/028_Health_Bulletin_2022/table_0233.csv,2,24,review_required,placeholder_headers,ok,
extracted_tables/028_Health_Bulletin_2022/table_0234.csv,quarantined_tables/028_Health_Bulletin_2022/table_0234.csv,9,8,review_required,placeholder_headers;high_internal_blank_ratio,ok,
extracted_tables/028_Health_Bulletin_2022/table_0235.csv,quarantined_tables/028_Health_Bulletin_2022/table_0235.csv,12,12,review_required,placeholder_headers;high_internal_blank_ratio,ok,
extracted_tables/028_Health_Bulletin_2022/table_0236.csv,quarantined_tables/028_Health_Bulletin_2022/table_0236.csv,12,8,review_required,placeholder_headers;high_internal_blank_ratio,ok,
extracted_tables/028_Health_Bulletin_2022/table_0237.csv,quarantined_tables/028_Health_Bulletin_2022/table_0237.csv,11,5,review_required,placeholder_headers;high_internal_blank_ratio,ok,
extracted_tables/028_Health_Bulletin_2022/table_0238.csv,quarantined_tables/028_Health_Bulletin_2022/table_0238.csv,13,4,review_required,placeholder_headers;high_internal_blank_ratio,ok,
extracted_tables/028_Health_Bulletin_2022/table_0239.csv,quarantined_tables/028_Health_Bulletin_2022/table_0239.csv,14,4,review_required,placeholder_headers;high_internal_blank_ratio,ok,
extracted_tables/028_Health_Bulletin_2022/table_0240.csv,quarantined_tables/028_Health_Bulletin_2022/table_0240.csv,5,2,review_required,placeholder_headers,ok,
extracted_tables/028_Health_Bulletin_2022/table_0241.csv,quarantined_tables/028_Health_Bulletin_2022/table_0241.csv,5,5,review_required,placeholder_headers;high_internal_blank_ratio,ok,
extracted_tables/028_Health_Bulletin_2022/table_0242.csv,quarantined_tables/028_Health_Bulletin_2022/table_0242.csv,1,2,review_required,placeholder_headers,ok,
extracted_tables/028_Health_Bulletin_2022/table_0243.csv,quarantined_tables/028_Health_Bulletin_2022/table_0243.csv,0,0,rejected,empty_or_single_column,ok,
extracted_tables/029_Health_Bulletin_2021/table_0001.csv,quarantined_tables/029_Health_Bulletin_2021/table_0001.csv,4,2,review_required,placeholder_headers;high_internal_blank_ratio,ok,
extracted_tables/029_Health_Bulletin_2021/table_0002.csv,quarantined_tables/029_Health_Bulletin_2021/table_0002.csv,12,3,review_required,placeholder_headers,ok,
extracted_tables/029_Health_Bulletin_2021/table_0003.csv,quarantined_tables/029_Health_Bulletin_2021/table_0003.csv,3,2,review_required,placeholder_headers,ok,
extracted_tables/029_Health_Bulletin_2021/table_0004.csv,quarantined_tables/029_Health_Bulletin_2021/table_0004.csv,9,7,review_required,placeholder_headers;high_internal_blank_ratio,ok,
extracted_tables/029_Health_Bulletin_2021/table_0005.csv,quarantined_tables/029_Health_Bulletin_2021/table_0005.csv,7,5,review_required,placeholder_headers;high_internal_blank_ratio,ok,
extracted_tables/029_Health_Bulletin_2021/table_0006.csv,quarantined_tables/029_Health_Bulletin_2021/table_0006.csv,9,6,review_required,placeholder_headers;high_internal_blank_ratio,ok,
extracted_tables/029_Health_Bulletin_2021/table_0007.csv,quarantined_tables/029_Health_Bulletin_2021/table_0007.csv,2,2,review_required,placeholder_headers;high_internal_blank_ratio,ok,
extracted_tables/029_Health_Bulletin_2021/table_0008.csv,quarantined_tables/029_Health_Bulletin_2021/table_0008.csv,5,4,review_required,placeholder_headers;high_internal_blank_ratio,ok,
extracted_tables/029_Health_Bulletin_2021/table_0009.csv,quarantined_tables/029_Health_Bulletin_2021/table_0009.csv,15,22,review_required,placeholder_headers;high_internal_blank_ratio,ok,
extracted_tables/029_Health_Bulletin_2021/table_0010.csv,quarantined_tables/029_Health_Bulletin_2021/table_0010.csv,2,2,review_required,placeholder_headers,ok,
extracted_tables/029_Health_Bulletin_2021/table_0011.csv,quarantined_tables/029_Health_Bulletin_2021/table_0011.csv,0,0,rejected,empty_or_single_column,ok,
extracted_tables/029_Health_Bulletin_2021/table_0012.csv,quarantined_tables/029_Health_Bulletin_2021/table_0012.csv,7,4,review_required,placeholder_headers;high_internal_blank_ratio,ok,
extracted_tables/029_Health_Bulletin_2021/table_0013.csv,quarantined_tables/029_Health_Bulletin_2021/table_0013.csv,2,2,review_required,placeholder_headers,ok,
extracted_tables/029_Health_Bulletin_2021/table_0014.csv,quarantined_tables/029_Health_Bulletin_2021/table_0014.csv,5,7,review_required,placeholder_headers;high_internal_blank_ratio,ok,
extracted_tables/029_Health_Bulletin_2021/table_0015.csv,quarantined_tables/029_Health_Bulletin_2021/table_0015.csv,7,9,review_required,placeholder_headers;high_internal_blank_ratio,ok,
extracted_tables/029_Health_Bulletin_2021/table_0016.csv,quarantined_tables/029_Health_Bulletin_2021/table_0016.csv,6,3,review_required,placeholder_headers;high_internal_blank_ratio,ok,
extracted_tables/029_Health_Bulletin_2021/table_0017.csv,quarantined_tables/029_Health_Bulletin_2021/table_0017.csv,3,7,review_required,placeholder_headers,ok,
extracted_tables/029_Health_Bulletin_2021/table_0018.csv,quarantined_tables/029_Health_Bulletin_2021/table_0018.csv,13,10,review_required,placeholder_headers;high_internal_blank_ratio,ok,
extracted_tables/029_Health_Bulletin_2021/table_0019.csv,quarantined_tables/029_Health_Bulletin_2021/table_0019.csv,4,2,review_required,placeholder_headers,ok,
extracted_tables/029_Health_Bulletin_2021/table_0020.csv,quarantined_tables/029_Health_Bulletin_2021/table_0020.csv,2,3,review_required,placeholder_headers;high_internal_blank_ratio,ok,
extracted_tables/029_Health_Bulletin_2021/table_0021.csv,quarantined_tables/029_Health_Bulletin_2021/table_0021.csv,2,1,rejected,empty_or_single_column,ok,
extracted_tables/029_Health_Bulletin_2021/table_0022.csv,quarantined_tables/029_Health_Bulletin_2021/table_0022.csv,0,0,rejected,empty_or_single_column,ok,
extracted_tables/029_Health_Bulletin_2021/table_0023.csv,quarantined_tables/029_Health_Bulletin_2021/table_0023.csv,2,4,review_required,placeholder_headers,ok,
extracted_tables/029_Health_Bulletin_2021/table_0024.csv,quarantined_tables/029_Health_Bulletin_2021/table_0024.csv,2,3,review_required,placeholder_headers,ok,
extracted_tables/029_Health_Bulletin_2021/table_0025.csv,quarantined_tables/029_Health_Bulletin_2021/table_0025.csv,12,8,review_required,placeholder_headers;high_internal_blank_ratio,ok,
extracted_tables/029_Health_Bulletin_2021/table_0026.csv,quarantined_tables/029_Health_Bulletin_2021/table_0026.csv,9,2,review_required,placeholder_headers;high_internal_blank_ratio,ok,
extracted_tables/029_Health_Bulletin_2021/table_0027.csv,quarantined_tables/029_Health_Bulletin_2021/table_0027.csv,8,10,review_required,placeholder_headers;high_internal_blank_ratio,ok,
extracted_tables/029_Health_Bulletin_2021/table_0028.csv,quarantined_tables/029_Health_Bulletin_2021/table_0028.csv,6,6,review_required,placeholder_headers;high_internal_blank_ratio,ok,
extracted_tables/029_Health_Bulletin_2021/table_0029.csv,quarantined_tables/029_Health_Bulletin_2021/table_0029.csv,11,2,review_required,placeholder_headers,ok,
extracted_tables/029_Health_Bulletin_2021/table_0030.csv,quarantined_tables/029_Health_Bulletin_2021/table_0030.csv,3,15,review_required,placeholder_headers,ok,
extracted_tables/029_Health_Bulletin_2021/table_0031.csv,quarantined_tables/029_Health_Bulletin_2021/table_0031.csv,0,0,rejected,empty_or_single_column,ok,
extracted_tables/029_Health_Bulletin_2021/table_0032.csv,quarantined_tables/029_Health_Bulletin_2021/table_0032.csv,22,2,review_required,placeholder_headers;high_internal_blank_ratio,ok,
extracted_tables/029_Health_Bulletin_2021/table_0033.csv,quarantined_tables/029_Health_Bulletin_2021/table_0033.csv,8,2,review_required,placeholder_headers;high_internal_blank_ratio,ok,
extracted_tables/029_Health_Bulletin_2021/table_0034.csv,quarantined_tables/029_Health_Bulletin_2021/table_0034.csv,3,2,review_required,placeholder_headers;high_internal_blank_ratio,ok,
extracted_tables/029_Health_Bulletin_2021/table_0035.csv,quarantined_tables/029_Health_Bulletin_2021/table_0035.csv,4,4,review_required,placeholder_headers,ok,
extracted_tables/029_Health_Bulletin_2021/table_0036.csv,quarantined_tables/029_Health_Bulletin_2021/table_0036.csv,7,8,review_required,placeholder_headers;high_internal_blank_ratio,ok,
extracted_tables/029_Health_Bulletin_2021/table_0037.csv,quarantined_tables/029_Health_Bulletin_2021/table_0037.csv,4,2,review_required,placeholder_headers;high_internal_blank_ratio,ok,
extracted_tables/029_Health_Bulletin_2021/table_0038.csv,quarantined_tables/029_Health_Bulletin_2021/table_0038.csv,13,8,review_required,placeholder_headers;high_internal_blank_ratio,ok,
extracted_tables/029_Health_Bulletin_2021/table_0039.csv,quarantined_tables/029_Health_Bulletin_2021/table_0039.csv,6,4,review_required,placeholder_headers;high_internal_blank_ratio,ok,
extracted_tables/029_Health_Bulletin_2021/table_0040.csv,quarantined_tables/029_Health_Bulletin_2021/table_0040.csv,6,4,review_required,placeholder_headers;high_internal_blank_ratio,ok,
extracted_tables/029_Health_Bulletin_2021/table_0041.csv,quarantined_tables/029_Health_Bulletin_2021/table_0041.csv,5,5,review_required,placeholder_headers;high_internal_blank_ratio,ok,
extracted_tables/029_Health_Bulletin_2021/table_0042.csv,quarantined_tables/029_Health_Bulletin_2021/table_0042.csv,5,5,review_required,placeholder_headers;high_internal_blank_ratio,ok,
extracted_tables/029_Health_Bulletin_2021/table_0043.csv,quarantined_tables/029_Health_Bulletin_2021/table_0043.csv,6,3,review_required,placeholder_headers;high_internal_blank_ratio,ok,
extracted_tables/029_Health_Bulletin_2021/table_0044.csv,quarantined_tables/029_Health_Bulletin_2021/table_0044.csv,8,2,review_required,placeholder_headers,ok,
extracted_tables/029_Health_Bulletin_2021/table_0045.csv,quarantined_tables/029_Health_Bulletin_2021/table_0045.csv,37,2,review_required,placeholder_headers;high_internal_blank_ratio,ok,
extracted_tables/029_Health_Bulletin_2021/table_0046.csv,quarantined_tables/029_Health_Bulletin_2021/table_0046.csv,4,3,review_required,placeholder_headers;high_internal_blank_ratio,ok,
extracted_tables/029_Health_Bulletin_2021/table_0047.csv,quarantined_tables/029_Health_Bulletin_2021/table_0047.csv,5,4,review_required,placeholder_headers;high_internal_blank_ratio,ok,
extracted_tables/029_Health_Bulletin_2021/table_0048.csv,quarantined_tables/029_Health_Bulletin_2021/table_0048.csv,1,2,review_required,placeholder_headers,ok,
extracted_tables/029_Health_Bulletin_2021/table_0049.csv,quarantined_tables/029_Health_Bulletin_2021/table_0049.csv,3,6,review_required,placeholder_headers;high_internal_blank_ratio,ok,
extracted_tables/029_Health_Bulletin_2021/table_0050.csv,quarantined_tables/029_Health_Bulletin_2021/table_0050.csv,5,7,review_required,placeholder_headers;high_internal_blank_ratio,ok,
extracted_tables/029_Health_Bulletin_2021/table_0051.csv,quarantined_tables/029_Health_Bulletin_2021/table_0051.csv,19,7,review_required,placeholder_headers;high_internal_blank_ratio,ok,
extracted_tables/029_Health_Bulletin_2021/table_0052.csv,quarantined_tables/029_Health_Bulletin_2021/table_0052.csv,6,7,review_required,placeholder_headers;high_internal_blank_ratio,ok,
extracted_tables/029_Health_Bulletin_2021/table_0053.csv,quarantined_tables/029_Health_Bulletin_2021/table_0053.csv,13,8,review_required,placeholder_headers;high_internal_blank_ratio,ok,
extracted_tables/029_Health_Bulletin_2021/table_0054.csv,quarantined_tables/029_Health_Bulletin_2021/table_0054.csv,15,11,review_required,placeholder_headers;high_internal_blank_ratio,ok,
extracted_tables/029_Health_Bulletin_2021/table_0055.csv,quarantined_tables/029_Health_Bulletin_2021/table_0055.csv,12,12,review_required,placeholder_headers;high_internal_blank_ratio,ok,
extracted_tables/029_Health_Bulletin_2021/table_0056.csv,quarantined_tables/029_Health_Bulletin_2021/table_0056.csv,11,9,review_required,placeholder_headers;high_internal_blank_ratio,ok,
extracted_tables/029_Health_Bulletin_2021/table_0057.csv,quarantined_tables/029_Health_Bulletin_2021/table_0057.csv,12,8,review_required,placeholder_headers,ok,
extracted_tables/029_Health_Bulletin_2021/table_0058.csv,quarantined_tables/029_Health_Bulletin_2021/table_0058.csv,9,12,review_required,placeholder_headers;high_internal_blank_ratio,ok,
extracted_tables/029_Health_Bulletin_2021/table_0059.csv,quarantined_tables/029_Health_Bulletin_2021/table_0059.csv,4,9,review_required,placeholder_headers;high_internal_blank_ratio,ok,
extracted_tables/029_Health_Bulletin_2021/table_0060.csv,quarantined_tables/029_Health_Bulletin_2021/table_0060.csv,5,6,review_required,placeholder_headers;high_internal_blank_ratio,ok,
extracted_tables/029_Health_Bulletin_2021/table_0061.csv,quarantined_tables/029_Health_Bulletin_2021/table_0061.csv,7,2,review_required,placeholder_headers,ok,
extracted_tables/029_Health_Bulletin_2021/table_0062.csv,quarantined_tables/029_Health_Bulletin_2021/table_0062.csv,0,0,rejected,empty_or_single_column,ok,
extracted_tables/029_Health_Bulletin_2021/table_0063.csv,quarantined_tables/029_Health_Bulletin_2021/table_0063.csv,3,2,review_required,placeholder_headers;high_internal_blank_ratio,ok,
extracted_tables/029_Health_Bulletin_2021/table_0064.csv,quarantined_tables/029_Health_Bulletin_2021/table_0064.csv,1,3,review_required,placeholder_headers,ok,
extracted_tables/029_Health_Bulletin_2021/table_0065.csv,quarantined_tables/029_Health_Bulletin_2021/table_0065.csv,3,4,review_required,placeholder_headers,ok,
extracted_tables/029_Health_Bulletin_2021/table_0066.csv,quarantined_tables/029_Health_Bulletin_2021/table_0066.csv,6,4,review_required,placeholder_headers,ok,
extracted_tables/029_Health_Bulletin_2021/table_0067.csv,quarantined_tables/029_Health_Bulletin_2021/table_0067.csv,4,5,review_required,placeholder_headers,ok,
extracted_tables/029_Health_Bulletin_2021/table_0068.csv,quarantined_tables/029_Health_Bulletin_2021/table_0068.csv,2,4,review_required,placeholder_headers,ok,
extracted_tables/029_Health_Bulletin_2021/table_0069.csv,quarantined_tables/029_Health_Bulletin_2021/table_0069.csv,2,2,review_required,placeholder_headers,ok,
extracted_tables/029_Health_Bulletin_2021/table_0070.csv,quarantined_tables/029_Health_Bulletin_2021/table_0070.csv,4,3,review_required,placeholder_headers,ok,
extracted_tables/029_Health_Bulletin_2021/table_0071.csv,quarantined_tables/029_Health_Bulletin_2021/table_0071.csv,2,2,review_required,placeholder_headers,ok,
extracted_tables/029_Health_Bulletin_2021/table_0072.csv,quarantined_tables/029_Health_Bulletin_2021/table_0072.csv,0,0,rejected,empty_or_single_column,ok,
extracted_tables/029_Health_Bulletin_2021/table_0073.csv,quarantined_tables/029_Health_Bulletin_2021/table_0073.csv,3,9,review_required,placeholder_headers,ok,
extracted_tables/029_Health_Bulletin_2021/table_0074.csv,quarantined_tables/029_Health_Bulletin_2021/table_0074.csv,5,6,review_required,placeholder_headers;high_internal_blank_ratio,ok,
extracted_tables/029_Health_Bulletin_2021/table_0075.csv,quarantined_tables/029_Health_Bulletin_2021/table_0075.csv,0,0,rejected,empty_or_single_column,ok,
extracted_tables/029_Health_Bulletin_2021/table_0076.csv,quarantined_tables/029_Health_Bulletin_2021/table_0076.csv,0,0,rejected,empty_or_single_column,ok,
extracted_tables/029_Health_Bulletin_2021/table_0077.csv,quarantined_tables/029_Health_Bulletin_2021/table_0077.csv,4,4,review_required,placeholder_headers,ok,
extracted_tables/029_Health_Bulletin_2021/table_0078.csv,quarantined_tables/029_Health_Bulletin_2021/table_0078.csv,3,2,review_required,placeholder_headers;high_internal_blank_ratio,ok,
extracted_tables/029_Health_Bulletin_2021/table_0079.csv,quarantined_tables/029_Health_Bulletin_2021/table_0079.csv,4,11,review_required,placeholder_headers;high_internal_blank_ratio,ok,
extracted_tables/029_Health_Bulletin_2021/table_0080.csv,quarantined_tables/029_Health_Bulletin_2021/table_0080.csv,13,11,review_required,placeholder_headers,ok,
extracted_tables/029_Health_Bulletin_2021/table_0081.csv,quarantined_tables/029_Health_Bulletin_2021/table_0081.csv,2,18,review_required,placeholder_headers;high_internal_blank_ratio,ok,
extracted_tables/029_Health_Bulletin_2021/table_0082.csv,quarantined_tables/029_Health_Bulletin_2021/table_0082.csv,13,10,review_required,placeholder_headers,ok,
extracted_tables/029_Health_Bulletin_2021/table_0083.csv,quarantined_tables/029_Health_Bulletin_2021/table_0083.csv,8,4,review_required,placeholder_headers;high_internal_blank_ratio,ok,
extracted_tables/029_Health_Bulletin_2021/table_0084.csv,quarantined_tables/029_Health_Bulletin_2021/table_0084.csv,12,4,review_required,placeholder_headers;high_internal_blank_ratio,ok,
extracted_tables/029_Health_Bulletin_2021/table_0085.csv,quarantined_tables/029_Health_Bulletin_2021/table_0085.csv,13,12,review_required,placeholder_headers;high_internal_blank_ratio,ok,
extracted_tables/029_Health_Bulletin_2021/table_0086.csv,quarantined_tables/029_Health_Bulletin_2021/table_0086.csv,9,6,review_required,placeholder_headers,ok,
extracted_tables/029_Health_Bulletin_2021/table_0087.csv,quarantined_tables/029_Health_Bulletin_2021/table_0087.csv,4,6,review_required,placeholder_headers,ok,
extracted_tables/029_Health_Bulletin_2021/table_0088.csv,quarantined_tables/029_Health_Bulletin_2021/table_0088.csv,4,5,review_required,placeholder_headers;high_internal_blank_ratio,ok,
extracted_tables/029_Health_Bulletin_2021/table_0089.csv,quarantined_tables/029_Health_Bulletin_2021/table_0089.csv,4,5,review_required,placeholder_headers;high_internal_blank_ratio,ok,
extracted_tables/029_Health_Bulletin_2021/table_0090.csv,quarantined_tables/029_Health_Bulletin_2021/table_0090.csv,14,15,review_required,placeholder_headers,ok,
extracted_tables/029_Health_Bulletin_2021/table_0091.csv,quarantined_tables/029_Health_Bulletin_2021/table_0091.csv,13,15,review_required,placeholder_headers;high_internal_blank_ratio,ok,
extracted_tables/029_Health_Bulletin_2021/table_0092.csv,quarantined_tables/029_Health_Bulletin_2021/table_0092.csv,10,6,review_required,placeholder_headers;high_internal_blank_ratio,ok,
extracted_tables/029_Health_Bulletin_2021/table_0093.csv,quarantined_tables/029_Health_Bulletin_2021/table_0093.csv,22,7,review_required,placeholder_headers;high_internal_blank_ratio,ok,
extracted_tables/029_Health_Bulletin_2021/table_0094.csv,quarantined_tables/029_Health_Bulletin_2021/table_0094.csv,13,6,review_required,placeholder_headers;high_internal_blank_ratio,ok,
extracted_tables/029_Health_Bulletin_2021/table_0095.csv,quarantined_tables/029_Health_Bulletin_2021/table_0095.csv,23,9,review_required,placeholder_headers;high_internal_blank_ratio,ok,
extracted_tables/029_Health_Bulletin_2021/table_0096.csv,quarantined_tables/029_Health_Bulletin_2021/table_0096.csv,21,21,review_required,placeholder_headers;high_internal_blank_ratio,ok,
extracted_tables/029_Health_Bulletin_2021/table_0097.csv,quarantined_tables/029_Health_Bulletin_2021/table_0097.csv,21,21,review_required,placeholder_headers;high_internal_blank_ratio,ok,
extracted_tables/029_Health_Bulletin_2021/table_0098.csv,quarantined_tables/029_Health_Bulletin_2021/table_0098.csv,34,18,review_required,placeholder_headers;high_internal_blank_ratio,ok,
extracted_tables/029_Health_Bulletin_2021/table_0099.csv,quarantined_tables/029_Health_Bulletin_2021/table_0099.csv,30,21,review_required,placeholder_headers;high_internal_blank_ratio,ok,
extracted_tables/029_Health_Bulletin_2021/table_0100.csv,quarantined_tables/029_Health_Bulletin_2021/table_0100.csv,8,16,review_required,placeholder_headers;high_internal_blank_ratio,ok,
extracted_tables/029_Health_Bulletin_2021/table_0101.csv,quarantined_tables/029_Health_Bulletin_2021/table_0101.csv,16,4,review_required,placeholder_headers,ok,
extracted_tables/029_Health_Bulletin_2021/table_0102.csv,quarantined_tables/029_Health_Bulletin_2021/table_0102.csv,19,4,review_required,placeholder_headers,ok,
extracted_tables/029_Health_Bulletin_2021/table_0103.csv,quarantined_tables/029_Health_Bulletin_2021/table_0103.csv,53,6,review_required,placeholder_headers;high_internal_blank_ratio,ok,
extracted_tables/029_Health_Bulletin_2021/table_0104.csv,quarantined_tables/029_Health_Bulletin_2021/table_0104.csv,10,3,review_required,placeholder_headers,ok,
extracted_tables/029_Health_Bulletin_2021/table_0105.csv,quarantined_tables/029_Health_Bulletin_2021/table_0105.csv,2,6,review_required,placeholder_headers;high_internal_blank_ratio,ok,
extracted_tables/029_Health_Bulletin_2021/table_0106.csv,quarantined_tables/029_Health_Bulletin_2021/table_0106.csv,5,3,review_required,placeholder_headers,ok,
extracted_tables/029_Health_Bulletin_2021/table_0107.csv,quarantined_tables/029_Health_Bulletin_2021/table_0107.csv,5,5,review_required,placeholder_headers;high_internal_blank_ratio,ok,
extracted_tables/029_Health_Bulletin_2021/table_0108.csv,quarantined_tables/029_Health_Bulletin_2021/table_0108.csv,5,2,review_required,placeholder_headers,ok,
extracted_tables/029_Health_Bulletin_2021/table_0109.csv,quarantined_tables/029_Health_Bulletin_2021/table_0109.csv,7,11,review_required,placeholder_headers;high_internal_blank_ratio,ok,
extracted_tables/029_Health_Bulletin_2021/table_0110.csv,quarantined_tables/029_Health_Bulletin_2021/table_0110.csv,6,8,review_required,placeholder_headers,ok,
extracted_tables/029_Health_Bulletin_2021/table_0111.csv,quarantined_tables/029_Health_Bulletin_2021/table_0111.csv,7,12,review_required,placeholder_headers;high_internal_blank_ratio,ok,
extracted_tables/029_Health_Bulletin_2021/table_0112.csv,quarantined_tables/029_Health_Bulletin_2021/table_0112.csv,0,0,rejected,empty_or_single_column,ok,
extracted_tables/029_Health_Bulletin_2021/table_0113.csv,quarantined_tables/029_Health_Bulletin_2021/table_0113.csv,2,3,review_required,placeholder_headers,ok,
extracted_tables/029_Health_Bulletin_2021/table_0114.csv,quarantined_tables/029_Health_Bulletin_2021/table_0114.csv,8,8,review_required,placeholder_headers;high_internal_blank_ratio,ok,
extracted_tables/029_Health_Bulletin_2021/table_0115.csv,quarantined_tables/029_Health_Bulletin_2021/table_0115.csv,0,0,rejected,empty_or_single_column,ok,
extracted_tables/029_Health_Bulletin_2021/table_0116.csv,quarantined_tables/029_Health_Bulletin_2021/table_0116.csv,0,0,rejected,empty_or_single_column,ok,
extracted_tables/029_Health_Bulletin_2021/table_0117.csv,quarantined_tables/029_Health_Bulletin_2021/table_0117.csv,2,2,review_required,placeholder_headers;high_internal_blank_ratio,ok,
extracted_tables/029_Health_Bulletin_2021/table_0118.csv,quarantined_tables/029_Health_Bulletin_2021/table_0118.csv,0,0,rejected,empty_or_single_column,ok,
extracted_tables/029_Health_Bulletin_2021/table_0119.csv,quarantined_tables/029_Health_Bulletin_2021/table_0119.csv,3,2,review_required,placeholder_headers;high_internal_blank_ratio,ok,
extracted_tables/029_Health_Bulletin_2021/table_0120.csv,quarantined_tables/029_Health_Bulletin_2021/table_0120.csv,0,0,rejected,empty_or_single_column,ok,
extracted_tables/029_Health_Bulletin_2021/table_0121.csv,quarantined_tables/029_Health_Bulletin_2021/table_0121.csv,2,2,review_required,placeholder_headers,ok,
extracted_tables/029_Health_Bulletin_2021/table_0122.csv,quarantined_tables/029_Health_Bulletin_2021/table_0122.csv,0,0,rejected,empty_or_single_column,ok,
extracted_tables/029_Health_Bulletin_2021/table_0123.csv,quarantined_tables/029_Health_Bulletin_2021/table_0123.csv,0,0,rejected,empty_or_single_column,ok,
extracted_tables/029_Health_Bulletin_2021/table_0124.csv,quarantined_tables/029_Health_Bulletin_2021/table_0124.csv,0,0,rejected,empty_or_single_column,ok,
extracted_tables/029_Health_Bulletin_2021/table_0125.csv,quarantined_tables/029_Health_Bulletin_2021/table_0125.csv,0,0,rejected,empty_or_single_column,ok,
extracted_tables/029_Health_Bulletin_2021/table_0126.csv,quarantined_tables/029_Health_Bulletin_2021/table_0126.csv,0,0,rejected,empty_or_single_column,ok,
extracted_tables/029_Health_Bulletin_2021/table_0127.csv,quarantined_tables/029_Health_Bulletin_2021/table_0127.csv,0,0,rejected,empty_or_single_column,ok,
extracted_tables/029_Health_Bulletin_2021/table_0128.csv,quarantined_tables/029_Health_Bulletin_2021/table_0128.csv,0,0,rejected,empty_or_single_column,ok,
extracted_tables/029_Health_Bulletin_2021/table_0129.csv,quarantined_tables/029_Health_Bulletin_2021/table_0129.csv,0,0,rejected,empty_or_single_column,ok,
extracted_tables/029_Health_Bulletin_2021/table_0130.csv,quarantined_tables/029_Health_Bulletin_2021/table_0130.csv,0,0,rejected,empty_or_single_column,ok,
extracted_tables/029_Health_Bulletin_2021/table_0131.csv,quarantined_tables/029_Health_Bulletin_2021/table_0131.csv,0,0,rejected,empty_or_single_column,ok,
extracted_tables/029_Health_Bulletin_2021/table_0132.csv,quarantined_tables/029_Health_Bulletin_2021/table_0132.csv,0,0,rejected,empty_or_single_column,ok,
extracted_tables/029_Health_Bulletin_2021/table_0133.csv,quarantined_tables/029_Health_Bulletin_2021/table_0133.csv,12,2,review_required,placeholder_headers;high_internal_blank_ratio,ok,
extracted_tables/029_Health_Bulletin_2021/table_0134.csv,quarantined_tables/029_Health_Bulletin_2021/table_0134.csv,2,2,review_required,placeholder_headers,ok,
extracted_tables/029_Health_Bulletin_2021/table_0135.csv,quarantined_tables/029_Health_Bulletin_2021/table_0135.csv,11,5,review_required,placeholder_headers,ok,
extracted_tables/029_Health_Bulletin_2021/table_0136.csv,quarantined_tables/029_Health_Bulletin_2021/table_0136.csv,9,16,review_required,placeholder_headers;high_internal_blank_ratio,ok,
extracted_tables/029_Health_Bulletin_2021/table_0137.csv,quarantined_tables/029_Health_Bulletin_2021/table_0137.csv,13,9,review_required,placeholder_headers;high_internal_blank_ratio,ok,
extracted_tables/029_Health_Bulletin_2021/table_0138.csv,quarantined_tables/029_Health_Bulletin_2021/table_0138.csv,5,7,review_required,placeholder_headers,ok,
extracted_tables/029_Health_Bulletin_2021/table_0139.csv,quarantined_tables/029_Health_Bulletin_2021/table_0139.csv,7,12,review_required,placeholder_headers;high_internal_blank_ratio,ok,
extracted_tables/029_Health_Bulletin_2021/table_0140.csv,quarantined_tables/029_Health_Bulletin_2021/table_0140.csv,12,12,review_required,placeholder_headers;high_internal_blank_ratio,ok,
extracted_tables/029_Health_Bulletin_2021/table_0141.csv,quarantined_tables/029_Health_Bulletin_2021/table_0141.csv,7,8,review_required,placeholder_headers;high_internal_blank_ratio,ok,
extracted_tables/029_Health_Bulletin_2021/table_0142.csv,quarantined_tables/029_Health_Bulletin_2021/table_0142.csv,11,4,review_required,placeholder_headers,ok,
extracted_tables/029_Health_Bulletin_2021/table_0143.csv,quarantined_tables/029_Health_Bulletin_2021/table_0143.csv,28,4,review_required,placeholder_headers,ok,
extracted_tables/029_Health_Bulletin_2021/table_0144.csv,quarantined_tables/029_Health_Bulletin_2021/table_0144.csv,8,8,review_required,placeholder_headers;high_internal_blank_ratio,ok,
extracted_tables/029_Health_Bulletin_2021/table_0145.csv,quarantined_tables/029_Health_Bulletin_2021/table_0145.csv,6,4,review_required,placeholder_headers,ok,
extracted_tables/029_Health_Bulletin_2021/table_0146.csv,quarantined_tables/029_Health_Bulletin_2021/table_0146.csv,16,12,review_required,placeholder_headers;high_internal_blank_ratio,ok,
extracted_tables/029_Health_Bulletin_2021/table_0147.csv,quarantined_tables/029_Health_Bulletin_2021/table_0147.csv,10,26,review_required,placeholder_headers;high_internal_blank_ratio,ok,
extracted_tables/029_Health_Bulletin_2021/table_0148.csv,quarantined_tables/029_Health_Bulletin_2021/table_0148.csv,17,21,review_required,placeholder_headers;high_internal_blank_ratio,ok,
extracted_tables/029_Health_Bulletin_2021/table_0149.csv,quarantined_tables/029_Health_Bulletin_2021/table_0149.csv,22,28,review_required,placeholder_headers;high_internal_blank_ratio,ok,
extracted_tables/029_Health_Bulletin_2021/table_0150.csv,quarantined_tables/029_Health_Bulletin_2021/table_0150.csv,4,3,review_required,placeholder_headers,ok,
extracted_tables/029_Health_Bulletin_2021/table_0151.csv,quarantined_tables/029_Health_Bulletin_2021/table_0151.csv,18,4,review_required,placeholder_headers,ok,
extracted_tables/029_Health_Bulletin_2021/table_0152.csv,quarantined_tables/029_Health_Bulletin_2021/table_0152.csv,5,8,review_required,placeholder_headers;high_internal_blank_ratio,ok,
extracted_tables/029_Health_Bulletin_2021/table_0153.csv,quarantined_tables/029_Health_Bulletin_2021/table_0153.csv,13,4,review_required,placeholder_headers,ok,
extracted_tables/029_Health_Bulletin_2021/table_0154.csv,quarantined_tables/029_Health_Bulletin_2021/table_0154.csv,2,2,review_required,placeholder_headers,ok,
extracted_tables/029_Health_Bulletin_2021/table_0155.csv,quarantined_tables/029_Health_Bulletin_2021/table_0155.csv,4,9,review_required,placeholder_headers;high_internal_blank_ratio,ok,
extracted_tables/029_Health_Bulletin_2021/table_0156.csv,quarantined_tables/029_Health_Bulletin_2021/table_0156.csv,8,6,review_required,placeholder_headers;high_internal_blank_ratio,ok,
extracted_tables/029_Health_Bulletin_2021/table_0157.csv,quarantined_tables/029_Health_Bulletin_2021/table_0157.csv,5,2,review_required,placeholder_headers;high_internal_blank_ratio,ok,
extracted_tables/029_Health_Bulletin_2021/table_0158.csv,quarantined_tables/029_Health_Bulletin_2021/table_0158.csv,3,2,review_required,placeholder_headers,ok,
extracted_tables/029_Health_Bulletin_2021/table_0159.csv,quarantined_tables/029_Health_Bulletin_2021/table_0159.csv,10,4,review_required,placeholder_headers,ok,
extracted_tables/029_Health_Bulletin_2021/table_0160.csv,quarantined_tables/029_Health_Bulletin_2021/table_0160.csv,8,2,review_required,placeholder_headers,ok,
extracted_tables/029_Health_Bulletin_2021/table_0161.csv,quarantined_tables/029_Health_Bulletin_2021/table_0161.csv,8,2,review_required,placeholder_headers,ok,
extracted_tables/029_Health_Bulletin_2021/table_0162.csv,quarantined_tables/029_Health_Bulletin_2021/table_0162.csv,2,2,review_required,placeholder_headers,ok,
extracted_tables/029_Health_Bulletin_2021/table_0163.csv,quarantined_tables/029_Health_Bulletin_2021/table_0163.csv,2,2,review_required,placeholder_headers,ok,
extracted_tables/029_Health_Bulletin_2021/table_0164.csv,quarantined_tables/029_Health_Bulletin_2021/table_0164.csv,2,2,review_required,placeholder_headers,ok,
extracted_tables/029_Health_Bulletin_2021/table_0165.csv,quarantined_tables/029_Health_Bulletin_2021/table_0165.csv,2,3,review_required,placeholder_headers;high_internal_blank_ratio,ok,
extracted_tables/029_Health_Bulletin_2021/table_0166.csv,quarantined_tables/029_Health_Bulletin_2021/table_0166.csv,4,2,review_required,placeholder_headers,ok,
extracted_tables/029_Health_Bulletin_2021/table_0167.csv,quarantined_tables/029_Health_Bulletin_2021/table_0167.csv,4,2,review_required,placeholder_headers,ok,
extracted_tables/029_Health_Bulletin_2021/table_0168.csv,quarantined_tables/029_Health_Bulletin_2021/table_0168.csv,11,16,review_required,placeholder_headers;high_internal_blank_ratio,ok,
extracted_tables/029_Health_Bulletin_2021/table_0169.csv,quarantined_tables/029_Health_Bulletin_2021/table_0169.csv,13,6,review_required,placeholder_headers;high_internal_blank_ratio,ok,
extracted_tables/029_Health_Bulletin_2021/table_0170.csv,quarantined_tables/029_Health_Bulletin_2021/table_0170.csv,0,0,rejected,empty_or_single_column,ok,
extracted_tables/029_Health_Bulletin_2021/table_0171.csv,quarantined_tables/029_Health_Bulletin_2021/table_0171.csv,1,2,review_required,placeholder_headers,ok,
extracted_tables/029_Health_Bulletin_2021/table_0172.csv,quarantined_tables/029_Health_Bulletin_2021/table_0172.csv,3,2,review_required,placeholder_headers,ok,
extracted_tables/029_Health_Bulletin_2021/table_0173.csv,quarantined_tables/029_Health_Bulletin_2021/table_0173.csv,2,3,review_required,placeholder_headers;high_internal_blank_ratio,ok,
extracted_tables/029_Health_Bulletin_2021/table_0174.csv,quarantined_tables/029_Health_Bulletin_2021/table_0174.csv,6,13,review_required,placeholder_headers;high_internal_blank_ratio,ok,
extracted_tables/029_Health_Bulletin_2021/table_0175.csv,quarantined_tables/029_Health_Bulletin_2021/table_0175.csv,3,2,review_required,placeholder_headers;high_internal_blank_ratio,ok,
extracted_tables/029_Health_Bulletin_2021/table_0176.csv,quarantined_tables/029_Health_Bulletin_2021/table_0176.csv,4,8,review_required,placeholder_headers;high_internal_blank_ratio,ok,
extracted_tables/029_Health_Bulletin_2021/table_0177.csv,quarantined_tables/029_Health_Bulletin_2021/table_0177.csv,6,10,review_required,placeholder_headers;high_internal_blank_ratio,ok,
extracted_tables/029_Health_Bulletin_2021/table_0178.csv,quarantined_tables/029_Health_Bulletin_2021/table_0178.csv,3,2,review_required,placeholder_headers;high_internal_blank_ratio,ok,
extracted_tables/029_Health_Bulletin_2021/table_0179.csv,quarantined_tables/029_Health_Bulletin_2021/table_0179.csv,2,2,review_required,placeholder_headers,ok,
extracted_tables/029_Health_Bulletin_2021/table_0180.csv,quarantined_tables/029_Health_Bulletin_2021/table_0180.csv,3,4,review_required,placeholder_headers;high_internal_blank_ratio,ok,
extracted_tables/029_Health_Bulletin_2021/table_0181.csv,quarantined_tables/029_Health_Bulletin_2021/table_0181.csv,1,4,review_required,placeholder_headers,ok,
extracted_tables/029_Health_Bulletin_2021/table_0182.csv,quarantined_tables/029_Health_Bulletin_2021/table_0182.csv,2,3,review_required,placeholder_headers,ok,
extracted_tables/029_Health_Bulletin_2021/table_0183.csv,quarantined_tables/029_Health_Bulletin_2021/table_0183.csv,11,8,review_required,placeholder_headers;high_internal_blank_ratio,ok,
extracted_tables/029_Health_Bulletin_2021/table_0184.csv,quarantined_tables/029_Health_Bulletin_2021/table_0184.csv,7,3,review_required,placeholder_headers;high_internal_blank_ratio,ok,
extracted_tables/029_Health_Bulletin_2021/table_0185.csv,quarantined_tables/029_Health_Bulletin_2021/table_0185.csv,10,2,review_required,placeholder_headers,ok,
extracted_tables/029_Health_Bulletin_2021/table_0186.csv,quarantined_tables/029_Health_Bulletin_2021/table_0186.csv,13,3,review_required,placeholder_headers;high_internal_blank_ratio,ok,
extracted_tables/029_Health_Bulletin_2021/table_0187.csv,quarantined_tables/029_Health_Bulletin_2021/table_0187.csv,14,4,review_required,placeholder_headers;high_internal_blank_ratio,ok,
extracted_tables/029_Health_Bulletin_2021/table_0188.csv,quarantined_tables/029_Health_Bulletin_2021/table_0188.csv,5,2,review_required,placeholder_headers,ok,
extracted_tables/029_Health_Bulletin_2021/table_0189.csv,quarantined_tables/029_Health_Bulletin_2021/table_0189.csv,7,4,review_required,placeholder_headers;high_internal_blank_ratio,ok,
extracted_tables/029_Health_Bulletin_2021/table_0190.csv,quarantined_tables/029_Health_Bulletin_2021/table_0190.csv,5,5,review_required,placeholder_headers;high_internal_blank_ratio,ok,
extracted_tables/029_Health_Bulletin_2021/table_0191.csv,quarantined_tables/029_Health_Bulletin_2021/table_0191.csv,7,6,review_required,placeholder_headers;high_internal_blank_ratio,ok,
extracted_tables/030_Health_Bulletin_2020/table_0001.csv,quarantined_tables/030_Health_Bulletin_2020/table_0001.csv,5,4,review_required,placeholder_headers,ok,
extracted_tables/030_Health_Bulletin_2020/table_0002.csv,quarantined_tables/030_Health_Bulletin_2020/table_0002.csv,8,2,review_required,placeholder_headers,ok,
extracted_tables/030_Health_Bulletin_2020/table_0003.csv,quarantined_tables/030_Health_Bulletin_2020/table_0003.csv,4,3,review_required,placeholder_headers,ok,
extracted_tables/030_Health_Bulletin_2020/table_0004.csv,quarantined_tables/030_Health_Bulletin_2020/table_0004.csv,5,2,review_required,placeholder_headers,ok,
extracted_tables/030_Health_Bulletin_2020/table_0005.csv,quarantined_tables/030_Health_Bulletin_2020/table_0005.csv,6,11,review_required,placeholder_headers,ok,
extracted_tables/030_Health_Bulletin_2020/table_0006.csv,quarantined_tables/030_Health_Bulletin_2020/table_0006.csv,16,5,review_required,placeholder_headers,ok,
extracted_tables/030_Health_Bulletin_2020/table_0007.csv,quarantined_tables/030_Health_Bulletin_2020/table_0007.csv,5,3,review_required,placeholder_headers,ok,
extracted_tables/030_Health_Bulletin_2020/table_0008.csv,quarantined_tables/030_Health_Bulletin_2020/table_0008.csv,11,2,review_required,placeholder_headers,ok,
extracted_tables/030_Health_Bulletin_2020/table_0009.csv,quarantined_tables/030_Health_Bulletin_2020/table_0009.csv,6,2,review_required,placeholder_headers,ok,
extracted_tables/030_Health_Bulletin_2020/table_0010.csv,quarantined_tables/030_Health_Bulletin_2020/table_0010.csv,3,2,review_required,placeholder_headers,ok,
extracted_tables/030_Health_Bulletin_2020/table_0011.csv,quarantined_tables/030_Health_Bulletin_2020/table_0011.csv,12,3,review_required,placeholder_headers,ok,
extracted_tables/030_Health_Bulletin_2020/table_0012.csv,quarantined_tables/030_Health_Bulletin_2020/table_0012.csv,2,2,review_required,placeholder_headers;high_internal_blank_ratio,ok,
extracted_tables/030_Health_Bulletin_2020/table_0013.csv,quarantined_tables/030_Health_Bulletin_2020/table_0013.csv,3,2,review_required,placeholder_headers,ok,
extracted_tables/030_Health_Bulletin_2020/table_0014.csv,quarantined_tables/030_Health_Bulletin_2020/table_0014.csv,15,4,review_required,placeholder_headers,ok,
extracted_tables/030_Health_Bulletin_2020/table_0015.csv,quarantined_tables/030_Health_Bulletin_2020/table_0015.csv,12,5,review_required,placeholder_headers;high_internal_blank_ratio,ok,
extracted_tables/030_Health_Bulletin_2020/table_0016.csv,quarantined_tables/030_Health_Bulletin_2020/table_0016.csv,12,5,review_required,placeholder_headers;high_internal_blank_ratio,ok,
extracted_tables/030_Health_Bulletin_2020/table_0017.csv,quarantined_tables/030_Health_Bulletin_2020/table_0017.csv,12,9,review_required,placeholder_headers,ok,
extracted_tables/030_Health_Bulletin_2020/table_0018.csv,quarantined_tables/030_Health_Bulletin_2020/table_0018.csv,12,7,review_required,placeholder_headers;high_internal_blank_ratio,ok,
extracted_tables/030_Health_Bulletin_2020/table_0019.csv,quarantined_tables/030_Health_Bulletin_2020/table_0019.csv,12,6,review_required,placeholder_headers;high_internal_blank_ratio,ok,
extracted_tables/030_Health_Bulletin_2020/table_0020.csv,quarantined_tables/030_Health_Bulletin_2020/table_0020.csv,12,6,review_required,placeholder_headers;high_internal_blank_ratio,ok,
extracted_tables/030_Health_Bulletin_2020/table_0021.csv,quarantined_tables/030_Health_Bulletin_2020/table_0021.csv,12,5,review_required,placeholder_headers;high_internal_blank_ratio,ok,
extracted_tables/030_Health_Bulletin_2020/table_0022.csv,quarantined_tables/030_Health_Bulletin_2020/table_0022.csv,12,5,review_required,placeholder_headers;high_internal_blank_ratio,ok,
extracted_tables/030_Health_Bulletin_2020/table_0023.csv,quarantined_tables/030_Health_Bulletin_2020/table_0023.csv,12,6,review_required,placeholder_headers;high_internal_blank_ratio,ok,
extracted_tables/030_Health_Bulletin_2020/table_0024.csv,quarantined_tables/030_Health_Bulletin_2020/table_0024.csv,12,6,review_required,placeholder_headers;high_internal_blank_ratio,ok,
extracted_tables/030_Health_Bulletin_2020/table_0025.csv,quarantined_tables/030_Health_Bulletin_2020/table_0025.csv,12,6,review_required,placeholder_headers;high_internal_blank_ratio,ok,
extracted_tables/030_Health_Bulletin_2020/table_0026.csv,quarantined_tables/030_Health_Bulletin_2020/table_0026.csv,12,5,review_required,placeholder_headers;high_internal_blank_ratio,ok,
extracted_tables/030_Health_Bulletin_2020/table_0027.csv,quarantined_tables/030_Health_Bulletin_2020/table_0027.csv,10,3,review_required,placeholder_headers,ok,
extracted_tables/030_Health_Bulletin_2020/table_0028.csv,quarantined_tables/030_Health_Bulletin_2020/table_0028.csv,5,3,review_required,placeholder_headers;high_internal_blank_ratio,ok,
extracted_tables/030_Health_Bulletin_2020/table_0029.csv,quarantined_tables/030_Health_Bulletin_2020/table_0029.csv,2,1,rejected,empty_or_single_column,ok,
extracted_tables/030_Health_Bulletin_2020/table_0030.csv,quarantined_tables/030_Health_Bulletin_2020/table_0030.csv,12,11,review_required,placeholder_headers,ok,
extracted_tables/030_Health_Bulletin_2020/table_0031.csv,quarantined_tables/030_Health_Bulletin_2020/table_0031.csv,4,12,review_required,placeholder_headers,ok,
extracted_tables/030_Health_Bulletin_2020/table_0032.csv,quarantined_tables/030_Health_Bulletin_2020/table_0032.csv,2,2,review_required,placeholder_headers,ok,
extracted_tables/030_Health_Bulletin_2020/table_0033.csv,quarantined_tables/030_Health_Bulletin_2020/table_0033.csv,3,12,review_required,placeholder_headers;high_internal_blank_ratio,ok,
extracted_tables/030_Health_Bulletin_2020/table_0034.csv,quarantined_tables/030_Health_Bulletin_2020/table_0034.csv,18,8,review_required,placeholder_headers,ok,
extracted_tables/030_Health_Bulletin_2020/table_0035.csv,quarantined_tables/030_Health_Bulletin_2020/table_0035.csv,9,2,review_required,placeholder_headers,ok,
extracted_tables/030_Health_Bulletin_2020/table_0036.csv,quarantined_tables/030_Health_Bulletin_2020/table_0036.csv,4,5,review_required,placeholder_headers,ok,
extracted_tables/030_Health_Bulletin_2020/table_0037.csv,quarantined_tables/030_Health_Bulletin_2020/table_0037.csv,7,5,review_required,placeholder_headers,ok,
extracted_tables/030_Health_Bulletin_2020/table_0038.csv,quarantined_tables/030_Health_Bulletin_2020/table_0038.csv,0,0,rejected,empty_or_single_column,ok,
extracted_tables/030_Health_Bulletin_2020/table_0039.csv,quarantined_tables/030_Health_Bulletin_2020/table_0039.csv,0,0,rejected,empty_or_single_column,ok,
extracted_tables/030_Health_Bulletin_2020/table_0040.csv,quarantined_tables/030_Health_Bulletin_2020/table_0040.csv,0,0,rejected,empty_or_single_column,ok,
extracted_tables/030_Health_Bulletin_2020/table_0041.csv,quarantined_tables/030_Health_Bulletin_2020/table_0041.csv,0,0,rejected,empty_or_single_column,ok,
extracted_tables/030_Health_Bulletin_2020/table_0042.csv,quarantined_tables/030_Health_Bulletin_2020/table_0042.csv,0,0,rejected,empty_or_single_column,ok,
extracted_tables/030_Health_Bulletin_2020/table_0043.csv,quarantined_tables/030_Health_Bulletin_2020/table_0043.csv,5,36,review_required,placeholder_headers;high_internal_blank_ratio;wide_table_requires_structural_review,ok,
extracted_tables/030_Health_Bulletin_2020/table_0044.csv,quarantined_tables/030_Health_Bulletin_2020/table_0044.csv,5,4,review_required,placeholder_headers,ok,
extracted_tables/030_Health_Bulletin_2020/table_0045.csv,quarantined_tables/030_Health_Bulletin_2020/table_0045.csv,15,9,review_required,placeholder_headers,ok,
extracted_tables/030_Health_Bulletin_2020/table_0046.csv,quarantined_tables/030_Health_Bulletin_2020/table_0046.csv,1,1,rejected,empty_or_single_column,ok,
extracted_tables/030_Health_Bulletin_2020/table_0047.csv,quarantined_tables/030_Health_Bulletin_2020/table_0047.csv,9,4,review_required,placeholder_headers,ok,
extracted_tables/030_Health_Bulletin_2020/table_0048.csv,quarantined_tables/030_Health_Bulletin_2020/table_0048.csv,34,8,review_required,placeholder_headers,ok,
extracted_tables/030_Health_Bulletin_2020/table_0049.csv,quarantined_tables/030_Health_Bulletin_2020/table_0049.csv,22,8,review_required,placeholder_headers,ok,
extracted_tables/030_Health_Bulletin_2020/table_0050.csv,quarantined_tables/030_Health_Bulletin_2020/table_0050.csv,7,13,review_required,placeholder_headers;high_internal_blank_ratio,ok,
extracted_tables/030_Health_Bulletin_2020/table_0051.csv,quarantined_tables/030_Health_Bulletin_2020/table_0051.csv,5,7,review_required,placeholder_headers,ok,
extracted_tables/030_Health_Bulletin_2020/table_0052.csv,quarantined_tables/030_Health_Bulletin_2020/table_0052.csv,4,22,review_required,placeholder_headers,ok,
extracted_tables/030_Health_Bulletin_2020/table_0053.csv,quarantined_tables/030_Health_Bulletin_2020/table_0053.csv,4,10,review_required,placeholder_headers;high_internal_blank_ratio,ok,
extracted_tables/030_Health_Bulletin_2020/table_0054.csv,quarantined_tables/030_Health_Bulletin_2020/table_0054.csv,27,6,review_required,placeholder_headers,ok,
extracted_tables/030_Health_Bulletin_2020/table_0055.csv,quarantined_tables/030_Health_Bulletin_2020/table_0055.csv,6,5,review_required,placeholder_headers,ok,
extracted_tables/030_Health_Bulletin_2020/table_0056.csv,quarantined_tables/030_Health_Bulletin_2020/table_0056.csv,6,3,review_required,placeholder_headers,ok,
extracted_tables/030_Health_Bulletin_2020/table_0057.csv,quarantined_tables/030_Health_Bulletin_2020/table_0057.csv,11,2,review_required,placeholder_headers,ok,
extracted_tables/030_Health_Bulletin_2020/table_0058.csv,quarantined_tables/030_Health_Bulletin_2020/table_0058.csv,3,13,review_required,placeholder_headers,ok,
extracted_tables/030_Health_Bulletin_2020/table_0059.csv,quarantined_tables/030_Health_Bulletin_2020/table_0059.csv,0,0,rejected,empty_or_single_column,ok,
extracted_tables/030_Health_Bulletin_2020/table_0060.csv,quarantined_tables/030_Health_Bulletin_2020/table_0060.csv,11,5,review_required,placeholder_headers;high_internal_blank_ratio,ok,
extracted_tables/030_Health_Bulletin_2020/table_0061.csv,quarantined_tables/030_Health_Bulletin_2020/table_0061.csv,11,5,review_required,placeholder_headers;high_internal_blank_ratio,ok,
extracted_tables/030_Health_Bulletin_2020/table_0062.csv,quarantined_tables/030_Health_Bulletin_2020/table_0062.csv,3,4,review_required,placeholder_headers,ok,
extracted_tables/030_Health_Bulletin_2020/table_0063.csv,quarantined_tables/030_Health_Bulletin_2020/table_0063.csv,4,4,review_required,placeholder_headers,ok,
extracted_tables/030_Health_Bulletin_2020/table_0064.csv,quarantined_tables/030_Health_Bulletin_2020/table_0064.csv,2,4,review_required,placeholder_headers,ok,
extracted_tables/030_Health_Bulletin_2020/table_0065.csv,quarantined_tables/030_Health_Bulletin_2020/table_0065.csv,19,3,review_required,placeholder_headers;high_internal_blank_ratio,ok,
extracted_tables/030_Health_Bulletin_2020/table_0066.csv,quarantined_tables/030_Health_Bulletin_2020/table_0066.csv,15,3,review_required,placeholder_headers;high_internal_blank_ratio,ok,
extracted_tables/030_Health_Bulletin_2020/table_0067.csv,quarantined_tables/030_Health_Bulletin_2020/table_0067.csv,3,2,review_required,placeholder_headers,ok,
extracted_tables/030_Health_Bulletin_2020/table_0068.csv,quarantined_tables/030_Health_Bulletin_2020/table_0068.csv,0,0,rejected,empty_or_single_column,ok,
extracted_tables/030_Health_Bulletin_2020/table_0069.csv,quarantined_tables/030_Health_Bulletin_2020/table_0069.csv,0,0,rejected,empty_or_single_column,ok,
extracted_tables/030_Health_Bulletin_2020/table_0070.csv,quarantined_tables/030_Health_Bulletin_2020/table_0070.csv,11,5,review_required,placeholder_headers;high_internal_blank_ratio,ok,
extracted_tables/030_Health_Bulletin_2020/table_0071.csv,quarantined_tables/030_Health_Bulletin_2020/table_0071.csv,13,11,review_required,placeholder_headers,ok,
extracted_tables/030_Health_Bulletin_2020/table_0072.csv,quarantined_tables/030_Health_Bulletin_2020/table_0072.csv,7,10,review_required,placeholder_headers;high_internal_blank_ratio,ok,
extracted_tables/030_Health_Bulletin_2020/table_0073.csv,quarantined_tables/030_Health_Bulletin_2020/table_0073.csv,13,12,review_required,placeholder_headers,ok,
extracted_tables/030_Health_Bulletin_2020/table_0074.csv,quarantined_tables/030_Health_Bulletin_2020/table_0074.csv,6,12,review_required,placeholder_headers;high_internal_blank_ratio,ok,
extracted_tables/030_Health_Bulletin_2020/table_0075.csv,quarantined_tables/030_Health_Bulletin_2020/table_0075.csv,10,12,review_required,placeholder_headers,ok,
extracted_tables/030_Health_Bulletin_2020/table_0076.csv,quarantined_tables/030_Health_Bulletin_2020/table_0076.csv,11,12,review_required,placeholder_headers,ok,
extracted_tables/030_Health_Bulletin_2020/table_0077.csv,quarantined_tables/030_Health_Bulletin_2020/table_0077.csv,10,6,review_required,placeholder_headers,ok,
extracted_tables/030_Health_Bulletin_2020/table_0078.csv,quarantined_tables/030_Health_Bulletin_2020/table_0078.csv,15,2,review_required,placeholder_headers,ok,
extracted_tables/030_Health_Bulletin_2020/table_0079.csv,quarantined_tables/030_Health_Bulletin_2020/table_0079.csv,11,6,review_required,placeholder_headers,ok,
extracted_tables/030_Health_Bulletin_2020/table_0080.csv,quarantined_tables/030_Health_Bulletin_2020/table_0080.csv,25,6,review_required,placeholder_headers,ok,
extracted_tables/030_Health_Bulletin_2020/table_0081.csv,quarantined_tables/030_Health_Bulletin_2020/table_0081.csv,7,6,review_required,placeholder_headers;high_internal_blank_ratio,ok,
extracted_tables/030_Health_Bulletin_2020/table_0082.csv,quarantined_tables/030_Health_Bulletin_2020/table_0082.csv,3,5,review_required,placeholder_headers,ok,
extracted_tables/030_Health_Bulletin_2020/table_0083.csv,quarantined_tables/030_Health_Bulletin_2020/table_0083.csv,13,21,review_required,placeholder_headers,ok,
extracted_tables/030_Health_Bulletin_2020/table_0084.csv,quarantined_tables/030_Health_Bulletin_2020/table_0084.csv,4,4,review_required,placeholder_headers,ok,
extracted_tables/030_Health_Bulletin_2020/table_0085.csv,quarantined_tables/030_Health_Bulletin_2020/table_0085.csv,15,3,review_required,placeholder_headers;high_internal_blank_ratio,ok,
extracted_tables/030_Health_Bulletin_2020/table_0086.csv,quarantined_tables/030_Health_Bulletin_2020/table_0086.csv,8,3,review_required,placeholder_headers,ok,
extracted_tables/030_Health_Bulletin_2020/table_0087.csv,quarantined_tables/030_Health_Bulletin_2020/table_0087.csv,8,11,review_required,placeholder_headers,ok,
extracted_tables/030_Health_Bulletin_2020/table_0088.csv,quarantined_tables/030_Health_Bulletin_2020/table_0088.csv,11,11,review_required,placeholder_headers;high_internal_blank_ratio,ok,
extracted_tables/030_Health_Bulletin_2020/table_0089.csv,quarantined_tables/030_Health_Bulletin_2020/table_0089.csv,7,11,review_required,placeholder_headers;high_internal_blank_ratio,ok,
extracted_tables/030_Health_Bulletin_2020/table_0090.csv,quarantined_tables/030_Health_Bulletin_2020/table_0090.csv,28,10,review_required,placeholder_headers;high_internal_blank_ratio,ok,
extracted_tables/030_Health_Bulletin_2020/table_0091.csv,quarantined_tables/030_Health_Bulletin_2020/table_0091.csv,9,3,review_required,placeholder_headers,ok,
extracted_tables/030_Health_Bulletin_2020/table_0092.csv,quarantined_tables/030_Health_Bulletin_2020/table_0092.csv,11,6,review_required,placeholder_headers,ok,
extracted_tables/030_Health_Bulletin_2020/table_0093.csv,quarantined_tables/030_Health_Bulletin_2020/table_0093.csv,7,6,review_required,placeholder_headers,ok,
extracted_tables/030_Health_Bulletin_2020/table_0094.csv,quarantined_tables/030_Health_Bulletin_2020/table_0094.csv,6,6,review_required,placeholder_headers,ok,
extracted_tables/030_Health_Bulletin_2020/table_0095.csv,quarantined_tables/030_Health_Bulletin_2020/table_0095.csv,9,10,review_required,placeholder_headers,ok,
extracted_tables/030_Health_Bulletin_2020/table_0096.csv,quarantined_tables/030_Health_Bulletin_2020/table_0096.csv,6,10,review_required,placeholder_headers,ok,
extracted_tables/030_Health_Bulletin_2020/table_0097.csv,quarantined_tables/030_Health_Bulletin_2020/table_0097.csv,0,0,rejected,empty_or_single_column,ok,
extracted_tables/030_Health_Bulletin_2020/table_0098.csv,quarantined_tables/030_Health_Bulletin_2020/table_0098.csv,8,2,review_required,placeholder_headers,ok,
extracted_tables/030_Health_Bulletin_2020/table_0099.csv,quarantined_tables/030_Health_Bulletin_2020/table_0099.csv,0,0,rejected,empty_or_single_column,ok,
extracted_tables/030_Health_Bulletin_2020/table_0100.csv,quarantined_tables/030_Health_Bulletin_2020/table_0100.csv,21,4,review_required,placeholder_headers,ok,
extracted_tables/030_Health_Bulletin_2020/table_0101.csv,quarantined_tables/030_Health_Bulletin_2020/table_0101.csv,30,5,review_required,placeholder_headers,ok,
extracted_tables/030_Health_Bulletin_2020/table_0102.csv,quarantined_tables/030_Health_Bulletin_2020/table_0102.csv,2,2,review_required,placeholder_headers;high_internal_blank_ratio,ok,
extracted_tables/030_Health_Bulletin_2020/table_0103.csv,quarantined_tables/030_Health_Bulletin_2020/table_0103.csv,2,2,review_required,placeholder_headers,ok,
extracted_tables/030_Health_Bulletin_2020/table_0104.csv,quarantined_tables/030_Health_Bulletin_2020/table_0104.csv,20,8,review_required,placeholder_headers,ok,
extracted_tables/030_Health_Bulletin_2020/table_0105.csv,quarantined_tables/030_Health_Bulletin_2020/table_0105.csv,20,8,review_required,placeholder_headers,ok,
extracted_tables/030_Health_Bulletin_2020/table_0106.csv,quarantined_tables/030_Health_Bulletin_2020/table_0106.csv,19,8,review_required,placeholder_headers,ok,
extracted_tables/030_Health_Bulletin_2020/table_0107.csv,quarantined_tables/030_Health_Bulletin_2020/table_0107.csv,19,8,review_required,placeholder_headers,ok,
extracted_tables/030_Health_Bulletin_2020/table_0108.csv,quarantined_tables/030_Health_Bulletin_2020/table_0108.csv,23,8,review_required,placeholder_headers,ok,
extracted_tables/030_Health_Bulletin_2020/table_0109.csv,quarantined_tables/030_Health_Bulletin_2020/table_0109.csv,23,8,review_required,placeholder_headers,ok,
extracted_tables/030_Health_Bulletin_2020/table_0110.csv,quarantined_tables/030_Health_Bulletin_2020/table_0110.csv,23,8,review_required,placeholder_headers,ok,
extracted_tables/030_Health_Bulletin_2020/table_0111.csv,quarantined_tables/030_Health_Bulletin_2020/table_0111.csv,23,8,review_required,placeholder_headers,ok,
extracted_tables/030_Health_Bulletin_2020/table_0112.csv,quarantined_tables/030_Health_Bulletin_2020/table_0112.csv,22,8,review_required,placeholder_headers,ok,
extracted_tables/030_Health_Bulletin_2020/table_0113.csv,quarantined_tables/030_Health_Bulletin_2020/table_0113.csv,24,8,review_required,placeholder_headers,ok,
extracted_tables/030_Health_Bulletin_2020/table_0114.csv,quarantined_tables/030_Health_Bulletin_2020/table_0114.csv,0,0,rejected,empty_or_single_column,ok,
extracted_tables/030_Health_Bulletin_2020/table_0115.csv,quarantined_tables/030_Health_Bulletin_2020/table_0115.csv,0,0,rejected,empty_or_single_column,ok,
extracted_tables/030_Health_Bulletin_2020/table_0116.csv,quarantined_tables/030_Health_Bulletin_2020/table_0116.csv,15,8,review_required,placeholder_headers,ok,
extracted_tables/030_Health_Bulletin_2020/table_0117.csv,quarantined_tables/030_Health_Bulletin_2020/table_0117.csv,15,8,review_required,placeholder_headers,ok,
extracted_tables/030_Health_Bulletin_2020/table_0118.csv,quarantined_tables/030_Health_Bulletin_2020/table_0118.csv,0,0,rejected,empty_or_single_column,ok,
extracted_tables/030_Health_Bulletin_2020/table_0119.csv,quarantined_tables/030_Health_Bulletin_2020/table_0119.csv,1,2,review_required,placeholder_headers,ok,
extracted_tables/030_Health_Bulletin_2020/table_0120.csv,quarantined_tables/030_Health_Bulletin_2020/table_0120.csv,3,4,review_required,placeholder_headers;high_internal_blank_ratio,ok,
extracted_tables/030_Health_Bulletin_2020/table_0121.csv,quarantined_tables/030_Health_Bulletin_2020/table_0121.csv,3,4,review_required,placeholder_headers;high_internal_blank_ratio,ok,
extracted_tables/030_Health_Bulletin_2020/table_0122.csv,quarantined_tables/030_Health_Bulletin_2020/table_0122.csv,18,2,review_required,placeholder_headers,ok,
extracted_tables/030_Health_Bulletin_2020/table_0123.csv,quarantined_tables/030_Health_Bulletin_2020/table_0123.csv,18,2,review_required,placeholder_headers,ok,
extracted_tables/030_Health_Bulletin_2020/table_0124.csv,quarantined_tables/030_Health_Bulletin_2020/table_0124.csv,17,2,review_required,placeholder_headers,ok,
extracted_tables/030_Health_Bulletin_2020/table_0125.csv,quarantined_tables/030_Health_Bulletin_2020/table_0125.csv,16,2,review_required,placeholder_headers,ok,
extracted_tables/030_Health_Bulletin_2020/table_0126.csv,quarantined_tables/030_Health_Bulletin_2020/table_0126.csv,20,2,review_required,placeholder_headers,ok,
extracted_tables/030_Health_Bulletin_2020/table_0127.csv,quarantined_tables/030_Health_Bulletin_2020/table_0127.csv,38,2,review_required,placeholder_headers,ok,
extracted_tables/030_Health_Bulletin_2020/table_0128.csv,quarantined_tables/030_Health_Bulletin_2020/table_0128.csv,7,2,review_required,placeholder_headers,ok,
extracted_tables/030_Health_Bulletin_2020/table_0129.csv,quarantined_tables/030_Health_Bulletin_2020/table_0129.csv,28,2,review_required,placeholder_headers,ok,
extracted_tables/030_Health_Bulletin_2020/table_0130.csv,quarantined_tables/030_Health_Bulletin_2020/table_0130.csv,36,2,review_required,placeholder_headers,ok,
extracted_tables/030_Health_Bulletin_2020/table_0131.csv,quarantined_tables/030_Health_Bulletin_2020/table_0131.csv,2,2,review_required,placeholder_headers;high_internal_blank_ratio,ok,
extracted_tables/030_Health_Bulletin_2020/table_0132.csv,quarantined_tables/030_Health_Bulletin_2020/table_0132.csv,2,2,review_required,placeholder_headers;high_internal_blank_ratio,ok,
extracted_tables/030_Health_Bulletin_2020/table_0133.csv,quarantined_tables/030_Health_Bulletin_2020/table_0133.csv,2,2,review_required,placeholder_headers;high_internal_blank_ratio,ok,
extracted_tables/030_Health_Bulletin_2020/table_0134.csv,quarantined_tables/030_Health_Bulletin_2020/table_0134.csv,3,3,review_required,placeholder_headers;high_internal_blank_ratio,ok,
extracted_tables/030_Health_Bulletin_2020/table_0135.csv,quarantined_tables/030_Health_Bulletin_2020/table_0135.csv,8,3,review_required,placeholder_headers,ok,
extracted_tables/030_Health_Bulletin_2020/table_0136.csv,quarantined_tables/030_Health_Bulletin_2020/table_0136.csv,11,3,review_required,placeholder_headers,ok,
extracted_tables/030_Health_Bulletin_2020/table_0137.csv,quarantined_tables/030_Health_Bulletin_2020/table_0137.csv,15,3,review_required,placeholder_headers,ok,
extracted_tables/030_Health_Bulletin_2020/table_0138.csv,quarantined_tables/030_Health_Bulletin_2020/table_0138.csv,4,3,review_required,placeholder_headers,ok,
extracted_tables/030_Health_Bulletin_2020/table_0139.csv,quarantined_tables/030_Health_Bulletin_2020/table_0139.csv,17,3,review_required,placeholder_headers,ok,
extracted_tables/030_Health_Bulletin_2020/table_0140.csv,quarantined_tables/030_Health_Bulletin_2020/table_0140.csv,17,3,review_required,placeholder_headers,ok,
extracted_tables/030_Health_Bulletin_2020/table_0141.csv,quarantined_tables/030_Health_Bulletin_2020/table_0141.csv,9,3,review_required,placeholder_headers,ok,
extracted_tables/030_Health_Bulletin_2020/table_0142.csv,quarantined_tables/030_Health_Bulletin_2020/table_0142.csv,29,3,review_required,placeholder_headers,ok,
extracted_tables/030_Health_Bulletin_2020/table_0143.csv,quarantined_tables/030_Health_Bulletin_2020/table_0143.csv,27,3,review_required,placeholder_headers,ok,
extracted_tables/030_Health_Bulletin_2020/table_0144.csv,quarantined_tables/030_Health_Bulletin_2020/table_0144.csv,33,3,review_required,placeholder_headers,ok,
extracted_tables/030_Health_Bulletin_2020/table_0145.csv,quarantined_tables/030_Health_Bulletin_2020/table_0145.csv,31,3,review_required,placeholder_headers,ok,
extracted_tables/030_Health_Bulletin_2020/table_0146.csv,quarantined_tables/030_Health_Bulletin_2020/table_0146.csv,2,2,review_required,placeholder_headers;high_internal_blank_ratio,ok,
extracted_tables/030_Health_Bulletin_2020/table_0147.csv,quarantined_tables/030_Health_Bulletin_2020/table_0147.csv,3,4,review_required,placeholder_headers;high_internal_blank_ratio,ok,
extracted_tables/030_Health_Bulletin_2020/table_0148.csv,quarantined_tables/030_Health_Bulletin_2020/table_0148.csv,3,3,review_required,placeholder_headers;high_internal_blank_ratio,ok,
extracted_tables/030_Health_Bulletin_2020/table_0149.csv,quarantined_tables/030_Health_Bulletin_2020/table_0149.csv,5,5,review_required,placeholder_headers;high_internal_blank_ratio,ok,
extracted_tables/030_Health_Bulletin_2020/table_0150.csv,quarantined_tables/030_Health_Bulletin_2020/table_0150.csv,18,3,review_required,placeholder_headers,ok,
extracted_tables/030_Health_Bulletin_2020/table_0151.csv,quarantined_tables/030_Health_Bulletin_2020/table_0151.csv,9,3,review_required,placeholder_headers,ok,
extracted_tables/030_Health_Bulletin_2020/table_0152.csv,quarantined_tables/030_Health_Bulletin_2020/table_0152.csv,10,3,review_required,placeholder_headers,ok,
extracted_tables/030_Health_Bulletin_2020/table_0153.csv,quarantined_tables/030_Health_Bulletin_2020/table_0153.csv,17,3,review_required,placeholder_headers,ok,
extracted_tables/030_Health_Bulletin_2020/table_0154.csv,quarantined_tables/030_Health_Bulletin_2020/table_0154.csv,19,3,review_required,placeholder_headers,ok,
extracted_tables/030_Health_Bulletin_2020/table_0155.csv,quarantined_tables/030_Health_Bulletin_2020/table_0155.csv,11,3,review_required,placeholder_headers,ok,
extracted_tables/030_Health_Bulletin_2020/table_0156.csv,quarantined_tables/030_Health_Bulletin_2020/table_0156.csv,35,3,review_required,placeholder_headers,ok,
extracted_tables/030_Health_Bulletin_2020/table_0157.csv,quarantined_tables/030_Health_Bulletin_2020/table_0157.csv,21,3,review_required,placeholder_headers,ok,
extracted_tables/030_Health_Bulletin_2020/table_0158.csv,quarantined_tables/030_Health_Bulletin_2020/table_0158.csv,11,3,review_required,placeholder_headers,ok,
extracted_tables/030_Health_Bulletin_2020/table_0159.csv,quarantined_tables/030_Health_Bulletin_2020/table_0159.csv,32,3,review_required,placeholder_headers,ok,
extracted_tables/030_Health_Bulletin_2020/table_0160.csv,quarantined_tables/030_Health_Bulletin_2020/table_0160.csv,24,3,review_required,placeholder_headers,ok,
extracted_tables/030_Health_Bulletin_2020/table_0161.csv,quarantined_tables/030_Health_Bulletin_2020/table_0161.csv,6,6,review_required,placeholder_headers,ok,
extracted_tables/030_Health_Bulletin_2020/table_0162.csv,quarantined_tables/030_Health_Bulletin_2020/table_0162.csv,6,6,review_required,placeholder_headers,ok,
extracted_tables/030_Health_Bulletin_2020/table_0163.csv,quarantined_tables/030_Health_Bulletin_2020/table_0163.csv,7,6,review_required,placeholder_headers,ok,
extracted_tables/030_Health_Bulletin_2020/table_0164.csv,quarantined_tables/030_Health_Bulletin_2020/table_0164.csv,7,6,review_required,placeholder_headers,ok,
extracted_tables/030_Health_Bulletin_2020/table_0165.csv,quarantined_tables/030_Health_Bulletin_2020/table_0165.csv,7,6,review_required,placeholder_headers,ok,
extracted_tables/030_Health_Bulletin_2020/table_0166.csv,quarantined_tables/030_Health_Bulletin_2020/table_0166.csv,7,6,review_required,placeholder_headers,ok,
extracted_tables/030_Health_Bulletin_2020/table_0167.csv,quarantined_tables/030_Health_Bulletin_2020/table_0167.csv,8,6,review_required,placeholder_headers,ok,
extracted_tables/030_Health_Bulletin_2020/table_0168.csv,quarantined_tables/030_Health_Bulletin_2020/table_0168.csv,17,4,review_required,placeholder_headers,ok,
extracted_tables/030_Health_Bulletin_2020/table_0169.csv,quarantined_tables/030_Health_Bulletin_2020/table_0169.csv,10,5,review_required,placeholder_headers,ok,
extracted_tables/030_Health_Bulletin_2020/table_0170.csv,quarantined_tables/030_Health_Bulletin_2020/table_0170.csv,7,5,review_required,placeholder_headers,ok,
extracted_tables/030_Health_Bulletin_2020/table_0171.csv,quarantined_tables/030_Health_Bulletin_2020/table_0171.csv,13,7,review_required,placeholder_headers,ok,
extracted_tables/030_Health_Bulletin_2020/table_0172.csv,quarantined_tables/030_Health_Bulletin_2020/table_0172.csv,24,7,review_required,placeholder_headers,ok,
extracted_tables/030_Health_Bulletin_2020/table_0173.csv,quarantined_tables/030_Health_Bulletin_2020/table_0173.csv,8,8,review_required,placeholder_headers;high_internal_blank_ratio,ok,
extracted_tables/030_Health_Bulletin_2020/table_0174.csv,quarantined_tables/030_Health_Bulletin_2020/table_0174.csv,7,5,review_required,placeholder_headers,ok,
extracted_tables/030_Health_Bulletin_2020/table_0175.csv,quarantined_tables/030_Health_Bulletin_2020/table_0175.csv,21,5,review_required,placeholder_headers,ok,
extracted_tables/030_Health_Bulletin_2020/table_0176.csv,quarantined_tables/030_Health_Bulletin_2020/table_0176.csv,19,5,review_required,placeholder_headers,ok,
extracted_tables/030_Health_Bulletin_2020/table_0177.csv,quarantined_tables/030_Health_Bulletin_2020/table_0177.csv,8,4,review_required,placeholder_headers,ok,
extracted_tables/030_Health_Bulletin_2020/table_0178.csv,quarantined_tables/030_Health_Bulletin_2020/table_0178.csv,6,14,review_required,placeholder_headers;high_internal_blank_ratio,ok,
extracted_tables/030_Health_Bulletin_2020/table_0179.csv,quarantined_tables/030_Health_Bulletin_2020/table_0179.csv,14,10,review_required,placeholder_headers;high_internal_blank_ratio,ok,
extracted_tables/030_Health_Bulletin_2020/table_0180.csv,quarantined_tables/030_Health_Bulletin_2020/table_0180.csv,14,11,review_required,placeholder_headers,ok,
extracted_tables/030_Health_Bulletin_2020/table_0181.csv,quarantined_tables/030_Health_Bulletin_2020/table_0181.csv,17,4,review_required,placeholder_headers,ok,
extracted_tables/030_Health_Bulletin_2020/table_0182.csv,quarantined_tables/030_Health_Bulletin_2020/table_0182.csv,4,4,review_required,placeholder_headers,ok,
extracted_tables/030_Health_Bulletin_2020/table_0183.csv,quarantined_tables/030_Health_Bulletin_2020/table_0183.csv,13,4,review_required,placeholder_headers,ok,
extracted_tables/030_Health_Bulletin_2020/table_0184.csv,quarantined_tables/030_Health_Bulletin_2020/table_0184.csv,5,5,review_required,placeholder_headers,ok,
extracted_tables/030_Health_Bulletin_2020/table_0185.csv,quarantined_tables/030_Health_Bulletin_2020/table_0185.csv,13,5,review_required,placeholder_headers,ok,
extracted_tables/030_Health_Bulletin_2020/table_0186.csv,quarantined_tables/030_Health_Bulletin_2020/table_0186.csv,6,4,review_required,placeholder_headers,ok,
extracted_tables/030_Health_Bulletin_2020/table_0187.csv,quarantined_tables/030_Health_Bulletin_2020/table_0187.csv,4,5,review_required,placeholder_headers,ok,
extracted_tables/030_Health_Bulletin_2020/table_0188.csv,quarantined_tables/030_Health_Bulletin_2020/table_0188.csv,0,0,rejected,empty_or_single_column,ok,
extracted_tables/030_Health_Bulletin_2020/table_0189.csv,quarantined_tables/030_Health_Bulletin_2020/table_0189.csv,0,0,rejected,empty_or_single_column,ok,
extracted_tables/030_Health_Bulletin_2020/table_0190.csv,quarantined_tables/030_Health_Bulletin_2020/table_0190.csv,0,0,rejected,empty_or_single_column,ok,
extracted_tables/030_Health_Bulletin_2020/table_0191.csv,quarantined_tables/030_Health_Bulletin_2020/table_0191.csv,0,0,rejected,empty_or_single_column,ok,
extracted_tables/030_Health_Bulletin_2020/table_0192.csv,quarantined_tables/030_Health_Bulletin_2020/table_0192.csv,3,5,review_required,placeholder_headers;high_internal_blank_ratio,ok,
extracted_tables/030_Health_Bulletin_2020/table_0193.csv,quarantined_tables/030_Health_Bulletin_2020/table_0193.csv,9,8,review_required,placeholder_headers;high_internal_blank_ratio,ok,
extracted_tables/030_Health_Bulletin_2020/table_0194.csv,quarantined_tables/030_Health_Bulletin_2020/table_0194.csv,12,5,review_required,placeholder_headers;high_internal_blank_ratio,ok,
extracted_tables/030_Health_Bulletin_2020/table_0195.csv,quarantined_tables/030_Health_Bulletin_2020/table_0195.csv,14,10,review_required,placeholder_headers;high_internal_blank_ratio,ok,
extracted_tables/030_Health_Bulletin_2020/table_0196.csv,quarantined_tables/030_Health_Bulletin_2020/table_0196.csv,3,5,review_required,placeholder_headers,ok,
extracted_tables/030_Health_Bulletin_2020/table_0197.csv,quarantined_tables/030_Health_Bulletin_2020/table_0197.csv,7,3,review_required,placeholder_headers,ok,
extracted_tables/030_Health_Bulletin_2020/table_0198.csv,quarantined_tables/030_Health_Bulletin_2020/table_0198.csv,14,4,review_required,placeholder_headers;high_internal_blank_ratio,ok,
extracted_tables/030_Health_Bulletin_2020/table_0199.csv,quarantined_tables/030_Health_Bulletin_2020/table_0199.csv,4,2,review_required,placeholder_headers,ok,
extracted_tables/030_Health_Bulletin_2020/table_0200.csv,quarantined_tables/030_Health_Bulletin_2020/table_0200.csv,5,3,review_required,placeholder_headers;high_internal_blank_ratio,ok,
extracted_tables/030_Health_Bulletin_2020/table_0201.csv,quarantined_tables/030_Health_Bulletin_2020/table_0201.csv,17,11,review_required,placeholder_headers,ok,
extracted_tables/030_Health_Bulletin_2020/table_0202.csv,quarantined_tables/030_Health_Bulletin_2020/table_0202.csv,8,7,review_required,placeholder_headers;high_internal_blank_ratio,ok,
extracted_tables/030_Health_Bulletin_2020/table_0203.csv,quarantined_tables/030_Health_Bulletin_2020/table_0203.csv,0,0,rejected,empty_or_single_column,ok,
extracted_tables/030_Health_Bulletin_2020/table_0204.csv,quarantined_tables/030_Health_Bulletin_2020/table_0204.csv,1,1,rejected,empty_or_single_column,ok,
extracted_tables/030_Health_Bulletin_2020/table_0205.csv,quarantined_tables/030_Health_Bulletin_2020/table_0205.csv,19,7,review_required,placeholder_headers,ok,
extracted_tables/030_Health_Bulletin_2020/table_0206.csv,quarantined_tables/030_Health_Bulletin_2020/table_0206.csv,7,7,review_required,placeholder_headers,ok,
extracted_tables/030_Health_Bulletin_2020/table_0207.csv,quarantined_tables/030_Health_Bulletin_2020/table_0207.csv,12,4,review_required,placeholder_headers,ok,
extracted_tables/030_Health_Bulletin_2020/table_0208.csv,quarantined_tables/030_Health_Bulletin_2020/table_0208.csv,9,4,review_required,placeholder_headers,ok,
extracted_tables/030_Health_Bulletin_2020/table_0209.csv,quarantined_tables/030_Health_Bulletin_2020/table_0209.csv,7,4,review_required,placeholder_headers,ok,
extracted_tables/030_Health_Bulletin_2020/table_0210.csv,quarantined_tables/030_Health_Bulletin_2020/table_0210.csv,10,3,review_required,placeholder_headers,ok,
extracted_tables/030_Health_Bulletin_2020/table_0211.csv,quarantined_tables/030_Health_Bulletin_2020/table_0211.csv,13,3,review_required,placeholder_headers,ok,
extracted_tables/030_Health_Bulletin_2020/table_0212.csv,quarantined_tables/030_Health_Bulletin_2020/table_0212.csv,4,2,review_required,placeholder_headers,ok,
extracted_tables/030_Health_Bulletin_2020/table_0213.csv,quarantined_tables/030_Health_Bulletin_2020/table_0213.csv,7,3,review_required,placeholder_headers;high_internal_blank_ratio,ok,
extracted_tables/030_Health_Bulletin_2020/table_0214.csv,quarantined_tables/030_Health_Bulletin_2020/table_0214.csv,5,2,review_required,placeholder_headers,ok,
extracted_tables/030_Health_Bulletin_2020/table_0215.csv,quarantined_tables/030_Health_Bulletin_2020/table_0215.csv,6,2,review_required,placeholder_headers,ok,
extracted_tables/031_Health_Bulletin_2019/table_0001.csv,quarantined_tables/031_Health_Bulletin_2019/table_0001.csv,2,2,review_required,placeholder_headers;high_internal_blank_ratio,ok,
extracted_tables/031_Health_Bulletin_2019/table_0002.csv,quarantined_tables/031_Health_Bulletin_2019/table_0002.csv,2,4,review_required,placeholder_headers;high_internal_blank_ratio,ok,
extracted_tables/031_Health_Bulletin_2019/table_0003.csv,quarantined_tables/031_Health_Bulletin_2019/table_0003.csv,2,2,review_required,placeholder_headers;high_internal_blank_ratio,ok,
extracted_tables/031_Health_Bulletin_2019/table_0004.csv,quarantined_tables/031_Health_Bulletin_2019/table_0004.csv,2,2,review_required,placeholder_headers;high_internal_blank_ratio,ok,
extracted_tables/031_Health_Bulletin_2019/table_0005.csv,quarantined_tables/031_Health_Bulletin_2019/table_0005.csv,10,4,review_required,placeholder_headers;high_internal_blank_ratio,ok,
extracted_tables/031_Health_Bulletin_2019/table_0006.csv,quarantined_tables/031_Health_Bulletin_2019/table_0006.csv,10,4,review_required,placeholder_headers;high_internal_blank_ratio,ok,
extracted_tables/031_Health_Bulletin_2019/table_0007.csv,quarantined_tables/031_Health_Bulletin_2019/table_0007.csv,10,4,review_required,placeholder_headers;high_internal_blank_ratio,ok,
extracted_tables/031_Health_Bulletin_2019/table_0008.csv,quarantined_tables/031_Health_Bulletin_2019/table_0008.csv,10,4,review_required,placeholder_headers;high_internal_blank_ratio,ok,
extracted_tables/031_Health_Bulletin_2019/table_0009.csv,quarantined_tables/031_Health_Bulletin_2019/table_0009.csv,10,4,review_required,placeholder_headers;high_internal_blank_ratio,ok,
extracted_tables/031_Health_Bulletin_2019/table_0010.csv,quarantined_tables/031_Health_Bulletin_2019/table_0010.csv,0,0,rejected,empty_or_single_column,ok,
extracted_tables/031_Health_Bulletin_2019/table_0011.csv,quarantined_tables/031_Health_Bulletin_2019/table_0011.csv,0,0,rejected,empty_or_single_column,ok,
extracted_tables/031_Health_Bulletin_2019/table_0012.csv,quarantined_tables/031_Health_Bulletin_2019/table_0012.csv,10,2,review_required,placeholder_headers;high_internal_blank_ratio,ok,
extracted_tables/031_Health_Bulletin_2019/table_0013.csv,quarantined_tables/031_Health_Bulletin_2019/table_0013.csv,4,11,review_required,placeholder_headers,ok,
extracted_tables/031_Health_Bulletin_2019/table_0014.csv,quarantined_tables/031_Health_Bulletin_2019/table_0014.csv,0,0,rejected,empty_or_single_column,ok,
extracted_tables/031_Health_Bulletin_2019/table_0015.csv,quarantined_tables/031_Health_Bulletin_2019/table_0015.csv,0,0,rejected,empty_or_single_column,ok,
extracted_tables/031_Health_Bulletin_2019/table_0016.csv,quarantined_tables/031_Health_Bulletin_2019/table_0016.csv,0,0,rejected,empty_or_single_column,ok,
extracted_tables/031_Health_Bulletin_2019/table_0017.csv,quarantined_tables/031_Health_Bulletin_2019/table_0017.csv,0,0,rejected,empty_or_single_column,ok,
extracted_tables/031_Health_Bulletin_2019/table_0018.csv,quarantined_tables/031_Health_Bulletin_2019/table_0018.csv,0,0,rejected,empty_or_single_column,ok,
extracted_tables/031_Health_Bulletin_2019/table_0019.csv,quarantined_tables/031_Health_Bulletin_2019/table_0019.csv,0,0,rejected,empty_or_single_column,ok,
extracted_tables/031_Health_Bulletin_2019/table_0020.csv,quarantined_tables/031_Health_Bulletin_2019/table_0020.csv,0,0,rejected,empty_or_single_column,ok,
extracted_tables/031_Health_Bulletin_2019/table_0021.csv,quarantined_tables/031_Health_Bulletin_2019/table_0021.csv,0,0,rejected,empty_or_single_column,ok,
extracted_tables/031_Health_Bulletin_2019/table_0022.csv,quarantined_tables/031_Health_Bulletin_2019/table_0022.csv,5,15,review_required,placeholder_headers;high_internal_blank_ratio,ok,
extracted_tables/031_Health_Bulletin_2019/table_0023.csv,quarantined_tables/031_Health_Bulletin_2019/table_0023.csv,2,7,review_required,placeholder_headers;high_internal_blank_ratio,ok,
extracted_tables/031_Health_Bulletin_2019/table_0024.csv,quarantined_tables/031_Health_Bulletin_2019/table_0024.csv,1,1,rejected,empty_or_single_column,ok,
extracted_tables/031_Health_Bulletin_2019/table_0025.csv,quarantined_tables/031_Health_Bulletin_2019/table_0025.csv,2,6,review_required,placeholder_headers,ok,
extracted_tables/031_Health_Bulletin_2019/table_0026.csv,quarantined_tables/031_Health_Bulletin_2019/table_0026.csv,2,6,review_required,placeholder_headers;high_internal_blank_ratio,ok,
extracted_tables/031_Health_Bulletin_2019/table_0027.csv,quarantined_tables/031_Health_Bulletin_2019/table_0027.csv,2,1,rejected,empty_or_single_column,ok,
extracted_tables/031_Health_Bulletin_2019/table_0028.csv,quarantined_tables/031_Health_Bulletin_2019/table_0028.csv,5,3,review_required,placeholder_headers,ok,
extracted_tables/031_Health_Bulletin_2019/table_0029.csv,quarantined_tables/031_Health_Bulletin_2019/table_0029.csv,0,0,rejected,empty_or_single_column,ok,
extracted_tables/031_Health_Bulletin_2019/table_0030.csv,quarantined_tables/031_Health_Bulletin_2019/table_0030.csv,0,0,rejected,empty_or_single_column,ok,
extracted_tables/031_Health_Bulletin_2019/table_0031.csv,quarantined_tables/031_Health_Bulletin_2019/table_0031.csv,3,12,review_required,placeholder_headers,ok,
extracted_tables/031_Health_Bulletin_2019/table_0032.csv,quarantined_tables/031_Health_Bulletin_2019/table_0032.csv,0,0,rejected,empty_or_single_column,ok,
extracted_tables/031_Health_Bulletin_2019/table_0033.csv,quarantined_tables/031_Health_Bulletin_2019/table_0033.csv,0,0,rejected,empty_or_single_column,ok,
extracted_tables/031_Health_Bulletin_2019/table_0034.csv,quarantined_tables/031_Health_Bulletin_2019/table_0034.csv,0,0,rejected,empty_or_single_column,ok,
extracted_tables/031_Health_Bulletin_2019/table_0035.csv,quarantined_tables/031_Health_Bulletin_2019/table_0035.csv,15,2,review_required,placeholder_headers;high_internal_blank_ratio,ok,
extracted_tables/031_Health_Bulletin_2019/table_0036.csv,quarantined_tables/031_Health_Bulletin_2019/table_0036.csv,2,3,review_required,placeholder_headers,ok,
extracted_tables/031_Health_Bulletin_2019/table_0037.csv,quarantined_tables/031_Health_Bulletin_2019/table_0037.csv,0,0,rejected,empty_or_single_column,ok,
extracted_tables/031_Health_Bulletin_2019/table_0038.csv,quarantined_tables/031_Health_Bulletin_2019/table_0038.csv,0,0,rejected,empty_or_single_column,ok,
extracted_tables/031_Health_Bulletin_2019/table_0039.csv,quarantined_tables/031_Health_Bulletin_2019/table_0039.csv,0,0,rejected,empty_or_single_column,ok,
extracted_tables/031_Health_Bulletin_2019/table_0040.csv,quarantined_tables/031_Health_Bulletin_2019/table_0040.csv,0,0,rejected,empty_or_single_column,ok,
extracted_tables/031_Health_Bulletin_2019/table_0041.csv,quarantined_tables/031_Health_Bulletin_2019/table_0041.csv,0,0,rejected,empty_or_single_column,ok,
extracted_tables/031_Health_Bulletin_2019/table_0042.csv,quarantined_tables/031_Health_Bulletin_2019/table_0042.csv,0,0,rejected,empty_or_single_column,ok,
extracted_tables/031_Health_Bulletin_2019/table_0043.csv,quarantined_tables/031_Health_Bulletin_2019/table_0043.csv,0,0,rejected,empty_or_single_column,ok,
extracted_tables/031_Health_Bulletin_2019/table_0044.csv,quarantined_tables/031_Health_Bulletin_2019/table_0044.csv,0,0,rejected,empty_or_single_column,ok,
extracted_tables/031_Health_Bulletin_2019/table_0045.csv,quarantined_tables/031_Health_Bulletin_2019/table_0045.csv,0,0,rejected,empty_or_single_column,ok,
extracted_tables/031_Health_Bulletin_2019/table_0046.csv,quarantined_tables/031_Health_Bulletin_2019/table_0046.csv,0,0,rejected,empty_or_single_column,ok,
extracted_tables/031_Health_Bulletin_2019/table_0047.csv,quarantined_tables/031_Health_Bulletin_2019/table_0047.csv,0,0,rejected,empty_or_single_column,ok,
extracted_tables/031_Health_Bulletin_2019/table_0048.csv,quarantined_tables/031_Health_Bulletin_2019/table_0048.csv,0,0,rejected,empty_or_single_column,ok,
extracted_tables/031_Health_Bulletin_2019/table_0049.csv,quarantined_tables/031_Health_Bulletin_2019/table_0049.csv,2,4,review_required,placeholder_headers;high_internal_blank_ratio,ok,
extracted_tables/031_Health_Bulletin_2019/table_0050.csv,quarantined_tables/031_Health_Bulletin_2019/table_0050.csv,2,4,review_required,placeholder_headers;high_internal_blank_ratio,ok,
extracted_tables/031_Health_Bulletin_2019/table_0051.csv,quarantined_tables/031_Health_Bulletin_2019/table_0051.csv,2,6,review_required,placeholder_headers;high_internal_blank_ratio,ok,
extracted_tables/031_Health_Bulletin_2019/table_0052.csv,quarantined_tables/031_Health_Bulletin_2019/table_0052.csv,2,6,review_required,placeholder_headers;high_internal_blank_ratio,ok,
extracted_tables/031_Health_Bulletin_2019/table_0053.csv,quarantined_tables/031_Health_Bulletin_2019/table_0053.csv,2,6,review_required,placeholder_headers;high_internal_blank_ratio,ok,
extracted_tables/031_Health_Bulletin_2019/table_0054.csv,quarantined_tables/031_Health_Bulletin_2019/table_0054.csv,2,6,review_required,placeholder_headers;high_internal_blank_ratio,ok,
extracted_tables/031_Health_Bulletin_2019/table_0055.csv,quarantined_tables/031_Health_Bulletin_2019/table_0055.csv,2,6,review_required,placeholder_headers;high_internal_blank_ratio,ok,
extracted_tables/031_Health_Bulletin_2019/table_0056.csv,quarantined_tables/031_Health_Bulletin_2019/table_0056.csv,2,6,review_required,placeholder_headers;high_internal_blank_ratio,ok,
extracted_tables/031_Health_Bulletin_2019/table_0057.csv,quarantined_tables/031_Health_Bulletin_2019/table_0057.csv,1,1,rejected,empty_or_single_column,ok,
extracted_tables/031_Health_Bulletin_2019/table_0058.csv,quarantined_tables/031_Health_Bulletin_2019/table_0058.csv,2,6,review_required,placeholder_headers;high_internal_blank_ratio,ok,
extracted_tables/031_Health_Bulletin_2019/table_0059.csv,quarantined_tables/031_Health_Bulletin_2019/table_0059.csv,0,0,rejected,empty_or_single_column,ok,
extracted_tables/031_Health_Bulletin_2019/table_0060.csv,quarantined_tables/031_Health_Bulletin_2019/table_0060.csv,2,5,review_required,placeholder_headers;high_internal_blank_ratio,ok,
extracted_tables/031_Health_Bulletin_2019/table_0061.csv,quarantined_tables/031_Health_Bulletin_2019/table_0061.csv,0,0,rejected,empty_or_single_column,ok,
extracted_tables/031_Health_Bulletin_2019/table_0062.csv,quarantined_tables/031_Health_Bulletin_2019/table_0062.csv,0,0,rejected,empty_or_single_column,ok,
extracted_tables/031_Health_Bulletin_2019/table_0063.csv,quarantined_tables/031_Health_Bulletin_2019/table_0063.csv,0,0,rejected,empty_or_single_column,ok,
extracted_tables/031_Health_Bulletin_2019/table_0064.csv,quarantined_tables/031_Health_Bulletin_2019/table_0064.csv,0,0,rejected,empty_or_single_column,ok,
extracted_tables/031_Health_Bulletin_2019/table_0065.csv,quarantined_tables/031_Health_Bulletin_2019/table_0065.csv,2,7,review_required,placeholder_headers;high_internal_blank_ratio,ok,
extracted_tables/031_Health_Bulletin_2019/table_0066.csv,quarantined_tables/031_Health_Bulletin_2019/table_0066.csv,4,2,review_required,placeholder_headers;high_internal_blank_ratio,ok,
extracted_tables/031_Health_Bulletin_2019/table_0067.csv,quarantined_tables/031_Health_Bulletin_2019/table_0067.csv,5,2,review_required,placeholder_headers;high_internal_blank_ratio,ok,
extracted_tables/031_Health_Bulletin_2019/table_0068.csv,quarantined_tables/031_Health_Bulletin_2019/table_0068.csv,5,2,review_required,placeholder_headers;high_internal_blank_ratio,ok,
extracted_tables/031_Health_Bulletin_2019/table_0069.csv,quarantined_tables/031_Health_Bulletin_2019/table_0069.csv,10,24,review_required,placeholder_headers;high_internal_blank_ratio,ok,
extracted_tables/031_Health_Bulletin_2019/table_0070.csv,quarantined_tables/031_Health_Bulletin_2019/table_0070.csv,0,0,rejected,empty_or_single_column,ok,
extracted_tables/031_Health_Bulletin_2019/table_0071.csv,quarantined_tables/031_Health_Bulletin_2019/table_0071.csv,8,7,review_required,placeholder_headers;high_internal_blank_ratio,ok,
extracted_tables/031_Health_Bulletin_2019/table_0072.csv,quarantined_tables/031_Health_Bulletin_2019/table_0072.csv,5,2,review_required,placeholder_headers,ok,
extracted_tables/032_Health_Bulletin_2018/table_0001.csv,quarantined_tables/032_Health_Bulletin_2018/table_0001.csv,0,0,rejected,empty_or_single_column,ok,
extracted_tables/032_Health_Bulletin_2018/table_0002.csv,quarantined_tables/032_Health_Bulletin_2018/table_0002.csv,13,2,review_required,placeholder_headers;high_internal_blank_ratio,ok,
extracted_tables/032_Health_Bulletin_2018/table_0003.csv,quarantined_tables/032_Health_Bulletin_2018/table_0003.csv,1,1,rejected,empty_or_single_column,ok,
extracted_tables/032_Health_Bulletin_2018/table_0004.csv,quarantined_tables/032_Health_Bulletin_2018/table_0004.csv,5,3,review_required,placeholder_headers,ok,
extracted_tables/032_Health_Bulletin_2018/table_0005.csv,quarantined_tables/032_Health_Bulletin_2018/table_0005.csv,1,1,rejected,empty_or_single_column,ok,
extracted_tables/032_Health_Bulletin_2018/table_0006.csv,quarantined_tables/032_Health_Bulletin_2018/table_0006.csv,1,1,rejected,empty_or_single_column,ok,
extracted_tables/032_Health_Bulletin_2018/table_0007.csv,quarantined_tables/032_Health_Bulletin_2018/table_0007.csv,15,3,review_required,placeholder_headers,ok,
extracted_tables/032_Health_Bulletin_2018/table_0008.csv,quarantined_tables/032_Health_Bulletin_2018/table_0008.csv,1,1,rejected,empty_or_single_column,ok,
extracted_tables/032_Health_Bulletin_2018/table_0009.csv,quarantined_tables/032_Health_Bulletin_2018/table_0009.csv,11,3,review_required,placeholder_headers,ok,
extracted_tables/032_Health_Bulletin_2018/table_0010.csv,quarantined_tables/032_Health_Bulletin_2018/table_0010.csv,1,1,rejected,empty_or_single_column,ok,
extracted_tables/032_Health_Bulletin_2018/table_0011.csv,quarantined_tables/032_Health_Bulletin_2018/table_0011.csv,13,2,review_required,placeholder_headers;high_internal_blank_ratio,ok,
extracted_tables/032_Health_Bulletin_2018/table_0012.csv,quarantined_tables/032_Health_Bulletin_2018/table_0012.csv,1,1,rejected,empty_or_single_column,ok,
extracted_tables/032_Health_Bulletin_2018/table_0013.csv,quarantined_tables/032_Health_Bulletin_2018/table_0013.csv,1,1,rejected,empty_or_single_column,ok,
extracted_tables/032_Health_Bulletin_2018/table_0014.csv,quarantined_tables/032_Health_Bulletin_2018/table_0014.csv,1,1,rejected,empty_or_single_column,ok,
extracted_tables/032_Health_Bulletin_2018/table_0015.csv,quarantined_tables/032_Health_Bulletin_2018/table_0015.csv,1,1,rejected,empty_or_single_column,ok,
extracted_tables/032_Health_Bulletin_2018/table_0016.csv,quarantined_tables/032_Health_Bulletin_2018/table_0016.csv,1,1,rejected,empty_or_single_column,ok,
extracted_tables/032_Health_Bulletin_2018/table_0017.csv,quarantined_tables/032_Health_Bulletin_2018/table_0017.csv,1,1,rejected,empty_or_single_column,ok,
extracted_tables/032_Health_Bulletin_2018/table_0018.csv,quarantined_tables/032_Health_Bulletin_2018/table_0018.csv,1,1,rejected,empty_or_single_column,ok,
extracted_tables/032_Health_Bulletin_2018/table_0019.csv,quarantined_tables/032_Health_Bulletin_2018/table_0019.csv,1,1,rejected,empty_or_single_column,ok,
extracted_tables/032_Health_Bulletin_2018/table_0020.csv,quarantined_tables/032_Health_Bulletin_2018/table_0020.csv,1,1,rejected,empty_or_single_column,ok,
extracted_tables/032_Health_Bulletin_2018/table_0021.csv,quarantined_tables/032_Health_Bulletin_2018/table_0021.csv,1,1,rejected,empty_or_single_column,ok,
extracted_tables/032_Health_Bulletin_2018/table_0022.csv,quarantined_tables/032_Health_Bulletin_2018/table_0022.csv,1,1,rejected,empty_or_single_column,ok,
extracted_tables/032_Health_Bulletin_2018/table_0023.csv,quarantined_tables/032_Health_Bulletin_2018/table_0023.csv,1,1,rejected,empty_or_single_column,ok,
extracted_tables/032_Health_Bulletin_2018/table_0024.csv,quarantined_tables/032_Health_Bulletin_2018/table_0024.csv,1,1,rejected,empty_or_single_column,ok,
extracted_tables/032_Health_Bulletin_2018/table_0025.csv,quarantined_tables/032_Health_Bulletin_2018/table_0025.csv,1,1,rejected,empty_or_single_column,ok,
extracted_tables/032_Health_Bulletin_2018/table_0026.csv,quarantined_tables/032_Health_Bulletin_2018/table_0026.csv,2,13,review_required,placeholder_headers;high_internal_blank_ratio,ok,
extracted_tables/032_Health_Bulletin_2018/table_0027.csv,quarantined_tables/032_Health_Bulletin_2018/table_0027.csv,2,13,review_required,placeholder_headers;high_internal_blank_ratio,ok,
extracted_tables/032_Health_Bulletin_2018/table_0028.csv,quarantined_tables/032_Health_Bulletin_2018/table_0028.csv,1,1,rejected,empty_or_single_column,ok,
extracted_tables/032_Health_Bulletin_2018/table_0029.csv,quarantined_tables/032_Health_Bulletin_2018/table_0029.csv,1,1,rejected,empty_or_single_column,ok,
extracted_tables/032_Health_Bulletin_2018/table_0030.csv,quarantined_tables/032_Health_Bulletin_2018/table_0030.csv,1,1,rejected,empty_or_single_column,ok,
extracted_tables/032_Health_Bulletin_2018/table_0031.csv,quarantined_tables/032_Health_Bulletin_2018/table_0031.csv,1,1,rejected,empty_or_single_column,ok,
extracted_tables/032_Health_Bulletin_2018/table_0032.csv,quarantined_tables/032_Health_Bulletin_2018/table_0032.csv,1,1,rejected,empty_or_single_column,ok,
extracted_tables/032_Health_Bulletin_2018/table_0033.csv,quarantined_tables/032_Health_Bulletin_2018/table_0033.csv,1,1,rejected,empty_or_single_column,ok,
extracted_tables/032_Health_Bulletin_2018/table_0034.csv,quarantined_tables/032_Health_Bulletin_2018/table_0034.csv,13,2,review_required,placeholder_headers;high_internal_blank_ratio,ok,
extracted_tables/032_Health_Bulletin_2018/table_0035.csv,quarantined_tables/032_Health_Bulletin_2018/table_0035.csv,1,1,rejected,empty_or_single_column,ok,
extracted_tables/032_Health_Bulletin_2018/table_0036.csv,quarantined_tables/032_Health_Bulletin_2018/table_0036.csv,1,1,rejected,empty_or_single_column,ok,
extracted_tables/032_Health_Bulletin_2018/table_0037.csv,quarantined_tables/032_Health_Bulletin_2018/table_0037.csv,1,1,rejected,empty_or_single_column,ok,
extracted_tables/032_Health_Bulletin_2018/table_0038.csv,quarantined_tables/032_Health_Bulletin_2018/table_0038.csv,9,3,review_required,placeholder_headers,ok,
extracted_tables/032_Health_Bulletin_2018/table_0039.csv,quarantined_tables/032_Health_Bulletin_2018/table_0039.csv,1,1,rejected,empty_or_single_column,ok,
extracted_tables/032_Health_Bulletin_2018/table_0040.csv,quarantined_tables/032_Health_Bulletin_2018/table_0040.csv,7,3,review_required,placeholder_headers,ok,
extracted_tables/032_Health_Bulletin_2018/table_0041.csv,quarantined_tables/032_Health_Bulletin_2018/table_0041.csv,1,1,rejected,empty_or_single_column,ok,
extracted_tables/032_Health_Bulletin_2018/table_0042.csv,quarantined_tables/032_Health_Bulletin_2018/table_0042.csv,1,1,rejected,empty_or_single_column,ok,
extracted_tables/032_Health_Bulletin_2018/table_0043.csv,quarantined_tables/032_Health_Bulletin_2018/table_0043.csv,1,1,rejected,empty_or_single_column,ok,
extracted_tables/032_Health_Bulletin_2018/table_0044.csv,quarantined_tables/032_Health_Bulletin_2018/table_0044.csv,0,0,rejected,empty_or_single_column,ok,
extracted_tables/032_Health_Bulletin_2018/table_0045.csv,quarantined_tables/032_Health_Bulletin_2018/table_0045.csv,2,5,review_required,placeholder_headers,ok,
extracted_tables/032_Health_Bulletin_2018/table_0046.csv,quarantined_tables/032_Health_Bulletin_2018/table_0046.csv,1,1,rejected,empty_or_single_column,ok,
extracted_tables/032_Health_Bulletin_2018/table_0047.csv,quarantined_tables/032_Health_Bulletin_2018/table_0047.csv,16,5,review_required,placeholder_headers,ok,
extracted_tables/032_Health_Bulletin_2018/table_0048.csv,quarantined_tables/032_Health_Bulletin_2018/table_0048.csv,1,1,rejected,empty_or_single_column,ok,
extracted_tables/032_Health_Bulletin_2018/table_0049.csv,quarantined_tables/032_Health_Bulletin_2018/table_0049.csv,10,5,review_required,placeholder_headers;high_internal_blank_ratio,ok,
extracted_tables/032_Health_Bulletin_2018/table_0050.csv,quarantined_tables/032_Health_Bulletin_2018/table_0050.csv,1,1,rejected,empty_or_single_column,ok,
extracted_tables/032_Health_Bulletin_2018/table_0051.csv,quarantined_tables/032_Health_Bulletin_2018/table_0051.csv,10,6,review_required,placeholder_headers;high_internal_blank_ratio,ok,
extracted_tables/032_Health_Bulletin_2018/table_0052.csv,quarantined_tables/032_Health_Bulletin_2018/table_0052.csv,1,1,rejected,empty_or_single_column,ok,
extracted_tables/032_Health_Bulletin_2018/table_0053.csv,quarantined_tables/032_Health_Bulletin_2018/table_0053.csv,1,1,rejected,empty_or_single_column,ok,
extracted_tables/032_Health_Bulletin_2018/table_0054.csv,quarantined_tables/032_Health_Bulletin_2018/table_0054.csv,3,3,review_required,placeholder_headers,ok,
extracted_tables/032_Health_Bulletin_2018/table_0055.csv,quarantined_tables/032_Health_Bulletin_2018/table_0055.csv,1,1,rejected,empty_or_single_column,ok,
extracted_tables/032_Health_Bulletin_2018/table_0056.csv,quarantined_tables/032_Health_Bulletin_2018/table_0056.csv,13,2,review_required,placeholder_headers;high_internal_blank_ratio,ok,
extracted_tables/032_Health_Bulletin_2018/table_0057.csv,quarantined_tables/032_Health_Bulletin_2018/table_0057.csv,1,1,rejected,empty_or_single_column,ok,
extracted_tables/032_Health_Bulletin_2018/table_0058.csv,quarantined_tables/032_Health_Bulletin_2018/table_0058.csv,9,8,review_required,placeholder_headers,ok,
extracted_tables/032_Health_Bulletin_2018/table_0059.csv,quarantined_tables/032_Health_Bulletin_2018/table_0059.csv,4,3,review_required,placeholder_headers,ok,
extracted_tables/032_Health_Bulletin_2018/table_0060.csv,quarantined_tables/032_Health_Bulletin_2018/table_0060.csv,2,12,review_required,placeholder_headers,ok,
extracted_tables/032_Health_Bulletin_2018/table_0061.csv,quarantined_tables/032_Health_Bulletin_2018/table_0061.csv,3,9,review_required,placeholder_headers,ok,
extracted_tables/032_Health_Bulletin_2018/table_0062.csv,quarantined_tables/032_Health_Bulletin_2018/table_0062.csv,4,11,review_required,placeholder_headers,ok,
extracted_tables/032_Health_Bulletin_2018/table_0063.csv,quarantined_tables/032_Health_Bulletin_2018/table_0063.csv,14,5,review_required,placeholder_headers,ok,
extracted_tables/032_Health_Bulletin_2018/table_0064.csv,quarantined_tables/032_Health_Bulletin_2018/table_0064.csv,5,5,review_required,placeholder_headers,ok,
extracted_tables/032_Health_Bulletin_2018/table_0065.csv,quarantined_tables/032_Health_Bulletin_2018/table_0065.csv,21,4,review_required,placeholder_headers,ok,
extracted_tables/032_Health_Bulletin_2018/table_0066.csv,quarantined_tables/032_Health_Bulletin_2018/table_0066.csv,23,5,review_required,placeholder_headers,ok,
extracted_tables/032_Health_Bulletin_2018/table_0067.csv,quarantined_tables/032_Health_Bulletin_2018/table_0067.csv,10,2,review_required,placeholder_headers;high_internal_blank_ratio,ok,
extracted_tables/032_Health_Bulletin_2018/table_0068.csv,quarantined_tables/032_Health_Bulletin_2018/table_0068.csv,11,2,review_required,placeholder_headers,ok,
extracted_tables/032_Health_Bulletin_2018/table_0069.csv,quarantined_tables/032_Health_Bulletin_2018/table_0069.csv,2,5,review_required,placeholder_headers;high_internal_blank_ratio,ok,
extracted_tables/032_Health_Bulletin_2018/table_0070.csv,quarantined_tables/032_Health_Bulletin_2018/table_0070.csv,3,5,review_required,placeholder_headers,ok,
extracted_tables/032_Health_Bulletin_2018/table_0071.csv,quarantined_tables/032_Health_Bulletin_2018/table_0071.csv,4,5,review_required,placeholder_headers,ok,
extracted_tables/032_Health_Bulletin_2018/table_0072.csv,quarantined_tables/032_Health_Bulletin_2018/table_0072.csv,3,4,review_required,placeholder_headers;high_internal_blank_ratio,ok,
extracted_tables/032_Health_Bulletin_2018/table_0073.csv,quarantined_tables/032_Health_Bulletin_2018/table_0073.csv,4,4,review_required,placeholder_headers,ok,
extracted_tables/032_Health_Bulletin_2018/table_0074.csv,quarantined_tables/032_Health_Bulletin_2018/table_0074.csv,2,4,review_required,placeholder_headers,ok,
extracted_tables/032_Health_Bulletin_2018/table_0075.csv,quarantined_tables/032_Health_Bulletin_2018/table_0075.csv,0,0,rejected,empty_or_single_column,ok,
extracted_tables/032_Health_Bulletin_2018/table_0076.csv,quarantined_tables/032_Health_Bulletin_2018/table_0076.csv,5,3,review_required,placeholder_headers,ok,
extracted_tables/032_Health_Bulletin_2018/table_0077.csv,quarantined_tables/032_Health_Bulletin_2018/table_0077.csv,7,3,review_required,placeholder_headers,ok,
extracted_tables/032_Health_Bulletin_2018/table_0078.csv,quarantined_tables/032_Health_Bulletin_2018/table_0078.csv,5,3,review_required,placeholder_headers,ok,
extracted_tables/032_Health_Bulletin_2018/table_0079.csv,quarantined_tables/032_Health_Bulletin_2018/table_0079.csv,0,0,rejected,empty_or_single_column,ok,
extracted_tables/032_Health_Bulletin_2018/table_0080.csv,quarantined_tables/032_Health_Bulletin_2018/table_0080.csv,6,2,review_required,placeholder_headers,ok,
extracted_tables/032_Health_Bulletin_2018/table_0081.csv,quarantined_tables/032_Health_Bulletin_2018/table_0081.csv,3,3,review_required,placeholder_headers;high_internal_blank_ratio,ok,
extracted_tables/032_Health_Bulletin_2018/table_0082.csv,quarantined_tables/032_Health_Bulletin_2018/table_0082.csv,0,0,rejected,empty_or_single_column,ok,
extracted_tables/032_Health_Bulletin_2018/table_0083.csv,quarantined_tables/032_Health_Bulletin_2018/table_0083.csv,2,2,review_required,placeholder_headers;high_internal_blank_ratio,ok,
extracted_tables/032_Health_Bulletin_2018/table_0084.csv,quarantined_tables/032_Health_Bulletin_2018/table_0084.csv,2,1,rejected,empty_or_single_column,ok,
extracted_tables/032_Health_Bulletin_2018/table_0085.csv,quarantined_tables/032_Health_Bulletin_2018/table_0085.csv,0,0,rejected,empty_or_single_column,ok,
extracted_tables/032_Health_Bulletin_2018/table_0086.csv,quarantined_tables/032_Health_Bulletin_2018/table_0086.csv,14,4,review_required,placeholder_headers,ok,
extracted_tables/032_Health_Bulletin_2018/table_0087.csv,quarantined_tables/032_Health_Bulletin_2018/table_0087.csv,7,4,review_required,placeholder_headers;high_internal_blank_ratio,ok,
extracted_tables/032_Health_Bulletin_2018/table_0088.csv,quarantined_tables/032_Health_Bulletin_2018/table_0088.csv,17,5,review_required,placeholder_headers,ok,
extracted_tables/032_Health_Bulletin_2018/table_0089.csv,quarantined_tables/032_Health_Bulletin_2018/table_0089.csv,7,5,review_required,placeholder_headers,ok,
extracted_tables/032_Health_Bulletin_2018/table_0090.csv,quarantined_tables/032_Health_Bulletin_2018/table_0090.csv,4,5,review_required,placeholder_headers,ok,
extracted_tables/032_Health_Bulletin_2018/table_0091.csv,quarantined_tables/032_Health_Bulletin_2018/table_0091.csv,3,5,review_required,placeholder_headers,ok,
extracted_tables/032_Health_Bulletin_2018/table_0092.csv,quarantined_tables/032_Health_Bulletin_2018/table_0092.csv,2,4,review_required,placeholder_headers,ok,
extracted_tables/032_Health_Bulletin_2018/table_0093.csv,quarantined_tables/032_Health_Bulletin_2018/table_0093.csv,3,5,review_required,placeholder_headers,ok,
extracted_tables/032_Health_Bulletin_2018/table_0094.csv,quarantined_tables/032_Health_Bulletin_2018/table_0094.csv,5,3,review_required,placeholder_headers,ok,
extracted_tables/032_Health_Bulletin_2018/table_0095.csv,quarantined_tables/032_Health_Bulletin_2018/table_0095.csv,4,3,review_required,placeholder_headers,ok,
extracted_tables/032_Health_Bulletin_2018/table_0096.csv,quarantined_tables/032_Health_Bulletin_2018/table_0096.csv,7,2,review_required,placeholder_headers,ok,
extracted_tables/032_Health_Bulletin_2018/table_0097.csv,quarantined_tables/032_Health_Bulletin_2018/table_0097.csv,9,5,review_required,placeholder_headers,ok,
extracted_tables/032_Health_Bulletin_2018/table_0098.csv,quarantined_tables/032_Health_Bulletin_2018/table_0098.csv,9,5,review_required,placeholder_headers,ok,
extracted_tables/032_Health_Bulletin_2018/table_0099.csv,quarantined_tables/032_Health_Bulletin_2018/table_0099.csv,13,2,review_required,placeholder_headers;high_internal_blank_ratio,ok,
extracted_tables/032_Health_Bulletin_2018/table_0100.csv,quarantined_tables/032_Health_Bulletin_2018/table_0100.csv,1,1,rejected,empty_or_single_column,ok,
extracted_tables/032_Health_Bulletin_2018/table_0101.csv,quarantined_tables/032_Health_Bulletin_2018/table_0101.csv,19,2,review_required,placeholder_headers,ok,
extracted_tables/032_Health_Bulletin_2018/table_0102.csv,quarantined_tables/032_Health_Bulletin_2018/table_0102.csv,1,1,rejected,empty_or_single_column,ok,
extracted_tables/032_Health_Bulletin_2018/table_0103.csv,quarantined_tables/032_Health_Bulletin_2018/table_0103.csv,1,1,rejected,empty_or_single_column,ok,
extracted_tables/032_Health_Bulletin_2018/table_0104.csv,quarantined_tables/032_Health_Bulletin_2018/table_0104.csv,1,1,rejected,empty_or_single_column,ok,
extracted_tables/032_Health_Bulletin_2018/table_0105.csv,quarantined_tables/032_Health_Bulletin_2018/table_0105.csv,13,4,review_required,placeholder_headers,ok,
extracted_tables/032_Health_Bulletin_2018/table_0106.csv,quarantined_tables/032_Health_Bulletin_2018/table_0106.csv,1,1,rejected,empty_or_single_column,ok,
extracted_tables/032_Health_Bulletin_2018/table_0107.csv,quarantined_tables/032_Health_Bulletin_2018/table_0107.csv,17,4,review_required,placeholder_headers,ok,
extracted_tables/032_Health_Bulletin_2018/table_0108.csv,quarantined_tables/032_Health_Bulletin_2018/table_0108.csv,1,1,rejected,empty_or_single_column,ok,
extracted_tables/032_Health_Bulletin_2018/table_0109.csv,quarantined_tables/032_Health_Bulletin_2018/table_0109.csv,12,2,review_required,placeholder_headers,ok,
extracted_tables/032_Health_Bulletin_2018/table_0110.csv,quarantined_tables/032_Health_Bulletin_2018/table_0110.csv,1,1,rejected,empty_or_single_column,ok,
extracted_tables/032_Health_Bulletin_2018/table_0111.csv,quarantined_tables/032_Health_Bulletin_2018/table_0111.csv,14,2,review_required,placeholder_headers,ok,
extracted_tables/032_Health_Bulletin_2018/table_0112.csv,quarantined_tables/032_Health_Bulletin_2018/table_0112.csv,16,2,review_required,placeholder_headers,ok,
extracted_tables/032_Health_Bulletin_2018/table_0113.csv,quarantined_tables/032_Health_Bulletin_2018/table_0113.csv,15,2,review_required,placeholder_headers,ok,
extracted_tables/032_Health_Bulletin_2018/table_0114.csv,quarantined_tables/032_Health_Bulletin_2018/table_0114.csv,1,1,rejected,empty_or_single_column,ok,
extracted_tables/032_Health_Bulletin_2018/table_0115.csv,quarantined_tables/032_Health_Bulletin_2018/table_0115.csv,1,1,rejected,empty_or_single_column,ok,
extracted_tables/032_Health_Bulletin_2018/table_0116.csv,quarantined_tables/032_Health_Bulletin_2018/table_0116.csv,15,2,review_required,placeholder_headers,ok,
extracted_tables/032_Health_Bulletin_2018/table_0117.csv,quarantined_tables/032_Health_Bulletin_2018/table_0117.csv,16,2,review_required,placeholder_headers,ok,
extracted_tables/032_Health_Bulletin_2018/table_0118.csv,quarantined_tables/032_Health_Bulletin_2018/table_0118.csv,1,1,rejected,empty_or_single_column,ok,
extracted_tables/032_Health_Bulletin_2018/table_0119.csv,quarantined_tables/032_Health_Bulletin_2018/table_0119.csv,0,0,rejected,empty_or_single_column,ok,
extracted_tables/032_Health_Bulletin_2018/table_0120.csv,quarantined_tables/032_Health_Bulletin_2018/table_0120.csv,0,0,rejected,empty_or_single_column,ok,
extracted_tables/032_Health_Bulletin_2018/table_0121.csv,quarantined_tables/032_Health_Bulletin_2018/table_0121.csv,12,7,review_required,placeholder_headers,ok,
extracted_tables/032_Health_Bulletin_2018/table_0122.csv,quarantined_tables/032_Health_Bulletin_2018/table_0122.csv,0,0,rejected,empty_or_single_column,ok,
extracted_tables/032_Health_Bulletin_2018/table_0123.csv,quarantined_tables/032_Health_Bulletin_2018/table_0123.csv,0,0,rejected,empty_or_single_column,ok,
extracted_tables/032_Health_Bulletin_2018/table_0124.csv,quarantined_tables/032_Health_Bulletin_2018/table_0124.csv,16,2,review_required,placeholder_headers,ok,
extracted_tables/032_Health_Bulletin_2018/table_0125.csv,quarantined_tables/032_Health_Bulletin_2018/table_0125.csv,14,2,review_required,placeholder_headers,ok,
extracted_tables/032_Health_Bulletin_2018/table_0126.csv,quarantined_tables/032_Health_Bulletin_2018/table_0126.csv,1,1,rejected,empty_or_single_column,ok,
extracted_tables/032_Health_Bulletin_2018/table_0127.csv,quarantined_tables/032_Health_Bulletin_2018/table_0127.csv,1,1,rejected,empty_or_single_column,ok,
extracted_tables/032_Health_Bulletin_2018/table_0128.csv,quarantined_tables/032_Health_Bulletin_2018/table_0128.csv,1,1,rejected,empty_or_single_column,ok,
extracted_tables/032_Health_Bulletin_2018/table_0129.csv,quarantined_tables/032_Health_Bulletin_2018/table_0129.csv,16,3,review_required,placeholder_headers,ok,
extracted_tables/032_Health_Bulletin_2018/table_0130.csv,quarantined_tables/032_Health_Bulletin_2018/table_0130.csv,14,3,review_required,placeholder_headers,ok,
extracted_tables/032_Health_Bulletin_2018/table_0131.csv,quarantined_tables/032_Health_Bulletin_2018/table_0131.csv,1,1,rejected,empty_or_single_column,ok,
extracted_tables/032_Health_Bulletin_2018/table_0132.csv,quarantined_tables/032_Health_Bulletin_2018/table_0132.csv,1,1,rejected,empty_or_single_column,ok,
extracted_tables/032_Health_Bulletin_2018/table_0133.csv,quarantined_tables/032_Health_Bulletin_2018/table_0133.csv,8,3,review_required,placeholder_headers,ok,
extracted_tables/032_Health_Bulletin_2018/table_0134.csv,quarantined_tables/032_Health_Bulletin_2018/table_0134.csv,16,3,review_required,placeholder_headers,ok,
extracted_tables/032_Health_Bulletin_2018/table_0135.csv,quarantined_tables/032_Health_Bulletin_2018/table_0135.csv,1,1,rejected,empty_or_single_column,ok,
extracted_tables/032_Health_Bulletin_2018/table_0136.csv,quarantined_tables/032_Health_Bulletin_2018/table_0136.csv,32,3,review_required,placeholder_headers,ok,
extracted_tables/032_Health_Bulletin_2018/table_0137.csv,quarantined_tables/032_Health_Bulletin_2018/table_0137.csv,31,3,review_required,placeholder_headers,ok,
extracted_tables/032_Health_Bulletin_2018/table_0138.csv,quarantined_tables/032_Health_Bulletin_2018/table_0138.csv,1,1,rejected,empty_or_single_column,ok,
extracted_tables/032_Health_Bulletin_2018/table_0139.csv,quarantined_tables/032_Health_Bulletin_2018/table_0139.csv,6,5,review_required,placeholder_headers,ok,
extracted_tables/032_Health_Bulletin_2018/table_0140.csv,quarantined_tables/032_Health_Bulletin_2018/table_0140.csv,3,5,review_required,placeholder_headers,ok,
extracted_tables/032_Health_Bulletin_2018/table_0141.csv,quarantined_tables/032_Health_Bulletin_2018/table_0141.csv,3,5,review_required,placeholder_headers,ok,
extracted_tables/032_Health_Bulletin_2018/table_0142.csv,quarantined_tables/032_Health_Bulletin_2018/table_0142.csv,6,5,review_required,placeholder_headers,ok,
extracted_tables/032_Health_Bulletin_2018/table_0143.csv,quarantined_tables/032_Health_Bulletin_2018/table_0143.csv,1,1,rejected,empty_or_single_column,ok,
extracted_tables/032_Health_Bulletin_2018/table_0144.csv,quarantined_tables/032_Health_Bulletin_2018/table_0144.csv,3,5,review_required,placeholder_headers,ok,
extracted_tables/032_Health_Bulletin_2018/table_0145.csv,quarantined_tables/032_Health_Bulletin_2018/table_0145.csv,3,5,review_required,placeholder_headers,ok,
extracted_tables/032_Health_Bulletin_2018/table_0146.csv,quarantined_tables/032_Health_Bulletin_2018/table_0146.csv,12,4,review_required,placeholder_headers,ok,
extracted_tables/032_Health_Bulletin_2018/table_0147.csv,quarantined_tables/032_Health_Bulletin_2018/table_0147.csv,1,1,rejected,empty_or_single_column,ok,
extracted_tables/032_Health_Bulletin_2018/table_0148.csv,quarantined_tables/032_Health_Bulletin_2018/table_0148.csv,12,4,review_required,placeholder_headers,ok,
extracted_tables/032_Health_Bulletin_2018/table_0149.csv,quarantined_tables/032_Health_Bulletin_2018/table_0149.csv,12,2,review_required,placeholder_headers,ok,
extracted_tables/032_Health_Bulletin_2018/table_0150.csv,quarantined_tables/032_Health_Bulletin_2018/table_0150.csv,12,2,review_required,placeholder_headers,ok,
extracted_tables/032_Health_Bulletin_2018/table_0151.csv,quarantined_tables/032_Health_Bulletin_2018/table_0151.csv,1,1,rejected,empty_or_single_column,ok,
extracted_tables/032_Health_Bulletin_2018/table_0152.csv,quarantined_tables/032_Health_Bulletin_2018/table_0152.csv,13,2,review_required,placeholder_headers;high_internal_blank_ratio,ok,
extracted_tables/032_Health_Bulletin_2018/table_0153.csv,quarantined_tables/032_Health_Bulletin_2018/table_0153.csv,1,1,rejected,empty_or_single_column,ok,
extracted_tables/032_Health_Bulletin_2018/table_0154.csv,quarantined_tables/032_Health_Bulletin_2018/table_0154.csv,7,6,review_required,placeholder_headers;high_internal_blank_ratio,ok,
extracted_tables/032_Health_Bulletin_2018/table_0155.csv,quarantined_tables/032_Health_Bulletin_2018/table_0155.csv,16,4,review_required,placeholder_headers,ok,
extracted_tables/032_Health_Bulletin_2018/table_0156.csv,quarantined_tables/032_Health_Bulletin_2018/table_0156.csv,0,0,rejected,empty_or_single_column,ok,
extracted_tables/032_Health_Bulletin_2018/table_0157.csv,quarantined_tables/032_Health_Bulletin_2018/table_0157.csv,0,0,rejected,empty_or_single_column,ok,
extracted_tables/032_Health_Bulletin_2018/table_0158.csv,quarantined_tables/032_Health_Bulletin_2018/table_0158.csv,0,0,rejected,empty_or_single_column,ok,
extracted_tables/032_Health_Bulletin_2018/table_0159.csv,quarantined_tables/032_Health_Bulletin_2018/table_0159.csv,2,4,review_required,placeholder_headers,ok,
extracted_tables/032_Health_Bulletin_2018/table_0160.csv,quarantined_tables/032_Health_Bulletin_2018/table_0160.csv,1,1,rejected,empty_or_single_column,ok,
extracted_tables/032_Health_Bulletin_2018/table_0161.csv,quarantined_tables/032_Health_Bulletin_2018/table_0161.csv,10,4,review_required,placeholder_headers,ok,
extracted_tables/032_Health_Bulletin_2018/table_0162.csv,quarantined_tables/032_Health_Bulletin_2018/table_0162.csv,6,4,review_required,placeholder_headers,ok,
extracted_tables/032_Health_Bulletin_2018/table_0163.csv,quarantined_tables/032_Health_Bulletin_2018/table_0163.csv,0,0,rejected,empty_or_single_column,ok,
extracted_tables/032_Health_Bulletin_2018/table_0164.csv,quarantined_tables/032_Health_Bulletin_2018/table_0164.csv,0,0,rejected,empty_or_single_column,ok,
extracted_tables/032_Health_Bulletin_2018/table_0165.csv,quarantined_tables/032_Health_Bulletin_2018/table_0165.csv,0,0,rejected,empty_or_single_column,ok,
extracted_tables/032_Health_Bulletin_2018/table_0166.csv,quarantined_tables/032_Health_Bulletin_2018/table_0166.csv,0,0,rejected,empty_or_single_column,ok,
extracted_tables/032_Health_Bulletin_2018/table_0167.csv,quarantined_tables/032_Health_Bulletin_2018/table_0167.csv,1,1,rejected,empty_or_single_column,ok,
extracted_tables/032_Health_Bulletin_2018/table_0168.csv,quarantined_tables/032_Health_Bulletin_2018/table_0168.csv,0,0,rejected,empty_or_single_column,ok,
extracted_tables/032_Health_Bulletin_2018/table_0169.csv,quarantined_tables/032_Health_Bulletin_2018/table_0169.csv,0,0,rejected,empty_or_single_column,ok,
extracted_tables/032_Health_Bulletin_2018/table_0170.csv,quarantined_tables/032_Health_Bulletin_2018/table_0170.csv,11,7,review_required,placeholder_headers;high_internal_blank_ratio,ok,
extracted_tables/032_Health_Bulletin_2018/table_0171.csv,quarantined_tables/032_Health_Bulletin_2018/table_0171.csv,1,1,rejected,empty_or_single_column,ok,
extracted_tables/032_Health_Bulletin_2018/table_0172.csv,quarantined_tables/032_Health_Bulletin_2018/table_0172.csv,23,7,review_required,placeholder_headers;high_internal_blank_ratio,ok,
extracted_tables/032_Health_Bulletin_2018/table_0173.csv,quarantined_tables/032_Health_Bulletin_2018/table_0173.csv,1,1,rejected,empty_or_single_column,ok,
extracted_tables/032_Health_Bulletin_2018/table_0174.csv,quarantined_tables/032_Health_Bulletin_2018/table_0174.csv,9,2,review_required,placeholder_headers;high_internal_blank_ratio,ok,
extracted_tables/032_Health_Bulletin_2018/table_0175.csv,quarantined_tables/032_Health_Bulletin_2018/table_0175.csv,4,5,review_required,placeholder_headers,ok,
extracted_tables/032_Health_Bulletin_2018/table_0176.csv,quarantined_tables/032_Health_Bulletin_2018/table_0176.csv,1,1,rejected,empty_or_single_column,ok,
extracted_tables/032_Health_Bulletin_2018/table_0177.csv,quarantined_tables/032_Health_Bulletin_2018/table_0177.csv,1,1,rejected,empty_or_single_column,ok,
extracted_tables/032_Health_Bulletin_2018/table_0178.csv,quarantined_tables/032_Health_Bulletin_2018/table_0178.csv,13,2,review_required,placeholder_headers;high_internal_blank_ratio,ok,
extracted_tables/032_Health_Bulletin_2018/table_0179.csv,quarantined_tables/032_Health_Bulletin_2018/table_0179.csv,1,1,rejected,empty_or_single_column,ok,
extracted_tables/032_Health_Bulletin_2018/table_0180.csv,quarantined_tables/032_Health_Bulletin_2018/table_0180.csv,1,1,rejected,empty_or_single_column,ok,
extracted_tables/032_Health_Bulletin_2018/table_0181.csv,quarantined_tables/032_Health_Bulletin_2018/table_0181.csv,4,2,review_required,placeholder_headers;high_internal_blank_ratio,ok,
extracted_tables/032_Health_Bulletin_2018/table_0182.csv,quarantined_tables/032_Health_Bulletin_2018/table_0182.csv,5,3,review_required,placeholder_headers;high_internal_blank_ratio,ok,
extracted_tables/032_Health_Bulletin_2018/table_0183.csv,quarantined_tables/032_Health_Bulletin_2018/table_0183.csv,6,2,review_required,placeholder_headers;high_internal_blank_ratio,ok,
extracted_tables/032_Health_Bulletin_2018/table_0184.csv,quarantined_tables/032_Health_Bulletin_2018/table_0184.csv,1,1,rejected,empty_or_single_column,ok,
extracted_tables/032_Health_Bulletin_2018/table_0185.csv,quarantined_tables/032_Health_Bulletin_2018/table_0185.csv,14,4,review_required,placeholder_headers;high_internal_blank_ratio,ok,
extracted_tables/032_Health_Bulletin_2018/table_0186.csv,quarantined_tables/032_Health_Bulletin_2018/table_0186.csv,4,3,review_required,placeholder_headers,ok,
extracted_tables/032_Health_Bulletin_2018/table_0187.csv,quarantined_tables/032_Health_Bulletin_2018/table_0187.csv,5,9,review_required,placeholder_headers,ok,
extracted_tables/032_Health_Bulletin_2018/table_0188.csv,quarantined_tables/032_Health_Bulletin_2018/table_0188.csv,3,3,review_required,placeholder_headers,ok,
extracted_tables/032_Health_Bulletin_2018/table_0189.csv,quarantined_tables/032_Health_Bulletin_2018/table_0189.csv,3,2,review_required,placeholder_headers;high_internal_blank_ratio,ok,
extracted_tables/032_Health_Bulletin_2018/table_0190.csv,quarantined_tables/032_Health_Bulletin_2018/table_0190.csv,3,3,review_required,placeholder_headers,ok,
extracted_tables/032_Health_Bulletin_2018/table_0191.csv,quarantined_tables/032_Health_Bulletin_2018/table_0191.csv,5,2,review_required,placeholder_headers,ok,
extracted_tables/032_Health_Bulletin_2018/table_0192.csv,quarantined_tables/032_Health_Bulletin_2018/table_0192.csv,5,3,review_required,placeholder_headers;high_internal_blank_ratio,ok,
extracted_tables/032_Health_Bulletin_2018/table_0193.csv,quarantined_tables/032_Health_Bulletin_2018/table_0193.csv,13,5,review_required,placeholder_headers,ok,
extracted_tables/032_Health_Bulletin_2018/table_0194.csv,quarantined_tables/032_Health_Bulletin_2018/table_0194.csv,13,2,review_required,placeholder_headers;high_internal_blank_ratio,ok,
extracted_tables/032_Health_Bulletin_2018/table_0195.csv,quarantined_tables/032_Health_Bulletin_2018/table_0195.csv,1,1,rejected,empty_or_single_column,ok,
extracted_tables/032_Health_Bulletin_2018/table_0196.csv,quarantined_tables/032_Health_Bulletin_2018/table_0196.csv,0,0,rejected,empty_or_single_column,ok,
extracted_tables/032_Health_Bulletin_2018/table_0197.csv,quarantined_tables/032_Health_Bulletin_2018/table_0197.csv,1,1,rejected,empty_or_single_column,ok,
extracted_tables/032_Health_Bulletin_2018/table_0198.csv,quarantined_tables/032_Health_Bulletin_2018/table_0198.csv,1,1,rejected,empty_or_single_column,ok,
extracted_tables/032_Health_Bulletin_2018/table_0199.csv,quarantined_tables/032_Health_Bulletin_2018/table_0199.csv,1,1,rejected,empty_or_single_column,ok,
extracted_tables/032_Health_Bulletin_2018/table_0200.csv,quarantined_tables/032_Health_Bulletin_2018/table_0200.csv,1,1,rejected,empty_or_single_column,ok,
extracted_tables/032_Health_Bulletin_2018/table_0201.csv,quarantined_tables/032_Health_Bulletin_2018/table_0201.csv,0,0,rejected,empty_or_single_column,ok,
extracted_tables/032_Health_Bulletin_2018/table_0202.csv,quarantined_tables/032_Health_Bulletin_2018/table_0202.csv,1,1,rejected,empty_or_single_column,ok,
extracted_tables/032_Health_Bulletin_2018/table_0203.csv,quarantined_tables/032_Health_Bulletin_2018/table_0203.csv,0,0,rejected,empty_or_single_column,ok,
extracted_tables/032_Health_Bulletin_2018/table_0204.csv,quarantined_tables/032_Health_Bulletin_2018/table_0204.csv,0,0,rejected,empty_or_single_column,ok,
extracted_tables/032_Health_Bulletin_2018/table_0205.csv,quarantined_tables/032_Health_Bulletin_2018/table_0205.csv,0,0,rejected,empty_or_single_column,ok,
extracted_tables/032_Health_Bulletin_2018/table_0206.csv,quarantined_tables/032_Health_Bulletin_2018/table_0206.csv,0,0,rejected,empty_or_single_column,ok,
extracted_tables/032_Health_Bulletin_2018/table_0207.csv,quarantined_tables/032_Health_Bulletin_2018/table_0207.csv,1,1,rejected,empty_or_single_column,ok,
extracted_tables/032_Health_Bulletin_2018/table_0208.csv,quarantined_tables/032_Health_Bulletin_2018/table_0208.csv,0,0,rejected,empty_or_single_column,ok,
extracted_tables/032_Health_Bulletin_2018/table_0209.csv,quarantined_tables/032_Health_Bulletin_2018/table_0209.csv,0,0,rejected,empty_or_single_column,ok,
extracted_tables/032_Health_Bulletin_2018/table_0210.csv,quarantined_tables/032_Health_Bulletin_2018/table_0210.csv,0,0,rejected,empty_or_single_column,ok,
extracted_tables/032_Health_Bulletin_2018/table_0211.csv,quarantined_tables/032_Health_Bulletin_2018/table_0211.csv,1,1,rejected,empty_or_single_column,ok,
extracted_tables/032_Health_Bulletin_2018/table_0212.csv,quarantined_tables/032_Health_Bulletin_2018/table_0212.csv,0,0,rejected,empty_or_single_column,ok,
extracted_tables/032_Health_Bulletin_2018/table_0213.csv,quarantined_tables/032_Health_Bulletin_2018/table_0213.csv,0,0,rejected,empty_or_single_column,ok,
extracted_tables/032_Health_Bulletin_2018/table_0214.csv,quarantined_tables/032_Health_Bulletin_2018/table_0214.csv,1,1,rejected,empty_or_single_column,ok,
extracted_tables/032_Health_Bulletin_2018/table_0215.csv,quarantined_tables/032_Health_Bulletin_2018/table_0215.csv,0,0,rejected,empty_or_single_column,ok,
extracted_tables/032_Health_Bulletin_2018/table_0216.csv,quarantined_tables/032_Health_Bulletin_2018/table_0216.csv,1,1,rejected,empty_or_single_column,ok,
extracted_tables/032_Health_Bulletin_2018/table_0217.csv,quarantined_tables/032_Health_Bulletin_2018/table_0217.csv,1,1,rejected,empty_or_single_column,ok,
extracted_tables/032_Health_Bulletin_2018/table_0218.csv,quarantined_tables/032_Health_Bulletin_2018/table_0218.csv,11,5,review_required,placeholder_headers;high_internal_blank_ratio,ok,
extracted_tables/032_Health_Bulletin_2018/table_0219.csv,quarantined_tables/032_Health_Bulletin_2018/table_0219.csv,1,1,rejected,empty_or_single_column,ok,
extracted_tables/032_Health_Bulletin_2018/table_0220.csv,quarantined_tables/032_Health_Bulletin_2018/table_0220.csv,4,3,review_required,placeholder_headers,ok,
extracted_tables/032_Health_Bulletin_2018/table_0221.csv,quarantined_tables/032_Health_Bulletin_2018/table_0221.csv,1,1,rejected,empty_or_single_column,ok,
extracted_tables/032_Health_Bulletin_2018/table_0222.csv,quarantined_tables/032_Health_Bulletin_2018/table_0222.csv,1,1,rejected,empty_or_single_column,ok,
extracted_tables/032_Health_Bulletin_2018/table_0223.csv,quarantined_tables/032_Health_Bulletin_2018/table_0223.csv,13,2,review_required,placeholder_headers;high_internal_blank_ratio,ok,
extracted_tables/032_Health_Bulletin_2018/table_0224.csv,quarantined_tables/032_Health_Bulletin_2018/table_0224.csv,1,1,rejected,empty_or_single_column,ok,
extracted_tables/032_Health_Bulletin_2018/table_0225.csv,quarantined_tables/032_Health_Bulletin_2018/table_0225.csv,1,1,rejected,empty_or_single_column,ok,
extracted_tables/032_Health_Bulletin_2018/table_0226.csv,quarantined_tables/032_Health_Bulletin_2018/table_0226.csv,1,1,rejected,empty_or_single_column,ok,
extracted_tables/032_Health_Bulletin_2018/table_0227.csv,quarantined_tables/032_Health_Bulletin_2018/table_0227.csv,13,2,review_required,placeholder_headers;high_internal_blank_ratio,ok,
extracted_tables/032_Health_Bulletin_2018/table_0228.csv,quarantined_tables/032_Health_Bulletin_2018/table_0228.csv,1,1,rejected,empty_or_single_column,ok,
extracted_tables/032_Health_Bulletin_2018/table_0229.csv,quarantined_tables/032_Health_Bulletin_2018/table_0229.csv,0,0,rejected,empty_or_single_column,ok,
extracted_tables/032_Health_Bulletin_2018/table_0230.csv,quarantined_tables/032_Health_Bulletin_2018/table_0230.csv,0,0,rejected,empty_or_single_column,ok,
extracted_tables/032_Health_Bulletin_2018/table_0231.csv,quarantined_tables/032_Health_Bulletin_2018/table_0231.csv,0,0,rejected,empty_or_single_column,ok,
extracted_tables/032_Health_Bulletin_2018/table_0232.csv,quarantined_tables/032_Health_Bulletin_2018/table_0232.csv,8,5,review_required,placeholder_headers,ok,
extracted_tables/032_Health_Bulletin_2018/table_0233.csv,quarantined_tables/032_Health_Bulletin_2018/table_0233.csv,1,1,rejected,empty_or_single_column,ok,
extracted_tables/032_Health_Bulletin_2018/table_0234.csv,quarantined_tables/032_Health_Bulletin_2018/table_0234.csv,11,5,review_required,placeholder_headers,ok,
extracted_tables/032_Health_Bulletin_2018/table_0235.csv,quarantined_tables/032_Health_Bulletin_2018/table_0235.csv,0,0,rejected,empty_or_single_column,ok,
extracted_tables/032_Health_Bulletin_2018/table_0236.csv,quarantined_tables/032_Health_Bulletin_2018/table_0236.csv,0,0,rejected,empty_or_single_column,ok,
extracted_tables/032_Health_Bulletin_2018/table_0237.csv,quarantined_tables/032_Health_Bulletin_2018/table_0237.csv,0,0,rejected,empty_or_single_column,ok,
extracted_tables/032_Health_Bulletin_2018/table_0238.csv,quarantined_tables/032_Health_Bulletin_2018/table_0238.csv,1,1,rejected,empty_or_single_column,ok,
extracted_tables/032_Health_Bulletin_2018/table_0239.csv,quarantined_tables/032_Health_Bulletin_2018/table_0239.csv,0,0,rejected,empty_or_single_column,ok,
extracted_tables/032_Health_Bulletin_2018/table_0240.csv,quarantined_tables/032_Health_Bulletin_2018/table_0240.csv,0,0,rejected,empty_or_single_column,ok,
extracted_tables/032_Health_Bulletin_2018/table_0241.csv,quarantined_tables/032_Health_Bulletin_2018/table_0241.csv,7,5,review_required,placeholder_headers,ok,
extracted_tables/032_Health_Bulletin_2018/table_0242.csv,quarantined_tables/032_Health_Bulletin_2018/table_0242.csv,1,1,rejected,empty_or_single_column,ok,
extracted_tables/032_Health_Bulletin_2018/table_0243.csv,quarantined_tables/032_Health_Bulletin_2018/table_0243.csv,21,6,review_required,placeholder_headers,ok,
extracted_tables/032_Health_Bulletin_2018/table_0244.csv,quarantined_tables/032_Health_Bulletin_2018/table_0244.csv,16,4,review_required,placeholder_headers,ok,
extracted_tables/032_Health_Bulletin_2018/table_0245.csv,quarantined_tables/032_Health_Bulletin_2018/table_0245.csv,1,1,rejected,empty_or_single_column,ok,
extracted_tables/032_Health_Bulletin_2018/table_0246.csv,quarantined_tables/032_Health_Bulletin_2018/table_0246.csv,13,3,review_required,placeholder_headers,ok,
extracted_tables/032_Health_Bulletin_2018/table_0247.csv,quarantined_tables/032_Health_Bulletin_2018/table_0247.csv,13,2,review_required,placeholder_headers;high_internal_blank_ratio,ok,
extracted_tables/032_Health_Bulletin_2018/table_0248.csv,quarantined_tables/032_Health_Bulletin_2018/table_0248.csv,8,2,review_required,placeholder_headers,ok,
extracted_tables/032_Health_Bulletin_2018/table_0249.csv,quarantined_tables/032_Health_Bulletin_2018/table_0249.csv,1,1,rejected,empty_or_single_column,ok,
extracted_tables/032_Health_Bulletin_2018/table_0250.csv,quarantined_tables/032_Health_Bulletin_2018/table_0250.csv,6,2,review_required,placeholder_headers,ok,
extracted_tables/032_Health_Bulletin_2018/table_0251.csv,quarantined_tables/032_Health_Bulletin_2018/table_0251.csv,5,4,review_required,placeholder_headers,ok,
extracted_tables/032_Health_Bulletin_2018/table_0252.csv,quarantined_tables/032_Health_Bulletin_2018/table_0252.csv,4,2,review_required,placeholder_headers,ok,
extracted_tables/032_Health_Bulletin_2018/table_0253.csv,quarantined_tables/032_Health_Bulletin_2018/table_0253.csv,5,2,review_required,placeholder_headers,ok,
extracted_tables/032_Health_Bulletin_2018/table_0254.csv,quarantined_tables/032_Health_Bulletin_2018/table_0254.csv,5,2,review_required,placeholder_headers,ok,
extracted_tables/032_Health_Bulletin_2018/table_0255.csv,quarantined_tables/032_Health_Bulletin_2018/table_0255.csv,4,2,review_required,placeholder_headers,ok,
extracted_tables/032_Health_Bulletin_2018/table_0256.csv,quarantined_tables/032_Health_Bulletin_2018/table_0256.csv,1,1,rejected,empty_or_single_column,ok,
extracted_tables/032_Health_Bulletin_2018/table_0257.csv,quarantined_tables/032_Health_Bulletin_2018/table_0257.csv,4,3,review_required,placeholder_headers,ok,
extracted_tables/032_Health_Bulletin_2018/table_0258.csv,quarantined_tables/032_Health_Bulletin_2018/table_0258.csv,11,9,review_required,placeholder_headers,ok,
extracted_tables/032_Health_Bulletin_2018/table_0259.csv,quarantined_tables/032_Health_Bulletin_2018/table_0259.csv,6,2,review_required,placeholder_headers,ok,
extracted_tables/032_Health_Bulletin_2018/table_0260.csv,quarantined_tables/032_Health_Bulletin_2018/table_0260.csv,6,2,review_required,placeholder_headers,ok,
extracted_tables/032_Health_Bulletin_2018/table_0261.csv,quarantined_tables/032_Health_Bulletin_2018/table_0261.csv,1,1,rejected,empty_or_single_column,ok,
extracted_tables/032_Health_Bulletin_2018/table_0262.csv,quarantined_tables/032_Health_Bulletin_2018/table_0262.csv,12,2,review_required,placeholder_headers,ok,
extracted_tables/032_Health_Bulletin_2018/table_0263.csv,quarantined_tables/032_Health_Bulletin_2018/table_0263.csv,9,2,review_required,placeholder_headers,ok,
extracted_tables/032_Health_Bulletin_2018/table_0264.csv,quarantined_tables/032_Health_Bulletin_2018/table_0264.csv,13,2,review_required,placeholder_headers,ok,
extracted_tables/032_Health_Bulletin_2018/table_0265.csv,quarantined_tables/032_Health_Bulletin_2018/table_0265.csv,9,2,review_required,placeholder_headers,ok,
extracted_tables/032_Health_Bulletin_2018/table_0266.csv,quarantined_tables/032_Health_Bulletin_2018/table_0266.csv,1,1,rejected,empty_or_single_column,ok,
extracted_tables/032_Health_Bulletin_2018/table_0267.csv,quarantined_tables/032_Health_Bulletin_2018/table_0267.csv,5,2,review_required,placeholder_headers,ok,
extracted_tables/032_Health_Bulletin_2018/table_0268.csv,quarantined_tables/032_Health_Bulletin_2018/table_0268.csv,4,2,review_required,placeholder_headers,ok,
extracted_tables/032_Health_Bulletin_2018/table_0269.csv,quarantined_tables/032_Health_Bulletin_2018/table_0269.csv,4,3,review_required,placeholder_headers,ok,
extracted_tables/032_Health_Bulletin_2018/table_0270.csv,quarantined_tables/032_Health_Bulletin_2018/table_0270.csv,6,2,review_required,placeholder_headers,ok,
extracted_tables/033_Health_Bulletin_2017/table_0001.csv,quarantined_tables/033_Health_Bulletin_2017/table_0001.csv,13,7,review_required,placeholder_headers,ok,
extracted_tables/033_Health_Bulletin_2017/table_0002.csv,quarantined_tables/033_Health_Bulletin_2017/table_0002.csv,3,2,review_required,placeholder_headers;high_internal_blank_ratio,ok,
extracted_tables/033_Health_Bulletin_2017/table_0003.csv,quarantined_tables/033_Health_Bulletin_2017/table_0003.csv,2,5,review_required,placeholder_headers,ok,
extracted_tables/033_Health_Bulletin_2017/table_0004.csv,quarantined_tables/033_Health_Bulletin_2017/table_0004.csv,18,2,review_required,placeholder_headers;high_internal_blank_ratio,ok,
extracted_tables/033_Health_Bulletin_2017/table_0005.csv,quarantined_tables/033_Health_Bulletin_2017/table_0005.csv,14,2,review_required,placeholder_headers,ok,
extracted_tables/033_Health_Bulletin_2017/table_0006.csv,quarantined_tables/033_Health_Bulletin_2017/table_0006.csv,10,5,review_required,placeholder_headers;high_internal_blank_ratio,ok,
extracted_tables/033_Health_Bulletin_2017/table_0007.csv,quarantined_tables/033_Health_Bulletin_2017/table_0007.csv,9,5,review_required,placeholder_headers;high_internal_blank_ratio,ok,
extracted_tables/033_Health_Bulletin_2017/table_0008.csv,quarantined_tables/033_Health_Bulletin_2017/table_0008.csv,6,5,review_required,placeholder_headers;high_internal_blank_ratio,ok,
extracted_tables/033_Health_Bulletin_2017/table_0009.csv,quarantined_tables/033_Health_Bulletin_2017/table_0009.csv,11,5,review_required,placeholder_headers;high_internal_blank_ratio,ok,
extracted_tables/033_Health_Bulletin_2017/table_0010.csv,quarantined_tables/033_Health_Bulletin_2017/table_0010.csv,8,5,review_required,placeholder_headers;high_internal_blank_ratio,ok,
extracted_tables/033_Health_Bulletin_2017/table_0011.csv,quarantined_tables/033_Health_Bulletin_2017/table_0011.csv,6,5,review_required,placeholder_headers;high_internal_blank_ratio,ok,
extracted_tables/033_Health_Bulletin_2017/table_0012.csv,quarantined_tables/033_Health_Bulletin_2017/table_0012.csv,8,5,review_required,placeholder_headers;high_internal_blank_ratio,ok,
extracted_tables/033_Health_Bulletin_2017/table_0013.csv,quarantined_tables/033_Health_Bulletin_2017/table_0013.csv,22,5,review_required,placeholder_headers;high_internal_blank_ratio,ok,
extracted_tables/033_Health_Bulletin_2017/table_0014.csv,quarantined_tables/033_Health_Bulletin_2017/table_0014.csv,10,3,review_required,placeholder_headers,ok,
extracted_tables/033_Health_Bulletin_2017/table_0015.csv,quarantined_tables/033_Health_Bulletin_2017/table_0015.csv,12,9,review_required,placeholder_headers,ok,
extracted_tables/033_Health_Bulletin_2017/table_0016.csv,quarantined_tables/033_Health_Bulletin_2017/table_0016.csv,0,0,rejected,empty_or_single_column,ok,
extracted_tables/033_Health_Bulletin_2017/table_0017.csv,quarantined_tables/033_Health_Bulletin_2017/table_0017.csv,10,2,review_required,placeholder_headers,ok,
extracted_tables/033_Health_Bulletin_2017/table_0018.csv,quarantined_tables/033_Health_Bulletin_2017/table_0018.csv,20,2,review_required,placeholder_headers,ok,
extracted_tables/033_Health_Bulletin_2017/table_0019.csv,quarantined_tables/033_Health_Bulletin_2017/table_0019.csv,10,2,review_required,placeholder_headers,ok,
extracted_tables/033_Health_Bulletin_2017/table_0020.csv,quarantined_tables/033_Health_Bulletin_2017/table_0020.csv,4,10,review_required,placeholder_headers,ok,
extracted_tables/033_Health_Bulletin_2017/table_0021.csv,quarantined_tables/033_Health_Bulletin_2017/table_0021.csv,5,12,review_required,placeholder_headers;high_internal_blank_ratio,ok,
extracted_tables/033_Health_Bulletin_2017/table_0022.csv,quarantined_tables/033_Health_Bulletin_2017/table_0022.csv,0,0,rejected,empty_or_single_column,ok,
extracted_tables/033_Health_Bulletin_2017/table_0023.csv,quarantined_tables/033_Health_Bulletin_2017/table_0023.csv,21,3,review_required,placeholder_headers,ok,
extracted_tables/033_Health_Bulletin_2017/table_0024.csv,quarantined_tables/033_Health_Bulletin_2017/table_0024.csv,11,6,review_required,placeholder_headers,ok,
extracted_tables/033_Health_Bulletin_2017/table_0025.csv,quarantined_tables/033_Health_Bulletin_2017/table_0025.csv,11,6,review_required,placeholder_headers,ok,
extracted_tables/033_Health_Bulletin_2017/table_0026.csv,quarantined_tables/033_Health_Bulletin_2017/table_0026.csv,15,3,review_required,placeholder_headers;high_internal_blank_ratio,ok,
extracted_tables/033_Health_Bulletin_2017/table_0027.csv,quarantined_tables/033_Health_Bulletin_2017/table_0027.csv,15,4,review_required,placeholder_headers,ok,
extracted_tables/033_Health_Bulletin_2017/table_0028.csv,quarantined_tables/033_Health_Bulletin_2017/table_0028.csv,0,0,rejected,empty_or_single_column,ok,
extracted_tables/033_Health_Bulletin_2017/table_0029.csv,quarantined_tables/033_Health_Bulletin_2017/table_0029.csv,0,0,rejected,empty_or_single_column,ok,
extracted_tables/033_Health_Bulletin_2017/table_0030.csv,quarantined_tables/033_Health_Bulletin_2017/table_0030.csv,0,0,rejected,empty_or_single_column,ok,
extracted_tables/033_Health_Bulletin_2017/table_0031.csv,quarantined_tables/033_Health_Bulletin_2017/table_0031.csv,0,0,rejected,empty_or_single_column,ok,
extracted_tables/033_Health_Bulletin_2017/table_0032.csv,quarantined_tables/033_Health_Bulletin_2017/table_0032.csv,15,8,review_required,placeholder_headers,ok,
extracted_tables/033_Health_Bulletin_2017/table_0033.csv,quarantined_tables/033_Health_Bulletin_2017/table_0033.csv,0,0,rejected,empty_or_single_column,ok,
extracted_tables/033_Health_Bulletin_2017/table_0034.csv,quarantined_tables/033_Health_Bulletin_2017/table_0034.csv,0,0,rejected,empty_or_single_column,ok,
extracted_tables/033_Health_Bulletin_2017/table_0035.csv,quarantined_tables/033_Health_Bulletin_2017/table_0035.csv,0,0,rejected,empty_or_single_column,ok,
extracted_tables/033_Health_Bulletin_2017/table_0036.csv,quarantined_tables/033_Health_Bulletin_2017/table_0036.csv,15,8,review_required,placeholder_headers,ok,
extracted_tables/033_Health_Bulletin_2017/table_0037.csv,quarantined_tables/033_Health_Bulletin_2017/table_0037.csv,0,0,rejected,empty_or_single_column,ok,
extracted_tables/033_Health_Bulletin_2017/table_0038.csv,quarantined_tables/033_Health_Bulletin_2017/table_0038.csv,0,0,rejected,empty_or_single_column,ok,
extracted_tables/033_Health_Bulletin_2017/table_0039.csv,quarantined_tables/033_Health_Bulletin_2017/table_0039.csv,0,0,rejected,empty_or_single_column,ok,
extracted_tables/033_Health_Bulletin_2017/table_0040.csv,quarantined_tables/033_Health_Bulletin_2017/table_0040.csv,4,11,review_required,placeholder_headers,ok,
extracted_tables/033_Health_Bulletin_2017/table_0041.csv,quarantined_tables/033_Health_Bulletin_2017/table_0041.csv,0,0,rejected,empty_or_single_column,ok,
extracted_tables/033_Health_Bulletin_2017/table_0042.csv,quarantined_tables/033_Health_Bulletin_2017/table_0042.csv,0,0,rejected,empty_or_single_column,ok,
extracted_tables/033_Health_Bulletin_2017/table_0043.csv,quarantined_tables/033_Health_Bulletin_2017/table_0043.csv,8,3,review_required,placeholder_headers,ok,
extracted_tables/033_Health_Bulletin_2017/table_0044.csv,quarantined_tables/033_Health_Bulletin_2017/table_0044.csv,8,5,review_required,placeholder_headers,ok,
extracted_tables/033_Health_Bulletin_2017/table_0045.csv,quarantined_tables/033_Health_Bulletin_2017/table_0045.csv,8,6,review_required,placeholder_headers,ok,
extracted_tables/033_Health_Bulletin_2017/table_0046.csv,quarantined_tables/033_Health_Bulletin_2017/table_0046.csv,9,9,review_required,placeholder_headers,ok,
extracted_tables/033_Health_Bulletin_2017/table_0047.csv,quarantined_tables/033_Health_Bulletin_2017/table_0047.csv,0,0,rejected,empty_or_single_column,ok,
extracted_tables/033_Health_Bulletin_2017/table_0048.csv,quarantined_tables/033_Health_Bulletin_2017/table_0048.csv,0,0,rejected,empty_or_single_column,ok,
extracted_tables/033_Health_Bulletin_2017/table_0049.csv,quarantined_tables/033_Health_Bulletin_2017/table_0049.csv,0,0,rejected,empty_or_single_column,ok,
extracted_tables/033_Health_Bulletin_2017/table_0050.csv,quarantined_tables/033_Health_Bulletin_2017/table_0050.csv,20,6,review_required,placeholder_headers,ok,
extracted_tables/033_Health_Bulletin_2017/table_0051.csv,quarantined_tables/033_Health_Bulletin_2017/table_0051.csv,11,14,review_required,placeholder_headers,ok,
extracted_tables/033_Health_Bulletin_2017/table_0052.csv,quarantined_tables/033_Health_Bulletin_2017/table_0052.csv,7,5,review_required,placeholder_headers,ok,
extracted_tables/033_Health_Bulletin_2017/table_0053.csv,quarantined_tables/033_Health_Bulletin_2017/table_0053.csv,14,7,review_required,placeholder_headers,ok,
extracted_tables/033_Health_Bulletin_2017/table_0054.csv,quarantined_tables/033_Health_Bulletin_2017/table_0054.csv,21,7,review_required,placeholder_headers,ok,
extracted_tables/033_Health_Bulletin_2017/table_0055.csv,quarantined_tables/033_Health_Bulletin_2017/table_0055.csv,12,7,review_required,placeholder_headers,ok,
extracted_tables/033_Health_Bulletin_2017/table_0056.csv,quarantined_tables/033_Health_Bulletin_2017/table_0056.csv,18,6,review_required,placeholder_headers,ok,
extracted_tables/033_Health_Bulletin_2017/table_0057.csv,quarantined_tables/033_Health_Bulletin_2017/table_0057.csv,22,7,review_required,placeholder_headers,ok,
extracted_tables/033_Health_Bulletin_2017/table_0058.csv,quarantined_tables/033_Health_Bulletin_2017/table_0058.csv,6,3,review_required,placeholder_headers,ok,
extracted_tables/033_Health_Bulletin_2017/table_0059.csv,quarantined_tables/033_Health_Bulletin_2017/table_0059.csv,7,3,review_required,placeholder_headers,ok,
extracted_tables/033_Health_Bulletin_2017/table_0060.csv,quarantined_tables/033_Health_Bulletin_2017/table_0060.csv,6,3,review_required,placeholder_headers,ok,
extracted_tables/033_Health_Bulletin_2017/table_0061.csv,quarantined_tables/033_Health_Bulletin_2017/table_0061.csv,5,3,review_required,placeholder_headers,ok,
extracted_tables/033_Health_Bulletin_2017/table_0062.csv,quarantined_tables/033_Health_Bulletin_2017/table_0062.csv,9,8,review_required,placeholder_headers,ok,
extracted_tables/033_Health_Bulletin_2017/table_0063.csv,quarantined_tables/033_Health_Bulletin_2017/table_0063.csv,15,4,review_required,placeholder_headers,ok,
extracted_tables/033_Health_Bulletin_2017/table_0064.csv,quarantined_tables/033_Health_Bulletin_2017/table_0064.csv,16,4,review_required,placeholder_headers,ok,
extracted_tables/033_Health_Bulletin_2017/table_0065.csv,quarantined_tables/033_Health_Bulletin_2017/table_0065.csv,6,9,review_required,placeholder_headers;high_internal_blank_ratio,ok,
extracted_tables/033_Health_Bulletin_2017/table_0066.csv,quarantined_tables/033_Health_Bulletin_2017/table_0066.csv,47,4,review_required,placeholder_headers,ok,
extracted_tables/033_Health_Bulletin_2017/table_0067.csv,quarantined_tables/033_Health_Bulletin_2017/table_0067.csv,2,2,review_required,placeholder_headers;high_internal_blank_ratio,ok,
extracted_tables/033_Health_Bulletin_2017/table_0068.csv,quarantined_tables/033_Health_Bulletin_2017/table_0068.csv,1,1,rejected,empty_or_single_column,ok,
extracted_tables/033_Health_Bulletin_2017/table_0069.csv,quarantined_tables/033_Health_Bulletin_2017/table_0069.csv,0,0,rejected,empty_or_single_column,ok,
extracted_tables/033_Health_Bulletin_2017/table_0070.csv,quarantined_tables/033_Health_Bulletin_2017/table_0070.csv,0,0,rejected,empty_or_single_column,ok,
extracted_tables/033_Health_Bulletin_2017/table_0071.csv,quarantined_tables/033_Health_Bulletin_2017/table_0071.csv,15,5,review_required,placeholder_headers,ok,
extracted_tables/033_Health_Bulletin_2017/table_0072.csv,quarantined_tables/033_Health_Bulletin_2017/table_0072.csv,7,9,review_required,placeholder_headers;high_internal_blank_ratio,ok,
extracted_tables/033_Health_Bulletin_2017/table_0073.csv,quarantined_tables/033_Health_Bulletin_2017/table_0073.csv,7,6,review_required,placeholder_headers;high_internal_blank_ratio,ok,
extracted_tables/033_Health_Bulletin_2017/table_0074.csv,quarantined_tables/033_Health_Bulletin_2017/table_0074.csv,8,8,review_required,placeholder_headers,ok,
extracted_tables/033_Health_Bulletin_2017/table_0075.csv,quarantined_tables/033_Health_Bulletin_2017/table_0075.csv,32,3,review_required,placeholder_headers;high_internal_blank_ratio,ok,
extracted_tables/033_Health_Bulletin_2017/table_0076.csv,quarantined_tables/033_Health_Bulletin_2017/table_0076.csv,41,3,review_required,placeholder_headers;high_internal_blank_ratio,ok,
extracted_tables/033_Health_Bulletin_2017/table_0077.csv,quarantined_tables/033_Health_Bulletin_2017/table_0077.csv,36,3,review_required,placeholder_headers,ok,
extracted_tables/033_Health_Bulletin_2017/table_0078.csv,quarantined_tables/033_Health_Bulletin_2017/table_0078.csv,35,3,review_required,placeholder_headers;high_internal_blank_ratio,ok,
extracted_tables/033_Health_Bulletin_2017/table_0079.csv,quarantined_tables/033_Health_Bulletin_2017/table_0079.csv,41,3,review_required,placeholder_headers,ok,
extracted_tables/033_Health_Bulletin_2017/table_0080.csv,quarantined_tables/033_Health_Bulletin_2017/table_0080.csv,40,3,review_required,placeholder_headers;high_internal_blank_ratio,ok,
extracted_tables/033_Health_Bulletin_2017/table_0081.csv,quarantined_tables/033_Health_Bulletin_2017/table_0081.csv,41,3,review_required,placeholder_headers;high_internal_blank_ratio,ok,
extracted_tables/033_Health_Bulletin_2017/table_0082.csv,quarantined_tables/033_Health_Bulletin_2017/table_0082.csv,39,3,review_required,placeholder_headers;high_internal_blank_ratio,ok,
extracted_tables/033_Health_Bulletin_2017/table_0083.csv,quarantined_tables/033_Health_Bulletin_2017/table_0083.csv,40,3,review_required,placeholder_headers;high_internal_blank_ratio,ok,
extracted_tables/033_Health_Bulletin_2017/table_0084.csv,quarantined_tables/033_Health_Bulletin_2017/table_0084.csv,40,3,review_required,placeholder_headers;high_internal_blank_ratio,ok,
extracted_tables/033_Health_Bulletin_2017/table_0085.csv,quarantined_tables/033_Health_Bulletin_2017/table_0085.csv,39,3,review_required,placeholder_headers;high_internal_blank_ratio,ok,
extracted_tables/033_Health_Bulletin_2017/table_0086.csv,quarantined_tables/033_Health_Bulletin_2017/table_0086.csv,38,3,review_required,placeholder_headers,ok,
extracted_tables/033_Health_Bulletin_2017/table_0087.csv,quarantined_tables/033_Health_Bulletin_2017/table_0087.csv,14,3,review_required,placeholder_headers;high_internal_blank_ratio,ok,
extracted_tables/033_Health_Bulletin_2017/table_0088.csv,quarantined_tables/033_Health_Bulletin_2017/table_0088.csv,1,1,rejected,empty_or_single_column,ok,
extracted_tables/033_Health_Bulletin_2017/table_0089.csv,quarantined_tables/033_Health_Bulletin_2017/table_0089.csv,3,4,review_required,placeholder_headers,ok,
extracted_tables/033_Health_Bulletin_2017/table_0090.csv,quarantined_tables/033_Health_Bulletin_2017/table_0090.csv,5,3,review_required,placeholder_headers,ok,
extracted_tables/033_Health_Bulletin_2017/table_0091.csv,quarantined_tables/033_Health_Bulletin_2017/table_0091.csv,3,2,review_required,placeholder_headers,ok,
extracted_tables/033_Health_Bulletin_2017/table_0092.csv,quarantined_tables/033_Health_Bulletin_2017/table_0092.csv,7,2,review_required,placeholder_headers,ok,
extracted_tables/033_Health_Bulletin_2017/table_0093.csv,quarantined_tables/033_Health_Bulletin_2017/table_0093.csv,4,2,review_required,placeholder_headers,ok,
extracted_tables/033_Health_Bulletin_2017/table_0094.csv,quarantined_tables/033_Health_Bulletin_2017/table_0094.csv,18,7,review_required,placeholder_headers,ok,
extracted_tables/033_Health_Bulletin_2017/table_0095.csv,quarantined_tables/033_Health_Bulletin_2017/table_0095.csv,8,7,review_required,placeholder_headers;high_internal_blank_ratio,ok,
extracted_tables/033_Health_Bulletin_2017/table_0096.csv,quarantined_tables/033_Health_Bulletin_2017/table_0096.csv,29,6,review_required,placeholder_headers;high_internal_blank_ratio,ok,
extracted_tables/033_Health_Bulletin_2017/table_0097.csv,quarantined_tables/033_Health_Bulletin_2017/table_0097.csv,13,20,review_required,placeholder_headers,ok,
extracted_tables/033_Health_Bulletin_2017/table_0098.csv,quarantined_tables/033_Health_Bulletin_2017/table_0098.csv,0,0,rejected,empty_or_single_column,ok,
extracted_tables/033_Health_Bulletin_2017/table_0099.csv,quarantined_tables/033_Health_Bulletin_2017/table_0099.csv,18,6,review_required,placeholder_headers,ok,
extracted_tables/033_Health_Bulletin_2017/table_0100.csv,quarantined_tables/033_Health_Bulletin_2017/table_0100.csv,9,6,review_required,placeholder_headers,ok,
extracted_tables/033_Health_Bulletin_2017/table_0101.csv,quarantined_tables/033_Health_Bulletin_2017/table_0101.csv,19,10,review_required,placeholder_headers,ok,
extracted_tables/033_Health_Bulletin_2017/table_0102.csv,quarantined_tables/033_Health_Bulletin_2017/table_0102.csv,14,10,review_required,placeholder_headers;high_internal_blank_ratio,ok,
extracted_tables/033_Health_Bulletin_2017/table_0103.csv,quarantined_tables/033_Health_Bulletin_2017/table_0103.csv,4,2,review_required,placeholder_headers,ok,
extracted_tables/033_Health_Bulletin_2017/table_0104.csv,quarantined_tables/033_Health_Bulletin_2017/table_0104.csv,10,2,review_required,placeholder_headers,ok,
extracted_tables/033_Health_Bulletin_2017/table_0105.csv,quarantined_tables/033_Health_Bulletin_2017/table_0105.csv,16,4,review_required,placeholder_headers,ok,
extracted_tables/033_Health_Bulletin_2017/table_0106.csv,quarantined_tables/033_Health_Bulletin_2017/table_0106.csv,8,2,review_required,placeholder_headers,ok,
extracted_tables/033_Health_Bulletin_2017/table_0107.csv,quarantined_tables/033_Health_Bulletin_2017/table_0107.csv,8,3,review_required,placeholder_headers,ok,
extracted_tables/033_Health_Bulletin_2017/table_0108.csv,quarantined_tables/033_Health_Bulletin_2017/table_0108.csv,6,3,review_required,placeholder_headers;high_internal_blank_ratio,ok,
extracted_tables/033_Health_Bulletin_2017/table_0109.csv,quarantined_tables/033_Health_Bulletin_2017/table_0109.csv,11,5,review_required,placeholder_headers,ok,
extracted_tables/033_Health_Bulletin_2017/table_0110.csv,quarantined_tables/033_Health_Bulletin_2017/table_0110.csv,15,4,review_required,placeholder_headers,ok,
extracted_tables/033_Health_Bulletin_2017/table_0111.csv,quarantined_tables/033_Health_Bulletin_2017/table_0111.csv,14,3,review_required,placeholder_headers,ok,
extracted_tables/033_Health_Bulletin_2017/table_0112.csv,quarantined_tables/033_Health_Bulletin_2017/table_0112.csv,23,3,review_required,placeholder_headers,ok,
extracted_tables/033_Health_Bulletin_2017/table_0113.csv,quarantined_tables/033_Health_Bulletin_2017/table_0113.csv,5,15,review_required,placeholder_headers;high_internal_blank_ratio,ok,
extracted_tables/033_Health_Bulletin_2017/table_0114.csv,quarantined_tables/033_Health_Bulletin_2017/table_0114.csv,20,9,review_required,placeholder_headers,ok,
extracted_tables/033_Health_Bulletin_2017/table_0115.csv,quarantined_tables/033_Health_Bulletin_2017/table_0115.csv,14,2,review_required,placeholder_headers,ok,
extracted_tables/033_Health_Bulletin_2017/table_0116.csv,quarantined_tables/033_Health_Bulletin_2017/table_0116.csv,18,6,review_required,placeholder_headers,ok,
extracted_tables/033_Health_Bulletin_2017/table_0117.csv,quarantined_tables/033_Health_Bulletin_2017/table_0117.csv,1,1,rejected,empty_or_single_column,ok,
extracted_tables/033_Health_Bulletin_2017/table_0118.csv,quarantined_tables/033_Health_Bulletin_2017/table_0118.csv,23,5,review_required,placeholder_headers,ok,
extracted_tables/033_Health_Bulletin_2017/table_0119.csv,quarantined_tables/033_Health_Bulletin_2017/table_0119.csv,0,0,rejected,empty_or_single_column,ok,
extracted_tables/033_Health_Bulletin_2017/table_0120.csv,quarantined_tables/033_Health_Bulletin_2017/table_0120.csv,0,0,rejected,empty_or_single_column,ok,
extracted_tables/033_Health_Bulletin_2017/table_0121.csv,quarantined_tables/033_Health_Bulletin_2017/table_0121.csv,1,1,rejected,empty_or_single_column,ok,
extracted_tables/033_Health_Bulletin_2017/table_0122.csv,quarantined_tables/033_Health_Bulletin_2017/table_0122.csv,20,6,review_required,placeholder_headers,ok,
extracted_tables/033_Health_Bulletin_2017/table_0123.csv,quarantined_tables/033_Health_Bulletin_2017/table_0123.csv,15,7,review_required,placeholder_headers,ok,
extracted_tables/033_Health_Bulletin_2017/table_0124.csv,quarantined_tables/033_Health_Bulletin_2017/table_0124.csv,3,18,review_required,placeholder_headers,ok,
extracted_tables/033_Health_Bulletin_2017/table_0125.csv,quarantined_tables/033_Health_Bulletin_2017/table_0125.csv,14,4,review_required,placeholder_headers,ok,
extracted_tables/033_Health_Bulletin_2017/table_0126.csv,quarantined_tables/033_Health_Bulletin_2017/table_0126.csv,16,2,review_required,placeholder_headers,ok,
extracted_tables/033_Health_Bulletin_2017/table_0127.csv,quarantined_tables/033_Health_Bulletin_2017/table_0127.csv,7,3,review_required,placeholder_headers,ok,
extracted_tables/033_Health_Bulletin_2017/table_0128.csv,quarantined_tables/033_Health_Bulletin_2017/table_0128.csv,0,0,rejected,empty_or_single_column,ok,
extracted_tables/033_Health_Bulletin_2017/table_0129.csv,quarantined_tables/033_Health_Bulletin_2017/table_0129.csv,11,3,review_required,placeholder_headers,ok,
extracted_tables/033_Health_Bulletin_2017/table_0130.csv,quarantined_tables/033_Health_Bulletin_2017/table_0130.csv,7,5,review_required,placeholder_headers;high_internal_blank_ratio,ok,
extracted_tables/033_Health_Bulletin_2017/table_0131.csv,quarantined_tables/033_Health_Bulletin_2017/table_0131.csv,8,9,review_required,placeholder_headers;high_internal_blank_ratio,ok,
extracted_tables/033_Health_Bulletin_2017/table_0132.csv,quarantined_tables/033_Health_Bulletin_2017/table_0132.csv,28,7,review_required,placeholder_headers,ok,
extracted_tables/033_Health_Bulletin_2017/table_0133.csv,quarantined_tables/033_Health_Bulletin_2017/table_0133.csv,12,4,review_required,placeholder_headers,ok,
extracted_tables/033_Health_Bulletin_2017/table_0134.csv,quarantined_tables/033_Health_Bulletin_2017/table_0134.csv,10,6,review_required,placeholder_headers,ok,
extracted_tables/033_Health_Bulletin_2017/table_0135.csv,quarantined_tables/033_Health_Bulletin_2017/table_0135.csv,10,4,review_required,placeholder_headers,ok,
extracted_tables/033_Health_Bulletin_2017/table_0136.csv,quarantined_tables/033_Health_Bulletin_2017/table_0136.csv,14,3,review_required,placeholder_headers,ok,
extracted_tables/033_Health_Bulletin_2017/table_0137.csv,quarantined_tables/033_Health_Bulletin_2017/table_0137.csv,6,3,review_required,placeholder_headers,ok,
extracted_tables/033_Health_Bulletin_2017/table_0138.csv,quarantined_tables/033_Health_Bulletin_2017/table_0138.csv,8,2,review_required,placeholder_headers,ok,
extracted_tables/033_Health_Bulletin_2017/table_0139.csv,quarantined_tables/033_Health_Bulletin_2017/table_0139.csv,14,10,review_required,placeholder_headers,ok,
extracted_tables/033_Health_Bulletin_2017/table_0140.csv,quarantined_tables/033_Health_Bulletin_2017/table_0140.csv,8,6,review_required,placeholder_headers,ok,
extracted_tables/033_Health_Bulletin_2017/table_0141.csv,quarantined_tables/033_Health_Bulletin_2017/table_0141.csv,0,0,rejected,empty_or_single_column,ok,
extracted_tables/033_Health_Bulletin_2017/table_0142.csv,quarantined_tables/033_Health_Bulletin_2017/table_0142.csv,0,0,rejected,empty_or_single_column,ok,
extracted_tables/033_Health_Bulletin_2017/table_0143.csv,quarantined_tables/033_Health_Bulletin_2017/table_0143.csv,0,0,rejected,empty_or_single_column,ok,
extracted_tables/033_Health_Bulletin_2017/table_0144.csv,quarantined_tables/033_Health_Bulletin_2017/table_0144.csv,0,0,rejected,empty_or_single_column,ok,
extracted_tables/033_Health_Bulletin_2017/table_0145.csv,quarantined_tables/033_Health_Bulletin_2017/table_0145.csv,5,5,review_required,placeholder_headers;high_internal_blank_ratio,ok,
extracted_tables/033_Health_Bulletin_2017/table_0146.csv,quarantined_tables/033_Health_Bulletin_2017/table_0146.csv,4,9,review_required,placeholder_headers;high_internal_blank_ratio,ok,
extracted_tables/033_Health_Bulletin_2017/table_0147.csv,quarantined_tables/033_Health_Bulletin_2017/table_0147.csv,8,9,review_required,placeholder_headers,ok,
extracted_tables/033_Health_Bulletin_2017/table_0148.csv,quarantined_tables/033_Health_Bulletin_2017/table_0148.csv,8,9,review_required,placeholder_headers,ok,
extracted_tables/033_Health_Bulletin_2017/table_0149.csv,quarantined_tables/033_Health_Bulletin_2017/table_0149.csv,13,3,review_required,placeholder_headers,ok,
extracted_tables/033_Health_Bulletin_2017/table_0150.csv,quarantined_tables/033_Health_Bulletin_2017/table_0150.csv,8,4,review_required,placeholder_headers,ok,
extracted_tables/033_Health_Bulletin_2017/table_0151.csv,quarantined_tables/033_Health_Bulletin_2017/table_0151.csv,0,0,rejected,empty_or_single_column,ok,
extracted_tables/033_Health_Bulletin_2017/table_0152.csv,quarantined_tables/033_Health_Bulletin_2017/table_0152.csv,0,0,rejected,empty_or_single_column,ok,
extracted_tables/033_Health_Bulletin_2017/table_0153.csv,quarantined_tables/033_Health_Bulletin_2017/table_0153.csv,0,0,rejected,empty_or_single_column,ok,
extracted_tables/033_Health_Bulletin_2017/table_0154.csv,quarantined_tables/033_Health_Bulletin_2017/table_0154.csv,0,0,rejected,empty_or_single_column,ok,
extracted_tables/033_Health_Bulletin_2017/table_0155.csv,quarantined_tables/033_Health_Bulletin_2017/table_0155.csv,0,0,rejected,empty_or_single_column,ok,
extracted_tables/033_Health_Bulletin_2017/table_0156.csv,quarantined_tables/033_Health_Bulletin_2017/table_0156.csv,39,4,review_required,placeholder_headers,ok,
extracted_tables/033_Health_Bulletin_2017/table_0157.csv,quarantined_tables/033_Health_Bulletin_2017/table_0157.csv,11,4,review_required,placeholder_headers,ok,
extracted_tables/033_Health_Bulletin_2017/table_0158.csv,quarantined_tables/033_Health_Bulletin_2017/table_0158.csv,0,0,rejected,empty_or_single_column,ok,
extracted_tables/033_Health_Bulletin_2017/table_0159.csv,quarantined_tables/033_Health_Bulletin_2017/table_0159.csv,0,0,rejected,empty_or_single_column,ok,
extracted_tables/033_Health_Bulletin_2017/table_0160.csv,quarantined_tables/033_Health_Bulletin_2017/table_0160.csv,0,0,rejected,empty_or_single_column,ok,
extracted_tables/033_Health_Bulletin_2017/table_0161.csv,quarantined_tables/033_Health_Bulletin_2017/table_0161.csv,0,0,rejected,empty_or_single_column,ok,
extracted_tables/033_Health_Bulletin_2017/table_0162.csv,quarantined_tables/033_Health_Bulletin_2017/table_0162.csv,0,0,rejected,empty_or_single_column,ok,
extracted_tables/033_Health_Bulletin_2017/table_0163.csv,quarantined_tables/033_Health_Bulletin_2017/table_0163.csv,1,1,rejected,empty_or_single_column,ok,
extracted_tables/033_Health_Bulletin_2017/table_0164.csv,quarantined_tables/033_Health_Bulletin_2017/table_0164.csv,13,28,review_required,placeholder_headers,ok,
extracted_tables/033_Health_Bulletin_2017/table_0165.csv,quarantined_tables/033_Health_Bulletin_2017/table_0165.csv,13,32,review_required,placeholder_headers;wide_table_requires_structural_review,ok,
extracted_tables/033_Health_Bulletin_2017/table_0166.csv,quarantined_tables/033_Health_Bulletin_2017/table_0166.csv,13,32,review_required,placeholder_headers;wide_table_requires_structural_review,ok,
extracted_tables/033_Health_Bulletin_2017/table_0167.csv,quarantined_tables/033_Health_Bulletin_2017/table_0167.csv,13,32,review_required,placeholder_headers;wide_table_requires_structural_review,ok,
extracted_tables/033_Health_Bulletin_2017/table_0168.csv,quarantined_tables/033_Health_Bulletin_2017/table_0168.csv,13,32,review_required,placeholder_headers;wide_table_requires_structural_review,ok,
extracted_tables/033_Health_Bulletin_2017/table_0169.csv,quarantined_tables/033_Health_Bulletin_2017/table_0169.csv,13,32,review_required,placeholder_headers;wide_table_requires_structural_review,ok,
extracted_tables/033_Health_Bulletin_2017/table_0170.csv,quarantined_tables/033_Health_Bulletin_2017/table_0170.csv,13,32,review_required,placeholder_headers;wide_table_requires_structural_review,ok,
extracted_tables/033_Health_Bulletin_2017/table_0171.csv,quarantined_tables/033_Health_Bulletin_2017/table_0171.csv,13,32,review_required,placeholder_headers;wide_table_requires_structural_review,ok,
extracted_tables/033_Health_Bulletin_2017/table_0172.csv,quarantined_tables/033_Health_Bulletin_2017/table_0172.csv,13,32,review_required,placeholder_headers;wide_table_requires_structural_review,ok,
extracted_tables/033_Health_Bulletin_2017/table_0173.csv,quarantined_tables/033_Health_Bulletin_2017/table_0173.csv,13,32,review_required,placeholder_headers;wide_table_requires_structural_review,ok,
extracted_tables/033_Health_Bulletin_2017/table_0174.csv,quarantined_tables/033_Health_Bulletin_2017/table_0174.csv,13,32,review_required,placeholder_headers;wide_table_requires_structural_review,ok,
extracted_tables/033_Health_Bulletin_2017/table_0175.csv,quarantined_tables/033_Health_Bulletin_2017/table_0175.csv,13,32,review_required,placeholder_headers;wide_table_requires_structural_review,ok,
extracted_tables/033_Health_Bulletin_2017/table_0176.csv,quarantined_tables/033_Health_Bulletin_2017/table_0176.csv,13,32,review_required,placeholder_headers;wide_table_requires_structural_review,ok,
extracted_tables/033_Health_Bulletin_2017/table_0177.csv,quarantined_tables/033_Health_Bulletin_2017/table_0177.csv,13,32,review_required,placeholder_headers;wide_table_requires_structural_review,ok,
extracted_tables/033_Health_Bulletin_2017/table_0178.csv,quarantined_tables/033_Health_Bulletin_2017/table_0178.csv,13,32,review_required,placeholder_headers;wide_table_requires_structural_review,ok,
extracted_tables/033_Health_Bulletin_2017/table_0179.csv,quarantined_tables/033_Health_Bulletin_2017/table_0179.csv,13,32,review_required,placeholder_headers;wide_table_requires_structural_review,ok,
extracted_tables/033_Health_Bulletin_2017/table_0180.csv,quarantined_tables/033_Health_Bulletin_2017/table_0180.csv,13,32,review_required,placeholder_headers;wide_table_requires_structural_review,ok,
extracted_tables/033_Health_Bulletin_2017/table_0181.csv,quarantined_tables/033_Health_Bulletin_2017/table_0181.csv,13,29,review_required,placeholder_headers,ok,
extracted_tables/033_Health_Bulletin_2017/table_0182.csv,quarantined_tables/033_Health_Bulletin_2017/table_0182.csv,13,29,review_required,placeholder_headers,ok,
extracted_tables/033_Health_Bulletin_2017/table_0183.csv,quarantined_tables/033_Health_Bulletin_2017/table_0183.csv,13,32,review_required,placeholder_headers;wide_table_requires_structural_review,ok,
extracted_tables/033_Health_Bulletin_2017/table_0184.csv,quarantined_tables/033_Health_Bulletin_2017/table_0184.csv,13,32,review_required,placeholder_headers;wide_table_requires_structural_review,ok,
extracted_tables/033_Health_Bulletin_2017/table_0185.csv,quarantined_tables/033_Health_Bulletin_2017/table_0185.csv,13,32,review_required,placeholder_headers;wide_table_requires_structural_review,ok,
extracted_tables/033_Health_Bulletin_2017/table_0186.csv,quarantined_tables/033_Health_Bulletin_2017/table_0186.csv,13,32,review_required,placeholder_headers;wide_table_requires_structural_review,ok,
extracted_tables/033_Health_Bulletin_2017/table_0187.csv,quarantined_tables/033_Health_Bulletin_2017/table_0187.csv,13,32,review_required,placeholder_headers;wide_table_requires_structural_review,ok,
extracted_tables/033_Health_Bulletin_2017/table_0188.csv,quarantined_tables/033_Health_Bulletin_2017/table_0188.csv,13,32,review_required,placeholder_headers;wide_table_requires_structural_review,ok,
extracted_tables/033_Health_Bulletin_2017/table_0189.csv,quarantined_tables/033_Health_Bulletin_2017/table_0189.csv,13,32,review_required,placeholder_headers;wide_table_requires_structural_review,ok,
extracted_tables/033_Health_Bulletin_2017/table_0190.csv,quarantined_tables/033_Health_Bulletin_2017/table_0190.csv,13,32,review_required,placeholder_headers;wide_table_requires_structural_review,ok,
extracted_tables/033_Health_Bulletin_2017/table_0191.csv,quarantined_tables/033_Health_Bulletin_2017/table_0191.csv,13,32,review_required,placeholder_headers;wide_table_requires_structural_review,ok,
extracted_tables/033_Health_Bulletin_2017/table_0192.csv,quarantined_tables/033_Health_Bulletin_2017/table_0192.csv,13,32,review_required,placeholder_headers;wide_table_requires_structural_review,ok,
extracted_tables/033_Health_Bulletin_2017/table_0193.csv,quarantined_tables/033_Health_Bulletin_2017/table_0193.csv,13,32,review_required,placeholder_headers;wide_table_requires_structural_review,ok,
extracted_tables/033_Health_Bulletin_2017/table_0194.csv,quarantined_tables/033_Health_Bulletin_2017/table_0194.csv,13,32,review_required,placeholder_headers;wide_table_requires_structural_review,ok,
extracted_tables/033_Health_Bulletin_2017/table_0195.csv,quarantined_tables/033_Health_Bulletin_2017/table_0195.csv,13,32,review_required,placeholder_headers;wide_table_requires_structural_review,ok,
extracted_tables/033_Health_Bulletin_2017/table_0196.csv,quarantined_tables/033_Health_Bulletin_2017/table_0196.csv,13,32,review_required,placeholder_headers;wide_table_requires_structural_review,ok,
extracted_tables/033_Health_Bulletin_2017/table_0197.csv,quarantined_tables/033_Health_Bulletin_2017/table_0197.csv,13,32,review_required,placeholder_headers;wide_table_requires_structural_review,ok,
extracted_tables/033_Health_Bulletin_2017/table_0198.csv,quarantined_tables/033_Health_Bulletin_2017/table_0198.csv,13,32,review_required,placeholder_headers;wide_table_requires_structural_review,ok,
extracted_tables/033_Health_Bulletin_2017/table_0199.csv,quarantined_tables/033_Health_Bulletin_2017/table_0199.csv,13,15,review_required,placeholder_headers,ok,
extracted_tables/033_Health_Bulletin_2017/table_0200.csv,quarantined_tables/033_Health_Bulletin_2017/table_0200.csv,13,14,review_required,placeholder_headers,ok,
extracted_tables/033_Health_Bulletin_2017/table_0201.csv,quarantined_tables/033_Health_Bulletin_2017/table_0201.csv,13,32,review_required,placeholder_headers;wide_table_requires_structural_review,ok,
extracted_tables/033_Health_Bulletin_2017/table_0202.csv,quarantined_tables/033_Health_Bulletin_2017/table_0202.csv,13,32,review_required,placeholder_headers;wide_table_requires_structural_review,ok,
extracted_tables/033_Health_Bulletin_2017/table_0203.csv,quarantined_tables/033_Health_Bulletin_2017/table_0203.csv,13,32,review_required,placeholder_headers;wide_table_requires_structural_review,ok,
extracted_tables/033_Health_Bulletin_2017/table_0204.csv,quarantined_tables/033_Health_Bulletin_2017/table_0204.csv,13,32,review_required,placeholder_headers;wide_table_requires_structural_review,ok,
extracted_tables/033_Health_Bulletin_2017/table_0205.csv,quarantined_tables/033_Health_Bulletin_2017/table_0205.csv,13,32,review_required,placeholder_headers;wide_table_requires_structural_review,ok,
extracted_tables/033_Health_Bulletin_2017/table_0206.csv,quarantined_tables/033_Health_Bulletin_2017/table_0206.csv,13,32,review_required,placeholder_headers;wide_table_requires_structural_review,ok,
extracted_tables/033_Health_Bulletin_2017/table_0207.csv,quarantined_tables/033_Health_Bulletin_2017/table_0207.csv,13,32,review_required,placeholder_headers;wide_table_requires_structural_review,ok,
extracted_tables/033_Health_Bulletin_2017/table_0208.csv,quarantined_tables/033_Health_Bulletin_2017/table_0208.csv,13,32,review_required,placeholder_headers;wide_table_requires_structural_review,ok,
extracted_tables/033_Health_Bulletin_2017/table_0209.csv,quarantined_tables/033_Health_Bulletin_2017/table_0209.csv,13,32,review_required,placeholder_headers;wide_table_requires_structural_review,ok,
extracted_tables/033_Health_Bulletin_2017/table_0210.csv,quarantined_tables/033_Health_Bulletin_2017/table_0210.csv,13,32,review_required,placeholder_headers;wide_table_requires_structural_review,ok,
extracted_tables/033_Health_Bulletin_2017/table_0211.csv,quarantined_tables/033_Health_Bulletin_2017/table_0211.csv,13,32,review_required,placeholder_headers;wide_table_requires_structural_review,ok,
extracted_tables/033_Health_Bulletin_2017/table_0212.csv,quarantined_tables/033_Health_Bulletin_2017/table_0212.csv,13,32,review_required,placeholder_headers;wide_table_requires_structural_review,ok,
extracted_tables/033_Health_Bulletin_2017/table_0213.csv,quarantined_tables/033_Health_Bulletin_2017/table_0213.csv,13,32,review_required,placeholder_headers;wide_table_requires_structural_review,ok,
extracted_tables/033_Health_Bulletin_2017/table_0214.csv,quarantined_tables/033_Health_Bulletin_2017/table_0214.csv,13,32,review_required,placeholder_headers;wide_table_requires_structural_review,ok,
extracted_tables/033_Health_Bulletin_2017/table_0215.csv,quarantined_tables/033_Health_Bulletin_2017/table_0215.csv,13,32,review_required,placeholder_headers;wide_table_requires_structural_review,ok,
extracted_tables/033_Health_Bulletin_2017/table_0216.csv,quarantined_tables/033_Health_Bulletin_2017/table_0216.csv,13,32,review_required,placeholder_headers;wide_table_requires_structural_review,ok,
extracted_tables/033_Health_Bulletin_2017/table_0217.csv,quarantined_tables/033_Health_Bulletin_2017/table_0217.csv,13,20,review_required,placeholder_headers,ok,
extracted_tables/033_Health_Bulletin_2017/table_0218.csv,quarantined_tables/033_Health_Bulletin_2017/table_0218.csv,37,5,review_required,placeholder_headers,ok,
extracted_tables/033_Health_Bulletin_2017/table_0219.csv,quarantined_tables/033_Health_Bulletin_2017/table_0219.csv,39,5,review_required,placeholder_headers,ok,
extracted_tables/033_Health_Bulletin_2017/table_0220.csv,quarantined_tables/033_Health_Bulletin_2017/table_0220.csv,39,5,review_required,placeholder_headers,ok,
extracted_tables/033_Health_Bulletin_2017/table_0221.csv,quarantined_tables/033_Health_Bulletin_2017/table_0221.csv,39,5,review_required,placeholder_headers,ok,
extracted_tables/033_Health_Bulletin_2017/table_0222.csv,quarantined_tables/033_Health_Bulletin_2017/table_0222.csv,39,5,review_required,placeholder_headers,ok,
extracted_tables/033_Health_Bulletin_2017/table_0223.csv,quarantined_tables/033_Health_Bulletin_2017/table_0223.csv,39,5,review_required,placeholder_headers,ok,
extracted_tables/033_Health_Bulletin_2017/table_0224.csv,quarantined_tables/033_Health_Bulletin_2017/table_0224.csv,39,5,review_required,placeholder_headers,ok,
extracted_tables/033_Health_Bulletin_2017/table_0225.csv,quarantined_tables/033_Health_Bulletin_2017/table_0225.csv,39,5,review_required,placeholder_headers,ok,
extracted_tables/033_Health_Bulletin_2017/table_0226.csv,quarantined_tables/033_Health_Bulletin_2017/table_0226.csv,39,5,review_required,placeholder_headers,ok,
extracted_tables/033_Health_Bulletin_2017/table_0227.csv,quarantined_tables/033_Health_Bulletin_2017/table_0227.csv,39,5,review_required,placeholder_headers,ok,
extracted_tables/033_Health_Bulletin_2017/table_0228.csv,quarantined_tables/033_Health_Bulletin_2017/table_0228.csv,24,5,review_required,placeholder_headers,ok,
extracted_tables/033_Health_Bulletin_2017/table_0229.csv,quarantined_tables/033_Health_Bulletin_2017/table_0229.csv,10,5,review_required,placeholder_headers,ok,
extracted_tables/033_Health_Bulletin_2017/table_0230.csv,quarantined_tables/033_Health_Bulletin_2017/table_0230.csv,38,5,review_required,placeholder_headers,ok,
extracted_tables/033_Health_Bulletin_2017/table_0231.csv,quarantined_tables/033_Health_Bulletin_2017/table_0231.csv,15,5,review_required,placeholder_headers,ok,
extracted_tables/033_Health_Bulletin_2017/table_0232.csv,quarantined_tables/033_Health_Bulletin_2017/table_0232.csv,16,5,review_required,placeholder_headers,ok,
extracted_tables/033_Health_Bulletin_2017/table_0233.csv,quarantined_tables/033_Health_Bulletin_2017/table_0233.csv,30,6,review_required,placeholder_headers,ok,
extracted_tables/033_Health_Bulletin_2017/table_0234.csv,quarantined_tables/033_Health_Bulletin_2017/table_0234.csv,33,6,review_required,placeholder_headers,ok,
extracted_tables/033_Health_Bulletin_2017/table_0235.csv,quarantined_tables/033_Health_Bulletin_2017/table_0235.csv,29,6,review_required,placeholder_headers,ok,
extracted_tables/033_Health_Bulletin_2017/table_0236.csv,quarantined_tables/033_Health_Bulletin_2017/table_0236.csv,26,6,review_required,placeholder_headers,ok,
extracted_tables/033_Health_Bulletin_2017/table_0237.csv,quarantined_tables/033_Health_Bulletin_2017/table_0237.csv,20,6,review_required,placeholder_headers,ok,
extracted_tables/033_Health_Bulletin_2017/table_0238.csv,quarantined_tables/033_Health_Bulletin_2017/table_0238.csv,37,6,review_required,placeholder_headers;high_internal_blank_ratio,ok,
extracted_tables/033_Health_Bulletin_2017/table_0239.csv,quarantined_tables/033_Health_Bulletin_2017/table_0239.csv,12,6,review_required,placeholder_headers;high_internal_blank_ratio,ok,
extracted_tables/033_Health_Bulletin_2017/table_0240.csv,quarantined_tables/033_Health_Bulletin_2017/table_0240.csv,27,5,review_required,placeholder_headers,ok,
extracted_tables/033_Health_Bulletin_2017/table_0241.csv,quarantined_tables/033_Health_Bulletin_2017/table_0241.csv,23,5,review_required,placeholder_headers,ok,
extracted_tables/033_Health_Bulletin_2017/table_0242.csv,quarantined_tables/033_Health_Bulletin_2017/table_0242.csv,12,5,review_required,placeholder_headers,ok,
extracted_tables/033_Health_Bulletin_2017/table_0243.csv,quarantined_tables/033_Health_Bulletin_2017/table_0243.csv,5,5,review_required,placeholder_headers,ok,
extracted_tables/033_Health_Bulletin_2017/table_0244.csv,quarantined_tables/033_Health_Bulletin_2017/table_0244.csv,23,5,review_required,placeholder_headers,ok,
extracted_tables/033_Health_Bulletin_2017/table_0245.csv,quarantined_tables/033_Health_Bulletin_2017/table_0245.csv,32,5,review_required,placeholder_headers,ok,
extracted_tables/033_Health_Bulletin_2017/table_0246.csv,quarantined_tables/033_Health_Bulletin_2017/table_0246.csv,18,5,review_required,placeholder_headers,ok,
extracted_tables/033_Health_Bulletin_2017/table_0247.csv,quarantined_tables/033_Health_Bulletin_2017/table_0247.csv,11,4,review_required,placeholder_headers,ok,
extracted_tables/033_Health_Bulletin_2017/table_0248.csv,quarantined_tables/033_Health_Bulletin_2017/table_0248.csv,27,5,review_required,placeholder_headers,ok,
extracted_tables/033_Health_Bulletin_2017/table_0249.csv,quarantined_tables/033_Health_Bulletin_2017/table_0249.csv,10,4,review_required,placeholder_headers,ok,
extracted_tables/033_Health_Bulletin_2017/table_0250.csv,quarantined_tables/033_Health_Bulletin_2017/table_0250.csv,14,5,review_required,placeholder_headers,ok,
extracted_tables/033_Health_Bulletin_2017/table_0251.csv,quarantined_tables/033_Health_Bulletin_2017/table_0251.csv,24,5,review_required,placeholder_headers,ok,
extracted_tables/033_Health_Bulletin_2017/table_0252.csv,quarantined_tables/033_Health_Bulletin_2017/table_0252.csv,23,5,review_required,placeholder_headers,ok,
extracted_tables/033_Health_Bulletin_2017/table_0253.csv,quarantined_tables/033_Health_Bulletin_2017/table_0253.csv,22,5,review_required,placeholder_headers,ok,
extracted_tables/033_Health_Bulletin_2017/table_0254.csv,quarantined_tables/033_Health_Bulletin_2017/table_0254.csv,21,5,review_required,placeholder_headers,ok,
extracted_tables/033_Health_Bulletin_2017/table_0255.csv,quarantined_tables/033_Health_Bulletin_2017/table_0255.csv,23,5,review_required,placeholder_headers,ok,
extracted_tables/033_Health_Bulletin_2017/table_0256.csv,quarantined_tables/033_Health_Bulletin_2017/table_0256.csv,24,5,review_required,placeholder_headers,ok,
extracted_tables/033_Health_Bulletin_2017/table_0257.csv,quarantined_tables/033_Health_Bulletin_2017/table_0257.csv,23,5,review_required,placeholder_headers,ok,
extracted_tables/033_Health_Bulletin_2017/table_0258.csv,quarantined_tables/033_Health_Bulletin_2017/table_0258.csv,22,5,review_required,placeholder_headers,ok,
extracted_tables/033_Health_Bulletin_2017/table_0259.csv,quarantined_tables/033_Health_Bulletin_2017/table_0259.csv,15,5,review_required,placeholder_headers,ok,
extracted_tables/033_Health_Bulletin_2017/table_0260.csv,quarantined_tables/033_Health_Bulletin_2017/table_0260.csv,8,29,review_required,placeholder_headers,ok,
extracted_tables/033_Health_Bulletin_2017/table_0261.csv,quarantined_tables/033_Health_Bulletin_2017/table_0261.csv,6,32,review_required,placeholder_headers;wide_table_requires_structural_review,ok,
extracted_tables/033_Health_Bulletin_2017/table_0262.csv,quarantined_tables/033_Health_Bulletin_2017/table_0262.csv,6,32,review_required,placeholder_headers;wide_table_requires_structural_review,ok,
extracted_tables/033_Health_Bulletin_2017/table_0263.csv,quarantined_tables/033_Health_Bulletin_2017/table_0263.csv,6,33,review_required,placeholder_headers;wide_table_requires_structural_review,ok,
extracted_tables/033_Health_Bulletin_2017/table_0264.csv,quarantined_tables/033_Health_Bulletin_2017/table_0264.csv,8,25,review_required,placeholder_headers,ok,
extracted_tables/033_Health_Bulletin_2017/table_0265.csv,quarantined_tables/033_Health_Bulletin_2017/table_0265.csv,6,25,review_required,placeholder_headers,ok,
extracted_tables/033_Health_Bulletin_2017/table_0266.csv,quarantined_tables/033_Health_Bulletin_2017/table_0266.csv,6,10,review_required,placeholder_headers,ok,
extracted_tables/033_Health_Bulletin_2017/table_0267.csv,quarantined_tables/033_Health_Bulletin_2017/table_0267.csv,10,17,review_required,placeholder_headers,ok,
extracted_tables/033_Health_Bulletin_2017/table_0268.csv,quarantined_tables/033_Health_Bulletin_2017/table_0268.csv,6,17,review_required,placeholder_headers,ok,
extracted_tables/033_Health_Bulletin_2017/table_0269.csv,quarantined_tables/033_Health_Bulletin_2017/table_0269.csv,16,9,review_required,placeholder_headers,ok,
extracted_tables/033_Health_Bulletin_2017/table_0270.csv,quarantined_tables/033_Health_Bulletin_2017/table_0270.csv,16,8,review_required,placeholder_headers,ok,
extracted_tables/033_Health_Bulletin_2017/table_0271.csv,quarantined_tables/033_Health_Bulletin_2017/table_0271.csv,10,19,review_required,placeholder_headers,ok,
extracted_tables/033_Health_Bulletin_2017/table_0272.csv,quarantined_tables/033_Health_Bulletin_2017/table_0272.csv,44,5,review_required,placeholder_headers,ok,
extracted_tables/033_Health_Bulletin_2017/table_0273.csv,quarantined_tables/033_Health_Bulletin_2017/table_0273.csv,46,5,review_required,placeholder_headers,ok,
extracted_tables/033_Health_Bulletin_2017/table_0274.csv,quarantined_tables/033_Health_Bulletin_2017/table_0274.csv,47,5,review_required,placeholder_headers,ok,
extracted_tables/033_Health_Bulletin_2017/table_0275.csv,quarantined_tables/033_Health_Bulletin_2017/table_0275.csv,0,0,rejected,empty_or_single_column,ok,
extracted_tables/033_Health_Bulletin_2017/table_0276.csv,quarantined_tables/033_Health_Bulletin_2017/table_0276.csv,0,0,rejected,empty_or_single_column,ok,
extracted_tables/033_Health_Bulletin_2017/table_0277.csv,quarantined_tables/033_Health_Bulletin_2017/table_0277.csv,20,18,review_required,placeholder_headers,ok,
extracted_tables/034_Health_Bulletin_2016/table_0001.csv,quarantined_tables/034_Health_Bulletin_2016/table_0001.csv,12,7,review_required,placeholder_headers,ok,
extracted_tables/034_Health_Bulletin_2016/table_0002.csv,quarantined_tables/034_Health_Bulletin_2016/table_0002.csv,6,4,review_required,placeholder_headers,ok,
extracted_tables/034_Health_Bulletin_2016/table_0003.csv,quarantined_tables/034_Health_Bulletin_2016/table_0003.csv,9,2,review_required,placeholder_headers,ok,
extracted_tables/034_Health_Bulletin_2016/table_0004.csv,quarantined_tables/034_Health_Bulletin_2016/table_0004.csv,5,3,review_required,placeholder_headers,ok,
extracted_tables/034_Health_Bulletin_2016/table_0005.csv,quarantined_tables/034_Health_Bulletin_2016/table_0005.csv,5,4,review_required,placeholder_headers,ok,
extracted_tables/034_Health_Bulletin_2016/table_0006.csv,quarantined_tables/034_Health_Bulletin_2016/table_0006.csv,3,2,review_required,placeholder_headers;high_internal_blank_ratio,ok,
extracted_tables/034_Health_Bulletin_2016/table_0007.csv,quarantined_tables/034_Health_Bulletin_2016/table_0007.csv,2,5,review_required,placeholder_headers,ok,
extracted_tables/034_Health_Bulletin_2016/table_0008.csv,quarantined_tables/034_Health_Bulletin_2016/table_0008.csv,8,6,review_required,placeholder_headers;high_internal_blank_ratio,ok,
extracted_tables/034_Health_Bulletin_2016/table_0009.csv,quarantined_tables/034_Health_Bulletin_2016/table_0009.csv,3,2,review_required,placeholder_headers,ok,
extracted_tables/034_Health_Bulletin_2016/table_0010.csv,quarantined_tables/034_Health_Bulletin_2016/table_0010.csv,3,2,review_required,placeholder_headers,ok,
extracted_tables/034_Health_Bulletin_2016/table_0011.csv,quarantined_tables/034_Health_Bulletin_2016/table_0011.csv,3,2,review_required,placeholder_headers,ok,
extracted_tables/034_Health_Bulletin_2016/table_0012.csv,quarantined_tables/034_Health_Bulletin_2016/table_0012.csv,7,4,review_required,placeholder_headers,ok,
extracted_tables/034_Health_Bulletin_2016/table_0013.csv,quarantined_tables/034_Health_Bulletin_2016/table_0013.csv,5,12,review_required,placeholder_headers;high_internal_blank_ratio,ok,
extracted_tables/034_Health_Bulletin_2016/table_0014.csv,quarantined_tables/034_Health_Bulletin_2016/table_0014.csv,5,7,review_required,placeholder_headers;high_internal_blank_ratio,ok,
extracted_tables/034_Health_Bulletin_2016/table_0015.csv,quarantined_tables/034_Health_Bulletin_2016/table_0015.csv,5,6,review_required,placeholder_headers;high_internal_blank_ratio,ok,
extracted_tables/034_Health_Bulletin_2016/table_0016.csv,quarantined_tables/034_Health_Bulletin_2016/table_0016.csv,5,11,review_required,placeholder_headers;high_internal_blank_ratio,ok,
extracted_tables/034_Health_Bulletin_2016/table_0017.csv,quarantined_tables/034_Health_Bulletin_2016/table_0017.csv,5,8,review_required,placeholder_headers;high_internal_blank_ratio,ok,
extracted_tables/034_Health_Bulletin_2016/table_0018.csv,quarantined_tables/034_Health_Bulletin_2016/table_0018.csv,5,6,review_required,placeholder_headers;high_internal_blank_ratio,ok,
extracted_tables/034_Health_Bulletin_2016/table_0019.csv,quarantined_tables/034_Health_Bulletin_2016/table_0019.csv,5,8,review_required,placeholder_headers;high_internal_blank_ratio,ok,
extracted_tables/034_Health_Bulletin_2016/table_0020.csv,quarantined_tables/034_Health_Bulletin_2016/table_0020.csv,23,5,review_required,placeholder_headers;high_internal_blank_ratio,ok,
extracted_tables/034_Health_Bulletin_2016/table_0021.csv,quarantined_tables/034_Health_Bulletin_2016/table_0021.csv,10,3,review_required,placeholder_headers,ok,
extracted_tables/034_Health_Bulletin_2016/table_0022.csv,quarantined_tables/034_Health_Bulletin_2016/table_0022.csv,11,10,review_required,placeholder_headers,ok,
extracted_tables/034_Health_Bulletin_2016/table_0023.csv,quarantined_tables/034_Health_Bulletin_2016/table_0023.csv,15,8,review_required,placeholder_headers;high_internal_blank_ratio,ok,
extracted_tables/034_Health_Bulletin_2016/table_0024.csv,quarantined_tables/034_Health_Bulletin_2016/table_0024.csv,5,6,review_required,placeholder_headers,ok,
extracted_tables/034_Health_Bulletin_2016/table_0025.csv,quarantined_tables/034_Health_Bulletin_2016/table_0025.csv,9,2,review_required,placeholder_headers,ok,
extracted_tables/034_Health_Bulletin_2016/table_0026.csv,quarantined_tables/034_Health_Bulletin_2016/table_0026.csv,19,2,review_required,placeholder_headers,ok,
extracted_tables/034_Health_Bulletin_2016/table_0027.csv,quarantined_tables/034_Health_Bulletin_2016/table_0027.csv,4,10,review_required,placeholder_headers,ok,
extracted_tables/034_Health_Bulletin_2016/table_0028.csv,quarantined_tables/034_Health_Bulletin_2016/table_0028.csv,5,12,review_required,placeholder_headers;high_internal_blank_ratio,ok,
extracted_tables/034_Health_Bulletin_2016/table_0029.csv,quarantined_tables/034_Health_Bulletin_2016/table_0029.csv,6,4,review_required,placeholder_headers,ok,
extracted_tables/034_Health_Bulletin_2016/table_0030.csv,quarantined_tables/034_Health_Bulletin_2016/table_0030.csv,22,3,review_required,placeholder_headers,ok,
extracted_tables/034_Health_Bulletin_2016/table_0031.csv,quarantined_tables/034_Health_Bulletin_2016/table_0031.csv,6,11,review_required,placeholder_headers,ok,
extracted_tables/034_Health_Bulletin_2016/table_0032.csv,quarantined_tables/034_Health_Bulletin_2016/table_0032.csv,18,3,review_required,placeholder_headers;high_internal_blank_ratio,ok,
extracted_tables/034_Health_Bulletin_2016/table_0033.csv,quarantined_tables/034_Health_Bulletin_2016/table_0033.csv,26,4,review_required,placeholder_headers,ok,
extracted_tables/034_Health_Bulletin_2016/table_0034.csv,quarantined_tables/034_Health_Bulletin_2016/table_0034.csv,9,4,review_required,placeholder_headers,ok,
extracted_tables/034_Health_Bulletin_2016/table_0035.csv,quarantined_tables/034_Health_Bulletin_2016/table_0035.csv,14,7,review_required,placeholder_headers,ok,
extracted_tables/034_Health_Bulletin_2016/table_0036.csv,quarantined_tables/034_Health_Bulletin_2016/table_0036.csv,5,4,review_required,placeholder_headers,ok,
extracted_tables/034_Health_Bulletin_2016/table_0037.csv,quarantined_tables/034_Health_Bulletin_2016/table_0037.csv,31,9,review_required,placeholder_headers,ok,
extracted_tables/034_Health_Bulletin_2016/table_0038.csv,quarantined_tables/034_Health_Bulletin_2016/table_0038.csv,18,3,review_required,placeholder_headers;high_internal_blank_ratio,ok,
extracted_tables/034_Health_Bulletin_2016/table_0039.csv,quarantined_tables/034_Health_Bulletin_2016/table_0039.csv,11,3,review_required,placeholder_headers,ok,
extracted_tables/034_Health_Bulletin_2016/table_0040.csv,quarantined_tables/034_Health_Bulletin_2016/table_0040.csv,11,3,review_required,placeholder_headers,ok,
extracted_tables/034_Health_Bulletin_2016/table_0041.csv,quarantined_tables/034_Health_Bulletin_2016/table_0041.csv,7,3,review_required,placeholder_headers,ok,
extracted_tables/034_Health_Bulletin_2016/table_0042.csv,quarantined_tables/034_Health_Bulletin_2016/table_0042.csv,7,3,review_required,placeholder_headers,ok,
extracted_tables/034_Health_Bulletin_2016/table_0043.csv,quarantined_tables/034_Health_Bulletin_2016/table_0043.csv,7,3,review_required,placeholder_headers,ok,
extracted_tables/034_Health_Bulletin_2016/table_0044.csv,quarantined_tables/034_Health_Bulletin_2016/table_0044.csv,23,3,review_required,placeholder_headers,ok,
extracted_tables/034_Health_Bulletin_2016/table_0045.csv,quarantined_tables/034_Health_Bulletin_2016/table_0045.csv,7,3,review_required,placeholder_headers,ok,
extracted_tables/034_Health_Bulletin_2016/table_0046.csv,quarantined_tables/034_Health_Bulletin_2016/table_0046.csv,9,3,review_required,placeholder_headers,ok,
extracted_tables/034_Health_Bulletin_2016/table_0047.csv,quarantined_tables/034_Health_Bulletin_2016/table_0047.csv,9,3,review_required,placeholder_headers,ok,
extracted_tables/034_Health_Bulletin_2016/table_0048.csv,quarantined_tables/034_Health_Bulletin_2016/table_0048.csv,24,3,review_required,placeholder_headers,ok,
extracted_tables/034_Health_Bulletin_2016/table_0049.csv,quarantined_tables/034_Health_Bulletin_2016/table_0049.csv,18,3,review_required,placeholder_headers;high_internal_blank_ratio,ok,
extracted_tables/034_Health_Bulletin_2016/table_0050.csv,quarantined_tables/034_Health_Bulletin_2016/table_0050.csv,12,4,review_required,placeholder_headers,ok,
extracted_tables/034_Health_Bulletin_2016/table_0051.csv,quarantined_tables/034_Health_Bulletin_2016/table_0051.csv,28,5,review_required,placeholder_headers,ok,
extracted_tables/034_Health_Bulletin_2016/table_0052.csv,quarantined_tables/034_Health_Bulletin_2016/table_0052.csv,7,3,review_required,placeholder_headers,ok,
extracted_tables/034_Health_Bulletin_2016/table_0053.csv,quarantined_tables/034_Health_Bulletin_2016/table_0053.csv,7,3,review_required,placeholder_headers,ok,
extracted_tables/034_Health_Bulletin_2016/table_0054.csv,quarantined_tables/034_Health_Bulletin_2016/table_0054.csv,7,3,review_required,placeholder_headers,ok,
extracted_tables/034_Health_Bulletin_2016/table_0055.csv,quarantined_tables/034_Health_Bulletin_2016/table_0055.csv,22,3,review_required,placeholder_headers,ok,
extracted_tables/034_Health_Bulletin_2016/table_0056.csv,quarantined_tables/034_Health_Bulletin_2016/table_0056.csv,8,3,review_required,placeholder_headers,ok,
extracted_tables/034_Health_Bulletin_2016/table_0057.csv,quarantined_tables/034_Health_Bulletin_2016/table_0057.csv,9,3,review_required,placeholder_headers,ok,
extracted_tables/034_Health_Bulletin_2016/table_0058.csv,quarantined_tables/034_Health_Bulletin_2016/table_0058.csv,8,3,review_required,placeholder_headers,ok,
extracted_tables/034_Health_Bulletin_2016/table_0059.csv,quarantined_tables/034_Health_Bulletin_2016/table_0059.csv,22,3,review_required,placeholder_headers,ok,
extracted_tables/034_Health_Bulletin_2016/table_0060.csv,quarantined_tables/034_Health_Bulletin_2016/table_0060.csv,8,3,review_required,placeholder_headers,ok,
extracted_tables/034_Health_Bulletin_2016/table_0061.csv,quarantined_tables/034_Health_Bulletin_2016/table_0061.csv,8,3,review_required,placeholder_headers,ok,
extracted_tables/034_Health_Bulletin_2016/table_0062.csv,quarantined_tables/034_Health_Bulletin_2016/table_0062.csv,8,3,review_required,placeholder_headers,ok,
extracted_tables/034_Health_Bulletin_2016/table_0063.csv,quarantined_tables/034_Health_Bulletin_2016/table_0063.csv,7,3,review_required,placeholder_headers,ok,
extracted_tables/034_Health_Bulletin_2016/table_0064.csv,quarantined_tables/034_Health_Bulletin_2016/table_0064.csv,8,3,review_required,placeholder_headers,ok,
extracted_tables/034_Health_Bulletin_2016/table_0065.csv,quarantined_tables/034_Health_Bulletin_2016/table_0065.csv,7,3,review_required,placeholder_headers,ok,
extracted_tables/034_Health_Bulletin_2016/table_0066.csv,quarantined_tables/034_Health_Bulletin_2016/table_0066.csv,6,3,review_required,placeholder_headers,ok,
extracted_tables/034_Health_Bulletin_2016/table_0067.csv,quarantined_tables/034_Health_Bulletin_2016/table_0067.csv,7,3,review_required,placeholder_headers,ok,
extracted_tables/034_Health_Bulletin_2016/table_0068.csv,quarantined_tables/034_Health_Bulletin_2016/table_0068.csv,7,3,review_required,placeholder_headers,ok,
extracted_tables/034_Health_Bulletin_2016/table_0069.csv,quarantined_tables/034_Health_Bulletin_2016/table_0069.csv,6,3,review_required,placeholder_headers,ok,
extracted_tables/034_Health_Bulletin_2016/table_0070.csv,quarantined_tables/034_Health_Bulletin_2016/table_0070.csv,14,10,review_required,placeholder_headers,ok,
extracted_tables/034_Health_Bulletin_2016/table_0071.csv,quarantined_tables/034_Health_Bulletin_2016/table_0071.csv,19,9,review_required,placeholder_headers;high_internal_blank_ratio,ok,
extracted_tables/034_Health_Bulletin_2016/table_0072.csv,quarantined_tables/034_Health_Bulletin_2016/table_0072.csv,18,4,review_required,placeholder_headers,ok,
extracted_tables/034_Health_Bulletin_2016/table_0073.csv,quarantined_tables/034_Health_Bulletin_2016/table_0073.csv,17,6,review_required,placeholder_headers,ok,
extracted_tables/034_Health_Bulletin_2016/table_0074.csv,quarantined_tables/034_Health_Bulletin_2016/table_0074.csv,18,6,review_required,placeholder_headers,ok,
extracted_tables/034_Health_Bulletin_2016/table_0075.csv,quarantined_tables/034_Health_Bulletin_2016/table_0075.csv,9,2,review_required,placeholder_headers,ok,
extracted_tables/034_Health_Bulletin_2016/table_0076.csv,quarantined_tables/034_Health_Bulletin_2016/table_0076.csv,18,4,review_required,placeholder_headers,ok,
extracted_tables/034_Health_Bulletin_2016/table_0077.csv,quarantined_tables/034_Health_Bulletin_2016/table_0077.csv,6,7,review_required,placeholder_headers,ok,
extracted_tables/034_Health_Bulletin_2016/table_0078.csv,quarantined_tables/034_Health_Bulletin_2016/table_0078.csv,7,5,review_required,placeholder_headers;high_internal_blank_ratio,ok,
extracted_tables/034_Health_Bulletin_2016/table_0079.csv,quarantined_tables/034_Health_Bulletin_2016/table_0079.csv,1,1,rejected,empty_or_single_column,ok,
extracted_tables/034_Health_Bulletin_2016/table_0080.csv,quarantined_tables/034_Health_Bulletin_2016/table_0080.csv,8,9,review_required,placeholder_headers;high_internal_blank_ratio,ok,
extracted_tables/034_Health_Bulletin_2016/table_0081.csv,quarantined_tables/034_Health_Bulletin_2016/table_0081.csv,24,7,review_required,placeholder_headers,ok,
extracted_tables/034_Health_Bulletin_2016/table_0082.csv,quarantined_tables/034_Health_Bulletin_2016/table_0082.csv,11,4,review_required,placeholder_headers,ok,
extracted_tables/034_Health_Bulletin_2016/table_0083.csv,quarantined_tables/034_Health_Bulletin_2016/table_0083.csv,0,0,rejected,empty_or_single_column,ok,
extracted_tables/034_Health_Bulletin_2016/table_0084.csv,quarantined_tables/034_Health_Bulletin_2016/table_0084.csv,0,0,rejected,empty_or_single_column,ok,
extracted_tables/034_Health_Bulletin_2016/table_0085.csv,quarantined_tables/034_Health_Bulletin_2016/table_0085.csv,0,0,rejected,empty_or_single_column,ok,
extracted_tables/034_Health_Bulletin_2016/table_0086.csv,quarantined_tables/034_Health_Bulletin_2016/table_0086.csv,0,0,rejected,empty_or_single_column,ok,
extracted_tables/034_Health_Bulletin_2016/table_0087.csv,quarantined_tables/034_Health_Bulletin_2016/table_0087.csv,0,0,rejected,empty_or_single_column,ok,
extracted_tables/034_Health_Bulletin_2016/table_0088.csv,quarantined_tables/034_Health_Bulletin_2016/table_0088.csv,10,6,review_required,placeholder_headers,ok,
extracted_tables/034_Health_Bulletin_2016/table_0089.csv,quarantined_tables/034_Health_Bulletin_2016/table_0089.csv,10,4,review_required,placeholder_headers,ok,
extracted_tables/034_Health_Bulletin_2016/table_0090.csv,quarantined_tables/034_Health_Bulletin_2016/table_0090.csv,2,2,review_required,placeholder_headers,ok,
extracted_tables/034_Health_Bulletin_2016/table_0091.csv,quarantined_tables/034_Health_Bulletin_2016/table_0091.csv,2,2,review_required,placeholder_headers,ok,
extracted_tables/034_Health_Bulletin_2016/table_0092.csv,quarantined_tables/034_Health_Bulletin_2016/table_0092.csv,7,2,review_required,placeholder_headers,ok,
extracted_tables/034_Health_Bulletin_2016/table_0093.csv,quarantined_tables/034_Health_Bulletin_2016/table_0093.csv,12,3,review_required,placeholder_headers,ok,
extracted_tables/034_Health_Bulletin_2016/table_0094.csv,quarantined_tables/034_Health_Bulletin_2016/table_0094.csv,4,11,review_required,placeholder_headers;high_internal_blank_ratio,ok,
extracted_tables/034_Health_Bulletin_2016/table_0095.csv,quarantined_tables/034_Health_Bulletin_2016/table_0095.csv,3,3,review_required,placeholder_headers,ok,
extracted_tables/034_Health_Bulletin_2016/table_0096.csv,quarantined_tables/034_Health_Bulletin_2016/table_0096.csv,7,9,review_required,placeholder_headers,ok,
extracted_tables/034_Health_Bulletin_2016/table_0097.csv,quarantined_tables/034_Health_Bulletin_2016/table_0097.csv,7,9,review_required,placeholder_headers,ok,
extracted_tables/034_Health_Bulletin_2016/table_0098.csv,quarantined_tables/034_Health_Bulletin_2016/table_0098.csv,13,3,review_required,placeholder_headers,ok,
extracted_tables/034_Health_Bulletin_2016/table_0099.csv,quarantined_tables/034_Health_Bulletin_2016/table_0099.csv,13,3,review_required,placeholder_headers,ok,
extracted_tables/034_Health_Bulletin_2016/table_0100.csv,quarantined_tables/034_Health_Bulletin_2016/table_0100.csv,8,4,review_required,placeholder_headers,ok,
extracted_tables/034_Health_Bulletin_2016/table_0101.csv,quarantined_tables/034_Health_Bulletin_2016/table_0101.csv,19,12,review_required,placeholder_headers,ok,
extracted_tables/034_Health_Bulletin_2016/table_0102.csv,quarantined_tables/034_Health_Bulletin_2016/table_0102.csv,2,2,review_required,placeholder_headers;high_internal_blank_ratio,ok,
extracted_tables/034_Health_Bulletin_2016/table_0103.csv,quarantined_tables/034_Health_Bulletin_2016/table_0103.csv,0,0,rejected,empty_or_single_column,ok,
extracted_tables/034_Health_Bulletin_2016/table_0104.csv,quarantined_tables/034_Health_Bulletin_2016/table_0104.csv,0,0,rejected,empty_or_single_column,ok,
extracted_tables/034_Health_Bulletin_2016/table_0105.csv,quarantined_tables/034_Health_Bulletin_2016/table_0105.csv,0,0,rejected,empty_or_single_column,ok,
extracted_tables/034_Health_Bulletin_2016/table_0106.csv,quarantined_tables/034_Health_Bulletin_2016/table_0106.csv,0,0,rejected,empty_or_single_column,ok,
extracted_tables/034_Health_Bulletin_2016/table_0107.csv,quarantined_tables/034_Health_Bulletin_2016/table_0107.csv,0,0,rejected,empty_or_single_column,ok,
extracted_tables/034_Health_Bulletin_2016/table_0108.csv,quarantined_tables/034_Health_Bulletin_2016/table_0108.csv,0,0,rejected,empty_or_single_column,ok,
extracted_tables/034_Health_Bulletin_2016/table_0109.csv,quarantined_tables/034_Health_Bulletin_2016/table_0109.csv,0,0,rejected,empty_or_single_column,ok,
extracted_tables/034_Health_Bulletin_2016/table_0110.csv,quarantined_tables/034_Health_Bulletin_2016/table_0110.csv,0,0,rejected,empty_or_single_column,ok,
extracted_tables/034_Health_Bulletin_2016/table_0111.csv,quarantined_tables/034_Health_Bulletin_2016/table_0111.csv,0,0,rejected,empty_or_single_column,ok,
extracted_tables/034_Health_Bulletin_2016/table_0112.csv,quarantined_tables/034_Health_Bulletin_2016/table_0112.csv,0,0,rejected,empty_or_single_column,ok,
extracted_tables/034_Health_Bulletin_2016/table_0113.csv,quarantined_tables/034_Health_Bulletin_2016/table_0113.csv,0,0,rejected,empty_or_single_column,ok,
extracted_tables/034_Health_Bulletin_2016/table_0114.csv,quarantined_tables/034_Health_Bulletin_2016/table_0114.csv,0,0,rejected,empty_or_single_column,ok,
extracted_tables/034_Health_Bulletin_2016/table_0115.csv,quarantined_tables/034_Health_Bulletin_2016/table_0115.csv,0,0,rejected,empty_or_single_column,ok,
extracted_tables/034_Health_Bulletin_2016/table_0116.csv,quarantined_tables/034_Health_Bulletin_2016/table_0116.csv,0,0,rejected,empty_or_single_column,ok,
extracted_tables/034_Health_Bulletin_2016/table_0117.csv,quarantined_tables/034_Health_Bulletin_2016/table_0117.csv,0,0,rejected,empty_or_single_column,ok,
extracted_tables/034_Health_Bulletin_2016/table_0118.csv,quarantined_tables/034_Health_Bulletin_2016/table_0118.csv,0,0,rejected,empty_or_single_column,ok,
extracted_tables/034_Health_Bulletin_2016/table_0119.csv,quarantined_tables/034_Health_Bulletin_2016/table_0119.csv,0,0,rejected,empty_or_single_column,ok,
extracted_tables/034_Health_Bulletin_2016/table_0120.csv,quarantined_tables/034_Health_Bulletin_2016/table_0120.csv,0,0,rejected,empty_or_single_column,ok,
extracted_tables/034_Health_Bulletin_2016/table_0121.csv,quarantined_tables/034_Health_Bulletin_2016/table_0121.csv,0,0,rejected,empty_or_single_column,ok,
extracted_tables/034_Health_Bulletin_2016/table_0122.csv,quarantined_tables/034_Health_Bulletin_2016/table_0122.csv,0,0,rejected,empty_or_single_column,ok,
extracted_tables/034_Health_Bulletin_2016/table_0123.csv,quarantined_tables/034_Health_Bulletin_2016/table_0123.csv,0,0,rejected,empty_or_single_column,ok,
extracted_tables/034_Health_Bulletin_2016/table_0124.csv,quarantined_tables/034_Health_Bulletin_2016/table_0124.csv,0,0,rejected,empty_or_single_column,ok,
extracted_tables/034_Health_Bulletin_2016/table_0125.csv,quarantined_tables/034_Health_Bulletin_2016/table_0125.csv,0,0,rejected,empty_or_single_column,ok,
extracted_tables/034_Health_Bulletin_2016/table_0126.csv,quarantined_tables/034_Health_Bulletin_2016/table_0126.csv,0,0,rejected,empty_or_single_column,ok,
extracted_tables/034_Health_Bulletin_2016/table_0127.csv,quarantined_tables/034_Health_Bulletin_2016/table_0127.csv,0,0,rejected,empty_or_single_column,ok,
extracted_tables/034_Health_Bulletin_2016/table_0128.csv,quarantined_tables/034_Health_Bulletin_2016/table_0128.csv,0,0,rejected,empty_or_single_column,ok,
extracted_tables/034_Health_Bulletin_2016/table_0129.csv,quarantined_tables/034_Health_Bulletin_2016/table_0129.csv,0,0,rejected,empty_or_single_column,ok,
extracted_tables/034_Health_Bulletin_2016/table_0130.csv,quarantined_tables/034_Health_Bulletin_2016/table_0130.csv,0,0,rejected,empty_or_single_column,ok,
extracted_tables/034_Health_Bulletin_2016/table_0131.csv,quarantined_tables/034_Health_Bulletin_2016/table_0131.csv,0,0,rejected,empty_or_single_column,ok,
extracted_tables/034_Health_Bulletin_2016/table_0132.csv,quarantined_tables/034_Health_Bulletin_2016/table_0132.csv,0,0,rejected,empty_or_single_column,ok,
extracted_tables/034_Health_Bulletin_2016/table_0133.csv,quarantined_tables/034_Health_Bulletin_2016/table_0133.csv,0,0,rejected,empty_or_single_column,ok,
extracted_tables/034_Health_Bulletin_2016/table_0134.csv,quarantined_tables/034_Health_Bulletin_2016/table_0134.csv,0,0,rejected,empty_or_single_column,ok,
extracted_tables/034_Health_Bulletin_2016/table_0135.csv,quarantined_tables/034_Health_Bulletin_2016/table_0135.csv,5,5,review_required,placeholder_headers;high_internal_blank_ratio,ok,
extracted_tables/034_Health_Bulletin_2016/table_0136.csv,quarantined_tables/034_Health_Bulletin_2016/table_0136.csv,0,0,rejected,empty_or_single_column,ok,
extracted_tables/034_Health_Bulletin_2016/table_0137.csv,quarantined_tables/034_Health_Bulletin_2016/table_0137.csv,0,0,rejected,empty_or_single_column,ok,
extracted_tables/034_Health_Bulletin_2016/table_0138.csv,quarantined_tables/034_Health_Bulletin_2016/table_0138.csv,0,0,rejected,empty_or_single_column,ok,
extracted_tables/034_Health_Bulletin_2016/table_0139.csv,quarantined_tables/034_Health_Bulletin_2016/table_0139.csv,0,0,rejected,empty_or_single_column,ok,
extracted_tables/034_Health_Bulletin_2016/table_0140.csv,quarantined_tables/034_Health_Bulletin_2016/table_0140.csv,20,7,review_required,placeholder_headers;high_internal_blank_ratio,ok,
extracted_tables/034_Health_Bulletin_2016/table_0141.csv,quarantined_tables/034_Health_Bulletin_2016/table_0141.csv,8,7,review_required,placeholder_headers;high_internal_blank_ratio,ok,
extracted_tables/034_Health_Bulletin_2016/table_0142.csv,quarantined_tables/034_Health_Bulletin_2016/table_0142.csv,30,6,review_required,placeholder_headers;high_internal_blank_ratio,ok,
extracted_tables/034_Health_Bulletin_2016/table_0143.csv,quarantined_tables/034_Health_Bulletin_2016/table_0143.csv,8,6,review_required,placeholder_headers,ok,
extracted_tables/034_Health_Bulletin_2016/table_0144.csv,quarantined_tables/034_Health_Bulletin_2016/table_0144.csv,7,6,review_required,placeholder_headers,ok,
extracted_tables/034_Health_Bulletin_2016/table_0145.csv,quarantined_tables/034_Health_Bulletin_2016/table_0145.csv,10,6,review_required,placeholder_headers,ok,
extracted_tables/034_Health_Bulletin_2016/table_0146.csv,quarantined_tables/034_Health_Bulletin_2016/table_0146.csv,7,6,review_required,placeholder_headers,ok,
extracted_tables/034_Health_Bulletin_2016/table_0147.csv,quarantined_tables/034_Health_Bulletin_2016/table_0147.csv,7,5,review_required,placeholder_headers;high_internal_blank_ratio,ok,
extracted_tables/034_Health_Bulletin_2016/table_0148.csv,quarantined_tables/034_Health_Bulletin_2016/table_0148.csv,3,5,review_required,placeholder_headers;high_internal_blank_ratio,ok,
extracted_tables/034_Health_Bulletin_2016/table_0149.csv,quarantined_tables/034_Health_Bulletin_2016/table_0149.csv,9,9,review_required,placeholder_headers,ok,
extracted_tables/034_Health_Bulletin_2016/table_0150.csv,quarantined_tables/034_Health_Bulletin_2016/table_0150.csv,0,0,rejected,empty_or_single_column,ok,
extracted_tables/034_Health_Bulletin_2016/table_0151.csv,quarantined_tables/034_Health_Bulletin_2016/table_0151.csv,0,0,rejected,empty_or_single_column,ok,
extracted_tables/034_Health_Bulletin_2016/table_0152.csv,quarantined_tables/034_Health_Bulletin_2016/table_0152.csv,0,0,rejected,empty_or_single_column,ok,
extracted_tables/034_Health_Bulletin_2016/table_0153.csv,quarantined_tables/034_Health_Bulletin_2016/table_0153.csv,19,6,review_required,placeholder_headers,ok,
extracted_tables/034_Health_Bulletin_2016/table_0154.csv,quarantined_tables/034_Health_Bulletin_2016/table_0154.csv,11,11,review_required,placeholder_headers,ok,
extracted_tables/034_Health_Bulletin_2016/table_0155.csv,quarantined_tables/034_Health_Bulletin_2016/table_0155.csv,6,5,review_required,placeholder_headers,ok,
extracted_tables/034_Health_Bulletin_2016/table_0156.csv,quarantined_tables/034_Health_Bulletin_2016/table_0156.csv,11,7,review_required,placeholder_headers,ok,
extracted_tables/034_Health_Bulletin_2016/table_0157.csv,quarantined_tables/034_Health_Bulletin_2016/table_0157.csv,28,7,review_required,placeholder_headers,ok,
extracted_tables/034_Health_Bulletin_2016/table_0158.csv,quarantined_tables/034_Health_Bulletin_2016/table_0158.csv,14,7,review_required,placeholder_headers,ok,
extracted_tables/034_Health_Bulletin_2016/table_0159.csv,quarantined_tables/034_Health_Bulletin_2016/table_0159.csv,20,9,review_required,placeholder_headers;high_internal_blank_ratio,ok,
extracted_tables/034_Health_Bulletin_2016/table_0160.csv,quarantined_tables/034_Health_Bulletin_2016/table_0160.csv,7,10,review_required,placeholder_headers;high_internal_blank_ratio,ok,
extracted_tables/034_Health_Bulletin_2016/table_0161.csv,quarantined_tables/034_Health_Bulletin_2016/table_0161.csv,5,3,review_required,placeholder_headers,ok,
extracted_tables/034_Health_Bulletin_2016/table_0162.csv,quarantined_tables/034_Health_Bulletin_2016/table_0162.csv,5,3,review_required,placeholder_headers,ok,
extracted_tables/034_Health_Bulletin_2016/table_0163.csv,quarantined_tables/034_Health_Bulletin_2016/table_0163.csv,8,8,review_required,placeholder_headers,ok,
extracted_tables/034_Health_Bulletin_2016/table_0164.csv,quarantined_tables/034_Health_Bulletin_2016/table_0164.csv,19,5,review_required,placeholder_headers;high_internal_blank_ratio,ok,
extracted_tables/034_Health_Bulletin_2016/table_0165.csv,quarantined_tables/034_Health_Bulletin_2016/table_0165.csv,16,4,review_required,placeholder_headers,ok,
extracted_tables/034_Health_Bulletin_2016/table_0166.csv,quarantined_tables/034_Health_Bulletin_2016/table_0166.csv,7,4,review_required,placeholder_headers,ok,
extracted_tables/034_Health_Bulletin_2016/table_0167.csv,quarantined_tables/034_Health_Bulletin_2016/table_0167.csv,5,3,review_required,placeholder_headers,ok,
extracted_tables/034_Health_Bulletin_2016/table_0168.csv,quarantined_tables/034_Health_Bulletin_2016/table_0168.csv,9,5,review_required,placeholder_headers,ok,
extracted_tables/034_Health_Bulletin_2016/table_0169.csv,quarantined_tables/034_Health_Bulletin_2016/table_0169.csv,14,4,review_required,placeholder_headers;high_internal_blank_ratio,ok,
extracted_tables/034_Health_Bulletin_2016/table_0170.csv,quarantined_tables/034_Health_Bulletin_2016/table_0170.csv,9,4,review_required,placeholder_headers;high_internal_blank_ratio,ok,
extracted_tables/034_Health_Bulletin_2016/table_0171.csv,quarantined_tables/034_Health_Bulletin_2016/table_0171.csv,24,7,review_required,placeholder_headers,ok,
extracted_tables/034_Health_Bulletin_2016/table_0172.csv,quarantined_tables/034_Health_Bulletin_2016/table_0172.csv,3,5,review_required,placeholder_headers,ok,
extracted_tables/034_Health_Bulletin_2016/table_0173.csv,quarantined_tables/034_Health_Bulletin_2016/table_0173.csv,3,3,review_required,placeholder_headers,ok,
extracted_tables/034_Health_Bulletin_2016/table_0174.csv,quarantined_tables/034_Health_Bulletin_2016/table_0174.csv,3,2,review_required,placeholder_headers,ok,
extracted_tables/034_Health_Bulletin_2016/table_0175.csv,quarantined_tables/034_Health_Bulletin_2016/table_0175.csv,9,2,review_required,placeholder_headers,ok,
extracted_tables/034_Health_Bulletin_2016/table_0176.csv,quarantined_tables/034_Health_Bulletin_2016/table_0176.csv,3,2,review_required,placeholder_headers,ok,
extracted_tables/034_Health_Bulletin_2016/table_0177.csv,quarantined_tables/034_Health_Bulletin_2016/table_0177.csv,7,11,review_required,placeholder_headers,ok,
extracted_tables/034_Health_Bulletin_2016/table_0178.csv,quarantined_tables/034_Health_Bulletin_2016/table_0178.csv,6,6,review_required,placeholder_headers;high_internal_blank_ratio,ok,
extracted_tables/034_Health_Bulletin_2016/table_0179.csv,quarantined_tables/034_Health_Bulletin_2016/table_0179.csv,9,6,review_required,placeholder_headers;high_internal_blank_ratio,ok,
extracted_tables/034_Health_Bulletin_2016/table_0180.csv,quarantined_tables/034_Health_Bulletin_2016/table_0180.csv,8,8,review_required,placeholder_headers,ok,
extracted_tables/034_Health_Bulletin_2016/table_0181.csv,quarantined_tables/034_Health_Bulletin_2016/table_0181.csv,20,4,review_required,placeholder_headers,ok,
extracted_tables/034_Health_Bulletin_2016/table_0182.csv,quarantined_tables/034_Health_Bulletin_2016/table_0182.csv,28,4,review_required,placeholder_headers,ok,
extracted_tables/034_Health_Bulletin_2016/table_0183.csv,quarantined_tables/034_Health_Bulletin_2016/table_0183.csv,21,10,review_required,placeholder_headers,ok,
extracted_tables/034_Health_Bulletin_2016/table_0184.csv,quarantined_tables/034_Health_Bulletin_2016/table_0184.csv,47,7,review_required,placeholder_headers,ok,
extracted_tables/034_Health_Bulletin_2016/table_0185.csv,quarantined_tables/034_Health_Bulletin_2016/table_0185.csv,51,7,review_required,placeholder_headers,ok,
extracted_tables/034_Health_Bulletin_2016/table_0186.csv,quarantined_tables/034_Health_Bulletin_2016/table_0186.csv,52,7,review_required,placeholder_headers,ok,
extracted_tables/034_Health_Bulletin_2016/table_0187.csv,quarantined_tables/034_Health_Bulletin_2016/table_0187.csv,39,7,review_required,placeholder_headers,ok,
extracted_tables/034_Health_Bulletin_2016/table_0188.csv,quarantined_tables/034_Health_Bulletin_2016/table_0188.csv,12,23,review_required,placeholder_headers,ok,
extracted_tables/034_Health_Bulletin_2016/table_0189.csv,quarantined_tables/034_Health_Bulletin_2016/table_0189.csv,12,16,review_required,placeholder_headers;high_internal_blank_ratio,ok,
extracted_tables/034_Health_Bulletin_2016/table_0190.csv,quarantined_tables/034_Health_Bulletin_2016/table_0190.csv,13,9,review_required,placeholder_headers,ok,
extracted_tables/034_Health_Bulletin_2016/table_0191.csv,quarantined_tables/034_Health_Bulletin_2016/table_0191.csv,13,30,review_required,placeholder_headers,ok,
extracted_tables/034_Health_Bulletin_2016/table_0192.csv,quarantined_tables/034_Health_Bulletin_2016/table_0192.csv,13,31,review_required,placeholder_headers;wide_table_requires_structural_review,ok,
extracted_tables/034_Health_Bulletin_2016/table_0193.csv,quarantined_tables/034_Health_Bulletin_2016/table_0193.csv,13,7,review_required,placeholder_headers;high_internal_blank_ratio,ok,
extracted_tables/034_Health_Bulletin_2016/table_0194.csv,quarantined_tables/034_Health_Bulletin_2016/table_0194.csv,12,26,review_required,placeholder_headers,ok,
extracted_tables/034_Health_Bulletin_2016/table_0195.csv,quarantined_tables/034_Health_Bulletin_2016/table_0195.csv,12,36,review_required,placeholder_headers;wide_table_requires_structural_review,ok,
extracted_tables/034_Health_Bulletin_2016/table_0196.csv,quarantined_tables/034_Health_Bulletin_2016/table_0196.csv,12,36,review_required,placeholder_headers;wide_table_requires_structural_review,ok,
extracted_tables/034_Health_Bulletin_2016/table_0197.csv,quarantined_tables/034_Health_Bulletin_2016/table_0197.csv,12,36,review_required,placeholder_headers;wide_table_requires_structural_review,ok,
extracted_tables/034_Health_Bulletin_2016/table_0198.csv,quarantined_tables/034_Health_Bulletin_2016/table_0198.csv,12,36,review_required,placeholder_headers;wide_table_requires_structural_review,ok,
extracted_tables/034_Health_Bulletin_2016/table_0199.csv,quarantined_tables/034_Health_Bulletin_2016/table_0199.csv,12,36,review_required,placeholder_headers;wide_table_requires_structural_review,ok,
extracted_tables/034_Health_Bulletin_2016/table_0200.csv,quarantined_tables/034_Health_Bulletin_2016/table_0200.csv,12,36,review_required,placeholder_headers;wide_table_requires_structural_review,ok,
extracted_tables/034_Health_Bulletin_2016/table_0201.csv,quarantined_tables/034_Health_Bulletin_2016/table_0201.csv,12,36,review_required,placeholder_headers;wide_table_requires_structural_review,ok,
extracted_tables/034_Health_Bulletin_2016/table_0202.csv,quarantined_tables/034_Health_Bulletin_2016/table_0202.csv,12,36,review_required,placeholder_headers;wide_table_requires_structural_review,ok,
extracted_tables/034_Health_Bulletin_2016/table_0203.csv,quarantined_tables/034_Health_Bulletin_2016/table_0203.csv,12,36,review_required,placeholder_headers;wide_table_requires_structural_review,ok,
extracted_tables/034_Health_Bulletin_2016/table_0204.csv,quarantined_tables/034_Health_Bulletin_2016/table_0204.csv,12,36,review_required,placeholder_headers;wide_table_requires_structural_review,ok,
extracted_tables/034_Health_Bulletin_2016/table_0205.csv,quarantined_tables/034_Health_Bulletin_2016/table_0205.csv,12,37,review_required,placeholder_headers;wide_table_requires_structural_review,ok,
extracted_tables/034_Health_Bulletin_2016/table_0206.csv,quarantined_tables/034_Health_Bulletin_2016/table_0206.csv,12,37,review_required,placeholder_headers;wide_table_requires_structural_review,ok,
extracted_tables/034_Health_Bulletin_2016/table_0207.csv,quarantined_tables/034_Health_Bulletin_2016/table_0207.csv,5,34,review_required,placeholder_headers;wide_table_requires_structural_review,ok,
extracted_tables/034_Health_Bulletin_2016/table_0208.csv,quarantined_tables/034_Health_Bulletin_2016/table_0208.csv,6,34,review_required,placeholder_headers;wide_table_requires_structural_review,ok,
extracted_tables/034_Health_Bulletin_2016/table_0209.csv,quarantined_tables/034_Health_Bulletin_2016/table_0209.csv,6,33,review_required,placeholder_headers;wide_table_requires_structural_review,ok,
extracted_tables/034_Health_Bulletin_2016/table_0210.csv,quarantined_tables/034_Health_Bulletin_2016/table_0210.csv,48,6,review_required,placeholder_headers;high_internal_blank_ratio,ok,
extracted_tables/034_Health_Bulletin_2016/table_0211.csv,quarantined_tables/034_Health_Bulletin_2016/table_0211.csv,49,6,review_required,placeholder_headers;high_internal_blank_ratio,ok,
extracted_tables/034_Health_Bulletin_2016/table_0212.csv,quarantined_tables/034_Health_Bulletin_2016/table_0212.csv,49,6,review_required,placeholder_headers;high_internal_blank_ratio,ok,
extracted_tables/034_Health_Bulletin_2016/table_0213.csv,quarantined_tables/034_Health_Bulletin_2016/table_0213.csv,45,6,review_required,placeholder_headers;high_internal_blank_ratio,ok,
extracted_tables/034_Health_Bulletin_2016/table_0214.csv,quarantined_tables/034_Health_Bulletin_2016/table_0214.csv,52,6,review_required,placeholder_headers;high_internal_blank_ratio,ok,
extracted_tables/034_Health_Bulletin_2016/table_0215.csv,quarantined_tables/034_Health_Bulletin_2016/table_0215.csv,51,6,review_required,placeholder_headers;high_internal_blank_ratio,ok,
extracted_tables/034_Health_Bulletin_2016/table_0216.csv,quarantined_tables/034_Health_Bulletin_2016/table_0216.csv,49,6,review_required,placeholder_headers;high_internal_blank_ratio,ok,
extracted_tables/034_Health_Bulletin_2016/table_0217.csv,quarantined_tables/034_Health_Bulletin_2016/table_0217.csv,51,6,review_required,placeholder_headers;high_internal_blank_ratio,ok,
extracted_tables/034_Health_Bulletin_2016/table_0218.csv,quarantined_tables/034_Health_Bulletin_2016/table_0218.csv,14,6,review_required,placeholder_headers;high_internal_blank_ratio,ok,
extracted_tables/034_Health_Bulletin_2016/table_0219.csv,quarantined_tables/034_Health_Bulletin_2016/table_0219.csv,7,23,review_required,placeholder_headers,ok,
extracted_tables/034_Health_Bulletin_2016/table_0220.csv,quarantined_tables/034_Health_Bulletin_2016/table_0220.csv,7,15,review_required,placeholder_headers;high_internal_blank_ratio,ok,
extracted_tables/034_Health_Bulletin_2016/table_0221.csv,quarantined_tables/034_Health_Bulletin_2016/table_0221.csv,49,7,review_required,placeholder_headers,ok,
extracted_tables/034_Health_Bulletin_2016/table_0222.csv,quarantined_tables/034_Health_Bulletin_2016/table_0222.csv,22,7,review_required,placeholder_headers,ok,
extracted_tables/034_Health_Bulletin_2016/table_0223.csv,quarantined_tables/034_Health_Bulletin_2016/table_0223.csv,27,7,review_required,placeholder_headers,ok,
extracted_tables/034_Health_Bulletin_2016/table_0224.csv,quarantined_tables/034_Health_Bulletin_2016/table_0224.csv,52,7,review_required,placeholder_headers,ok,
extracted_tables/034_Health_Bulletin_2016/table_0225.csv,quarantined_tables/034_Health_Bulletin_2016/table_0225.csv,52,7,review_required,placeholder_headers,ok,
extracted_tables/034_Health_Bulletin_2016/table_0226.csv,quarantined_tables/034_Health_Bulletin_2016/table_0226.csv,52,7,review_required,placeholder_headers,ok,
extracted_tables/034_Health_Bulletin_2016/table_0227.csv,quarantined_tables/034_Health_Bulletin_2016/table_0227.csv,52,7,review_required,placeholder_headers,ok,
extracted_tables/034_Health_Bulletin_2016/table_0228.csv,quarantined_tables/034_Health_Bulletin_2016/table_0228.csv,52,7,review_required,placeholder_headers,ok,
extracted_tables/034_Health_Bulletin_2016/table_0229.csv,quarantined_tables/034_Health_Bulletin_2016/table_0229.csv,52,7,review_required,placeholder_headers,ok,
extracted_tables/034_Health_Bulletin_2016/table_0230.csv,quarantined_tables/034_Health_Bulletin_2016/table_0230.csv,52,7,review_required,placeholder_headers,ok,
extracted_tables/034_Health_Bulletin_2016/table_0231.csv,quarantined_tables/034_Health_Bulletin_2016/table_0231.csv,53,7,review_required,placeholder_headers,ok,
extracted_tables/034_Health_Bulletin_2016/table_0232.csv,quarantined_tables/034_Health_Bulletin_2016/table_0232.csv,8,35,review_required,placeholder_headers;high_internal_blank_ratio;wide_table_requires_structural_review,ok,
extracted_tables/034_Health_Bulletin_2016/table_0233.csv,quarantined_tables/034_Health_Bulletin_2016/table_0233.csv,8,36,review_required,placeholder_headers;wide_table_requires_structural_review,ok,
extracted_tables/034_Health_Bulletin_2016/table_0234.csv,quarantined_tables/034_Health_Bulletin_2016/table_0234.csv,8,35,review_required,placeholder_headers;wide_table_requires_structural_review,ok,
extracted_tables/034_Health_Bulletin_2016/table_0235.csv,quarantined_tables/034_Health_Bulletin_2016/table_0235.csv,8,38,review_required,placeholder_headers;high_internal_blank_ratio;wide_table_requires_structural_review,ok,
extracted_tables/034_Health_Bulletin_2016/table_0236.csv,quarantined_tables/034_Health_Bulletin_2016/table_0236.csv,8,38,review_required,placeholder_headers;high_internal_blank_ratio;wide_table_requires_structural_review,ok,
extracted_tables/034_Health_Bulletin_2016/table_0237.csv,quarantined_tables/034_Health_Bulletin_2016/table_0237.csv,8,39,review_required,placeholder_headers;high_internal_blank_ratio;wide_table_requires_structural_review,ok,
extracted_tables/034_Health_Bulletin_2016/table_0238.csv,quarantined_tables/034_Health_Bulletin_2016/table_0238.csv,8,39,review_required,placeholder_headers;high_internal_blank_ratio;wide_table_requires_structural_review,ok,
extracted_tables/034_Health_Bulletin_2016/table_0239.csv,quarantined_tables/034_Health_Bulletin_2016/table_0239.csv,8,39,review_required,placeholder_headers;high_internal_blank_ratio;wide_table_requires_structural_review,ok,
extracted_tables/034_Health_Bulletin_2016/table_0240.csv,quarantined_tables/034_Health_Bulletin_2016/table_0240.csv,8,39,review_required,placeholder_headers;high_internal_blank_ratio;wide_table_requires_structural_review,ok,
extracted_tables/034_Health_Bulletin_2016/table_0241.csv,quarantined_tables/034_Health_Bulletin_2016/table_0241.csv,8,39,review_required,placeholder_headers;high_internal_blank_ratio;wide_table_requires_structural_review,ok,
extracted_tables/034_Health_Bulletin_2016/table_0242.csv,quarantined_tables/034_Health_Bulletin_2016/table_0242.csv,8,39,review_required,placeholder_headers;high_internal_blank_ratio;wide_table_requires_structural_review,ok,
extracted_tables/034_Health_Bulletin_2016/table_0243.csv,quarantined_tables/034_Health_Bulletin_2016/table_0243.csv,8,39,review_required,placeholder_headers;high_internal_blank_ratio;wide_table_requires_structural_review,ok,
extracted_tables/034_Health_Bulletin_2016/table_0244.csv,quarantined_tables/034_Health_Bulletin_2016/table_0244.csv,8,39,review_required,placeholder_headers;high_internal_blank_ratio;wide_table_requires_structural_review,ok,
extracted_tables/034_Health_Bulletin_2016/table_0245.csv,quarantined_tables/034_Health_Bulletin_2016/table_0245.csv,8,39,review_required,placeholder_headers;high_internal_blank_ratio;wide_table_requires_structural_review,ok,
extracted_tables/034_Health_Bulletin_2016/table_0246.csv,quarantined_tables/034_Health_Bulletin_2016/table_0246.csv,8,26,review_required,placeholder_headers;high_internal_blank_ratio,ok,
extracted_tables/034_Health_Bulletin_2016/table_0247.csv,quarantined_tables/034_Health_Bulletin_2016/table_0247.csv,38,10,review_required,placeholder_headers,ok,
extracted_tables/034_Health_Bulletin_2016/table_0248.csv,quarantined_tables/034_Health_Bulletin_2016/table_0248.csv,15,10,review_required,placeholder_headers,ok,
extracted_tables/034_Health_Bulletin_2016/table_0249.csv,quarantined_tables/034_Health_Bulletin_2016/table_0249.csv,43,9,review_required,placeholder_headers,ok,
extracted_tables/034_Health_Bulletin_2016/table_0250.csv,quarantined_tables/034_Health_Bulletin_2016/table_0250.csv,52,3,review_required,placeholder_headers,ok,
extracted_tables/034_Health_Bulletin_2016/table_0251.csv,quarantined_tables/034_Health_Bulletin_2016/table_0251.csv,38,4,review_required,placeholder_headers,ok,
extracted_tables/034_Health_Bulletin_2016/table_0252.csv,quarantined_tables/034_Health_Bulletin_2016/table_0252.csv,10,5,review_required,placeholder_headers,ok,
extracted_tables/034_Health_Bulletin_2016/table_0253.csv,quarantined_tables/034_Health_Bulletin_2016/table_0253.csv,52,5,review_required,placeholder_headers,ok,
extracted_tables/034_Health_Bulletin_2016/table_0254.csv,quarantined_tables/034_Health_Bulletin_2016/table_0254.csv,10,5,review_required,placeholder_headers,ok,
extracted_tables/034_Health_Bulletin_2016/table_0255.csv,quarantined_tables/034_Health_Bulletin_2016/table_0255.csv,11,4,review_required,placeholder_headers,ok,
extracted_tables/034_Health_Bulletin_2016/table_0256.csv,quarantined_tables/034_Health_Bulletin_2016/table_0256.csv,27,5,review_required,placeholder_headers,ok,
extracted_tables/034_Health_Bulletin_2016/table_0257.csv,quarantined_tables/034_Health_Bulletin_2016/table_0257.csv,19,4,review_required,placeholder_headers,ok,
extracted_tables/034_Health_Bulletin_2016/table_0258.csv,quarantined_tables/034_Health_Bulletin_2016/table_0258.csv,10,4,review_required,placeholder_headers,ok,
extracted_tables/034_Health_Bulletin_2016/table_0259.csv,quarantined_tables/034_Health_Bulletin_2016/table_0259.csv,23,3,review_required,placeholder_headers,ok,
extracted_tables/034_Health_Bulletin_2016/table_0260.csv,quarantined_tables/034_Health_Bulletin_2016/table_0260.csv,27,3,review_required,placeholder_headers;high_internal_blank_ratio,ok,
extracted_tables/034_Health_Bulletin_2016/table_0261.csv,quarantined_tables/034_Health_Bulletin_2016/table_0261.csv,6,3,review_required,placeholder_headers,ok,
extracted_tables/034_Health_Bulletin_2016/table_0262.csv,quarantined_tables/034_Health_Bulletin_2016/table_0262.csv,40,3,review_required,placeholder_headers,ok,
extracted_tables/034_Health_Bulletin_2016/table_0263.csv,quarantined_tables/034_Health_Bulletin_2016/table_0263.csv,12,3,review_required,placeholder_headers,ok,
extracted_tables/034_Health_Bulletin_2016/table_0264.csv,quarantined_tables/034_Health_Bulletin_2016/table_0264.csv,39,3,review_required,placeholder_headers,ok,
extracted_tables/034_Health_Bulletin_2016/table_0265.csv,quarantined_tables/034_Health_Bulletin_2016/table_0265.csv,43,3,review_required,placeholder_headers;high_internal_blank_ratio,ok,
extracted_tables/034_Health_Bulletin_2016/table_0266.csv,quarantined_tables/034_Health_Bulletin_2016/table_0266.csv,28,3,review_required,placeholder_headers;high_internal_blank_ratio,ok,
extracted_tables/034_Health_Bulletin_2016/table_0267.csv,quarantined_tables/034_Health_Bulletin_2016/table_0267.csv,14,3,review_required,placeholder_headers,ok,
extracted_tables/034_Health_Bulletin_2016/table_0268.csv,quarantined_tables/034_Health_Bulletin_2016/table_0268.csv,10,3,review_required,placeholder_headers,ok,
extracted_tables/034_Health_Bulletin_2016/table_0269.csv,quarantined_tables/034_Health_Bulletin_2016/table_0269.csv,37,4,review_required,placeholder_headers,ok,
extracted_tables/034_Health_Bulletin_2016/table_0270.csv,quarantined_tables/034_Health_Bulletin_2016/table_0270.csv,51,4,review_required,placeholder_headers,ok,
extracted_tables/034_Health_Bulletin_2016/table_0271.csv,quarantined_tables/034_Health_Bulletin_2016/table_0271.csv,52,4,review_required,placeholder_headers,ok,
extracted_tables/034_Health_Bulletin_2016/table_0272.csv,quarantined_tables/034_Health_Bulletin_2016/table_0272.csv,33,4,review_required,placeholder_headers,ok,
extracted_tables/034_Health_Bulletin_2016/table_0273.csv,quarantined_tables/034_Health_Bulletin_2016/table_0273.csv,12,12,review_required,placeholder_headers,ok,
extracted_tables/034_Health_Bulletin_2016/table_0274.csv,quarantined_tables/034_Health_Bulletin_2016/table_0274.csv,35,11,review_required,placeholder_headers,ok,
extracted_tables/034_Health_Bulletin_2016/table_0275.csv,quarantined_tables/034_Health_Bulletin_2016/table_0275.csv,34,11,review_required,placeholder_headers,ok,
extracted_tables/034_Health_Bulletin_2016/table_0276.csv,quarantined_tables/034_Health_Bulletin_2016/table_0276.csv,36,11,review_required,placeholder_headers,ok,
extracted_tables/034_Health_Bulletin_2016/table_0277.csv,quarantined_tables/034_Health_Bulletin_2016/table_0277.csv,10,11,review_required,placeholder_headers;high_internal_blank_ratio,ok,
extracted_tables/034_Health_Bulletin_2016/table_0278.csv,quarantined_tables/034_Health_Bulletin_2016/table_0278.csv,6,9,review_required,placeholder_headers,ok,
extracted_tables/034_Health_Bulletin_2016/table_0279.csv,quarantined_tables/034_Health_Bulletin_2016/table_0279.csv,5,8,review_required,placeholder_headers,ok,
extracted_tables/034_Health_Bulletin_2016/table_0280.csv,quarantined_tables/034_Health_Bulletin_2016/table_0280.csv,20,9,review_required,placeholder_headers,ok,
extracted_tables/034_Health_Bulletin_2016/table_0281.csv,quarantined_tables/034_Health_Bulletin_2016/table_0281.csv,22,4,review_required,placeholder_headers,ok,
extracted_tables/034_Health_Bulletin_2016/table_0282.csv,quarantined_tables/034_Health_Bulletin_2016/table_0282.csv,45,4,review_required,placeholder_headers,ok,
extracted_tables/034_Health_Bulletin_2016/table_0283.csv,quarantined_tables/034_Health_Bulletin_2016/table_0283.csv,34,4,review_required,placeholder_headers,ok,
extracted_tables/034_Health_Bulletin_2016/table_0284.csv,quarantined_tables/034_Health_Bulletin_2016/table_0284.csv,11,24,review_required,placeholder_headers,ok,
extracted_tables/034_Health_Bulletin_2016/table_0285.csv,quarantined_tables/034_Health_Bulletin_2016/table_0285.csv,18,33,review_required,placeholder_headers;high_internal_blank_ratio;wide_table_requires_structural_review,ok,
extracted_tables/034_Health_Bulletin_2016/table_0286.csv,quarantined_tables/034_Health_Bulletin_2016/table_0286.csv,18,41,review_required,placeholder_headers;high_internal_blank_ratio;wide_table_requires_structural_review,ok,
extracted_tables/034_Health_Bulletin_2016/table_0287.csv,quarantined_tables/034_Health_Bulletin_2016/table_0287.csv,18,35,review_required,placeholder_headers;high_internal_blank_ratio;wide_table_requires_structural_review,ok,
extracted_tables/034_Health_Bulletin_2016/table_0288.csv,quarantined_tables/034_Health_Bulletin_2016/table_0288.csv,13,33,review_required,placeholder_headers;high_internal_blank_ratio;wide_table_requires_structural_review,ok,
extracted_tables/034_Health_Bulletin_2016/table_0289.csv,quarantined_tables/034_Health_Bulletin_2016/table_0289.csv,18,31,review_required,placeholder_headers;high_internal_blank_ratio;wide_table_requires_structural_review,ok,
extracted_tables/035_Health_Bulletin_2015/table_0001.csv,quarantined_tables/035_Health_Bulletin_2015/table_0001.csv,1,1,rejected,empty_or_single_column,ok,
extracted_tables/035_Health_Bulletin_2015/table_0002.csv,quarantined_tables/035_Health_Bulletin_2015/table_0002.csv,2,2,review_required,placeholder_headers;high_internal_blank_ratio,ok,
extracted_tables/035_Health_Bulletin_2015/table_0003.csv,quarantined_tables/035_Health_Bulletin_2015/table_0003.csv,1,2,review_required,placeholder_headers,ok,
extracted_tables/035_Health_Bulletin_2015/table_0004.csv,quarantined_tables/035_Health_Bulletin_2015/table_0004.csv,2,24,review_required,placeholder_headers,ok,
extracted_tables/035_Health_Bulletin_2015/table_0005.csv,quarantined_tables/035_Health_Bulletin_2015/table_0005.csv,3,8,review_required,placeholder_headers;high_internal_blank_ratio,ok,
extracted_tables/035_Health_Bulletin_2015/table_0006.csv,quarantined_tables/035_Health_Bulletin_2015/table_0006.csv,0,0,rejected,empty_or_single_column,ok,
extracted_tables/035_Health_Bulletin_2015/table_0007.csv,quarantined_tables/035_Health_Bulletin_2015/table_0007.csv,0,0,rejected,empty_or_single_column,ok,
extracted_tables/035_Health_Bulletin_2015/table_0008.csv,quarantined_tables/035_Health_Bulletin_2015/table_0008.csv,0,0,rejected,empty_or_single_column,ok,
extracted_tables/035_Health_Bulletin_2015/table_0009.csv,quarantined_tables/035_Health_Bulletin_2015/table_0009.csv,0,0,rejected,empty_or_single_column,ok,
extracted_tables/035_Health_Bulletin_2015/table_0010.csv,quarantined_tables/035_Health_Bulletin_2015/table_0010.csv,0,0,rejected,empty_or_single_column,ok,
extracted_tables/035_Health_Bulletin_2015/table_0011.csv,quarantined_tables/035_Health_Bulletin_2015/table_0011.csv,0,0,rejected,empty_or_single_column,ok,
extracted_tables/035_Health_Bulletin_2015/table_0012.csv,quarantined_tables/035_Health_Bulletin_2015/table_0012.csv,0,0,rejected,empty_or_single_column,ok,
extracted_tables/035_Health_Bulletin_2015/table_0013.csv,quarantined_tables/035_Health_Bulletin_2015/table_0013.csv,0,0,rejected,empty_or_single_column,ok,
extracted_tables/035_Health_Bulletin_2015/table_0014.csv,quarantined_tables/035_Health_Bulletin_2015/table_0014.csv,0,0,rejected,empty_or_single_column,ok,
extracted_tables/035_Health_Bulletin_2015/table_0015.csv,quarantined_tables/035_Health_Bulletin_2015/table_0015.csv,0,0,rejected,empty_or_single_column,ok,
extracted_tables/035_Health_Bulletin_2015/table_0016.csv,quarantined_tables/035_Health_Bulletin_2015/table_0016.csv,0,0,rejected,empty_or_single_column,ok,
extracted_tables/035_Health_Bulletin_2015/table_0017.csv,quarantined_tables/035_Health_Bulletin_2015/table_0017.csv,0,0,rejected,empty_or_single_column,ok,
extracted_tables/035_Health_Bulletin_2015/table_0018.csv,quarantined_tables/035_Health_Bulletin_2015/table_0018.csv,0,0,rejected,empty_or_single_column,ok,
extracted_tables/035_Health_Bulletin_2015/table_0019.csv,quarantined_tables/035_Health_Bulletin_2015/table_0019.csv,0,0,rejected,empty_or_single_column,ok,
extracted_tables/035_Health_Bulletin_2015/table_0020.csv,quarantined_tables/035_Health_Bulletin_2015/table_0020.csv,0,0,rejected,empty_or_single_column,ok,
extracted_tables/035_Health_Bulletin_2015/table_0021.csv,quarantined_tables/035_Health_Bulletin_2015/table_0021.csv,0,0,rejected,empty_or_single_column,ok,
extracted_tables/035_Health_Bulletin_2015/table_0022.csv,quarantined_tables/035_Health_Bulletin_2015/table_0022.csv,0,0,rejected,empty_or_single_column,ok,
extracted_tables/035_Health_Bulletin_2015/table_0023.csv,quarantined_tables/035_Health_Bulletin_2015/table_0023.csv,0,0,rejected,empty_or_single_column,ok,
extracted_tables/035_Health_Bulletin_2015/table_0024.csv,quarantined_tables/035_Health_Bulletin_2015/table_0024.csv,0,0,rejected,empty_or_single_column,ok,
extracted_tables/035_Health_Bulletin_2015/table_0025.csv,quarantined_tables/035_Health_Bulletin_2015/table_0025.csv,0,0,rejected,empty_or_single_column,ok,
extracted_tables/035_Health_Bulletin_2015/table_0026.csv,quarantined_tables/035_Health_Bulletin_2015/table_0026.csv,0,0,rejected,empty_or_single_column,ok,
extracted_tables/035_Health_Bulletin_2015/table_0027.csv,quarantined_tables/035_Health_Bulletin_2015/table_0027.csv,0,0,rejected,empty_or_single_column,ok,
extracted_tables/035_Health_Bulletin_2015/table_0028.csv,quarantined_tables/035_Health_Bulletin_2015/table_0028.csv,0,0,rejected,empty_or_single_column,ok,
extracted_tables/035_Health_Bulletin_2015/table_0029.csv,quarantined_tables/035_Health_Bulletin_2015/table_0029.csv,5,8,review_required,placeholder_headers;high_internal_blank_ratio,ok,
extracted_tables/035_Health_Bulletin_2015/table_0030.csv,quarantined_tables/035_Health_Bulletin_2015/table_0030.csv,4,7,review_required,placeholder_headers;high_internal_blank_ratio,ok,
extracted_tables/035_Health_Bulletin_2015/table_0031.csv,quarantined_tables/035_Health_Bulletin_2015/table_0031.csv,0,0,rejected,empty_or_single_column,ok,
extracted_tables/035_Health_Bulletin_2015/table_0032.csv,quarantined_tables/035_Health_Bulletin_2015/table_0032.csv,2,2,review_required,placeholder_headers,ok,
extracted_tables/035_Health_Bulletin_2015/table_0033.csv,quarantined_tables/035_Health_Bulletin_2015/table_0033.csv,4,7,review_required,placeholder_headers;high_internal_blank_ratio,ok,
extracted_tables/035_Health_Bulletin_2015/table_0034.csv,quarantined_tables/035_Health_Bulletin_2015/table_0034.csv,3,6,review_required,placeholder_headers;high_internal_blank_ratio,ok,
extracted_tables/035_Health_Bulletin_2015/table_0035.csv,quarantined_tables/035_Health_Bulletin_2015/table_0035.csv,0,0,rejected,empty_or_single_column,ok,
extracted_tables/035_Health_Bulletin_2015/table_0036.csv,quarantined_tables/035_Health_Bulletin_2015/table_0036.csv,0,0,rejected,empty_or_single_column,ok,
extracted_tables/035_Health_Bulletin_2015/table_0037.csv,quarantined_tables/035_Health_Bulletin_2015/table_0037.csv,0,0,rejected,empty_or_single_column,ok,
extracted_tables/035_Health_Bulletin_2015/table_0038.csv,quarantined_tables/035_Health_Bulletin_2015/table_0038.csv,0,0,rejected,empty_or_single_column,ok,
extracted_tables/035_Health_Bulletin_2015/table_0039.csv,quarantined_tables/035_Health_Bulletin_2015/table_0039.csv,0,0,rejected,empty_or_single_column,ok,
extracted_tables/035_Health_Bulletin_2015/table_0040.csv,quarantined_tables/035_Health_Bulletin_2015/table_0040.csv,0,0,rejected,empty_or_single_column,ok,
extracted_tables/035_Health_Bulletin_2015/table_0041.csv,quarantined_tables/035_Health_Bulletin_2015/table_0041.csv,0,0,rejected,empty_or_single_column,ok,
extracted_tables/035_Health_Bulletin_2015/table_0042.csv,quarantined_tables/035_Health_Bulletin_2015/table_0042.csv,0,0,rejected,empty_or_single_column,ok,
extracted_tables/035_Health_Bulletin_2015/table_0043.csv,quarantined_tables/035_Health_Bulletin_2015/table_0043.csv,0,0,rejected,empty_or_single_column,ok,
extracted_tables/035_Health_Bulletin_2015/table_0044.csv,quarantined_tables/035_Health_Bulletin_2015/table_0044.csv,0,0,rejected,empty_or_single_column,ok,
extracted_tables/035_Health_Bulletin_2015/table_0045.csv,quarantined_tables/035_Health_Bulletin_2015/table_0045.csv,0,0,rejected,empty_or_single_column,ok,
extracted_tables/035_Health_Bulletin_2015/table_0046.csv,quarantined_tables/035_Health_Bulletin_2015/table_0046.csv,0,0,rejected,empty_or_single_column,ok,
extracted_tables/035_Health_Bulletin_2015/table_0047.csv,quarantined_tables/035_Health_Bulletin_2015/table_0047.csv,0,0,rejected,empty_or_single_column,ok,
extracted_tables/035_Health_Bulletin_2015/table_0048.csv,quarantined_tables/035_Health_Bulletin_2015/table_0048.csv,0,0,rejected,empty_or_single_column,ok,
extracted_tables/035_Health_Bulletin_2015/table_0049.csv,quarantined_tables/035_Health_Bulletin_2015/table_0049.csv,0,0,rejected,empty_or_single_column,ok,
extracted_tables/035_Health_Bulletin_2015/table_0050.csv,quarantined_tables/035_Health_Bulletin_2015/table_0050.csv,0,0,rejected,empty_or_single_column,ok,
extracted_tables/035_Health_Bulletin_2015/table_0051.csv,quarantined_tables/035_Health_Bulletin_2015/table_0051.csv,0,0,rejected,empty_or_single_column,ok,
extracted_tables/035_Health_Bulletin_2015/table_0052.csv,quarantined_tables/035_Health_Bulletin_2015/table_0052.csv,0,0,rejected,empty_or_single_column,ok,
extracted_tables/035_Health_Bulletin_2015/table_0053.csv,quarantined_tables/035_Health_Bulletin_2015/table_0053.csv,0,0,rejected,empty_or_single_column,ok,
extracted_tables/036_Health_Bulletin_2014/table_0001.csv,quarantined_tables/036_Health_Bulletin_2014/table_0001.csv,3,2,review_required,placeholder_headers;high_internal_blank_ratio,ok,
extracted_tables/036_Health_Bulletin_2014/table_0002.csv,quarantined_tables/036_Health_Bulletin_2014/table_0002.csv,0,0,rejected,empty_or_single_column,ok,
extracted_tables/036_Health_Bulletin_2014/table_0003.csv,quarantined_tables/036_Health_Bulletin_2014/table_0003.csv,2,2,review_required,placeholder_headers;high_internal_blank_ratio,ok,
extracted_tables/036_Health_Bulletin_2014/table_0004.csv,quarantined_tables/036_Health_Bulletin_2014/table_0004.csv,3,3,review_required,placeholder_headers,ok,
extracted_tables/036_Health_Bulletin_2014/table_0005.csv,quarantined_tables/036_Health_Bulletin_2014/table_0005.csv,4,3,review_required,placeholder_headers,ok,
extracted_tables/036_Health_Bulletin_2014/table_0006.csv,quarantined_tables/036_Health_Bulletin_2014/table_0006.csv,5,3,review_required,placeholder_headers,ok,
extracted_tables/036_Health_Bulletin_2014/table_0007.csv,quarantined_tables/036_Health_Bulletin_2014/table_0007.csv,4,3,review_required,placeholder_headers,ok,
extracted_tables/036_Health_Bulletin_2014/table_0008.csv,quarantined_tables/036_Health_Bulletin_2014/table_0008.csv,11,3,review_required,placeholder_headers,ok,
extracted_tables/036_Health_Bulletin_2014/table_0009.csv,quarantined_tables/036_Health_Bulletin_2014/table_0009.csv,3,3,review_required,placeholder_headers,ok,
extracted_tables/036_Health_Bulletin_2014/table_0010.csv,quarantined_tables/036_Health_Bulletin_2014/table_0010.csv,15,3,review_required,placeholder_headers,ok,
extracted_tables/036_Health_Bulletin_2014/table_0011.csv,quarantined_tables/036_Health_Bulletin_2014/table_0011.csv,3,3,review_required,placeholder_headers,ok,
extracted_tables/036_Health_Bulletin_2014/table_0012.csv,quarantined_tables/036_Health_Bulletin_2014/table_0012.csv,3,3,review_required,placeholder_headers,ok,
extracted_tables/036_Health_Bulletin_2014/table_0013.csv,quarantined_tables/036_Health_Bulletin_2014/table_0013.csv,0,0,rejected,empty_or_single_column,ok,
extracted_tables/036_Health_Bulletin_2014/table_0014.csv,quarantined_tables/036_Health_Bulletin_2014/table_0014.csv,0,0,rejected,empty_or_single_column,ok,
extracted_tables/036_Health_Bulletin_2014/table_0015.csv,quarantined_tables/036_Health_Bulletin_2014/table_0015.csv,0,0,rejected,empty_or_single_column,ok,
extracted_tables/036_Health_Bulletin_2014/table_0016.csv,quarantined_tables/036_Health_Bulletin_2014/table_0016.csv,0,0,rejected,empty_or_single_column,ok,
extracted_tables/036_Health_Bulletin_2014/table_0017.csv,quarantined_tables/036_Health_Bulletin_2014/table_0017.csv,2,5,review_required,placeholder_headers,ok,
extracted_tables/036_Health_Bulletin_2014/table_0018.csv,quarantined_tables/036_Health_Bulletin_2014/table_0018.csv,2,9,review_required,placeholder_headers,ok,
extracted_tables/036_Health_Bulletin_2014/table_0019.csv,quarantined_tables/036_Health_Bulletin_2014/table_0019.csv,3,3,review_required,placeholder_headers,ok,
extracted_tables/036_Health_Bulletin_2014/table_0020.csv,quarantined_tables/036_Health_Bulletin_2014/table_0020.csv,4,9,review_required,placeholder_headers,ok,
extracted_tables/036_Health_Bulletin_2014/table_0021.csv,quarantined_tables/036_Health_Bulletin_2014/table_0021.csv,0,0,rejected,empty_or_single_column,ok,
extracted_tables/036_Health_Bulletin_2014/table_0022.csv,quarantined_tables/036_Health_Bulletin_2014/table_0022.csv,0,0,rejected,empty_or_single_column,ok,
extracted_tables/036_Health_Bulletin_2014/table_0023.csv,quarantined_tables/036_Health_Bulletin_2014/table_0023.csv,2,3,review_required,placeholder_headers,ok,
extracted_tables/036_Health_Bulletin_2014/table_0024.csv,quarantined_tables/036_Health_Bulletin_2014/table_0024.csv,2,5,review_required,placeholder_headers,ok,
extracted_tables/036_Health_Bulletin_2014/table_0025.csv,quarantined_tables/036_Health_Bulletin_2014/table_0025.csv,2,5,review_required,placeholder_headers,ok,
extracted_tables/036_Health_Bulletin_2014/table_0026.csv,quarantined_tables/036_Health_Bulletin_2014/table_0026.csv,2,7,review_required,placeholder_headers,ok,
extracted_tables/036_Health_Bulletin_2014/table_0027.csv,quarantined_tables/036_Health_Bulletin_2014/table_0027.csv,2,7,review_required,placeholder_headers,ok,
extracted_tables/036_Health_Bulletin_2014/table_0028.csv,quarantined_tables/036_Health_Bulletin_2014/table_0028.csv,12,3,review_required,placeholder_headers;high_internal_blank_ratio,ok,
extracted_tables/036_Health_Bulletin_2014/table_0029.csv,quarantined_tables/036_Health_Bulletin_2014/table_0029.csv,11,3,review_required,placeholder_headers,ok,
extracted_tables/036_Health_Bulletin_2014/table_0030.csv,quarantined_tables/036_Health_Bulletin_2014/table_0030.csv,11,3,review_required,placeholder_headers,ok,
extracted_tables/036_Health_Bulletin_2014/table_0031.csv,quarantined_tables/036_Health_Bulletin_2014/table_0031.csv,0,0,rejected,empty_or_single_column,ok,
extracted_tables/036_Health_Bulletin_2014/table_0032.csv,quarantined_tables/036_Health_Bulletin_2014/table_0032.csv,0,0,rejected,empty_or_single_column,ok,
extracted_tables/036_Health_Bulletin_2014/table_0033.csv,quarantined_tables/036_Health_Bulletin_2014/table_0033.csv,0,0,rejected,empty_or_single_column,ok,
extracted_tables/036_Health_Bulletin_2014/table_0034.csv,quarantined_tables/036_Health_Bulletin_2014/table_0034.csv,0,0,rejected,empty_or_single_column,ok,
extracted_tables/036_Health_Bulletin_2014/table_0035.csv,quarantined_tables/036_Health_Bulletin_2014/table_0035.csv,0,0,rejected,empty_or_single_column,ok,
extracted_tables/036_Health_Bulletin_2014/table_0036.csv,quarantined_tables/036_Health_Bulletin_2014/table_0036.csv,0,0,rejected,empty_or_single_column,ok,
extracted_tables/036_Health_Bulletin_2014/table_0037.csv,quarantined_tables/036_Health_Bulletin_2014/table_0037.csv,11,3,review_required,placeholder_headers,ok,
extracted_tables/036_Health_Bulletin_2014/table_0038.csv,quarantined_tables/036_Health_Bulletin_2014/table_0038.csv,11,3,review_required,placeholder_headers,ok,
extracted_tables/036_Health_Bulletin_2014/table_0039.csv,quarantined_tables/036_Health_Bulletin_2014/table_0039.csv,11,3,review_required,placeholder_headers,ok,
extracted_tables/036_Health_Bulletin_2014/table_0040.csv,quarantined_tables/036_Health_Bulletin_2014/table_0040.csv,8,3,review_required,placeholder_headers,ok,
extracted_tables/036_Health_Bulletin_2014/table_0041.csv,quarantined_tables/036_Health_Bulletin_2014/table_0041.csv,4,3,review_required,placeholder_headers,ok,
extracted_tables/036_Health_Bulletin_2014/table_0042.csv,quarantined_tables/036_Health_Bulletin_2014/table_0042.csv,11,3,review_required,placeholder_headers,ok,
extracted_tables/036_Health_Bulletin_2014/table_0043.csv,quarantined_tables/036_Health_Bulletin_2014/table_0043.csv,3,3,review_required,placeholder_headers,ok,
extracted_tables/036_Health_Bulletin_2014/table_0044.csv,quarantined_tables/036_Health_Bulletin_2014/table_0044.csv,2,3,review_required,placeholder_headers,ok,
extracted_tables/036_Health_Bulletin_2014/table_0045.csv,quarantined_tables/036_Health_Bulletin_2014/table_0045.csv,2,3,review_required,placeholder_headers,ok,
extracted_tables/036_Health_Bulletin_2014/table_0046.csv,quarantined_tables/036_Health_Bulletin_2014/table_0046.csv,2,3,review_required,placeholder_headers,ok,
extracted_tables/036_Health_Bulletin_2014/table_0047.csv,quarantined_tables/036_Health_Bulletin_2014/table_0047.csv,2,3,review_required,placeholder_headers,ok,
extracted_tables/036_Health_Bulletin_2014/table_0048.csv,quarantined_tables/036_Health_Bulletin_2014/table_0048.csv,2,3,review_required,placeholder_headers,ok,
extracted_tables/036_Health_Bulletin_2014/table_0049.csv,quarantined_tables/036_Health_Bulletin_2014/table_0049.csv,3,3,review_required,placeholder_headers,ok,
extracted_tables/036_Health_Bulletin_2014/table_0050.csv,quarantined_tables/036_Health_Bulletin_2014/table_0050.csv,2,3,review_required,placeholder_headers,ok,
extracted_tables/036_Health_Bulletin_2014/table_0051.csv,quarantined_tables/036_Health_Bulletin_2014/table_0051.csv,0,0,rejected,empty_or_single_column,ok,
extracted_tables/036_Health_Bulletin_2014/table_0052.csv,quarantined_tables/036_Health_Bulletin_2014/table_0052.csv,3,9,review_required,placeholder_headers;high_internal_blank_ratio,ok,
extracted_tables/036_Health_Bulletin_2014/table_0053.csv,quarantined_tables/036_Health_Bulletin_2014/table_0053.csv,2,9,review_required,placeholder_headers,ok,
extracted_tables/036_Health_Bulletin_2014/table_0054.csv,quarantined_tables/036_Health_Bulletin_2014/table_0054.csv,0,0,rejected,empty_or_single_column,ok,
extracted_tables/036_Health_Bulletin_2014/table_0055.csv,quarantined_tables/036_Health_Bulletin_2014/table_0055.csv,0,0,rejected,empty_or_single_column,ok,
extracted_tables/036_Health_Bulletin_2014/table_0056.csv,quarantined_tables/036_Health_Bulletin_2014/table_0056.csv,0,0,rejected,empty_or_single_column,ok,
extracted_tables/036_Health_Bulletin_2014/table_0057.csv,quarantined_tables/036_Health_Bulletin_2014/table_0057.csv,0,0,rejected,empty_or_single_column,ok,
extracted_tables/036_Health_Bulletin_2014/table_0058.csv,quarantined_tables/036_Health_Bulletin_2014/table_0058.csv,0,0,rejected,empty_or_single_column,ok,
extracted_tables/036_Health_Bulletin_2014/table_0059.csv,quarantined_tables/036_Health_Bulletin_2014/table_0059.csv,0,0,rejected,empty_or_single_column,ok,
extracted_tables/036_Health_Bulletin_2014/table_0060.csv,quarantined_tables/036_Health_Bulletin_2014/table_0060.csv,0,0,rejected,empty_or_single_column,ok,
extracted_tables/036_Health_Bulletin_2014/table_0061.csv,quarantined_tables/036_Health_Bulletin_2014/table_0061.csv,0,0,rejected,empty_or_single_column,ok,
extracted_tables/036_Health_Bulletin_2014/table_0062.csv,quarantined_tables/036_Health_Bulletin_2014/table_0062.csv,0,0,rejected,empty_or_single_column,ok,
extracted_tables/036_Health_Bulletin_2014/table_0063.csv,quarantined_tables/036_Health_Bulletin_2014/table_0063.csv,0,0,rejected,empty_or_single_column,ok,
extracted_tables/036_Health_Bulletin_2014/table_0064.csv,quarantined_tables/036_Health_Bulletin_2014/table_0064.csv,0,0,rejected,empty_or_single_column,ok,
extracted_tables/036_Health_Bulletin_2014/table_0065.csv,quarantined_tables/036_Health_Bulletin_2014/table_0065.csv,0,0,rejected,empty_or_single_column,ok,
extracted_tables/036_Health_Bulletin_2014/table_0066.csv,quarantined_tables/036_Health_Bulletin_2014/table_0066.csv,0,0,rejected,empty_or_single_column,ok,
extracted_tables/036_Health_Bulletin_2014/table_0067.csv,quarantined_tables/036_Health_Bulletin_2014/table_0067.csv,3,5,review_required,placeholder_headers,ok,
extracted_tables/036_Health_Bulletin_2014/table_0068.csv,quarantined_tables/036_Health_Bulletin_2014/table_0068.csv,0,0,rejected,empty_or_single_column,ok,
extracted_tables/036_Health_Bulletin_2014/table_0069.csv,quarantined_tables/036_Health_Bulletin_2014/table_0069.csv,0,0,rejected,empty_or_single_column,ok,
extracted_tables/036_Health_Bulletin_2014/table_0070.csv,quarantined_tables/036_Health_Bulletin_2014/table_0070.csv,0,0,rejected,empty_or_single_column,ok,
extracted_tables/036_Health_Bulletin_2014/table_0071.csv,quarantined_tables/036_Health_Bulletin_2014/table_0071.csv,0,0,rejected,empty_or_single_column,ok,
extracted_tables/036_Health_Bulletin_2014/table_0072.csv,quarantined_tables/036_Health_Bulletin_2014/table_0072.csv,0,0,rejected,empty_or_single_column,ok,
extracted_tables/036_Health_Bulletin_2014/table_0073.csv,quarantined_tables/036_Health_Bulletin_2014/table_0073.csv,0,0,rejected,empty_or_single_column,ok,
extracted_tables/036_Health_Bulletin_2014/table_0074.csv,quarantined_tables/036_Health_Bulletin_2014/table_0074.csv,0,0,rejected,empty_or_single_column,ok,
extracted_tables/036_Health_Bulletin_2014/table_0075.csv,quarantined_tables/036_Health_Bulletin_2014/table_0075.csv,0,0,rejected,empty_or_single_column,ok,
extracted_tables/036_Health_Bulletin_2014/table_0076.csv,quarantined_tables/036_Health_Bulletin_2014/table_0076.csv,0,0,rejected,empty_or_single_column,ok,
extracted_tables/036_Health_Bulletin_2014/table_0077.csv,quarantined_tables/036_Health_Bulletin_2014/table_0077.csv,0,0,rejected,empty_or_single_column,ok,
extracted_tables/036_Health_Bulletin_2014/table_0078.csv,quarantined_tables/036_Health_Bulletin_2014/table_0078.csv,0,0,rejected,empty_or_single_column,ok,
extracted_tables/036_Health_Bulletin_2014/table_0079.csv,quarantined_tables/036_Health_Bulletin_2014/table_0079.csv,0,0,rejected,empty_or_single_column,ok,
extracted_tables/036_Health_Bulletin_2014/table_0080.csv,quarantined_tables/036_Health_Bulletin_2014/table_0080.csv,0,0,rejected,empty_or_single_column,ok,
extracted_tables/036_Health_Bulletin_2014/table_0081.csv,quarantined_tables/036_Health_Bulletin_2014/table_0081.csv,0,0,rejected,empty_or_single_column,ok,
extracted_tables/036_Health_Bulletin_2014/table_0082.csv,quarantined_tables/036_Health_Bulletin_2014/table_0082.csv,0,0,rejected,empty_or_single_column,ok,
extracted_tables/036_Health_Bulletin_2014/table_0083.csv,quarantined_tables/036_Health_Bulletin_2014/table_0083.csv,0,0,rejected,empty_or_single_column,ok,
extracted_tables/036_Health_Bulletin_2014/table_0084.csv,quarantined_tables/036_Health_Bulletin_2014/table_0084.csv,0,0,rejected,empty_or_single_column,ok,
extracted_tables/036_Health_Bulletin_2014/table_0085.csv,quarantined_tables/036_Health_Bulletin_2014/table_0085.csv,0,0,rejected,empty_or_single_column,ok,
extracted_tables/036_Health_Bulletin_2014/table_0086.csv,quarantined_tables/036_Health_Bulletin_2014/table_0086.csv,0,0,rejected,empty_or_single_column,ok,
extracted_tables/036_Health_Bulletin_2014/table_0087.csv,quarantined_tables/036_Health_Bulletin_2014/table_0087.csv,0,0,rejected,empty_or_single_column,ok,
extracted_tables/036_Health_Bulletin_2014/table_0088.csv,quarantined_tables/036_Health_Bulletin_2014/table_0088.csv,0,0,rejected,empty_or_single_column,ok,
extracted_tables/036_Health_Bulletin_2014/table_0089.csv,quarantined_tables/036_Health_Bulletin_2014/table_0089.csv,0,0,rejected,empty_or_single_column,ok,
extracted_tables/036_Health_Bulletin_2014/table_0090.csv,quarantined_tables/036_Health_Bulletin_2014/table_0090.csv,0,0,rejected,empty_or_single_column,ok,
extracted_tables/036_Health_Bulletin_2014/table_0091.csv,quarantined_tables/036_Health_Bulletin_2014/table_0091.csv,0,0,rejected,empty_or_single_column,ok,
extracted_tables/036_Health_Bulletin_2014/table_0092.csv,quarantined_tables/036_Health_Bulletin_2014/table_0092.csv,0,0,rejected,empty_or_single_column,ok,
extracted_tables/036_Health_Bulletin_2014/table_0093.csv,quarantined_tables/036_Health_Bulletin_2014/table_0093.csv,9,5,review_required,placeholder_headers,ok,
extracted_tables/036_Health_Bulletin_2014/table_0094.csv,quarantined_tables/036_Health_Bulletin_2014/table_0094.csv,8,5,review_required,placeholder_headers,ok,
extracted_tables/036_Health_Bulletin_2014/table_0095.csv,quarantined_tables/036_Health_Bulletin_2014/table_0095.csv,2,5,review_required,placeholder_headers,ok,
extracted_tables/036_Health_Bulletin_2014/table_0096.csv,quarantined_tables/036_Health_Bulletin_2014/table_0096.csv,2,5,review_required,placeholder_headers,ok,
extracted_tables/036_Health_Bulletin_2014/table_0097.csv,quarantined_tables/036_Health_Bulletin_2014/table_0097.csv,3,3,review_required,placeholder_headers,ok,
extracted_tables/036_Health_Bulletin_2014/table_0098.csv,quarantined_tables/036_Health_Bulletin_2014/table_0098.csv,2,5,review_required,placeholder_headers,ok,
extracted_tables/036_Health_Bulletin_2014/table_0099.csv,quarantined_tables/036_Health_Bulletin_2014/table_0099.csv,2,5,review_required,placeholder_headers,ok,
extracted_tables/036_Health_Bulletin_2014/table_0100.csv,quarantined_tables/036_Health_Bulletin_2014/table_0100.csv,2,5,review_required,placeholder_headers,ok,
extracted_tables/036_Health_Bulletin_2014/table_0101.csv,quarantined_tables/036_Health_Bulletin_2014/table_0101.csv,2,3,review_required,placeholder_headers,ok,
extracted_tables/036_Health_Bulletin_2014/table_0102.csv,quarantined_tables/036_Health_Bulletin_2014/table_0102.csv,8,3,review_required,placeholder_headers,ok,
extracted_tables/036_Health_Bulletin_2014/table_0103.csv,quarantined_tables/036_Health_Bulletin_2014/table_0103.csv,0,0,rejected,empty_or_single_column,ok,
extracted_tables/036_Health_Bulletin_2014/table_0104.csv,quarantined_tables/036_Health_Bulletin_2014/table_0104.csv,0,0,rejected,empty_or_single_column,ok,
extracted_tables/036_Health_Bulletin_2014/table_0105.csv,quarantined_tables/036_Health_Bulletin_2014/table_0105.csv,0,0,rejected,empty_or_single_column,ok,
extracted_tables/036_Health_Bulletin_2014/table_0106.csv,quarantined_tables/036_Health_Bulletin_2014/table_0106.csv,0,0,rejected,empty_or_single_column,ok,
extracted_tables/036_Health_Bulletin_2014/table_0107.csv,quarantined_tables/036_Health_Bulletin_2014/table_0107.csv,0,0,rejected,empty_or_single_column,ok,
extracted_tables/036_Health_Bulletin_2014/table_0108.csv,quarantined_tables/036_Health_Bulletin_2014/table_0108.csv,0,0,rejected,empty_or_single_column,ok,
extracted_tables/036_Health_Bulletin_2014/table_0109.csv,quarantined_tables/036_Health_Bulletin_2014/table_0109.csv,3,3,review_required,placeholder_headers,ok,
extracted_tables/036_Health_Bulletin_2014/table_0110.csv,quarantined_tables/036_Health_Bulletin_2014/table_0110.csv,3,3,review_required,placeholder_headers,ok,
extracted_tables/036_Health_Bulletin_2014/table_0111.csv,quarantined_tables/036_Health_Bulletin_2014/table_0111.csv,4,9,review_required,placeholder_headers,ok,
extracted_tables/036_Health_Bulletin_2014/table_0112.csv,quarantined_tables/036_Health_Bulletin_2014/table_0112.csv,4,5,review_required,placeholder_headers,ok,
extracted_tables/036_Health_Bulletin_2014/table_0113.csv,quarantined_tables/036_Health_Bulletin_2014/table_0113.csv,3,3,review_required,placeholder_headers,ok,
extracted_tables/036_Health_Bulletin_2014/table_0114.csv,quarantined_tables/036_Health_Bulletin_2014/table_0114.csv,5,5,review_required,placeholder_headers,ok,
extracted_tables/036_Health_Bulletin_2014/table_0115.csv,quarantined_tables/036_Health_Bulletin_2014/table_0115.csv,10,5,review_required,placeholder_headers,ok,
extracted_tables/036_Health_Bulletin_2014/table_0116.csv,quarantined_tables/036_Health_Bulletin_2014/table_0116.csv,4,5,review_required,placeholder_headers,ok,
extracted_tables/036_Health_Bulletin_2014/table_0117.csv,quarantined_tables/036_Health_Bulletin_2014/table_0117.csv,5,5,review_required,placeholder_headers,ok,
extracted_tables/036_Health_Bulletin_2014/table_0118.csv,quarantined_tables/036_Health_Bulletin_2014/table_0118.csv,2,7,review_required,placeholder_headers,ok,
extracted_tables/036_Health_Bulletin_2014/table_0119.csv,quarantined_tables/036_Health_Bulletin_2014/table_0119.csv,16,3,review_required,placeholder_headers,ok,
extracted_tables/036_Health_Bulletin_2014/table_0120.csv,quarantined_tables/036_Health_Bulletin_2014/table_0120.csv,4,3,review_required,placeholder_headers,ok,
extracted_tables/036_Health_Bulletin_2014/table_0121.csv,quarantined_tables/036_Health_Bulletin_2014/table_0121.csv,8,3,review_required,placeholder_headers,ok,
extracted_tables/036_Health_Bulletin_2014/table_0122.csv,quarantined_tables/036_Health_Bulletin_2014/table_0122.csv,2,3,review_required,placeholder_headers,ok,
extracted_tables/036_Health_Bulletin_2014/table_0123.csv,quarantined_tables/036_Health_Bulletin_2014/table_0123.csv,4,9,review_required,placeholder_headers,ok,
extracted_tables/036_Health_Bulletin_2014/table_0124.csv,quarantined_tables/036_Health_Bulletin_2014/table_0124.csv,8,3,review_required,placeholder_headers,ok,
extracted_tables/036_Health_Bulletin_2014/table_0125.csv,quarantined_tables/036_Health_Bulletin_2014/table_0125.csv,2,5,review_required,placeholder_headers,ok,
extracted_tables/036_Health_Bulletin_2014/table_0126.csv,quarantined_tables/036_Health_Bulletin_2014/table_0126.csv,0,0,rejected,empty_or_single_column,ok,
extracted_tables/036_Health_Bulletin_2014/table_0127.csv,quarantined_tables/036_Health_Bulletin_2014/table_0127.csv,2,3,review_required,placeholder_headers,ok,
extracted_tables/036_Health_Bulletin_2014/table_0128.csv,quarantined_tables/036_Health_Bulletin_2014/table_0128.csv,2,3,review_required,placeholder_headers,ok,
extracted_tables/036_Health_Bulletin_2014/table_0129.csv,quarantined_tables/036_Health_Bulletin_2014/table_0129.csv,3,3,review_required,placeholder_headers,ok,
extracted_tables/036_Health_Bulletin_2014/table_0130.csv,quarantined_tables/036_Health_Bulletin_2014/table_0130.csv,0,0,rejected,empty_or_single_column,ok,
extracted_tables/036_Health_Bulletin_2014/table_0131.csv,quarantined_tables/036_Health_Bulletin_2014/table_0131.csv,0,0,rejected,empty_or_single_column,ok,
extracted_tables/036_Health_Bulletin_2014/table_0132.csv,quarantined_tables/036_Health_Bulletin_2014/table_0132.csv,0,0,rejected,empty_or_single_column,ok,
extracted_tables/036_Health_Bulletin_2014/table_0133.csv,quarantined_tables/036_Health_Bulletin_2014/table_0133.csv,0,0,rejected,empty_or_single_column,ok,
extracted_tables/036_Health_Bulletin_2014/table_0134.csv,quarantined_tables/036_Health_Bulletin_2014/table_0134.csv,6,3,review_required,placeholder_headers,ok,
extracted_tables/036_Health_Bulletin_2014/table_0135.csv,quarantined_tables/036_Health_Bulletin_2014/table_0135.csv,2,3,review_required,placeholder_headers,ok,
extracted_tables/036_Health_Bulletin_2014/table_0136.csv,quarantined_tables/036_Health_Bulletin_2014/table_0136.csv,3,5,review_required,placeholder_headers,ok,
extracted_tables/036_Health_Bulletin_2014/table_0137.csv,quarantined_tables/036_Health_Bulletin_2014/table_0137.csv,2,7,review_required,placeholder_headers,ok,
extracted_tables/036_Health_Bulletin_2014/table_0138.csv,quarantined_tables/036_Health_Bulletin_2014/table_0138.csv,3,9,review_required,placeholder_headers,ok,
extracted_tables/036_Health_Bulletin_2014/table_0139.csv,quarantined_tables/036_Health_Bulletin_2014/table_0139.csv,15,9,review_required,placeholder_headers,ok,
extracted_tables/036_Health_Bulletin_2014/table_0140.csv,quarantined_tables/036_Health_Bulletin_2014/table_0140.csv,2,7,review_required,placeholder_headers,ok,
extracted_tables/036_Health_Bulletin_2014/table_0141.csv,quarantined_tables/036_Health_Bulletin_2014/table_0141.csv,4,5,review_required,placeholder_headers,ok,
extracted_tables/036_Health_Bulletin_2014/table_0142.csv,quarantined_tables/036_Health_Bulletin_2014/table_0142.csv,8,6,review_required,placeholder_headers;high_internal_blank_ratio,ok,
extracted_tables/036_Health_Bulletin_2014/table_0143.csv,quarantined_tables/036_Health_Bulletin_2014/table_0143.csv,8,6,review_required,placeholder_headers;high_internal_blank_ratio,ok,
extracted_tables/036_Health_Bulletin_2014/table_0144.csv,quarantined_tables/036_Health_Bulletin_2014/table_0144.csv,7,3,review_required,placeholder_headers,ok,
extracted_tables/036_Health_Bulletin_2014/table_0145.csv,quarantined_tables/036_Health_Bulletin_2014/table_0145.csv,8,8,review_required,placeholder_headers;high_internal_blank_ratio,ok,
extracted_tables/036_Health_Bulletin_2014/table_0146.csv,quarantined_tables/036_Health_Bulletin_2014/table_0146.csv,8,7,review_required,placeholder_headers;high_internal_blank_ratio,ok,
extracted_tables/036_Health_Bulletin_2014/table_0147.csv,quarantined_tables/036_Health_Bulletin_2014/table_0147.csv,8,5,review_required,placeholder_headers;high_internal_blank_ratio,ok,
extracted_tables/036_Health_Bulletin_2014/table_0148.csv,quarantined_tables/036_Health_Bulletin_2014/table_0148.csv,8,13,review_required,placeholder_headers;high_internal_blank_ratio,ok,
extracted_tables/036_Health_Bulletin_2014/table_0149.csv,quarantined_tables/036_Health_Bulletin_2014/table_0149.csv,8,9,review_required,placeholder_headers;high_internal_blank_ratio,ok,
extracted_tables/036_Health_Bulletin_2014/table_0150.csv,quarantined_tables/036_Health_Bulletin_2014/table_0150.csv,8,9,review_required,placeholder_headers;high_internal_blank_ratio,ok,
extracted_tables/036_Health_Bulletin_2014/table_0151.csv,quarantined_tables/036_Health_Bulletin_2014/table_0151.csv,8,13,review_required,placeholder_headers;high_internal_blank_ratio,ok,
extracted_tables/036_Health_Bulletin_2014/table_0152.csv,quarantined_tables/036_Health_Bulletin_2014/table_0152.csv,8,12,review_required,placeholder_headers;high_internal_blank_ratio,ok,
extracted_tables/036_Health_Bulletin_2014/table_0153.csv,quarantined_tables/036_Health_Bulletin_2014/table_0153.csv,8,13,review_required,placeholder_headers;high_internal_blank_ratio,ok,
extracted_tables/036_Health_Bulletin_2014/table_0154.csv,quarantined_tables/036_Health_Bulletin_2014/table_0154.csv,8,13,review_required,placeholder_headers;high_internal_blank_ratio,ok,
extracted_tables/036_Health_Bulletin_2014/table_0155.csv,quarantined_tables/036_Health_Bulletin_2014/table_0155.csv,8,13,review_required,placeholder_headers;high_internal_blank_ratio,ok,
extracted_tables/036_Health_Bulletin_2014/table_0156.csv,quarantined_tables/036_Health_Bulletin_2014/table_0156.csv,8,15,review_required,placeholder_headers;high_internal_blank_ratio,ok,
extracted_tables/036_Health_Bulletin_2014/table_0157.csv,quarantined_tables/036_Health_Bulletin_2014/table_0157.csv,8,12,review_required,placeholder_headers;high_internal_blank_ratio,ok,
extracted_tables/036_Health_Bulletin_2014/table_0158.csv,quarantined_tables/036_Health_Bulletin_2014/table_0158.csv,8,9,review_required,placeholder_headers;high_internal_blank_ratio,ok,
extracted_tables/036_Health_Bulletin_2014/table_0159.csv,quarantined_tables/036_Health_Bulletin_2014/table_0159.csv,8,13,review_required,placeholder_headers;high_internal_blank_ratio,ok,
extracted_tables/036_Health_Bulletin_2014/table_0160.csv,quarantined_tables/036_Health_Bulletin_2014/table_0160.csv,8,13,review_required,placeholder_headers;high_internal_blank_ratio,ok,
extracted_tables/036_Health_Bulletin_2014/table_0161.csv,quarantined_tables/036_Health_Bulletin_2014/table_0161.csv,8,5,review_required,placeholder_headers;high_internal_blank_ratio,ok,
extracted_tables/036_Health_Bulletin_2014/table_0162.csv,quarantined_tables/036_Health_Bulletin_2014/table_0162.csv,9,3,review_required,placeholder_headers,ok,
extracted_tables/036_Health_Bulletin_2014/table_0163.csv,quarantined_tables/036_Health_Bulletin_2014/table_0163.csv,9,3,review_required,placeholder_headers,ok,
extracted_tables/036_Health_Bulletin_2014/table_0164.csv,quarantined_tables/036_Health_Bulletin_2014/table_0164.csv,9,3,review_required,placeholder_headers,ok,
extracted_tables/036_Health_Bulletin_2014/table_0165.csv,quarantined_tables/036_Health_Bulletin_2014/table_0165.csv,9,3,review_required,placeholder_headers,ok,
extracted_tables/036_Health_Bulletin_2014/table_0166.csv,quarantined_tables/036_Health_Bulletin_2014/table_0166.csv,9,3,review_required,placeholder_headers,ok,
extracted_tables/036_Health_Bulletin_2014/table_0167.csv,quarantined_tables/036_Health_Bulletin_2014/table_0167.csv,9,3,review_required,placeholder_headers,ok,
extracted_tables/036_Health_Bulletin_2014/table_0168.csv,quarantined_tables/036_Health_Bulletin_2014/table_0168.csv,9,3,review_required,placeholder_headers,ok,
extracted_tables/036_Health_Bulletin_2014/table_0169.csv,quarantined_tables/036_Health_Bulletin_2014/table_0169.csv,9,3,review_required,placeholder_headers,ok,
extracted_tables/036_Health_Bulletin_2014/table_0170.csv,quarantined_tables/036_Health_Bulletin_2014/table_0170.csv,9,3,review_required,placeholder_headers,ok,
extracted_tables/036_Health_Bulletin_2014/table_0171.csv,quarantined_tables/036_Health_Bulletin_2014/table_0171.csv,9,3,review_required,placeholder_headers,ok,
extracted_tables/036_Health_Bulletin_2014/table_0172.csv,quarantined_tables/036_Health_Bulletin_2014/table_0172.csv,9,3,review_required,placeholder_headers,ok,
extracted_tables/036_Health_Bulletin_2014/table_0173.csv,quarantined_tables/036_Health_Bulletin_2014/table_0173.csv,3,3,review_required,placeholder_headers,ok,
extracted_tables/036_Health_Bulletin_2014/table_0174.csv,quarantined_tables/036_Health_Bulletin_2014/table_0174.csv,2,4,review_required,placeholder_headers,ok,
extracted_tables/036_Health_Bulletin_2014/table_0175.csv,quarantined_tables/036_Health_Bulletin_2014/table_0175.csv,4,7,review_required,placeholder_headers;high_internal_blank_ratio,ok,
extracted_tables/036_Health_Bulletin_2014/table_0176.csv,quarantined_tables/036_Health_Bulletin_2014/table_0176.csv,2,5,review_required,placeholder_headers,ok,
extracted_tables/036_Health_Bulletin_2014/table_0177.csv,quarantined_tables/036_Health_Bulletin_2014/table_0177.csv,8,3,review_required,placeholder_headers,ok,
extracted_tables/036_Health_Bulletin_2014/table_0178.csv,quarantined_tables/036_Health_Bulletin_2014/table_0178.csv,3,3,review_required,placeholder_headers,ok,
extracted_tables/036_Health_Bulletin_2014/table_0179.csv,quarantined_tables/036_Health_Bulletin_2014/table_0179.csv,4,3,review_required,placeholder_headers,ok,
extracted_tables/036_Health_Bulletin_2014/table_0180.csv,quarantined_tables/036_Health_Bulletin_2014/table_0180.csv,2,3,review_required,placeholder_headers,ok,
extracted_tables/036_Health_Bulletin_2014/table_0181.csv,quarantined_tables/036_Health_Bulletin_2014/table_0181.csv,11,3,review_required,placeholder_headers,ok,
extracted_tables/036_Health_Bulletin_2014/table_0182.csv,quarantined_tables/036_Health_Bulletin_2014/table_0182.csv,9,3,review_required,placeholder_headers,ok,
extracted_tables/036_Health_Bulletin_2014/table_0183.csv,quarantined_tables/036_Health_Bulletin_2014/table_0183.csv,3,3,review_required,placeholder_headers,ok,
extracted_tables/036_Health_Bulletin_2014/table_0184.csv,quarantined_tables/036_Health_Bulletin_2014/table_0184.csv,3,3,review_required,placeholder_headers,ok,
extracted_tables/036_Health_Bulletin_2014/table_0185.csv,quarantined_tables/036_Health_Bulletin_2014/table_0185.csv,2,3,review_required,placeholder_headers,ok,
extracted_tables/036_Health_Bulletin_2014/table_0186.csv,quarantined_tables/036_Health_Bulletin_2014/table_0186.csv,2,11,review_required,placeholder_headers,ok,
extracted_tables/036_Health_Bulletin_2014/table_0187.csv,quarantined_tables/036_Health_Bulletin_2014/table_0187.csv,3,3,review_required,placeholder_headers,ok,
extracted_tables/036_Health_Bulletin_2014/table_0188.csv,quarantined_tables/036_Health_Bulletin_2014/table_0188.csv,3,5,review_required,placeholder_headers,ok,
extracted_tables/036_Health_Bulletin_2014/table_0189.csv,quarantined_tables/036_Health_Bulletin_2014/table_0189.csv,3,5,review_required,placeholder_headers,ok,
extracted_tables/036_Health_Bulletin_2014/table_0190.csv,quarantined_tables/036_Health_Bulletin_2014/table_0190.csv,3,5,review_required,placeholder_headers,ok,
extracted_tables/036_Health_Bulletin_2014/table_0191.csv,quarantined_tables/036_Health_Bulletin_2014/table_0191.csv,8,3,review_required,placeholder_headers,ok,
extracted_tables/036_Health_Bulletin_2014/table_0192.csv,quarantined_tables/036_Health_Bulletin_2014/table_0192.csv,20,3,review_required,placeholder_headers,ok,
extracted_tables/036_Health_Bulletin_2014/table_0193.csv,quarantined_tables/036_Health_Bulletin_2014/table_0193.csv,9,3,review_required,placeholder_headers,ok,
extracted_tables/036_Health_Bulletin_2014/table_0194.csv,quarantined_tables/036_Health_Bulletin_2014/table_0194.csv,5,8,review_required,placeholder_headers;high_internal_blank_ratio,ok,
extracted_tables/036_Health_Bulletin_2014/table_0195.csv,quarantined_tables/036_Health_Bulletin_2014/table_0195.csv,6,8,review_required,placeholder_headers;high_internal_blank_ratio,ok,
extracted_tables/036_Health_Bulletin_2014/table_0196.csv,quarantined_tables/036_Health_Bulletin_2014/table_0196.csv,2,3,review_required,placeholder_headers,ok,
extracted_tables/036_Health_Bulletin_2014/table_0197.csv,quarantined_tables/036_Health_Bulletin_2014/table_0197.csv,2,3,review_required,placeholder_headers,ok,
extracted_tables/036_Health_Bulletin_2014/table_0198.csv,quarantined_tables/036_Health_Bulletin_2014/table_0198.csv,2,3,review_required,placeholder_headers,ok,
extracted_tables/036_Health_Bulletin_2014/table_0199.csv,quarantined_tables/036_Health_Bulletin_2014/table_0199.csv,2,3,review_required,placeholder_headers,ok,
extracted_tables/036_Health_Bulletin_2014/table_0200.csv,quarantined_tables/036_Health_Bulletin_2014/table_0200.csv,2,3,review_required,placeholder_headers,ok,
extracted_tables/036_Health_Bulletin_2014/table_0201.csv,quarantined_tables/036_Health_Bulletin_2014/table_0201.csv,2,3,review_required,placeholder_headers,ok,
extracted_tables/036_Health_Bulletin_2014/table_0202.csv,quarantined_tables/036_Health_Bulletin_2014/table_0202.csv,2,3,review_required,placeholder_headers,ok,
extracted_tables/036_Health_Bulletin_2014/table_0203.csv,quarantined_tables/036_Health_Bulletin_2014/table_0203.csv,12,4,review_required,placeholder_headers,ok,
extracted_tables/036_Health_Bulletin_2014/table_0204.csv,quarantined_tables/036_Health_Bulletin_2014/table_0204.csv,4,4,review_required,placeholder_headers;high_internal_blank_ratio,ok,
extracted_tables/036_Health_Bulletin_2014/table_0205.csv,quarantined_tables/036_Health_Bulletin_2014/table_0205.csv,6,3,review_required,placeholder_headers;high_internal_blank_ratio,ok,
extracted_tables/036_Health_Bulletin_2014/table_0206.csv,quarantined_tables/036_Health_Bulletin_2014/table_0206.csv,4,3,review_required,placeholder_headers;high_internal_blank_ratio,ok,
extracted_tables/036_Health_Bulletin_2014/table_0207.csv,quarantined_tables/036_Health_Bulletin_2014/table_0207.csv,17,2,review_required,placeholder_headers;high_internal_blank_ratio,ok,
extracted_tables/036_Health_Bulletin_2014/table_0208.csv,quarantined_tables/036_Health_Bulletin_2014/table_0208.csv,4,2,review_required,placeholder_headers,ok,
extracted_tables/036_Health_Bulletin_2014/table_0209.csv,quarantined_tables/036_Health_Bulletin_2014/table_0209.csv,3,3,review_required,placeholder_headers,ok,
extracted_tables/036_Health_Bulletin_2014/table_0210.csv,quarantined_tables/036_Health_Bulletin_2014/table_0210.csv,6,3,review_required,placeholder_headers,ok,
extracted_tables/036_Health_Bulletin_2014/table_0211.csv,quarantined_tables/036_Health_Bulletin_2014/table_0211.csv,3,3,review_required,placeholder_headers,ok,
extracted_tables/036_Health_Bulletin_2014/table_0212.csv,quarantined_tables/036_Health_Bulletin_2014/table_0212.csv,10,3,review_required,placeholder_headers,ok,
extracted_tables/036_Health_Bulletin_2014/table_0213.csv,quarantined_tables/036_Health_Bulletin_2014/table_0213.csv,3,3,review_required,placeholder_headers,ok,
extracted_tables/036_Health_Bulletin_2014/table_0214.csv,quarantined_tables/036_Health_Bulletin_2014/table_0214.csv,4,3,review_required,placeholder_headers,ok,
extracted_tables/036_Health_Bulletin_2014/table_0215.csv,quarantined_tables/036_Health_Bulletin_2014/table_0215.csv,4,3,review_required,placeholder_headers,ok,
extracted_tables/036_Health_Bulletin_2014/table_0216.csv,quarantined_tables/036_Health_Bulletin_2014/table_0216.csv,6,4,review_required,placeholder_headers;high_internal_blank_ratio,ok,
extracted_tables/036_Health_Bulletin_2014/table_0217.csv,quarantined_tables/036_Health_Bulletin_2014/table_0217.csv,4,8,review_required,placeholder_headers,ok,
extracted_tables/036_Health_Bulletin_2014/table_0218.csv,quarantined_tables/036_Health_Bulletin_2014/table_0218.csv,4,6,review_required,placeholder_headers,ok,
extracted_tables/036_Health_Bulletin_2014/table_0219.csv,quarantined_tables/036_Health_Bulletin_2014/table_0219.csv,2,7,review_required,placeholder_headers,ok,
extracted_tables/036_Health_Bulletin_2014/table_0220.csv,quarantined_tables/036_Health_Bulletin_2014/table_0220.csv,5,7,review_required,placeholder_headers,ok,
extracted_tables/036_Health_Bulletin_2014/table_0221.csv,quarantined_tables/036_Health_Bulletin_2014/table_0221.csv,2,3,review_required,placeholder_headers,ok,
extracted_tables/036_Health_Bulletin_2014/table_0222.csv,quarantined_tables/036_Health_Bulletin_2014/table_0222.csv,9,4,review_required,placeholder_headers,ok,
extracted_tables/036_Health_Bulletin_2014/table_0223.csv,quarantined_tables/036_Health_Bulletin_2014/table_0223.csv,8,5,review_required,placeholder_headers;high_internal_blank_ratio,ok,
extracted_tables/036_Health_Bulletin_2014/table_0224.csv,quarantined_tables/036_Health_Bulletin_2014/table_0224.csv,8,6,review_required,placeholder_headers;high_internal_blank_ratio,ok,
extracted_tables/036_Health_Bulletin_2014/table_0225.csv,quarantined_tables/036_Health_Bulletin_2014/table_0225.csv,3,3,review_required,placeholder_headers,ok,
extracted_tables/036_Health_Bulletin_2014/table_0226.csv,quarantined_tables/036_Health_Bulletin_2014/table_0226.csv,3,3,review_required,placeholder_headers,ok,
extracted_tables/036_Health_Bulletin_2014/table_0227.csv,quarantined_tables/036_Health_Bulletin_2014/table_0227.csv,2,3,review_required,placeholder_headers,ok,
extracted_tables/036_Health_Bulletin_2014/table_0228.csv,quarantined_tables/036_Health_Bulletin_2014/table_0228.csv,2,3,review_required,placeholder_headers,ok,
extracted_tables/036_Health_Bulletin_2014/table_0229.csv,quarantined_tables/036_Health_Bulletin_2014/table_0229.csv,1,1,rejected,empty_or_single_column,ok,
extracted_tables/037_Health_Bulletin_2013/table_0001.csv,quarantined_tables/037_Health_Bulletin_2013/table_0001.csv,2,2,review_required,placeholder_headers;high_internal_blank_ratio,ok,
extracted_tables/037_Health_Bulletin_2013/table_0002.csv,quarantined_tables/037_Health_Bulletin_2013/table_0002.csv,3,3,review_required,placeholder_headers,ok,
extracted_tables/037_Health_Bulletin_2013/table_0003.csv,quarantined_tables/037_Health_Bulletin_2013/table_0003.csv,4,3,review_required,placeholder_headers,ok,
extracted_tables/037_Health_Bulletin_2013/table_0004.csv,quarantined_tables/037_Health_Bulletin_2013/table_0004.csv,5,3,review_required,placeholder_headers,ok,
extracted_tables/037_Health_Bulletin_2013/table_0005.csv,quarantined_tables/037_Health_Bulletin_2013/table_0005.csv,4,3,review_required,placeholder_headers,ok,
extracted_tables/037_Health_Bulletin_2013/table_0006.csv,quarantined_tables/037_Health_Bulletin_2013/table_0006.csv,11,3,review_required,placeholder_headers,ok,
extracted_tables/037_Health_Bulletin_2013/table_0007.csv,quarantined_tables/037_Health_Bulletin_2013/table_0007.csv,3,3,review_required,placeholder_headers,ok,
extracted_tables/037_Health_Bulletin_2013/table_0008.csv,quarantined_tables/037_Health_Bulletin_2013/table_0008.csv,15,3,review_required,placeholder_headers,ok,
extracted_tables/037_Health_Bulletin_2013/table_0009.csv,quarantined_tables/037_Health_Bulletin_2013/table_0009.csv,3,3,review_required,placeholder_headers,ok,
extracted_tables/037_Health_Bulletin_2013/table_0010.csv,quarantined_tables/037_Health_Bulletin_2013/table_0010.csv,0,0,rejected,empty_or_single_column,ok,
extracted_tables/037_Health_Bulletin_2013/table_0011.csv,quarantined_tables/037_Health_Bulletin_2013/table_0011.csv,0,0,rejected,empty_or_single_column,ok,
extracted_tables/037_Health_Bulletin_2013/table_0012.csv,quarantined_tables/037_Health_Bulletin_2013/table_0012.csv,0,0,rejected,empty_or_single_column,ok,
extracted_tables/037_Health_Bulletin_2013/table_0013.csv,quarantined_tables/037_Health_Bulletin_2013/table_0013.csv,0,0,rejected,empty_or_single_column,ok,
extracted_tables/037_Health_Bulletin_2013/table_0014.csv,quarantined_tables/037_Health_Bulletin_2013/table_0014.csv,2,5,review_required,placeholder_headers,ok,
extracted_tables/037_Health_Bulletin_2013/table_0015.csv,quarantined_tables/037_Health_Bulletin_2013/table_0015.csv,2,9,review_required,placeholder_headers,ok,
extracted_tables/037_Health_Bulletin_2013/table_0016.csv,quarantined_tables/037_Health_Bulletin_2013/table_0016.csv,3,3,review_required,placeholder_headers,ok,
extracted_tables/037_Health_Bulletin_2013/table_0017.csv,quarantined_tables/037_Health_Bulletin_2013/table_0017.csv,4,9,review_required,placeholder_headers,ok,
extracted_tables/037_Health_Bulletin_2013/table_0018.csv,quarantined_tables/037_Health_Bulletin_2013/table_0018.csv,0,0,rejected,empty_or_single_column,ok,
extracted_tables/037_Health_Bulletin_2013/table_0019.csv,quarantined_tables/037_Health_Bulletin_2013/table_0019.csv,0,0,rejected,empty_or_single_column,ok,
extracted_tables/037_Health_Bulletin_2013/table_0020.csv,quarantined_tables/037_Health_Bulletin_2013/table_0020.csv,0,0,rejected,empty_or_single_column,ok,
extracted_tables/037_Health_Bulletin_2013/table_0021.csv,quarantined_tables/037_Health_Bulletin_2013/table_0021.csv,0,0,rejected,empty_or_single_column,ok,
extracted_tables/037_Health_Bulletin_2013/table_0022.csv,quarantined_tables/037_Health_Bulletin_2013/table_0022.csv,0,0,rejected,empty_or_single_column,ok,
extracted_tables/037_Health_Bulletin_2013/table_0023.csv,quarantined_tables/037_Health_Bulletin_2013/table_0023.csv,2,3,review_required,placeholder_headers,ok,
extracted_tables/037_Health_Bulletin_2013/table_0024.csv,quarantined_tables/037_Health_Bulletin_2013/table_0024.csv,2,5,review_required,placeholder_headers,ok,
extracted_tables/037_Health_Bulletin_2013/table_0025.csv,quarantined_tables/037_Health_Bulletin_2013/table_0025.csv,2,5,review_required,placeholder_headers,ok,
extracted_tables/037_Health_Bulletin_2013/table_0026.csv,quarantined_tables/037_Health_Bulletin_2013/table_0026.csv,2,7,review_required,placeholder_headers,ok,
extracted_tables/037_Health_Bulletin_2013/table_0027.csv,quarantined_tables/037_Health_Bulletin_2013/table_0027.csv,2,7,review_required,placeholder_headers,ok,
extracted_tables/037_Health_Bulletin_2013/table_0028.csv,quarantined_tables/037_Health_Bulletin_2013/table_0028.csv,12,3,review_required,placeholder_headers,ok,
extracted_tables/037_Health_Bulletin_2013/table_0029.csv,quarantined_tables/037_Health_Bulletin_2013/table_0029.csv,11,3,review_required,placeholder_headers,ok,
extracted_tables/037_Health_Bulletin_2013/table_0030.csv,quarantined_tables/037_Health_Bulletin_2013/table_0030.csv,12,3,review_required,placeholder_headers,ok,
extracted_tables/037_Health_Bulletin_2013/table_0031.csv,quarantined_tables/037_Health_Bulletin_2013/table_0031.csv,2,3,review_required,placeholder_headers,ok,
extracted_tables/037_Health_Bulletin_2013/table_0032.csv,quarantined_tables/037_Health_Bulletin_2013/table_0032.csv,2,3,review_required,placeholder_headers,ok,
extracted_tables/037_Health_Bulletin_2013/table_0033.csv,quarantined_tables/037_Health_Bulletin_2013/table_0033.csv,2,3,review_required,placeholder_headers,ok,
extracted_tables/037_Health_Bulletin_2013/table_0034.csv,quarantined_tables/037_Health_Bulletin_2013/table_0034.csv,2,3,review_required,placeholder_headers,ok,
extracted_tables/037_Health_Bulletin_2013/table_0035.csv,quarantined_tables/037_Health_Bulletin_2013/table_0035.csv,0,0,rejected,empty_or_single_column,ok,
extracted_tables/037_Health_Bulletin_2013/table_0036.csv,quarantined_tables/037_Health_Bulletin_2013/table_0036.csv,0,0,rejected,empty_or_single_column,ok,
extracted_tables/037_Health_Bulletin_2013/table_0037.csv,quarantined_tables/037_Health_Bulletin_2013/table_0037.csv,0,0,rejected,empty_or_single_column,ok,
extracted_tables/037_Health_Bulletin_2013/table_0038.csv,quarantined_tables/037_Health_Bulletin_2013/table_0038.csv,0,0,rejected,empty_or_single_column,ok,
extracted_tables/037_Health_Bulletin_2013/table_0039.csv,quarantined_tables/037_Health_Bulletin_2013/table_0039.csv,0,0,rejected,empty_or_single_column,ok,
extracted_tables/037_Health_Bulletin_2013/table_0040.csv,quarantined_tables/037_Health_Bulletin_2013/table_0040.csv,0,0,rejected,empty_or_single_column,ok,
extracted_tables/037_Health_Bulletin_2013/table_0041.csv,quarantined_tables/037_Health_Bulletin_2013/table_0041.csv,0,0,rejected,empty_or_single_column,ok,
extracted_tables/037_Health_Bulletin_2013/table_0042.csv,quarantined_tables/037_Health_Bulletin_2013/table_0042.csv,3,9,review_required,placeholder_headers;high_internal_blank_ratio,ok,
extracted_tables/037_Health_Bulletin_2013/table_0043.csv,quarantined_tables/037_Health_Bulletin_2013/table_0043.csv,2,9,review_required,placeholder_headers,ok,
extracted_tables/037_Health_Bulletin_2013/table_0044.csv,quarantined_tables/037_Health_Bulletin_2013/table_0044.csv,0,0,rejected,empty_or_single_column,ok,
extracted_tables/037_Health_Bulletin_2013/table_0045.csv,quarantined_tables/037_Health_Bulletin_2013/table_0045.csv,0,0,rejected,empty_or_single_column,ok,
extracted_tables/037_Health_Bulletin_2013/table_0046.csv,quarantined_tables/037_Health_Bulletin_2013/table_0046.csv,2,11,review_required,placeholder_headers,ok,
extracted_tables/037_Health_Bulletin_2013/table_0047.csv,quarantined_tables/037_Health_Bulletin_2013/table_0047.csv,2,11,review_required,placeholder_headers,ok,
extracted_tables/037_Health_Bulletin_2013/table_0048.csv,quarantined_tables/037_Health_Bulletin_2013/table_0048.csv,0,0,rejected,empty_or_single_column,ok,
extracted_tables/037_Health_Bulletin_2013/table_0049.csv,quarantined_tables/037_Health_Bulletin_2013/table_0049.csv,0,0,rejected,empty_or_single_column,ok,
extracted_tables/037_Health_Bulletin_2013/table_0050.csv,quarantined_tables/037_Health_Bulletin_2013/table_0050.csv,0,0,rejected,empty_or_single_column,ok,
extracted_tables/037_Health_Bulletin_2013/table_0051.csv,quarantined_tables/037_Health_Bulletin_2013/table_0051.csv,0,0,rejected,empty_or_single_column,ok,
extracted_tables/037_Health_Bulletin_2013/table_0052.csv,quarantined_tables/037_Health_Bulletin_2013/table_0052.csv,0,0,rejected,empty_or_single_column,ok,
extracted_tables/037_Health_Bulletin_2013/table_0053.csv,quarantined_tables/037_Health_Bulletin_2013/table_0053.csv,0,0,rejected,empty_or_single_column,ok,
extracted_tables/037_Health_Bulletin_2013/table_0054.csv,quarantined_tables/037_Health_Bulletin_2013/table_0054.csv,0,0,rejected,empty_or_single_column,ok,
extracted_tables/037_Health_Bulletin_2013/table_0055.csv,quarantined_tables/037_Health_Bulletin_2013/table_0055.csv,0,0,rejected,empty_or_single_column,ok,
extracted_tables/037_Health_Bulletin_2013/table_0056.csv,quarantined_tables/037_Health_Bulletin_2013/table_0056.csv,0,0,rejected,empty_or_single_column,ok,
extracted_tables/037_Health_Bulletin_2013/table_0057.csv,quarantined_tables/037_Health_Bulletin_2013/table_0057.csv,0,0,rejected,empty_or_single_column,ok,
extracted_tables/037_Health_Bulletin_2013/table_0058.csv,quarantined_tables/037_Health_Bulletin_2013/table_0058.csv,0,0,rejected,empty_or_single_column,ok,
extracted_tables/037_Health_Bulletin_2013/table_0059.csv,quarantined_tables/037_Health_Bulletin_2013/table_0059.csv,0,0,rejected,empty_or_single_column,ok,
extracted_tables/037_Health_Bulletin_2013/table_0060.csv,quarantined_tables/037_Health_Bulletin_2013/table_0060.csv,0,0,rejected,empty_or_single_column,ok,
extracted_tables/037_Health_Bulletin_2013/table_0061.csv,quarantined_tables/037_Health_Bulletin_2013/table_0061.csv,3,5,review_required,placeholder_headers,ok,
extracted_tables/037_Health_Bulletin_2013/table_0062.csv,quarantined_tables/037_Health_Bulletin_2013/table_0062.csv,5,3,review_required,placeholder_headers;high_internal_blank_ratio,ok,
extracted_tables/037_Health_Bulletin_2013/table_0063.csv,quarantined_tables/037_Health_Bulletin_2013/table_0063.csv,7,7,review_required,placeholder_headers;high_internal_blank_ratio,ok,
extracted_tables/037_Health_Bulletin_2013/table_0064.csv,quarantined_tables/037_Health_Bulletin_2013/table_0064.csv,0,0,rejected,empty_or_single_column,ok,
extracted_tables/037_Health_Bulletin_2013/table_0065.csv,quarantined_tables/037_Health_Bulletin_2013/table_0065.csv,0,0,rejected,empty_or_single_column,ok,
extracted_tables/037_Health_Bulletin_2013/table_0066.csv,quarantined_tables/037_Health_Bulletin_2013/table_0066.csv,0,0,rejected,empty_or_single_column,ok,
extracted_tables/037_Health_Bulletin_2013/table_0067.csv,quarantined_tables/037_Health_Bulletin_2013/table_0067.csv,0,0,rejected,empty_or_single_column,ok,
extracted_tables/037_Health_Bulletin_2013/table_0068.csv,quarantined_tables/037_Health_Bulletin_2013/table_0068.csv,0,0,rejected,empty_or_single_column,ok,
extracted_tables/037_Health_Bulletin_2013/table_0069.csv,quarantined_tables/037_Health_Bulletin_2013/table_0069.csv,12,7,review_required,placeholder_headers;high_internal_blank_ratio,ok,
extracted_tables/037_Health_Bulletin_2013/table_0070.csv,quarantined_tables/037_Health_Bulletin_2013/table_0070.csv,0,0,rejected,empty_or_single_column,ok,
extracted_tables/037_Health_Bulletin_2013/table_0071.csv,quarantined_tables/037_Health_Bulletin_2013/table_0071.csv,0,0,rejected,empty_or_single_column,ok,
extracted_tables/037_Health_Bulletin_2013/table_0072.csv,quarantined_tables/037_Health_Bulletin_2013/table_0072.csv,0,0,rejected,empty_or_single_column,ok,
extracted_tables/037_Health_Bulletin_2013/table_0073.csv,quarantined_tables/037_Health_Bulletin_2013/table_0073.csv,0,0,rejected,empty_or_single_column,ok,
extracted_tables/037_Health_Bulletin_2013/table_0074.csv,quarantined_tables/037_Health_Bulletin_2013/table_0074.csv,5,5,review_required,placeholder_headers;high_internal_blank_ratio,ok,
extracted_tables/037_Health_Bulletin_2013/table_0075.csv,quarantined_tables/037_Health_Bulletin_2013/table_0075.csv,0,0,rejected,empty_or_single_column,ok,
extracted_tables/037_Health_Bulletin_2013/table_0076.csv,quarantined_tables/037_Health_Bulletin_2013/table_0076.csv,0,0,rejected,empty_or_single_column,ok,
extracted_tables/037_Health_Bulletin_2013/table_0077.csv,quarantined_tables/037_Health_Bulletin_2013/table_0077.csv,0,0,rejected,empty_or_single_column,ok,
extracted_tables/037_Health_Bulletin_2013/table_0078.csv,quarantined_tables/037_Health_Bulletin_2013/table_0078.csv,0,0,rejected,empty_or_single_column,ok,
extracted_tables/037_Health_Bulletin_2013/table_0079.csv,quarantined_tables/037_Health_Bulletin_2013/table_0079.csv,0,0,rejected,empty_or_single_column,ok,
extracted_tables/037_Health_Bulletin_2013/table_0080.csv,quarantined_tables/037_Health_Bulletin_2013/table_0080.csv,0,0,rejected,empty_or_single_column,ok,
extracted_tables/037_Health_Bulletin_2013/table_0081.csv,quarantined_tables/037_Health_Bulletin_2013/table_0081.csv,3,3,review_required,placeholder_headers,ok,
extracted_tables/037_Health_Bulletin_2013/table_0082.csv,quarantined_tables/037_Health_Bulletin_2013/table_0082.csv,16,5,review_required,placeholder_headers,ok,
extracted_tables/037_Health_Bulletin_2013/table_0083.csv,quarantined_tables/037_Health_Bulletin_2013/table_0083.csv,2,5,review_required,placeholder_headers,ok,
extracted_tables/037_Health_Bulletin_2013/table_0084.csv,quarantined_tables/037_Health_Bulletin_2013/table_0084.csv,2,5,review_required,placeholder_headers,ok,
extracted_tables/037_Health_Bulletin_2013/table_0085.csv,quarantined_tables/037_Health_Bulletin_2013/table_0085.csv,2,5,review_required,placeholder_headers,ok,
extracted_tables/037_Health_Bulletin_2013/table_0086.csv,quarantined_tables/037_Health_Bulletin_2013/table_0086.csv,3,3,review_required,placeholder_headers,ok,
extracted_tables/037_Health_Bulletin_2013/table_0087.csv,quarantined_tables/037_Health_Bulletin_2013/table_0087.csv,2,5,review_required,placeholder_headers,ok,
extracted_tables/037_Health_Bulletin_2013/table_0088.csv,quarantined_tables/037_Health_Bulletin_2013/table_0088.csv,2,5,review_required,placeholder_headers,ok,
extracted_tables/037_Health_Bulletin_2013/table_0089.csv,quarantined_tables/037_Health_Bulletin_2013/table_0089.csv,2,5,review_required,placeholder_headers,ok,
extracted_tables/037_Health_Bulletin_2013/table_0090.csv,quarantined_tables/037_Health_Bulletin_2013/table_0090.csv,2,5,review_required,placeholder_headers,ok,
extracted_tables/037_Health_Bulletin_2013/table_0091.csv,quarantined_tables/037_Health_Bulletin_2013/table_0091.csv,8,3,review_required,placeholder_headers,ok,
extracted_tables/037_Health_Bulletin_2013/table_0092.csv,quarantined_tables/037_Health_Bulletin_2013/table_0092.csv,0,0,rejected,empty_or_single_column,ok,
extracted_tables/037_Health_Bulletin_2013/table_0093.csv,quarantined_tables/037_Health_Bulletin_2013/table_0093.csv,0,0,rejected,empty_or_single_column,ok,
extracted_tables/037_Health_Bulletin_2013/table_0094.csv,quarantined_tables/037_Health_Bulletin_2013/table_0094.csv,0,0,rejected,empty_or_single_column,ok,
extracted_tables/037_Health_Bulletin_2013/table_0095.csv,quarantined_tables/037_Health_Bulletin_2013/table_0095.csv,0,0,rejected,empty_or_single_column,ok,
extracted_tables/037_Health_Bulletin_2013/table_0096.csv,quarantined_tables/037_Health_Bulletin_2013/table_0096.csv,0,0,rejected,empty_or_single_column,ok,
extracted_tables/037_Health_Bulletin_2013/table_0097.csv,quarantined_tables/037_Health_Bulletin_2013/table_0097.csv,0,0,rejected,empty_or_single_column,ok,
extracted_tables/037_Health_Bulletin_2013/table_0098.csv,quarantined_tables/037_Health_Bulletin_2013/table_0098.csv,3,3,review_required,placeholder_headers,ok,
extracted_tables/037_Health_Bulletin_2013/table_0099.csv,quarantined_tables/037_Health_Bulletin_2013/table_0099.csv,4,7,review_required,placeholder_headers,ok,
extracted_tables/037_Health_Bulletin_2013/table_0100.csv,quarantined_tables/037_Health_Bulletin_2013/table_0100.csv,4,5,review_required,placeholder_headers,ok,
extracted_tables/037_Health_Bulletin_2013/table_0101.csv,quarantined_tables/037_Health_Bulletin_2013/table_0101.csv,3,3,review_required,placeholder_headers,ok,
extracted_tables/037_Health_Bulletin_2013/table_0102.csv,quarantined_tables/037_Health_Bulletin_2013/table_0102.csv,5,5,review_required,placeholder_headers,ok,
extracted_tables/037_Health_Bulletin_2013/table_0103.csv,quarantined_tables/037_Health_Bulletin_2013/table_0103.csv,13,5,review_required,placeholder_headers,ok,
extracted_tables/037_Health_Bulletin_2013/table_0104.csv,quarantined_tables/037_Health_Bulletin_2013/table_0104.csv,5,5,review_required,placeholder_headers,ok,
extracted_tables/037_Health_Bulletin_2013/table_0105.csv,quarantined_tables/037_Health_Bulletin_2013/table_0105.csv,2,7,review_required,placeholder_headers,ok,
extracted_tables/037_Health_Bulletin_2013/table_0106.csv,quarantined_tables/037_Health_Bulletin_2013/table_0106.csv,10,3,review_required,placeholder_headers,ok,
extracted_tables/037_Health_Bulletin_2013/table_0107.csv,quarantined_tables/037_Health_Bulletin_2013/table_0107.csv,9,3,review_required,placeholder_headers,ok,
extracted_tables/037_Health_Bulletin_2013/table_0108.csv,quarantined_tables/037_Health_Bulletin_2013/table_0108.csv,4,3,review_required,placeholder_headers,ok,
extracted_tables/037_Health_Bulletin_2013/table_0109.csv,quarantined_tables/037_Health_Bulletin_2013/table_0109.csv,7,3,review_required,placeholder_headers,ok,
extracted_tables/037_Health_Bulletin_2013/table_0110.csv,quarantined_tables/037_Health_Bulletin_2013/table_0110.csv,2,3,review_required,placeholder_headers,ok,
extracted_tables/037_Health_Bulletin_2013/table_0111.csv,quarantined_tables/037_Health_Bulletin_2013/table_0111.csv,4,9,review_required,placeholder_headers,ok,
extracted_tables/037_Health_Bulletin_2013/table_0112.csv,quarantined_tables/037_Health_Bulletin_2013/table_0112.csv,8,3,review_required,placeholder_headers,ok,
extracted_tables/037_Health_Bulletin_2013/table_0113.csv,quarantined_tables/037_Health_Bulletin_2013/table_0113.csv,2,5,review_required,placeholder_headers,ok,
extracted_tables/037_Health_Bulletin_2013/table_0114.csv,quarantined_tables/037_Health_Bulletin_2013/table_0114.csv,3,5,review_required,placeholder_headers;high_internal_blank_ratio,ok,
extracted_tables/037_Health_Bulletin_2013/table_0115.csv,quarantined_tables/037_Health_Bulletin_2013/table_0115.csv,3,5,review_required,placeholder_headers;high_internal_blank_ratio,ok,
extracted_tables/037_Health_Bulletin_2013/table_0116.csv,quarantined_tables/037_Health_Bulletin_2013/table_0116.csv,2,3,review_required,placeholder_headers,ok,
extracted_tables/037_Health_Bulletin_2013/table_0117.csv,quarantined_tables/037_Health_Bulletin_2013/table_0117.csv,2,3,review_required,placeholder_headers,ok,
extracted_tables/037_Health_Bulletin_2013/table_0118.csv,quarantined_tables/037_Health_Bulletin_2013/table_0118.csv,0,0,rejected,empty_or_single_column,ok,
extracted_tables/037_Health_Bulletin_2013/table_0119.csv,quarantined_tables/037_Health_Bulletin_2013/table_0119.csv,0,0,rejected,empty_or_single_column,ok,
extracted_tables/037_Health_Bulletin_2013/table_0120.csv,quarantined_tables/037_Health_Bulletin_2013/table_0120.csv,0,0,rejected,empty_or_single_column,ok,
extracted_tables/037_Health_Bulletin_2013/table_0121.csv,quarantined_tables/037_Health_Bulletin_2013/table_0121.csv,0,0,rejected,empty_or_single_column,ok,
extracted_tables/037_Health_Bulletin_2013/table_0122.csv,quarantined_tables/037_Health_Bulletin_2013/table_0122.csv,0,0,rejected,empty_or_single_column,ok,
extracted_tables/037_Health_Bulletin_2013/table_0123.csv,quarantined_tables/037_Health_Bulletin_2013/table_0123.csv,6,3,review_required,placeholder_headers,ok,
extracted_tables/037_Health_Bulletin_2013/table_0124.csv,quarantined_tables/037_Health_Bulletin_2013/table_0124.csv,2,3,review_required,placeholder_headers,ok,
extracted_tables/037_Health_Bulletin_2013/table_0125.csv,quarantined_tables/037_Health_Bulletin_2013/table_0125.csv,3,5,review_required,placeholder_headers,ok,
extracted_tables/037_Health_Bulletin_2013/table_0126.csv,quarantined_tables/037_Health_Bulletin_2013/table_0126.csv,2,7,review_required,placeholder_headers,ok,
extracted_tables/037_Health_Bulletin_2013/table_0127.csv,quarantined_tables/037_Health_Bulletin_2013/table_0127.csv,3,9,review_required,placeholder_headers,ok,
extracted_tables/037_Health_Bulletin_2013/table_0128.csv,quarantined_tables/037_Health_Bulletin_2013/table_0128.csv,12,9,review_required,placeholder_headers,ok,
extracted_tables/037_Health_Bulletin_2013/table_0129.csv,quarantined_tables/037_Health_Bulletin_2013/table_0129.csv,2,7,review_required,placeholder_headers,ok,
extracted_tables/037_Health_Bulletin_2013/table_0130.csv,quarantined_tables/037_Health_Bulletin_2013/table_0130.csv,2,7,review_required,placeholder_headers,ok,
extracted_tables/037_Health_Bulletin_2013/table_0131.csv,quarantined_tables/037_Health_Bulletin_2013/table_0131.csv,4,5,review_required,placeholder_headers,ok,
extracted_tables/037_Health_Bulletin_2013/table_0132.csv,quarantined_tables/037_Health_Bulletin_2013/table_0132.csv,8,6,review_required,placeholder_headers;high_internal_blank_ratio,ok,
extracted_tables/037_Health_Bulletin_2013/table_0133.csv,quarantined_tables/037_Health_Bulletin_2013/table_0133.csv,8,7,review_required,placeholder_headers;high_internal_blank_ratio,ok,
extracted_tables/037_Health_Bulletin_2013/table_0134.csv,quarantined_tables/037_Health_Bulletin_2013/table_0134.csv,10,6,review_required,placeholder_headers;high_internal_blank_ratio,ok,
extracted_tables/037_Health_Bulletin_2013/table_0135.csv,quarantined_tables/037_Health_Bulletin_2013/table_0135.csv,10,8,review_required,placeholder_headers;high_internal_blank_ratio,ok,
extracted_tables/037_Health_Bulletin_2013/table_0136.csv,quarantined_tables/037_Health_Bulletin_2013/table_0136.csv,10,7,review_required,placeholder_headers;high_internal_blank_ratio,ok,
extracted_tables/037_Health_Bulletin_2013/table_0137.csv,quarantined_tables/037_Health_Bulletin_2013/table_0137.csv,8,6,review_required,placeholder_headers;high_internal_blank_ratio,ok,
extracted_tables/037_Health_Bulletin_2013/table_0138.csv,quarantined_tables/037_Health_Bulletin_2013/table_0138.csv,8,13,review_required,placeholder_headers;high_internal_blank_ratio,ok,
extracted_tables/037_Health_Bulletin_2013/table_0139.csv,quarantined_tables/037_Health_Bulletin_2013/table_0139.csv,8,11,review_required,placeholder_headers;high_internal_blank_ratio,ok,
extracted_tables/037_Health_Bulletin_2013/table_0140.csv,quarantined_tables/037_Health_Bulletin_2013/table_0140.csv,8,11,review_required,placeholder_headers;high_internal_blank_ratio,ok,
extracted_tables/037_Health_Bulletin_2013/table_0141.csv,quarantined_tables/037_Health_Bulletin_2013/table_0141.csv,8,12,review_required,placeholder_headers;high_internal_blank_ratio,ok,
extracted_tables/037_Health_Bulletin_2013/table_0142.csv,quarantined_tables/037_Health_Bulletin_2013/table_0142.csv,8,13,review_required,placeholder_headers;high_internal_blank_ratio,ok,
extracted_tables/037_Health_Bulletin_2013/table_0143.csv,quarantined_tables/037_Health_Bulletin_2013/table_0143.csv,8,13,review_required,placeholder_headers;high_internal_blank_ratio,ok,
extracted_tables/037_Health_Bulletin_2013/table_0144.csv,quarantined_tables/037_Health_Bulletin_2013/table_0144.csv,8,13,review_required,placeholder_headers;high_internal_blank_ratio,ok,
extracted_tables/037_Health_Bulletin_2013/table_0145.csv,quarantined_tables/037_Health_Bulletin_2013/table_0145.csv,8,13,review_required,placeholder_headers;high_internal_blank_ratio,ok,
extracted_tables/037_Health_Bulletin_2013/table_0146.csv,quarantined_tables/037_Health_Bulletin_2013/table_0146.csv,8,15,review_required,placeholder_headers;high_internal_blank_ratio,ok,
extracted_tables/037_Health_Bulletin_2013/table_0147.csv,quarantined_tables/037_Health_Bulletin_2013/table_0147.csv,8,13,review_required,placeholder_headers;high_internal_blank_ratio,ok,
extracted_tables/037_Health_Bulletin_2013/table_0148.csv,quarantined_tables/037_Health_Bulletin_2013/table_0148.csv,8,9,review_required,placeholder_headers;high_internal_blank_ratio,ok,
extracted_tables/037_Health_Bulletin_2013/table_0149.csv,quarantined_tables/037_Health_Bulletin_2013/table_0149.csv,8,14,review_required,placeholder_headers;high_internal_blank_ratio,ok,
extracted_tables/037_Health_Bulletin_2013/table_0150.csv,quarantined_tables/037_Health_Bulletin_2013/table_0150.csv,8,11,review_required,placeholder_headers;high_internal_blank_ratio,ok,
extracted_tables/037_Health_Bulletin_2013/table_0151.csv,quarantined_tables/037_Health_Bulletin_2013/table_0151.csv,9,2,review_required,placeholder_headers;high_internal_blank_ratio,ok,
extracted_tables/037_Health_Bulletin_2013/table_0152.csv,quarantined_tables/037_Health_Bulletin_2013/table_0152.csv,9,3,review_required,placeholder_headers,ok,
extracted_tables/037_Health_Bulletin_2013/table_0153.csv,quarantined_tables/037_Health_Bulletin_2013/table_0153.csv,9,3,review_required,placeholder_headers,ok,
extracted_tables/037_Health_Bulletin_2013/table_0154.csv,quarantined_tables/037_Health_Bulletin_2013/table_0154.csv,9,3,review_required,placeholder_headers,ok,
extracted_tables/037_Health_Bulletin_2013/table_0155.csv,quarantined_tables/037_Health_Bulletin_2013/table_0155.csv,9,3,review_required,placeholder_headers,ok,
extracted_tables/037_Health_Bulletin_2013/table_0156.csv,quarantined_tables/037_Health_Bulletin_2013/table_0156.csv,9,3,review_required,placeholder_headers,ok,
extracted_tables/037_Health_Bulletin_2013/table_0157.csv,quarantined_tables/037_Health_Bulletin_2013/table_0157.csv,9,3,review_required,placeholder_headers,ok,
extracted_tables/037_Health_Bulletin_2013/table_0158.csv,quarantined_tables/037_Health_Bulletin_2013/table_0158.csv,9,3,review_required,placeholder_headers,ok,
extracted_tables/037_Health_Bulletin_2013/table_0159.csv,quarantined_tables/037_Health_Bulletin_2013/table_0159.csv,3,3,review_required,placeholder_headers,ok,
extracted_tables/037_Health_Bulletin_2013/table_0160.csv,quarantined_tables/037_Health_Bulletin_2013/table_0160.csv,2,5,review_required,placeholder_headers,ok,
extracted_tables/037_Health_Bulletin_2013/table_0161.csv,quarantined_tables/037_Health_Bulletin_2013/table_0161.csv,4,7,review_required,placeholder_headers;high_internal_blank_ratio,ok,
extracted_tables/037_Health_Bulletin_2013/table_0162.csv,quarantined_tables/037_Health_Bulletin_2013/table_0162.csv,2,5,review_required,placeholder_headers,ok,
extracted_tables/037_Health_Bulletin_2013/table_0163.csv,quarantined_tables/037_Health_Bulletin_2013/table_0163.csv,7,3,review_required,placeholder_headers,ok,
extracted_tables/037_Health_Bulletin_2013/table_0164.csv,quarantined_tables/037_Health_Bulletin_2013/table_0164.csv,3,3,review_required,placeholder_headers,ok,
extracted_tables/037_Health_Bulletin_2013/table_0165.csv,quarantined_tables/037_Health_Bulletin_2013/table_0165.csv,4,3,review_required,placeholder_headers,ok,
extracted_tables/037_Health_Bulletin_2013/table_0166.csv,quarantined_tables/037_Health_Bulletin_2013/table_0166.csv,2,3,review_required,placeholder_headers,ok,
extracted_tables/037_Health_Bulletin_2013/table_0167.csv,quarantined_tables/037_Health_Bulletin_2013/table_0167.csv,10,3,review_required,placeholder_headers,ok,
extracted_tables/037_Health_Bulletin_2013/table_0168.csv,quarantined_tables/037_Health_Bulletin_2013/table_0168.csv,9,3,review_required,placeholder_headers,ok,
extracted_tables/037_Health_Bulletin_2013/table_0169.csv,quarantined_tables/037_Health_Bulletin_2013/table_0169.csv,3,3,review_required,placeholder_headers,ok,
extracted_tables/037_Health_Bulletin_2013/table_0170.csv,quarantined_tables/037_Health_Bulletin_2013/table_0170.csv,3,3,review_required,placeholder_headers,ok,
extracted_tables/037_Health_Bulletin_2013/table_0171.csv,quarantined_tables/037_Health_Bulletin_2013/table_0171.csv,2,3,review_required,placeholder_headers,ok,
extracted_tables/037_Health_Bulletin_2013/table_0172.csv,quarantined_tables/037_Health_Bulletin_2013/table_0172.csv,2,9,review_required,placeholder_headers,ok,
extracted_tables/037_Health_Bulletin_2013/table_0173.csv,quarantined_tables/037_Health_Bulletin_2013/table_0173.csv,3,3,review_required,placeholder_headers,ok,
extracted_tables/037_Health_Bulletin_2013/table_0174.csv,quarantined_tables/037_Health_Bulletin_2013/table_0174.csv,3,5,review_required,placeholder_headers,ok,
extracted_tables/037_Health_Bulletin_2013/table_0175.csv,quarantined_tables/037_Health_Bulletin_2013/table_0175.csv,3,5,review_required,placeholder_headers,ok,
extracted_tables/037_Health_Bulletin_2013/table_0176.csv,quarantined_tables/037_Health_Bulletin_2013/table_0176.csv,3,3,review_required,placeholder_headers,ok,
extracted_tables/037_Health_Bulletin_2013/table_0177.csv,quarantined_tables/037_Health_Bulletin_2013/table_0177.csv,7,3,review_required,placeholder_headers,ok,
extracted_tables/037_Health_Bulletin_2013/table_0178.csv,quarantined_tables/037_Health_Bulletin_2013/table_0178.csv,20,3,review_required,placeholder_headers,ok,
extracted_tables/037_Health_Bulletin_2013/table_0179.csv,quarantined_tables/037_Health_Bulletin_2013/table_0179.csv,9,3,review_required,placeholder_headers,ok,
extracted_tables/037_Health_Bulletin_2013/table_0180.csv,quarantined_tables/037_Health_Bulletin_2013/table_0180.csv,5,8,review_required,placeholder_headers;high_internal_blank_ratio,ok,
extracted_tables/037_Health_Bulletin_2013/table_0181.csv,quarantined_tables/037_Health_Bulletin_2013/table_0181.csv,6,8,review_required,placeholder_headers;high_internal_blank_ratio,ok,
extracted_tables/037_Health_Bulletin_2013/table_0182.csv,quarantined_tables/037_Health_Bulletin_2013/table_0182.csv,2,3,review_required,placeholder_headers,ok,
extracted_tables/037_Health_Bulletin_2013/table_0183.csv,quarantined_tables/037_Health_Bulletin_2013/table_0183.csv,2,3,review_required,placeholder_headers,ok,
extracted_tables/037_Health_Bulletin_2013/table_0184.csv,quarantined_tables/037_Health_Bulletin_2013/table_0184.csv,2,3,review_required,placeholder_headers,ok,
extracted_tables/037_Health_Bulletin_2013/table_0185.csv,quarantined_tables/037_Health_Bulletin_2013/table_0185.csv,2,3,review_required,placeholder_headers,ok,
extracted_tables/037_Health_Bulletin_2013/table_0186.csv,quarantined_tables/037_Health_Bulletin_2013/table_0186.csv,2,3,review_required,placeholder_headers,ok,
extracted_tables/037_Health_Bulletin_2013/table_0187.csv,quarantined_tables/037_Health_Bulletin_2013/table_0187.csv,2,3,review_required,placeholder_headers,ok,
extracted_tables/037_Health_Bulletin_2013/table_0188.csv,quarantined_tables/037_Health_Bulletin_2013/table_0188.csv,12,4,review_required,placeholder_headers,ok,
extracted_tables/037_Health_Bulletin_2013/table_0189.csv,quarantined_tables/037_Health_Bulletin_2013/table_0189.csv,4,4,review_required,placeholder_headers;high_internal_blank_ratio,ok,
extracted_tables/037_Health_Bulletin_2013/table_0190.csv,quarantined_tables/037_Health_Bulletin_2013/table_0190.csv,6,3,review_required,placeholder_headers;high_internal_blank_ratio,ok,
extracted_tables/037_Health_Bulletin_2013/table_0191.csv,quarantined_tables/037_Health_Bulletin_2013/table_0191.csv,4,3,review_required,placeholder_headers;high_internal_blank_ratio,ok,
extracted_tables/037_Health_Bulletin_2013/table_0192.csv,quarantined_tables/037_Health_Bulletin_2013/table_0192.csv,17,2,review_required,placeholder_headers;high_internal_blank_ratio,ok,
extracted_tables/037_Health_Bulletin_2013/table_0193.csv,quarantined_tables/037_Health_Bulletin_2013/table_0193.csv,4,2,review_required,placeholder_headers,ok,
extracted_tables/037_Health_Bulletin_2013/table_0194.csv,quarantined_tables/037_Health_Bulletin_2013/table_0194.csv,3,3,review_required,placeholder_headers,ok,
extracted_tables/037_Health_Bulletin_2013/table_0195.csv,quarantined_tables/037_Health_Bulletin_2013/table_0195.csv,7,3,review_required,placeholder_headers,ok,
extracted_tables/037_Health_Bulletin_2013/table_0196.csv,quarantined_tables/037_Health_Bulletin_2013/table_0196.csv,10,3,review_required,placeholder_headers,ok,
extracted_tables/037_Health_Bulletin_2013/table_0197.csv,quarantined_tables/037_Health_Bulletin_2013/table_0197.csv,4,3,review_required,placeholder_headers,ok,
extracted_tables/037_Health_Bulletin_2013/table_0198.csv,quarantined_tables/037_Health_Bulletin_2013/table_0198.csv,3,3,review_required,placeholder_headers,ok,
extracted_tables/037_Health_Bulletin_2013/table_0199.csv,quarantined_tables/037_Health_Bulletin_2013/table_0199.csv,6,3,review_required,placeholder_headers,ok,
extracted_tables/037_Health_Bulletin_2013/table_0200.csv,quarantined_tables/037_Health_Bulletin_2013/table_0200.csv,5,4,review_required,placeholder_headers;high_internal_blank_ratio,ok,
extracted_tables/037_Health_Bulletin_2013/table_0201.csv,quarantined_tables/037_Health_Bulletin_2013/table_0201.csv,4,8,review_required,placeholder_headers,ok,
extracted_tables/037_Health_Bulletin_2013/table_0202.csv,quarantined_tables/037_Health_Bulletin_2013/table_0202.csv,4,6,review_required,placeholder_headers,ok,
extracted_tables/037_Health_Bulletin_2013/table_0203.csv,quarantined_tables/037_Health_Bulletin_2013/table_0203.csv,5,7,review_required,placeholder_headers,ok,
extracted_tables/037_Health_Bulletin_2013/table_0204.csv,quarantined_tables/037_Health_Bulletin_2013/table_0204.csv,4,4,review_required,placeholder_headers,ok,
extracted_tables/037_Health_Bulletin_2013/table_0205.csv,quarantined_tables/037_Health_Bulletin_2013/table_0205.csv,13,3,review_required,placeholder_headers,ok,
extracted_tables/037_Health_Bulletin_2013/table_0206.csv,quarantined_tables/037_Health_Bulletin_2013/table_0206.csv,3,5,review_required,placeholder_headers,ok,
extracted_tables/037_Health_Bulletin_2013/table_0207.csv,quarantined_tables/037_Health_Bulletin_2013/table_0207.csv,3,3,review_required,placeholder_headers,ok,
extracted_tables/037_Health_Bulletin_2013/table_0208.csv,quarantined_tables/037_Health_Bulletin_2013/table_0208.csv,3,3,review_required,placeholder_headers,ok,
extracted_tables/037_Health_Bulletin_2013/table_0209.csv,quarantined_tables/037_Health_Bulletin_2013/table_0209.csv,3,3,review_required,placeholder_headers,ok,
extracted_tables/037_Health_Bulletin_2013/table_0210.csv,quarantined_tables/037_Health_Bulletin_2013/table_0210.csv,3,3,review_required,placeholder_headers,ok,
extracted_tables/037_Health_Bulletin_2013/table_0211.csv,quarantined_tables/037_Health_Bulletin_2013/table_0211.csv,10,5,review_required,placeholder_headers;high_internal_blank_ratio,ok,
extracted_tables/037_Health_Bulletin_2013/table_0212.csv,quarantined_tables/037_Health_Bulletin_2013/table_0212.csv,18,4,review_required,placeholder_headers;high_internal_blank_ratio,ok,
extracted_tables/037_Health_Bulletin_2013/table_0213.csv,quarantined_tables/037_Health_Bulletin_2013/table_0213.csv,9,4,review_required,placeholder_headers;high_internal_blank_ratio,ok,
extracted_tables/037_Health_Bulletin_2013/table_0214.csv,quarantined_tables/037_Health_Bulletin_2013/table_0214.csv,2,5,review_required,placeholder_headers,ok,
extracted_tables/037_Health_Bulletin_2013/table_0215.csv,quarantined_tables/037_Health_Bulletin_2013/table_0215.csv,5,5,review_required,placeholder_headers;high_internal_blank_ratio,ok,
extracted_tables/037_Health_Bulletin_2013/table_0216.csv,quarantined_tables/037_Health_Bulletin_2013/table_0216.csv,3,3,review_required,placeholder_headers,ok,
extracted_tables/037_Health_Bulletin_2013/table_0217.csv,quarantined_tables/037_Health_Bulletin_2013/table_0217.csv,14,4,review_required,placeholder_headers;high_internal_blank_ratio,ok,
extracted_tables/037_Health_Bulletin_2013/table_0218.csv,quarantined_tables/037_Health_Bulletin_2013/table_0218.csv,14,4,review_required,placeholder_headers;high_internal_blank_ratio,ok,
extracted_tables/039_Health_Bulletin_2011/table_0001.csv,quarantined_tables/039_Health_Bulletin_2011/table_0001.csv,43,4,review_required,placeholder_headers;high_internal_blank_ratio,ok,
extracted_tables/039_Health_Bulletin_2011/table_0002.csv,quarantined_tables/039_Health_Bulletin_2011/table_0002.csv,51,5,review_required,placeholder_headers;high_internal_blank_ratio,ok,
extracted_tables/039_Health_Bulletin_2011/table_0003.csv,quarantined_tables/039_Health_Bulletin_2011/table_0003.csv,34,3,review_required,placeholder_headers,ok,
extracted_tables/039_Health_Bulletin_2011/table_0004.csv,quarantined_tables/039_Health_Bulletin_2011/table_0004.csv,29,6,review_required,placeholder_headers;high_internal_blank_ratio,ok,
extracted_tables/039_Health_Bulletin_2011/table_0005.csv,quarantined_tables/039_Health_Bulletin_2011/table_0005.csv,14,2,review_required,placeholder_headers,ok,
extracted_tables/039_Health_Bulletin_2011/table_0006.csv,quarantined_tables/039_Health_Bulletin_2011/table_0006.csv,8,2,review_required,placeholder_headers,ok,
extracted_tables/039_Health_Bulletin_2011/table_0007.csv,quarantined_tables/039_Health_Bulletin_2011/table_0007.csv,3,5,review_required,placeholder_headers,ok,
extracted_tables/039_Health_Bulletin_2011/table_0008.csv,quarantined_tables/039_Health_Bulletin_2011/table_0008.csv,4,4,review_required,placeholder_headers,ok,
extracted_tables/039_Health_Bulletin_2011/table_0009.csv,quarantined_tables/039_Health_Bulletin_2011/table_0009.csv,6,3,review_required,placeholder_headers,ok,
extracted_tables/039_Health_Bulletin_2011/table_0010.csv,quarantined_tables/039_Health_Bulletin_2011/table_0010.csv,6,3,review_required,placeholder_headers,ok,
extracted_tables/039_Health_Bulletin_2011/table_0011.csv,quarantined_tables/039_Health_Bulletin_2011/table_0011.csv,12,6,review_required,placeholder_headers;high_internal_blank_ratio,ok,
extracted_tables/039_Health_Bulletin_2011/table_0012.csv,quarantined_tables/039_Health_Bulletin_2011/table_0012.csv,9,3,review_required,placeholder_headers,ok,
extracted_tables/039_Health_Bulletin_2011/table_0013.csv,quarantined_tables/039_Health_Bulletin_2011/table_0013.csv,5,9,review_required,placeholder_headers,ok,
extracted_tables/039_Health_Bulletin_2011/table_0014.csv,quarantined_tables/039_Health_Bulletin_2011/table_0014.csv,21,9,review_required,placeholder_headers,ok,
extracted_tables/039_Health_Bulletin_2011/table_0015.csv,quarantined_tables/039_Health_Bulletin_2011/table_0015.csv,21,10,review_required,placeholder_headers,ok,
extracted_tables/039_Health_Bulletin_2011/table_0016.csv,quarantined_tables/039_Health_Bulletin_2011/table_0016.csv,13,10,review_required,placeholder_headers,ok,
extracted_tables/039_Health_Bulletin_2011/table_0017.csv,quarantined_tables/039_Health_Bulletin_2011/table_0017.csv,3,9,review_required,placeholder_headers,ok,
extracted_tables/039_Health_Bulletin_2011/table_0018.csv,quarantined_tables/039_Health_Bulletin_2011/table_0018.csv,3,8,review_required,placeholder_headers,ok,
extracted_tables/039_Health_Bulletin_2011/table_0019.csv,quarantined_tables/039_Health_Bulletin_2011/table_0019.csv,12,8,review_required,placeholder_headers,ok,
extracted_tables/039_Health_Bulletin_2011/table_0020.csv,quarantined_tables/039_Health_Bulletin_2011/table_0020.csv,14,2,review_required,placeholder_headers,ok,
extracted_tables/039_Health_Bulletin_2011/table_0021.csv,quarantined_tables/039_Health_Bulletin_2011/table_0021.csv,4,11,review_required,placeholder_headers,ok,
extracted_tables/039_Health_Bulletin_2011/table_0022.csv,quarantined_tables/039_Health_Bulletin_2011/table_0022.csv,0,0,rejected,empty_or_single_column,ok,
extracted_tables/039_Health_Bulletin_2011/table_0023.csv,quarantined_tables/039_Health_Bulletin_2011/table_0023.csv,23,7,review_required,placeholder_headers,ok,
extracted_tables/039_Health_Bulletin_2011/table_0024.csv,quarantined_tables/039_Health_Bulletin_2011/table_0024.csv,13,7,review_required,placeholder_headers,ok,
extracted_tables/039_Health_Bulletin_2011/table_0025.csv,quarantined_tables/039_Health_Bulletin_2011/table_0025.csv,15,19,review_required,placeholder_headers;high_internal_blank_ratio,ok,
extracted_tables/039_Health_Bulletin_2011/table_0026.csv,quarantined_tables/039_Health_Bulletin_2011/table_0026.csv,11,15,review_required,placeholder_headers;high_internal_blank_ratio,ok,
extracted_tables/039_Health_Bulletin_2011/table_0027.csv,quarantined_tables/039_Health_Bulletin_2011/table_0027.csv,0,0,rejected,empty_or_single_column,ok,
extracted_tables/039_Health_Bulletin_2011/table_0028.csv,quarantined_tables/039_Health_Bulletin_2011/table_0028.csv,22,12,review_required,placeholder_headers,ok,
extracted_tables/039_Health_Bulletin_2011/table_0029.csv,quarantined_tables/039_Health_Bulletin_2011/table_0029.csv,8,6,review_required,placeholder_headers,ok,
extracted_tables/039_Health_Bulletin_2011/table_0030.csv,quarantined_tables/039_Health_Bulletin_2011/table_0030.csv,16,13,review_required,placeholder_headers,ok,
extracted_tables/039_Health_Bulletin_2011/table_0031.csv,quarantined_tables/039_Health_Bulletin_2011/table_0031.csv,6,12,review_required,placeholder_headers,ok,
extracted_tables/039_Health_Bulletin_2011/table_0032.csv,quarantined_tables/039_Health_Bulletin_2011/table_0032.csv,46,12,review_required,placeholder_headers,ok,
extracted_tables/039_Health_Bulletin_2011/table_0033.csv,quarantined_tables/039_Health_Bulletin_2011/table_0033.csv,23,12,review_required,placeholder_headers,ok,
extracted_tables/039_Health_Bulletin_2011/table_0034.csv,quarantined_tables/039_Health_Bulletin_2011/table_0034.csv,14,6,review_required,placeholder_headers,ok,
extracted_tables/039_Health_Bulletin_2011/table_0035.csv,quarantined_tables/039_Health_Bulletin_2011/table_0035.csv,54,6,review_required,placeholder_headers,ok,
extracted_tables/039_Health_Bulletin_2011/table_0036.csv,quarantined_tables/039_Health_Bulletin_2011/table_0036.csv,7,6,review_required,placeholder_headers,ok,
extracted_tables/039_Health_Bulletin_2011/table_0037.csv,quarantined_tables/039_Health_Bulletin_2011/table_0037.csv,6,10,review_required,placeholder_headers,ok,
extracted_tables/039_Health_Bulletin_2011/table_0038.csv,quarantined_tables/039_Health_Bulletin_2011/table_0038.csv,10,10,review_required,placeholder_headers,ok,
extracted_tables/039_Health_Bulletin_2011/table_0039.csv,quarantined_tables/039_Health_Bulletin_2011/table_0039.csv,12,7,review_required,placeholder_headers,ok,
extracted_tables/039_Health_Bulletin_2011/table_0040.csv,quarantined_tables/039_Health_Bulletin_2011/table_0040.csv,0,0,rejected,empty_or_single_column,ok,
extracted_tables/039_Health_Bulletin_2011/table_0041.csv,quarantined_tables/039_Health_Bulletin_2011/table_0041.csv,0,0,rejected,empty_or_single_column,ok,
extracted_tables/039_Health_Bulletin_2011/table_0042.csv,quarantined_tables/039_Health_Bulletin_2011/table_0042.csv,0,0,rejected,empty_or_single_column,ok,
extracted_tables/039_Health_Bulletin_2011/table_0043.csv,quarantined_tables/039_Health_Bulletin_2011/table_0043.csv,0,0,rejected,empty_or_single_column,ok,
extracted_tables/039_Health_Bulletin_2011/table_0044.csv,quarantined_tables/039_Health_Bulletin_2011/table_0044.csv,0,0,rejected,empty_or_single_column,ok,
extracted_tables/039_Health_Bulletin_2011/table_0045.csv,quarantined_tables/039_Health_Bulletin_2011/table_0045.csv,1,3,review_required,placeholder_headers,ok,
extracted_tables/039_Health_Bulletin_2011/table_0046.csv,quarantined_tables/039_Health_Bulletin_2011/table_0046.csv,6,5,review_required,placeholder_headers,ok,
extracted_tables/039_Health_Bulletin_2011/table_0047.csv,quarantined_tables/039_Health_Bulletin_2011/table_0047.csv,0,0,rejected,empty_or_single_column,ok,
extracted_tables/039_Health_Bulletin_2011/table_0048.csv,quarantined_tables/039_Health_Bulletin_2011/table_0048.csv,0,0,rejected,empty_or_single_column,ok,
extracted_tables/039_Health_Bulletin_2011/table_0049.csv,quarantined_tables/039_Health_Bulletin_2011/table_0049.csv,0,0,rejected,empty_or_single_column,ok,
extracted_tables/039_Health_Bulletin_2011/table_0050.csv,quarantined_tables/039_Health_Bulletin_2011/table_0050.csv,10,3,review_required,placeholder_headers,ok,
extracted_tables/039_Health_Bulletin_2011/table_0051.csv,quarantined_tables/039_Health_Bulletin_2011/table_0051.csv,8,3,review_required,placeholder_headers,ok,
extracted_tables/039_Health_Bulletin_2011/table_0052.csv,quarantined_tables/039_Health_Bulletin_2011/table_0052.csv,15,11,review_required,placeholder_headers;high_internal_blank_ratio,ok,
extracted_tables/039_Health_Bulletin_2011/table_0053.csv,quarantined_tables/039_Health_Bulletin_2011/table_0053.csv,26,8,review_required,placeholder_headers;high_internal_blank_ratio,ok,
extracted_tables/039_Health_Bulletin_2011/table_0054.csv,quarantined_tables/039_Health_Bulletin_2011/table_0054.csv,34,4,review_required,placeholder_headers,ok,
extracted_tables/039_Health_Bulletin_2011/table_0055.csv,quarantined_tables/039_Health_Bulletin_2011/table_0055.csv,22,10,review_required,placeholder_headers;high_internal_blank_ratio,ok,
extracted_tables/039_Health_Bulletin_2011/table_0056.csv,quarantined_tables/039_Health_Bulletin_2011/table_0056.csv,7,6,review_required,placeholder_headers,ok,
extracted_tables/039_Health_Bulletin_2011/table_0057.csv,quarantined_tables/039_Health_Bulletin_2011/table_0057.csv,0,0,rejected,empty_or_single_column,ok,
extracted_tables/039_Health_Bulletin_2011/table_0058.csv,quarantined_tables/039_Health_Bulletin_2011/table_0058.csv,22,12,review_required,placeholder_headers,ok,
extracted_tables/039_Health_Bulletin_2011/table_0059.csv,quarantined_tables/039_Health_Bulletin_2011/table_0059.csv,12,11,review_required,placeholder_headers,ok,
extracted_tables/039_Health_Bulletin_2011/table_0060.csv,quarantined_tables/039_Health_Bulletin_2011/table_0060.csv,13,5,review_required,placeholder_headers,ok,
extracted_tables/039_Health_Bulletin_2011/table_0061.csv,quarantined_tables/039_Health_Bulletin_2011/table_0061.csv,14,8,review_required,placeholder_headers,ok,
extracted_tables/039_Health_Bulletin_2011/table_0062.csv,quarantined_tables/039_Health_Bulletin_2011/table_0062.csv,13,14,review_required,placeholder_headers,ok,
extracted_tables/039_Health_Bulletin_2011/table_0063.csv,quarantined_tables/039_Health_Bulletin_2011/table_0063.csv,10,4,review_required,placeholder_headers,ok,
extracted_tables/039_Health_Bulletin_2011/table_0064.csv,quarantined_tables/039_Health_Bulletin_2011/table_0064.csv,7,6,review_required,placeholder_headers,ok,
extracted_tables/039_Health_Bulletin_2011/table_0065.csv,quarantined_tables/039_Health_Bulletin_2011/table_0065.csv,76,17,review_required,placeholder_headers,ok,
extracted_tables/039_Health_Bulletin_2011/table_0066.csv,quarantined_tables/039_Health_Bulletin_2011/table_0066.csv,74,17,review_required,placeholder_headers,ok,
extracted_tables/039_Health_Bulletin_2011/table_0067.csv,quarantined_tables/039_Health_Bulletin_2011/table_0067.csv,12,17,review_required,placeholder_headers,ok,
extracted_tables/039_Health_Bulletin_2011/table_0068.csv,quarantined_tables/039_Health_Bulletin_2011/table_0068.csv,61,17,review_required,placeholder_headers,ok,
extracted_tables/039_Health_Bulletin_2011/table_0069.csv,quarantined_tables/039_Health_Bulletin_2011/table_0069.csv,81,17,review_required,placeholder_headers,ok,
extracted_tables/039_Health_Bulletin_2011/table_0070.csv,quarantined_tables/039_Health_Bulletin_2011/table_0070.csv,21,17,review_required,placeholder_headers,ok,
extracted_tables/039_Health_Bulletin_2011/table_0071.csv,quarantined_tables/039_Health_Bulletin_2011/table_0071.csv,54,17,review_required,placeholder_headers,ok,
extracted_tables/039_Health_Bulletin_2011/table_0072.csv,quarantined_tables/039_Health_Bulletin_2011/table_0072.csv,77,17,review_required,placeholder_headers,ok,
extracted_tables/039_Health_Bulletin_2011/table_0073.csv,quarantined_tables/039_Health_Bulletin_2011/table_0073.csv,31,17,review_required,placeholder_headers,ok,
extracted_tables/039_Health_Bulletin_2011/table_0074.csv,quarantined_tables/039_Health_Bulletin_2011/table_0074.csv,16,17,review_required,placeholder_headers,ok,
extracted_tables/039_Health_Bulletin_2011/table_0075.csv,quarantined_tables/039_Health_Bulletin_2011/table_0075.csv,13,17,review_required,placeholder_headers,ok,
extracted_tables/039_Health_Bulletin_2011/table_0076.csv,quarantined_tables/039_Health_Bulletin_2011/table_0076.csv,7,17,review_required,placeholder_headers,ok,
extracted_tables/039_Health_Bulletin_2011/table_0077.csv,quarantined_tables/039_Health_Bulletin_2011/table_0077.csv,58,17,review_required,placeholder_headers,ok,
extracted_tables/039_Health_Bulletin_2011/table_0078.csv,quarantined_tables/039_Health_Bulletin_2011/table_0078.csv,53,17,review_required,placeholder_headers,ok,
extracted_tables/039_Health_Bulletin_2011/table_0079.csv,quarantined_tables/039_Health_Bulletin_2011/table_0079.csv,41,6,review_required,placeholder_headers,ok,
extracted_tables/039_Health_Bulletin_2011/table_0080.csv,quarantined_tables/039_Health_Bulletin_2011/table_0080.csv,37,6,review_required,placeholder_headers,ok,
extracted_tables/039_Health_Bulletin_2011/table_0081.csv,quarantined_tables/039_Health_Bulletin_2011/table_0081.csv,35,6,review_required,placeholder_headers,ok,
extracted_tables/039_Health_Bulletin_2011/table_0082.csv,quarantined_tables/039_Health_Bulletin_2011/table_0082.csv,31,6,review_required,placeholder_headers,ok,
extracted_tables/039_Health_Bulletin_2011/table_0083.csv,quarantined_tables/039_Health_Bulletin_2011/table_0083.csv,14,6,review_required,placeholder_headers,ok,
extracted_tables/039_Health_Bulletin_2011/table_0084.csv,quarantined_tables/039_Health_Bulletin_2011/table_0084.csv,46,6,review_required,placeholder_headers,ok,
extracted_tables/039_Health_Bulletin_2011/table_0085.csv,quarantined_tables/039_Health_Bulletin_2011/table_0085.csv,25,6,review_required,placeholder_headers,ok,
extracted_tables/039_Health_Bulletin_2011/table_0086.csv,quarantined_tables/039_Health_Bulletin_2011/table_0086.csv,47,6,review_required,placeholder_headers,ok,
extracted_tables/039_Health_Bulletin_2011/table_0087.csv,quarantined_tables/039_Health_Bulletin_2011/table_0087.csv,34,6,review_required,placeholder_headers;high_internal_blank_ratio,ok,
extracted_tables/039_Health_Bulletin_2011/table_0088.csv,quarantined_tables/039_Health_Bulletin_2011/table_0088.csv,16,6,review_required,placeholder_headers,ok,
extracted_tables/039_Health_Bulletin_2011/table_0089.csv,quarantined_tables/039_Health_Bulletin_2011/table_0089.csv,43,6,review_required,placeholder_headers;high_internal_blank_ratio,ok,
extracted_tables/039_Health_Bulletin_2011/table_0090.csv,quarantined_tables/039_Health_Bulletin_2011/table_0090.csv,33,6,review_required,placeholder_headers,ok,
extracted_tables/039_Health_Bulletin_2011/table_0091.csv,quarantined_tables/039_Health_Bulletin_2011/table_0091.csv,13,6,review_required,placeholder_headers,ok,
extracted_tables/039_Health_Bulletin_2011/table_0092.csv,quarantined_tables/039_Health_Bulletin_2011/table_0092.csv,34,6,review_required,placeholder_headers;high_internal_blank_ratio,ok,
extracted_tables/039_Health_Bulletin_2011/table_0093.csv,quarantined_tables/039_Health_Bulletin_2011/table_0093.csv,30,6,review_required,placeholder_headers,ok,
extracted_tables/041_Health_Bulletin_2009/table_0001.csv,quarantined_tables/041_Health_Bulletin_2009/table_0001.csv,9,4,review_required,placeholder_headers;high_internal_blank_ratio,ok,
extracted_tables/041_Health_Bulletin_2009/table_0002.csv,quarantined_tables/041_Health_Bulletin_2009/table_0002.csv,33,8,review_required,placeholder_headers;high_internal_blank_ratio,ok,
extracted_tables/041_Health_Bulletin_2009/table_0003.csv,quarantined_tables/041_Health_Bulletin_2009/table_0003.csv,12,12,review_required,placeholder_headers;high_internal_blank_ratio,ok,
extracted_tables/041_Health_Bulletin_2009/table_0004.csv,quarantined_tables/041_Health_Bulletin_2009/table_0004.csv,11,4,review_required,placeholder_headers;high_internal_blank_ratio,ok,
extracted_tables/041_Health_Bulletin_2009/table_0005.csv,quarantined_tables/041_Health_Bulletin_2009/table_0005.csv,21,12,review_required,placeholder_headers;high_internal_blank_ratio,ok,
extracted_tables/041_Health_Bulletin_2009/table_0006.csv,quarantined_tables/041_Health_Bulletin_2009/table_0006.csv,12,7,review_required,placeholder_headers,ok,
extracted_tables/041_Health_Bulletin_2009/table_0007.csv,quarantined_tables/041_Health_Bulletin_2009/table_0007.csv,14,6,review_required,placeholder_headers,ok,
extracted_tables/041_Health_Bulletin_2009/table_0008.csv,quarantined_tables/041_Health_Bulletin_2009/table_0008.csv,15,7,review_required,placeholder_headers,ok,
extracted_tables/041_Health_Bulletin_2009/table_0009.csv,quarantined_tables/041_Health_Bulletin_2009/table_0009.csv,32,16,review_required,placeholder_headers;high_internal_blank_ratio,ok,
extracted_tables/041_Health_Bulletin_2009/table_0010.csv,quarantined_tables/041_Health_Bulletin_2009/table_0010.csv,12,16,review_required,placeholder_headers;high_internal_blank_ratio,ok,
extracted_tables/041_Health_Bulletin_2009/table_0011.csv,quarantined_tables/041_Health_Bulletin_2009/table_0011.csv,6,5,review_required,placeholder_headers;high_internal_blank_ratio,ok,
extracted_tables/041_Health_Bulletin_2009/table_0012.csv,quarantined_tables/041_Health_Bulletin_2009/table_0012.csv,13,17,review_required,placeholder_headers;high_internal_blank_ratio,ok,
extracted_tables/041_Health_Bulletin_2009/table_0013.csv,quarantined_tables/041_Health_Bulletin_2009/table_0013.csv,19,17,review_required,placeholder_headers,ok,
extracted_tables/041_Health_Bulletin_2009/table_0014.csv,quarantined_tables/041_Health_Bulletin_2009/table_0014.csv,7,17,review_required,placeholder_headers;high_internal_blank_ratio,ok,
extracted_tables/041_Health_Bulletin_2009/table_0015.csv,quarantined_tables/041_Health_Bulletin_2009/table_0015.csv,8,17,review_required,placeholder_headers;high_internal_blank_ratio,ok,
extracted_tables/041_Health_Bulletin_2009/table_0016.csv,quarantined_tables/041_Health_Bulletin_2009/table_0016.csv,12,17,review_required,placeholder_headers;high_internal_blank_ratio,ok,
extracted_tables/041_Health_Bulletin_2009/table_0017.csv,quarantined_tables/041_Health_Bulletin_2009/table_0017.csv,8,17,review_required,placeholder_headers;high_internal_blank_ratio,ok,
extracted_tables/041_Health_Bulletin_2009/table_0018.csv,quarantined_tables/041_Health_Bulletin_2009/table_0018.csv,11,17,review_required,placeholder_headers;high_internal_blank_ratio,ok,
extracted_tables/041_Health_Bulletin_2009/table_0019.csv,quarantined_tables/041_Health_Bulletin_2009/table_0019.csv,35,18,review_required,placeholder_headers,ok,
extracted_tables/041_Health_Bulletin_2009/table_0020.csv,quarantined_tables/041_Health_Bulletin_2009/table_0020.csv,28,17,review_required,placeholder_headers,ok,
extracted_tables/041_Health_Bulletin_2009/table_0021.csv,quarantined_tables/041_Health_Bulletin_2009/table_0021.csv,3,23,review_required,placeholder_headers;high_internal_blank_ratio,ok,
extracted_tables/041_Health_Bulletin_2009/table_0022.csv,quarantined_tables/041_Health_Bulletin_2009/table_0022.csv,12,9,review_required,placeholder_headers,ok,
extracted_tables/041_Health_Bulletin_2009/table_0023.csv,quarantined_tables/041_Health_Bulletin_2009/table_0023.csv,12,8,review_required,placeholder_headers,ok,
extracted_tables/041_Health_Bulletin_2009/table_0024.csv,quarantined_tables/041_Health_Bulletin_2009/table_0024.csv,4,3,review_required,placeholder_headers,ok,
extracted_tables/041_Health_Bulletin_2009/table_0025.csv,quarantined_tables/041_Health_Bulletin_2009/table_0025.csv,9,31,review_required,placeholder_headers;high_internal_blank_ratio;wide_table_requires_structural_review,ok,
extracted_tables/041_Health_Bulletin_2009/table_0026.csv,quarantined_tables/041_Health_Bulletin_2009/table_0026.csv,8,9,review_required,placeholder_headers,ok,
extracted_tables/041_Health_Bulletin_2009/table_0027.csv,quarantined_tables/041_Health_Bulletin_2009/table_0027.csv,6,5,review_required,placeholder_headers;high_internal_blank_ratio,ok,
extracted_tables/041_Health_Bulletin_2009/table_0028.csv,quarantined_tables/041_Health_Bulletin_2009/table_0028.csv,7,5,review_required,placeholder_headers,ok,
extracted_tables/041_Health_Bulletin_2009/table_0029.csv,quarantined_tables/041_Health_Bulletin_2009/table_0029.csv,3,12,review_required,placeholder_headers,ok,
extracted_tables/041_Health_Bulletin_2009/table_0030.csv,quarantined_tables/041_Health_Bulletin_2009/table_0030.csv,10,12,review_required,placeholder_headers;high_internal_blank_ratio,ok,
extracted_tables/041_Health_Bulletin_2009/table_0031.csv,quarantined_tables/041_Health_Bulletin_2009/table_0031.csv,10,9,review_required,placeholder_headers;high_internal_blank_ratio,ok,
extracted_tables/041_Health_Bulletin_2009/table_0032.csv,quarantined_tables/041_Health_Bulletin_2009/table_0032.csv,4,2,review_required,placeholder_headers,ok,
extracted_tables/041_Health_Bulletin_2009/table_0033.csv,quarantined_tables/041_Health_Bulletin_2009/table_0033.csv,6,6,review_required,placeholder_headers;high_internal_blank_ratio,ok,
extracted_tables/041_Health_Bulletin_2009/table_0034.csv,quarantined_tables/041_Health_Bulletin_2009/table_0034.csv,2,10,review_required,placeholder_headers;high_internal_blank_ratio,ok,
extracted_tables/041_Health_Bulletin_2009/table_0035.csv,quarantined_tables/041_Health_Bulletin_2009/table_0035.csv,4,10,review_required,placeholder_headers;high_internal_blank_ratio,ok,
extracted_tables/041_Health_Bulletin_2009/table_0036.csv,quarantined_tables/041_Health_Bulletin_2009/table_0036.csv,12,6,review_required,placeholder_headers;high_internal_blank_ratio,ok,
extracted_tables/041_Health_Bulletin_2009/table_0037.csv,quarantined_tables/041_Health_Bulletin_2009/table_0037.csv,11,10,review_required,placeholder_headers;high_internal_blank_ratio,ok,
extracted_tables/041_Health_Bulletin_2009/table_0038.csv,quarantined_tables/041_Health_Bulletin_2009/table_0038.csv,4,4,review_required,placeholder_headers,ok,
extracted_tables/041_Health_Bulletin_2009/table_0039.csv,quarantined_tables/041_Health_Bulletin_2009/table_0039.csv,6,4,review_required,placeholder_headers,ok,
extracted_tables/041_Health_Bulletin_2009/table_0040.csv,quarantined_tables/041_Health_Bulletin_2009/table_0040.csv,9,7,review_required,placeholder_headers;high_internal_blank_ratio,ok,
extracted_tables/041_Health_Bulletin_2009/table_0041.csv,quarantined_tables/041_Health_Bulletin_2009/table_0041.csv,3,7,review_required,placeholder_headers;high_internal_blank_ratio,ok,
extracted_tables/041_Health_Bulletin_2009/table_0042.csv,quarantined_tables/041_Health_Bulletin_2009/table_0042.csv,6,6,review_required,placeholder_headers;high_internal_blank_ratio,ok,
extracted_tables/041_Health_Bulletin_2009/table_0043.csv,quarantined_tables/041_Health_Bulletin_2009/table_0043.csv,11,7,review_required,placeholder_headers;high_internal_blank_ratio,ok,
extracted_tables/041_Health_Bulletin_2009/table_0044.csv,quarantined_tables/041_Health_Bulletin_2009/table_0044.csv,9,4,review_required,placeholder_headers;high_internal_blank_ratio,ok,
extracted_tables/041_Health_Bulletin_2009/table_0045.csv,quarantined_tables/041_Health_Bulletin_2009/table_0045.csv,4,3,review_required,placeholder_headers,ok,
extracted_tables/041_Health_Bulletin_2009/table_0046.csv,quarantined_tables/041_Health_Bulletin_2009/table_0046.csv,7,5,review_required,placeholder_headers;high_internal_blank_ratio,ok,
extracted_tables/041_Health_Bulletin_2009/table_0047.csv,quarantined_tables/041_Health_Bulletin_2009/table_0047.csv,9,5,review_required,placeholder_headers;high_internal_blank_ratio,ok,
extracted_tables/041_Health_Bulletin_2009/table_0048.csv,quarantined_tables/041_Health_Bulletin_2009/table_0048.csv,11,10,review_required,placeholder_headers;high_internal_blank_ratio,ok,
extracted_tables/041_Health_Bulletin_2009/table_0049.csv,quarantined_tables/041_Health_Bulletin_2009/table_0049.csv,8,3,review_required,placeholder_headers;high_internal_blank_ratio,ok,
extracted_tables/041_Health_Bulletin_2009/table_0050.csv,quarantined_tables/041_Health_Bulletin_2009/table_0050.csv,6,5,review_required,placeholder_headers;high_internal_blank_ratio,ok,
extracted_tables/041_Health_Bulletin_2009/table_0051.csv,quarantined_tables/041_Health_Bulletin_2009/table_0051.csv,9,7,review_required,placeholder_headers;high_internal_blank_ratio,ok,
extracted_tables/041_Health_Bulletin_2009/table_0052.csv,quarantined_tables/041_Health_Bulletin_2009/table_0052.csv,3,6,review_required,placeholder_headers;high_internal_blank_ratio,ok,
extracted_tables/041_Health_Bulletin_2009/table_0053.csv,quarantined_tables/041_Health_Bulletin_2009/table_0053.csv,4,6,review_required,placeholder_headers,ok,
extracted_tables/041_Health_Bulletin_2009/table_0054.csv,quarantined_tables/041_Health_Bulletin_2009/table_0054.csv,2,6,review_required,placeholder_headers;high_internal_blank_ratio,ok,
extracted_tables/041_Health_Bulletin_2009/table_0055.csv,quarantined_tables/041_Health_Bulletin_2009/table_0055.csv,2,4,review_required,placeholder_headers;high_internal_blank_ratio,ok,
extracted_tables/041_Health_Bulletin_2009/table_0056.csv,quarantined_tables/041_Health_Bulletin_2009/table_0056.csv,5,4,review_required,placeholder_headers;high_internal_blank_ratio,ok,
extracted_tables/041_Health_Bulletin_2009/table_0057.csv,quarantined_tables/041_Health_Bulletin_2009/table_0057.csv,3,6,review_required,placeholder_headers;high_internal_blank_ratio,ok,
extracted_tables/041_Health_Bulletin_2009/table_0058.csv,quarantined_tables/041_Health_Bulletin_2009/table_0058.csv,6,7,review_required,placeholder_headers;high_internal_blank_ratio,ok,
extracted_tables/041_Health_Bulletin_2009/table_0059.csv,quarantined_tables/041_Health_Bulletin_2009/table_0059.csv,1,4,review_required,placeholder_headers,ok,
extracted_tables/041_Health_Bulletin_2009/table_0060.csv,quarantined_tables/041_Health_Bulletin_2009/table_0060.csv,3,7,review_required,placeholder_headers;high_internal_blank_ratio,ok,
extracted_tables/041_Health_Bulletin_2009/table_0061.csv,quarantined_tables/041_Health_Bulletin_2009/table_0061.csv,8,5,review_required,placeholder_headers;high_internal_blank_ratio,ok,
extracted_tables/041_Health_Bulletin_2009/table_0062.csv,quarantined_tables/041_Health_Bulletin_2009/table_0062.csv,22,5,review_required,placeholder_headers;high_internal_blank_ratio,ok,
extracted_tables/041_Health_Bulletin_2009/table_0063.csv,quarantined_tables/041_Health_Bulletin_2009/table_0063.csv,8,2,review_required,placeholder_headers,ok,
extracted_tables/041_Health_Bulletin_2009/table_0064.csv,quarantined_tables/041_Health_Bulletin_2009/table_0064.csv,5,19,review_required,placeholder_headers;high_internal_blank_ratio,ok,
extracted_tables/041_Health_Bulletin_2009/table_0065.csv,quarantined_tables/041_Health_Bulletin_2009/table_0065.csv,15,10,review_required,placeholder_headers,ok,
extracted_tables/041_Health_Bulletin_2009/table_0066.csv,quarantined_tables/041_Health_Bulletin_2009/table_0066.csv,5,10,review_required,placeholder_headers,ok,
extracted_tables/041_Health_Bulletin_2009/table_0067.csv,quarantined_tables/041_Health_Bulletin_2009/table_0067.csv,3,8,review_required,placeholder_headers;high_internal_blank_ratio,ok,
extracted_tables/041_Health_Bulletin_2009/table_0068.csv,quarantined_tables/041_Health_Bulletin_2009/table_0068.csv,2,7,review_required,placeholder_headers,ok,
extracted_tables/041_Health_Bulletin_2009/table_0069.csv,quarantined_tables/041_Health_Bulletin_2009/table_0069.csv,23,15,review_required,placeholder_headers;high_internal_blank_ratio,ok,
extracted_tables/041_Health_Bulletin_2009/table_0070.csv,quarantined_tables/041_Health_Bulletin_2009/table_0070.csv,4,12,review_required,placeholder_headers;high_internal_blank_ratio,ok,
extracted_tables/041_Health_Bulletin_2009/table_0071.csv,quarantined_tables/041_Health_Bulletin_2009/table_0071.csv,9,3,review_required,placeholder_headers,ok,
extracted_tables/041_Health_Bulletin_2009/table_0072.csv,quarantined_tables/041_Health_Bulletin_2009/table_0072.csv,8,7,review_required,placeholder_headers,ok,
extracted_tables/041_Health_Bulletin_2009/table_0073.csv,quarantined_tables/041_Health_Bulletin_2009/table_0073.csv,2,6,review_required,placeholder_headers,ok,
extracted_tables/041_Health_Bulletin_2009/table_0074.csv,quarantined_tables/041_Health_Bulletin_2009/table_0074.csv,10,7,review_required,placeholder_headers,ok,
extracted_tables/041_Health_Bulletin_2009/table_0075.csv,quarantined_tables/041_Health_Bulletin_2009/table_0075.csv,10,7,review_required,placeholder_headers,ok,
extracted_tables/041_Health_Bulletin_2009/table_0076.csv,quarantined_tables/041_Health_Bulletin_2009/table_0076.csv,9,10,review_required,placeholder_headers;high_internal_blank_ratio,ok,
extracted_tables/041_Health_Bulletin_2009/table_0077.csv,quarantined_tables/041_Health_Bulletin_2009/table_0077.csv,9,10,review_required,placeholder_headers,ok,
extracted_tables/041_Health_Bulletin_2009/table_0078.csv,quarantined_tables/041_Health_Bulletin_2009/table_0078.csv,3,7,review_required,placeholder_headers,ok,
extracted_tables/041_Health_Bulletin_2009/table_0079.csv,quarantined_tables/041_Health_Bulletin_2009/table_0079.csv,2,7,review_required,placeholder_headers,ok,
extracted_tables/041_Health_Bulletin_2009/table_0080.csv,quarantined_tables/041_Health_Bulletin_2009/table_0080.csv,8,16,review_required,placeholder_headers;high_internal_blank_ratio,ok,
extracted_tables/041_Health_Bulletin_2009/table_0081.csv,quarantined_tables/041_Health_Bulletin_2009/table_0081.csv,2,8,review_required,placeholder_headers,ok,
extracted_tables/041_Health_Bulletin_2009/table_0082.csv,quarantined_tables/041_Health_Bulletin_2009/table_0082.csv,2,8,review_required,placeholder_headers,ok,
extracted_tables/041_Health_Bulletin_2009/table_0083.csv,quarantined_tables/041_Health_Bulletin_2009/table_0083.csv,5,14,review_required,placeholder_headers;high_internal_blank_ratio,ok,
extracted_tables/041_Health_Bulletin_2009/table_0084.csv,quarantined_tables/041_Health_Bulletin_2009/table_0084.csv,8,11,review_required,placeholder_headers,ok,
extracted_tables/041_Health_Bulletin_2009/table_0085.csv,quarantined_tables/041_Health_Bulletin_2009/table_0085.csv,9,7,review_required,placeholder_headers;high_internal_blank_ratio,ok,
extracted_tables/041_Health_Bulletin_2009/table_0086.csv,quarantined_tables/041_Health_Bulletin_2009/table_0086.csv,34,8,review_required,placeholder_headers,ok,
extracted_tables/041_Health_Bulletin_2009/table_0087.csv,quarantined_tables/041_Health_Bulletin_2009/table_0087.csv,20,3,review_required,placeholder_headers,ok,
extracted_tables/041_Health_Bulletin_2009/table_0088.csv,quarantined_tables/041_Health_Bulletin_2009/table_0088.csv,6,3,review_required,placeholder_headers;high_internal_blank_ratio,ok,
extracted_tables/041_Health_Bulletin_2009/table_0089.csv,quarantined_tables/041_Health_Bulletin_2009/table_0089.csv,14,5,review_required,placeholder_headers;high_internal_blank_ratio,ok,
extracted_tables/041_Health_Bulletin_2009/table_0090.csv,quarantined_tables/041_Health_Bulletin_2009/table_0090.csv,11,6,review_required,placeholder_headers;high_internal_blank_ratio,ok,
extracted_tables/041_Health_Bulletin_2009/table_0091.csv,quarantined_tables/041_Health_Bulletin_2009/table_0091.csv,22,4,review_required,placeholder_headers;high_internal_blank_ratio,ok,
extracted_tables/041_Health_Bulletin_2009/table_0092.csv,quarantined_tables/041_Health_Bulletin_2009/table_0092.csv,6,4,review_required,placeholder_headers;high_internal_blank_ratio,ok,
extracted_tables/041_Health_Bulletin_2009/table_0093.csv,quarantined_tables/041_Health_Bulletin_2009/table_0093.csv,9,2,review_required,placeholder_headers;high_internal_blank_ratio,ok,
extracted_tables/041_Health_Bulletin_2009/table_0094.csv,quarantined_tables/041_Health_Bulletin_2009/table_0094.csv,13,4,review_required,placeholder_headers;high_internal_blank_ratio,ok,
extracted_tables/041_Health_Bulletin_2009/table_0095.csv,quarantined_tables/041_Health_Bulletin_2009/table_0095.csv,6,3,review_required,placeholder_headers,ok,
extracted_tables/041_Health_Bulletin_2009/table_0096.csv,quarantined_tables/041_Health_Bulletin_2009/table_0096.csv,6,2,review_required,placeholder_headers;high_internal_blank_ratio,ok,
extracted_tables/041_Health_Bulletin_2009/table_0097.csv,quarantined_tables/041_Health_Bulletin_2009/table_0097.csv,9,5,review_required,placeholder_headers;high_internal_blank_ratio,ok,
extracted_tables/041_Health_Bulletin_2009/table_0098.csv,quarantined_tables/041_Health_Bulletin_2009/table_0098.csv,19,3,review_required,placeholder_headers,ok,
extracted_tables/041_Health_Bulletin_2009/table_0099.csv,quarantined_tables/041_Health_Bulletin_2009/table_0099.csv,27,3,review_required,placeholder_headers,ok,
extracted_tables/041_Health_Bulletin_2009/table_0100.csv,quarantined_tables/041_Health_Bulletin_2009/table_0100.csv,36,3,review_required,placeholder_headers;high_internal_blank_ratio,ok,
extracted_tables/041_Health_Bulletin_2009/table_0101.csv,quarantined_tables/041_Health_Bulletin_2009/table_0101.csv,3,3,review_required,placeholder_headers;high_internal_blank_ratio,ok,
extracted_tables/041_Health_Bulletin_2009/table_0102.csv,quarantined_tables/041_Health_Bulletin_2009/table_0102.csv,31,4,review_required,placeholder_headers;high_internal_blank_ratio,ok,
extracted_tables/041_Health_Bulletin_2009/table_0103.csv,quarantined_tables/041_Health_Bulletin_2009/table_0103.csv,4,4,review_required,placeholder_headers;high_internal_blank_ratio,ok,
extracted_tables/041_Health_Bulletin_2009/table_0104.csv,quarantined_tables/041_Health_Bulletin_2009/table_0104.csv,16,3,review_required,placeholder_headers;high_internal_blank_ratio,ok,
extracted_tables/041_Health_Bulletin_2009/table_0105.csv,quarantined_tables/041_Health_Bulletin_2009/table_0105.csv,34,3,review_required,placeholder_headers;high_internal_blank_ratio,ok,
extracted_tables/041_Health_Bulletin_2009/table_0106.csv,quarantined_tables/041_Health_Bulletin_2009/table_0106.csv,8,19,review_required,placeholder_headers;high_internal_blank_ratio,ok,
extracted_tables/041_Health_Bulletin_2009/table_0107.csv,quarantined_tables/041_Health_Bulletin_2009/table_0107.csv,12,16,review_required,placeholder_headers;high_internal_blank_ratio,ok,
extracted_tables/041_Health_Bulletin_2009/table_0108.csv,quarantined_tables/041_Health_Bulletin_2009/table_0108.csv,5,4,review_required,placeholder_headers;high_internal_blank_ratio,ok,
extracted_tables/041_Health_Bulletin_2009/table_0109.csv,quarantined_tables/041_Health_Bulletin_2009/table_0109.csv,2,9,review_required,placeholder_headers;high_internal_blank_ratio,ok,
extracted_tables/041_Health_Bulletin_2009/table_0110.csv,quarantined_tables/041_Health_Bulletin_2009/table_0110.csv,31,7,review_required,placeholder_headers,ok,
extracted_tables/041_Health_Bulletin_2009/table_0111.csv,quarantined_tables/041_Health_Bulletin_2009/table_0111.csv,4,6,review_required,placeholder_headers;high_internal_blank_ratio,ok,
extracted_tables/041_Health_Bulletin_2009/table_0112.csv,quarantined_tables/041_Health_Bulletin_2009/table_0112.csv,21,6,review_required,placeholder_headers,ok,
extracted_tables/042_Health_Bulletin_2008/table_001.csv,quarantined_tables/042_Health_Bulletin_2008/table_001.csv,8,3,review_required,placeholder_headers,ok,
extracted_tables/042_Health_Bulletin_2008/table_002.csv,quarantined_tables/042_Health_Bulletin_2008/table_002.csv,43,18,review_required,placeholder_headers;high_internal_blank_ratio,ok,
extracted_tables/042_Health_Bulletin_2008/table_003.csv,quarantined_tables/042_Health_Bulletin_2008/table_003.csv,37,17,review_required,placeholder_headers;high_internal_blank_ratio,ok,
extracted_tables/042_Health_Bulletin_2008/table_004.csv,quarantined_tables/042_Health_Bulletin_2008/table_004.csv,16,6,review_required,placeholder_headers;high_internal_blank_ratio,ok,
extracted_tables/042_Health_Bulletin_2008/table_005.csv,quarantined_tables/042_Health_Bulletin_2008/table_005.csv,14,3,review_required,placeholder_headers,ok,
extracted_tables/042_Health_Bulletin_2008/table_006.csv,quarantined_tables/042_Health_Bulletin_2008/table_006.csv,10,12,review_required,placeholder_headers;high_internal_blank_ratio,ok,
extracted_tables/042_Health_Bulletin_2008/table_007.csv,quarantined_tables/042_Health_Bulletin_2008/table_007.csv,25,14,review_required,placeholder_headers;high_internal_blank_ratio,ok,
extracted_tables/042_Health_Bulletin_2008/table_008.csv,quarantined_tables/042_Health_Bulletin_2008/table_008.csv,57,14,review_required,placeholder_headers;high_internal_blank_ratio,ok,
extracted_tables/042_Health_Bulletin_2008/table_009.csv,quarantined_tables/042_Health_Bulletin_2008/table_009.csv,62,14,review_required,placeholder_headers;high_internal_blank_ratio,ok,
extracted_tables/042_Health_Bulletin_2008/table_010.csv,quarantined_tables/042_Health_Bulletin_2008/table_010.csv,12,11,review_required,placeholder_headers;high_internal_blank_ratio,ok,
extracted_tables/042_Health_Bulletin_2008/table_011.csv,quarantined_tables/042_Health_Bulletin_2008/table_011.csv,17,12,review_required,placeholder_headers;high_internal_blank_ratio,ok,
extracted_tables/042_Health_Bulletin_2008/table_012.csv,quarantined_tables/042_Health_Bulletin_2008/table_012.csv,14,10,review_required,placeholder_headers;high_internal_blank_ratio,ok,
extracted_tables/042_Health_Bulletin_2008/table_013.csv,quarantined_tables/042_Health_Bulletin_2008/table_013.csv,16,18,review_required,placeholder_headers;high_internal_blank_ratio,ok,
extracted_tables/042_Health_Bulletin_2008/table_014.csv,quarantined_tables/042_Health_Bulletin_2008/table_014.csv,11,18,review_required,placeholder_headers;high_internal_blank_ratio,ok,
extracted_tables/042_Health_Bulletin_2008/table_015.csv,quarantined_tables/042_Health_Bulletin_2008/table_015.csv,20,13,review_required,placeholder_headers,ok,
extracted_tables/042_Health_Bulletin_2008/table_016.csv,quarantined_tables/042_Health_Bulletin_2008/table_016.csv,37,13,review_required,placeholder_headers,ok,
extracted_tables/042_Health_Bulletin_2008/table_017.csv,quarantined_tables/042_Health_Bulletin_2008/table_017.csv,9,25,review_required,placeholder_headers;high_internal_blank_ratio,ok,
extracted_tables/042_Health_Bulletin_2008/table_018.csv,quarantined_tables/042_Health_Bulletin_2008/table_018.csv,30,14,review_required,placeholder_headers;high_internal_blank_ratio,ok,
extracted_tables/042_Health_Bulletin_2008/table_019.csv,quarantined_tables/042_Health_Bulletin_2008/table_019.csv,8,18,review_required,placeholder_headers;high_internal_blank_ratio,ok,
extracted_tables/042_Health_Bulletin_2008/table_020.csv,quarantined_tables/042_Health_Bulletin_2008/table_020.csv,15,15,review_required,placeholder_headers,ok,
extracted_tables/042_Health_Bulletin_2008/table_021.csv,quarantined_tables/042_Health_Bulletin_2008/table_021.csv,19,15,review_required,placeholder_headers;high_internal_blank_ratio,ok,
extracted_tables/042_Health_Bulletin_2008/table_022.csv,quarantined_tables/042_Health_Bulletin_2008/table_022.csv,38,16,review_required,placeholder_headers;high_internal_blank_ratio,ok,
extracted_tables/042_Health_Bulletin_2008/table_023.csv,quarantined_tables/042_Health_Bulletin_2008/table_023.csv,43,15,review_required,placeholder_headers;high_internal_blank_ratio,ok,
extracted_tables/042_Health_Bulletin_2008/table_024.csv,quarantined_tables/042_Health_Bulletin_2008/table_024.csv,23,28,review_required,placeholder_headers;high_internal_blank_ratio,ok,
extracted_tables/042_Health_Bulletin_2008/table_025.csv,quarantined_tables/042_Health_Bulletin_2008/table_025.csv,18,37,review_required,placeholder_headers;high_internal_blank_ratio;wide_table_requires_structural_review,ok,
extracted_tables/042_Health_Bulletin_2008/table_026.csv,quarantined_tables/042_Health_Bulletin_2008/table_026.csv,44,20,review_required,placeholder_headers;high_internal_blank_ratio,ok,
extracted_tables/042_Health_Bulletin_2008/table_027.csv,quarantined_tables/042_Health_Bulletin_2008/table_027.csv,41,36,review_required,placeholder_headers;high_internal_blank_ratio;wide_table_requires_structural_review,ok,
extracted_tables/042_Health_Bulletin_2008/table_028.csv,quarantined_tables/042_Health_Bulletin_2008/table_028.csv,7,38,review_required,placeholder_headers;high_internal_blank_ratio;wide_table_requires_structural_review,ok,
extracted_tables/042_Health_Bulletin_2008/table_029.csv,quarantined_tables/042_Health_Bulletin_2008/table_029.csv,37,5,review_required,placeholder_headers,ok,
extracted_tables/042_Health_Bulletin_2008/table_030.csv,quarantined_tables/042_Health_Bulletin_2008/table_030.csv,7,4,review_required,placeholder_headers;high_internal_blank_ratio,ok,
extracted_tables/042_Health_Bulletin_2008/table_031.csv,quarantined_tables/042_Health_Bulletin_2008/table_031.csv,12,4,review_required,placeholder_headers,ok,
extracted_tables/042_Health_Bulletin_2008/table_032.csv,quarantined_tables/042_Health_Bulletin_2008/table_032.csv,8,8,review_required,placeholder_headers,ok,
extracted_tables/042_Health_Bulletin_2008/table_033.csv,quarantined_tables/042_Health_Bulletin_2008/table_033.csv,4,38,review_required,placeholder_headers;high_internal_blank_ratio;wide_table_requires_structural_review,ok,
extracted_tables/042_Health_Bulletin_2008/table_034.csv,quarantined_tables/042_Health_Bulletin_2008/table_034.csv,10,3,review_required,placeholder_headers,ok,
extracted_tables/042_Health_Bulletin_2008/table_035.csv,quarantined_tables/042_Health_Bulletin_2008/table_035.csv,11,4,review_required,placeholder_headers,ok,
extracted_tables/042_Health_Bulletin_2008/table_036.csv,quarantined_tables/042_Health_Bulletin_2008/table_036.csv,10,4,review_required,placeholder_headers,ok,
extracted_tables/042_Health_Bulletin_2008/table_037.csv,quarantined_tables/042_Health_Bulletin_2008/table_037.csv,13,4,review_required,placeholder_headers;high_internal_blank_ratio,ok,
extracted_tables/042_Health_Bulletin_2008/table_038.csv,quarantined_tables/042_Health_Bulletin_2008/table_038.csv,8,6,review_required,placeholder_headers;high_internal_blank_ratio,ok,
extracted_tables/042_Health_Bulletin_2008/table_039.csv,quarantined_tables/042_Health_Bulletin_2008/table_039.csv,9,6,review_required,placeholder_headers,ok,
extracted_tables/042_Health_Bulletin_2008/table_040.csv,quarantined_tables/042_Health_Bulletin_2008/table_040.csv,11,20,review_required,placeholder_headers;high_internal_blank_ratio,ok,
extracted_tables/042_Health_Bulletin_2008/table_041.csv,quarantined_tables/042_Health_Bulletin_2008/table_041.csv,6,4,review_required,placeholder_headers,ok,
extracted_tables/042_Health_Bulletin_2008/table_042.csv,quarantined_tables/042_Health_Bulletin_2008/table_042.csv,8,11,review_required,placeholder_headers,ok,
extracted_tables/042_Health_Bulletin_2008/table_043.csv,quarantined_tables/042_Health_Bulletin_2008/table_043.csv,5,15,review_required,placeholder_headers;high_internal_blank_ratio,ok,
extracted_tables/042_Health_Bulletin_2008/table_044.csv,quarantined_tables/042_Health_Bulletin_2008/table_044.csv,10,8,review_required,placeholder_headers,ok,
extracted_tables/042_Health_Bulletin_2008/table_045.csv,quarantined_tables/042_Health_Bulletin_2008/table_045.csv,7,9,review_required,placeholder_headers,ok,
extracted_tables/042_Health_Bulletin_2008/table_046.csv,quarantined_tables/042_Health_Bulletin_2008/table_046.csv,4,7,review_required,placeholder_headers;high_internal_blank_ratio,ok,
extracted_tables/042_Health_Bulletin_2008/table_047.csv,quarantined_tables/042_Health_Bulletin_2008/table_047.csv,6,5,review_required,placeholder_headers;high_internal_blank_ratio,ok,
extracted_tables/042_Health_Bulletin_2008/table_048.csv,quarantined_tables/042_Health_Bulletin_2008/table_048.csv,10,11,review_required,placeholder_headers,ok,
extracted_tables/042_Health_Bulletin_2008/table_049.csv,quarantined_tables/042_Health_Bulletin_2008/table_049.csv,20,6,review_required,placeholder_headers;high_internal_blank_ratio,ok,
extracted_tables/042_Health_Bulletin_2008/table_050.csv,quarantined_tables/042_Health_Bulletin_2008/table_050.csv,14,10,review_required,placeholder_headers;high_internal_blank_ratio,ok,
extracted_tables/042_Health_Bulletin_2008/table_051.csv,quarantined_tables/042_Health_Bulletin_2008/table_051.csv,12,6,review_required,placeholder_headers;high_internal_blank_ratio,ok,
extracted_tables/042_Health_Bulletin_2008/table_052.csv,quarantined_tables/042_Health_Bulletin_2008/table_052.csv,6,6,review_required,placeholder_headers;high_internal_blank_ratio,ok,
extracted_tables/042_Health_Bulletin_2008/table_053.csv,quarantined_tables/042_Health_Bulletin_2008/table_053.csv,12,8,review_required,placeholder_headers;high_internal_blank_ratio,ok,
extracted_tables/042_Health_Bulletin_2008/table_054.csv,quarantined_tables/042_Health_Bulletin_2008/table_054.csv,12,11,review_required,placeholder_headers;high_internal_blank_ratio,ok,
extracted_tables/042_Health_Bulletin_2008/table_055.csv,quarantined_tables/042_Health_Bulletin_2008/table_055.csv,11,10,review_required,placeholder_headers;high_internal_blank_ratio,ok,
extracted_tables/042_Health_Bulletin_2008/table_056.csv,quarantined_tables/042_Health_Bulletin_2008/table_056.csv,5,4,review_required,placeholder_headers,ok,
extracted_tables/042_Health_Bulletin_2008/table_057.csv,quarantined_tables/042_Health_Bulletin_2008/table_057.csv,6,2,review_required,placeholder_headers,ok,
extracted_tables/042_Health_Bulletin_2008/table_058.csv,quarantined_tables/042_Health_Bulletin_2008/table_058.csv,16,6,review_required,placeholder_headers;high_internal_blank_ratio,ok,
extracted_tables/042_Health_Bulletin_2008/table_059.csv,quarantined_tables/042_Health_Bulletin_2008/table_059.csv,10,6,review_required,placeholder_headers;high_internal_blank_ratio,ok,
extracted_tables/042_Health_Bulletin_2008/table_060.csv,quarantined_tables/042_Health_Bulletin_2008/table_060.csv,10,6,review_required,placeholder_headers;high_internal_blank_ratio,ok,
extracted_tables/042_Health_Bulletin_2008/table_061.csv,quarantined_tables/042_Health_Bulletin_2008/table_061.csv,15,6,review_required,placeholder_headers;high_internal_blank_ratio,ok,
extracted_tables/042_Health_Bulletin_2008/table_062.csv,quarantined_tables/042_Health_Bulletin_2008/table_062.csv,8,6,review_required,placeholder_headers;high_internal_blank_ratio,ok,
extracted_tables/042_Health_Bulletin_2008/table_063.csv,quarantined_tables/042_Health_Bulletin_2008/table_063.csv,16,6,review_required,placeholder_headers;high_internal_blank_ratio,ok,
extracted_tables/042_Health_Bulletin_2008/table_064.csv,quarantined_tables/042_Health_Bulletin_2008/table_064.csv,15,5,review_required,placeholder_headers;high_internal_blank_ratio,ok,
extracted_tables/042_Health_Bulletin_2008/table_065.csv,quarantined_tables/042_Health_Bulletin_2008/table_065.csv,14,6,review_required,placeholder_headers;high_internal_blank_ratio,ok,
extracted_tables/042_Health_Bulletin_2008/table_066.csv,quarantined_tables/042_Health_Bulletin_2008/table_066.csv,8,6,review_required,placeholder_headers;high_internal_blank_ratio,ok,
extracted_tables/042_Health_Bulletin_2008/table_067.csv,quarantined_tables/042_Health_Bulletin_2008/table_067.csv,5,6,review_required,placeholder_headers;high_internal_blank_ratio,ok,
extracted_tables/042_Health_Bulletin_2008/table_068.csv,quarantined_tables/042_Health_Bulletin_2008/table_068.csv,19,6,review_required,placeholder_headers,ok,
extracted_tables/042_Health_Bulletin_2008/table_069.csv,quarantined_tables/042_Health_Bulletin_2008/table_069.csv,11,20,review_required,placeholder_headers;high_internal_blank_ratio,ok,
extracted_tables/042_Health_Bulletin_2008/table_070.csv,quarantined_tables/042_Health_Bulletin_2008/table_070.csv,8,2,review_required,placeholder_headers,ok,
extracted_tables/042_Health_Bulletin_2008/table_071.csv,quarantined_tables/042_Health_Bulletin_2008/table_071.csv,6,2,review_required,placeholder_headers,ok,
extracted_tables/042_Health_Bulletin_2008/table_072.csv,quarantined_tables/042_Health_Bulletin_2008/table_072.csv,19,10,review_required,placeholder_headers,ok,
extracted_tables/042_Health_Bulletin_2008/table_073.csv,quarantined_tables/042_Health_Bulletin_2008/table_073.csv,8,20,review_required,placeholder_headers;high_internal_blank_ratio,ok,
extracted_tables/042_Health_Bulletin_2008/table_074.csv,quarantined_tables/042_Health_Bulletin_2008/table_074.csv,9,7,review_required,placeholder_headers,ok,
extracted_tables/042_Health_Bulletin_2008/table_075.csv,quarantined_tables/042_Health_Bulletin_2008/table_075.csv,27,17,review_required,placeholder_headers;high_internal_blank_ratio,ok,
extracted_tables/042_Health_Bulletin_2008/table_076.csv,quarantined_tables/042_Health_Bulletin_2008/table_076.csv,10,6,review_required,placeholder_headers;high_internal_blank_ratio,ok,
extracted_tables/042_Health_Bulletin_2008/table_077.csv,quarantined_tables/042_Health_Bulletin_2008/table_077.csv,10,11,review_required,placeholder_headers;high_internal_blank_ratio,ok,
extracted_tables/042_Health_Bulletin_2008/table_078.csv,quarantined_tables/042_Health_Bulletin_2008/table_078.csv,10,11,review_required,placeholder_headers;high_internal_blank_ratio,ok,
extracted_tables/042_Health_Bulletin_2008/table_079.csv,quarantined_tables/042_Health_Bulletin_2008/table_079.csv,10,12,review_required,placeholder_headers;high_internal_blank_ratio,ok,
extracted_tables/042_Health_Bulletin_2008/table_080.csv,quarantined_tables/042_Health_Bulletin_2008/table_080.csv,10,11,review_required,placeholder_headers;high_internal_blank_ratio,ok,
extracted_tables/042_Health_Bulletin_2008/table_081.csv,quarantined_tables/042_Health_Bulletin_2008/table_081.csv,9,14,review_required,placeholder_headers;high_internal_blank_ratio,ok,
extracted_tables/042_Health_Bulletin_2008/table_082.csv,quarantined_tables/042_Health_Bulletin_2008/table_082.csv,5,9,review_required,placeholder_headers;high_internal_blank_ratio,ok,
extracted_tables/042_Health_Bulletin_2008/table_083.csv,quarantined_tables/042_Health_Bulletin_2008/table_083.csv,5,15,review_required,placeholder_headers;high_internal_blank_ratio,ok,
extracted_tables/042_Health_Bulletin_2008/table_084.csv,quarantined_tables/042_Health_Bulletin_2008/table_084.csv,8,5,review_required,placeholder_headers,ok,
extracted_tables/042_Health_Bulletin_2008/table_085.csv,quarantined_tables/042_Health_Bulletin_2008/table_085.csv,15,5,review_required,placeholder_headers,ok,
extracted_tables/042_Health_Bulletin_2008/table_086.csv,quarantined_tables/042_Health_Bulletin_2008/table_086.csv,7,6,review_required,placeholder_headers,ok,
extracted_tables/042_Health_Bulletin_2008/table_087.csv,quarantined_tables/042_Health_Bulletin_2008/table_087.csv,16,7,review_required,placeholder_headers;high_internal_blank_ratio,ok,
extracted_tables/042_Health_Bulletin_2008/table_088.csv,quarantined_tables/042_Health_Bulletin_2008/table_088.csv,10,20,review_required,placeholder_headers;high_internal_blank_ratio,ok,
extracted_tables/042_Health_Bulletin_2008/table_089.csv,quarantined_tables/042_Health_Bulletin_2008/table_089.csv,5,6,review_required,placeholder_headers;high_internal_blank_ratio,ok,
extracted_tables/042_Health_Bulletin_2008/table_090.csv,quarantined_tables/042_Health_Bulletin_2008/table_090.csv,5,8,review_required,placeholder_headers;high_internal_blank_ratio,ok,
extracted_tables/042_Health_Bulletin_2008/table_091.csv,quarantined_tables/042_Health_Bulletin_2008/table_091.csv,6,6,review_required,placeholder_headers;high_internal_blank_ratio,ok,
extracted_tables/042_Health_Bulletin_2008/table_092.csv,quarantined_tables/042_Health_Bulletin_2008/table_092.csv,5,8,review_required,placeholder_headers;high_internal_blank_ratio,ok,
extracted_tables/042_Health_Bulletin_2008/table_093.csv,quarantined_tables/042_Health_Bulletin_2008/table_093.csv,6,8,review_required,placeholder_headers;high_internal_blank_ratio,ok,
extracted_tables/042_Health_Bulletin_2008/table_094.csv,quarantined_tables/042_Health_Bulletin_2008/table_094.csv,7,2,review_required,placeholder_headers,ok,
extracted_tables/042_Health_Bulletin_2008/table_095.csv,quarantined_tables/042_Health_Bulletin_2008/table_095.csv,9,5,review_required,placeholder_headers;high_internal_blank_ratio,ok,
extracted_tables/042_Health_Bulletin_2008/table_096.csv,quarantined_tables/042_Health_Bulletin_2008/table_096.csv,7,9,review_required,placeholder_headers;high_internal_blank_ratio,ok,
extracted_tables/042_Health_Bulletin_2008/table_097.csv,quarantined_tables/042_Health_Bulletin_2008/table_097.csv,12,3,review_required,placeholder_headers,ok,
extracted_tables/042_Health_Bulletin_2008/table_098.csv,quarantined_tables/042_Health_Bulletin_2008/table_098.csv,19,4,review_required,placeholder_headers;high_internal_blank_ratio,ok,
extracted_tables/042_Health_Bulletin_2008/table_099.csv,quarantined_tables/042_Health_Bulletin_2008/table_099.csv,5,4,review_required,placeholder_headers;high_internal_blank_ratio,ok,
extracted_tables/042_Health_Bulletin_2008/table_100.csv,quarantined_tables/042_Health_Bulletin_2008/table_100.csv,38,2,review_required,placeholder_headers,ok,
extracted_tables/042_Health_Bulletin_2008/table_101.csv,quarantined_tables/042_Health_Bulletin_2008/table_101.csv,8,4,review_required,placeholder_headers;high_internal_blank_ratio,ok,
extracted_tables/042_Health_Bulletin_2008/table_102.csv,quarantined_tables/042_Health_Bulletin_2008/table_102.csv,15,4,review_required,placeholder_headers;high_internal_blank_ratio,ok,
extracted_tables/042_Health_Bulletin_2008/table_103.csv,quarantined_tables/042_Health_Bulletin_2008/table_103.csv,10,4,review_required,placeholder_headers;high_internal_blank_ratio,ok,
extracted_tables/042_Health_Bulletin_2008/table_104.csv,quarantined_tables/042_Health_Bulletin_2008/table_104.csv,8,4,review_required,placeholder_headers;high_internal_blank_ratio,ok,
extracted_tables/042_Health_Bulletin_2008/table_105.csv,quarantined_tables/042_Health_Bulletin_2008/table_105.csv,9,4,review_required,placeholder_headers;high_internal_blank_ratio,ok,
extracted_tables/042_Health_Bulletin_2008/table_106.csv,quarantined_tables/042_Health_Bulletin_2008/table_106.csv,9,4,review_required,placeholder_headers;high_internal_blank_ratio,ok,
extracted_tables/042_Health_Bulletin_2008/table_107.csv,quarantined_tables/042_Health_Bulletin_2008/table_107.csv,22,4,review_required,placeholder_headers;high_internal_blank_ratio,ok,
extracted_tables/042_Health_Bulletin_2008/table_108.csv,quarantined_tables/042_Health_Bulletin_2008/table_108.csv,11,4,review_required,placeholder_headers;high_internal_blank_ratio,ok,
extracted_tables/042_Health_Bulletin_2008/table_109.csv,quarantined_tables/042_Health_Bulletin_2008/table_109.csv,16,4,review_required,placeholder_headers;high_internal_blank_ratio,ok,
extracted_tables/042_Health_Bulletin_2008/table_110.csv,quarantined_tables/042_Health_Bulletin_2008/table_110.csv,6,4,review_required,placeholder_headers;high_internal_blank_ratio,ok,
extracted_tables/042_Health_Bulletin_2008/table_111.csv,quarantined_tables/042_Health_Bulletin_2008/table_111.csv,25,4,review_required,placeholder_headers;high_internal_blank_ratio,ok,
extracted_tables/042_Health_Bulletin_2008/table_112.csv,quarantined_tables/042_Health_Bulletin_2008/table_112.csv,13,4,review_required,placeholder_headers;high_internal_blank_ratio,ok,
extracted_tables/042_Health_Bulletin_2008/table_113.csv,quarantined_tables/042_Health_Bulletin_2008/table_113.csv,6,4,review_required,placeholder_headers;high_internal_blank_ratio,ok,
extracted_tables/042_Health_Bulletin_2008/table_114.csv,quarantined_tables/042_Health_Bulletin_2008/table_114.csv,12,4,review_required,placeholder_headers;high_internal_blank_ratio,ok,
extracted_tables/042_Health_Bulletin_2008/table_115.csv,quarantined_tables/042_Health_Bulletin_2008/table_115.csv,10,4,review_required,placeholder_headers;high_internal_blank_ratio,ok,
extracted_tables/042_Health_Bulletin_2008/table_116.csv,quarantined_tables/042_Health_Bulletin_2008/table_116.csv,19,4,review_required,placeholder_headers;high_internal_blank_ratio,ok,
extracted_tables/042_Health_Bulletin_2008/table_117.csv,quarantined_tables/042_Health_Bulletin_2008/table_117.csv,8,4,review_required,placeholder_headers;high_internal_blank_ratio,ok,
extracted_tables/042_Health_Bulletin_2008/table_118.csv,quarantined_tables/042_Health_Bulletin_2008/table_118.csv,9,2,review_required,placeholder_headers,ok,
extracted_tables/042_Health_Bulletin_2008/table_119.csv,quarantined_tables/042_Health_Bulletin_2008/table_119.csv,16,4,review_required,placeholder_headers;high_internal_blank_ratio,ok,
extracted_tables/042_Health_Bulletin_2008/table_120.csv,quarantined_tables/042_Health_Bulletin_2008/table_120.csv,16,2,review_required,placeholder_headers,ok,
extracted_tables/042_Health_Bulletin_2008/table_121.csv,quarantined_tables/042_Health_Bulletin_2008/table_121.csv,21,2,review_required,placeholder_headers,ok,
extracted_tables/042_Health_Bulletin_2008/table_122.csv,quarantined_tables/042_Health_Bulletin_2008/table_122.csv,18,2,review_required,placeholder_headers,ok,
extracted_tables/042_Health_Bulletin_2008/table_123.csv,quarantined_tables/042_Health_Bulletin_2008/table_123.csv,21,2,review_required,placeholder_headers,ok,
extracted_tables/042_Health_Bulletin_2008/table_124.csv,quarantined_tables/042_Health_Bulletin_2008/table_124.csv,15,2,review_required,placeholder_headers,ok,
extracted_tables/042_Health_Bulletin_2008/table_125.csv,quarantined_tables/042_Health_Bulletin_2008/table_125.csv,20,36,review_required,placeholder_headers;high_internal_blank_ratio;wide_table_requires_structural_review,ok,
extracted_tables/042_Health_Bulletin_2008/table_126.csv,quarantined_tables/042_Health_Bulletin_2008/table_126.csv,19,36,review_required,placeholder_headers;high_internal_blank_ratio;wide_table_requires_structural_review,ok,
extracted_tables/042_Health_Bulletin_2008/table_127.csv,quarantined_tables/042_Health_Bulletin_2008/table_127.csv,9,2,review_required,placeholder_headers,ok,
extracted_tables/042_Health_Bulletin_2008/table_128.csv,quarantined_tables/042_Health_Bulletin_2008/table_128.csv,28,14,review_required,placeholder_headers;high_internal_blank_ratio,ok,
extracted_tables/042_Health_Bulletin_2008/table_129.csv,quarantined_tables/042_Health_Bulletin_2008/table_129.csv,26,12,review_required,placeholder_headers;high_internal_blank_ratio,ok,
extracted_tables/042_Health_Bulletin_2008/table_130.csv,quarantined_tables/042_Health_Bulletin_2008/table_130.csv,11,8,review_required,placeholder_headers;high_internal_blank_ratio,ok,
extracted_tables/043_Health_Bulletin_2007/table_0001.csv,quarantined_tables/043_Health_Bulletin_2007/table_0001.csv,43,5,review_required,placeholder_headers;high_internal_blank_ratio,ok,
extracted_tables/043_Health_Bulletin_2007/table_0002.csv,quarantined_tables/043_Health_Bulletin_2007/table_0002.csv,42,5,review_required,placeholder_headers;high_internal_blank_ratio,ok,
extracted_tables/043_Health_Bulletin_2007/table_0003.csv,quarantined_tables/043_Health_Bulletin_2007/table_0003.csv,37,5,review_required,placeholder_headers;high_internal_blank_ratio,ok,
extracted_tables/043_Health_Bulletin_2007/table_0004.csv,quarantined_tables/043_Health_Bulletin_2007/table_0004.csv,47,5,review_required,placeholder_headers;high_internal_blank_ratio,ok,
extracted_tables/043_Health_Bulletin_2007/table_0005.csv,quarantined_tables/043_Health_Bulletin_2007/table_0005.csv,44,5,review_required,placeholder_headers;high_internal_blank_ratio,ok,
extracted_tables/043_Health_Bulletin_2007/table_0006.csv,quarantined_tables/043_Health_Bulletin_2007/table_0006.csv,39,9,review_required,placeholder_headers,ok,
extracted_tables/043_Health_Bulletin_2007/table_0007.csv,quarantined_tables/043_Health_Bulletin_2007/table_0007.csv,38,9,review_required,placeholder_headers,ok,
extracted_tables/043_Health_Bulletin_2007/table_0008.csv,quarantined_tables/043_Health_Bulletin_2007/table_0008.csv,10,5,review_required,placeholder_headers,ok,
extracted_tables/043_Health_Bulletin_2007/table_0009.csv,quarantined_tables/043_Health_Bulletin_2007/table_0009.csv,8,3,review_required,placeholder_headers,ok,
extracted_tables/043_Health_Bulletin_2007/table_0010.csv,quarantined_tables/043_Health_Bulletin_2007/table_0010.csv,6,4,review_required,placeholder_headers,ok,
extracted_tables/043_Health_Bulletin_2007/table_0011.csv,quarantined_tables/043_Health_Bulletin_2007/table_0011.csv,4,4,review_required,placeholder_headers,ok,
extracted_tables/043_Health_Bulletin_2007/table_0012.csv,quarantined_tables/043_Health_Bulletin_2007/table_0012.csv,9,4,review_required,placeholder_headers,ok,
extracted_tables/043_Health_Bulletin_2007/table_0013.csv,quarantined_tables/043_Health_Bulletin_2007/table_0013.csv,8,4,review_required,placeholder_headers,ok,
extracted_tables/043_Health_Bulletin_2007/table_0014.csv,quarantined_tables/043_Health_Bulletin_2007/table_0014.csv,6,7,review_required,placeholder_headers;high_internal_blank_ratio,ok,
extracted_tables/043_Health_Bulletin_2007/table_0015.csv,quarantined_tables/043_Health_Bulletin_2007/table_0015.csv,32,7,review_required,placeholder_headers;high_internal_blank_ratio,ok,
extracted_tables/043_Health_Bulletin_2007/table_0016.csv,quarantined_tables/043_Health_Bulletin_2007/table_0016.csv,10,7,review_required,placeholder_headers;high_internal_blank_ratio,ok,
extracted_tables/043_Health_Bulletin_2007/table_0017.csv,quarantined_tables/043_Health_Bulletin_2007/table_0017.csv,15,4,review_required,placeholder_headers;high_internal_blank_ratio,ok,
extracted_tables/043_Health_Bulletin_2007/table_0018.csv,quarantined_tables/043_Health_Bulletin_2007/table_0018.csv,22,4,review_required,placeholder_headers;high_internal_blank_ratio,ok,
extracted_tables/043_Health_Bulletin_2007/table_0019.csv,quarantined_tables/043_Health_Bulletin_2007/table_0019.csv,4,4,review_required,placeholder_headers;high_internal_blank_ratio,ok,
extracted_tables/043_Health_Bulletin_2007/table_0020.csv,quarantined_tables/043_Health_Bulletin_2007/table_0020.csv,9,8,review_required,placeholder_headers;high_internal_blank_ratio,ok,
extracted_tables/043_Health_Bulletin_2007/table_0021.csv,quarantined_tables/043_Health_Bulletin_2007/table_0021.csv,4,4,review_required,placeholder_headers,ok,
extracted_tables/043_Health_Bulletin_2007/table_0022.csv,quarantined_tables/043_Health_Bulletin_2007/table_0022.csv,4,4,review_required,placeholder_headers,ok,
extracted_tables/043_Health_Bulletin_2007/table_0023.csv,quarantined_tables/043_Health_Bulletin_2007/table_0023.csv,12,7,review_required,placeholder_headers;high_internal_blank_ratio,ok,
extracted_tables/043_Health_Bulletin_2007/table_0024.csv,quarantined_tables/043_Health_Bulletin_2007/table_0024.csv,46,4,review_required,placeholder_headers;high_internal_blank_ratio,ok,
extracted_tables/043_Health_Bulletin_2007/table_0025.csv,quarantined_tables/043_Health_Bulletin_2007/table_0025.csv,30,4,review_required,placeholder_headers,ok,
extracted_tables/043_Health_Bulletin_2007/table_0026.csv,quarantined_tables/043_Health_Bulletin_2007/table_0026.csv,12,4,review_required,placeholder_headers,ok,
extracted_tables/043_Health_Bulletin_2007/table_0027.csv,quarantined_tables/043_Health_Bulletin_2007/table_0027.csv,19,3,review_required,placeholder_headers,ok,
extracted_tables/043_Health_Bulletin_2007/table_0028.csv,quarantined_tables/043_Health_Bulletin_2007/table_0028.csv,8,3,review_required,placeholder_headers,ok,
extracted_tables/043_Health_Bulletin_2007/table_0029.csv,quarantined_tables/043_Health_Bulletin_2007/table_0029.csv,6,8,review_required,placeholder_headers;high_internal_blank_ratio,ok,
extracted_tables/043_Health_Bulletin_2007/table_0030.csv,quarantined_tables/043_Health_Bulletin_2007/table_0030.csv,14,8,review_required,placeholder_headers;high_internal_blank_ratio,ok,
extracted_tables/043_Health_Bulletin_2007/table_0031.csv,quarantined_tables/043_Health_Bulletin_2007/table_0031.csv,7,6,review_required,placeholder_headers;high_internal_blank_ratio,ok,
extracted_tables/043_Health_Bulletin_2007/table_0032.csv,quarantined_tables/043_Health_Bulletin_2007/table_0032.csv,16,6,review_required,placeholder_headers;high_internal_blank_ratio,ok,
extracted_tables/043_Health_Bulletin_2007/table_0033.csv,quarantined_tables/043_Health_Bulletin_2007/table_0033.csv,5,4,review_required,placeholder_headers,ok,
extracted_tables/043_Health_Bulletin_2007/table_0034.csv,quarantined_tables/043_Health_Bulletin_2007/table_0034.csv,7,5,review_required,placeholder_headers;high_internal_blank_ratio,ok,
extracted_tables/043_Health_Bulletin_2007/table_0035.csv,quarantined_tables/043_Health_Bulletin_2007/table_0035.csv,15,9,review_required,placeholder_headers;high_internal_blank_ratio,ok,
extracted_tables/043_Health_Bulletin_2007/table_0036.csv,quarantined_tables/043_Health_Bulletin_2007/table_0036.csv,13,3,review_required,placeholder_headers,ok,
extracted_tables/043_Health_Bulletin_2007/table_0037.csv,quarantined_tables/043_Health_Bulletin_2007/table_0037.csv,45,3,review_required,placeholder_headers,ok,
extracted_tables/043_Health_Bulletin_2007/table_0038.csv,quarantined_tables/043_Health_Bulletin_2007/table_0038.csv,25,3,review_required,placeholder_headers,ok,
extracted_tables/043_Health_Bulletin_2007/table_0039.csv,quarantined_tables/043_Health_Bulletin_2007/table_0039.csv,7,12,review_required,placeholder_headers;high_internal_blank_ratio,ok,
extracted_tables/043_Health_Bulletin_2007/table_0040.csv,quarantined_tables/043_Health_Bulletin_2007/table_0040.csv,16,6,review_required,placeholder_headers;high_internal_blank_ratio,ok,
extracted_tables/043_Health_Bulletin_2007/table_0041.csv,quarantined_tables/043_Health_Bulletin_2007/table_0041.csv,32,6,review_required,placeholder_headers;high_internal_blank_ratio,ok,
extracted_tables/043_Health_Bulletin_2007/table_0042.csv,quarantined_tables/043_Health_Bulletin_2007/table_0042.csv,47,6,review_required,placeholder_headers;high_internal_blank_ratio,ok,
extracted_tables/043_Health_Bulletin_2007/table_0043.csv,quarantined_tables/043_Health_Bulletin_2007/table_0043.csv,22,38,review_required,placeholder_headers;wide_table_requires_structural_review,ok,
extracted_tables/043_Health_Bulletin_2007/table_0044.csv,quarantined_tables/043_Health_Bulletin_2007/table_0044.csv,15,32,review_required,placeholder_headers;wide_table_requires_structural_review,ok,
extracted_tables/043_Health_Bulletin_2007/table_0045.csv,quarantined_tables/043_Health_Bulletin_2007/table_0045.csv,12,32,review_required,placeholder_headers;high_internal_blank_ratio;wide_table_requires_structural_review,ok,
extracted_tables/043_Health_Bulletin_2007/table_0046.csv,quarantined_tables/043_Health_Bulletin_2007/table_0046.csv,28,17,review_required,placeholder_headers;high_internal_blank_ratio,ok,
extracted_tables/043_Health_Bulletin_2007/table_0047.csv,quarantined_tables/043_Health_Bulletin_2007/table_0047.csv,11,6,review_required,placeholder_headers;high_internal_blank_ratio,ok,
extracted_tables/043_Health_Bulletin_2007/table_0048.csv,quarantined_tables/043_Health_Bulletin_2007/table_0048.csv,40,6,review_required,placeholder_headers;high_internal_blank_ratio,ok,
extracted_tables/043_Health_Bulletin_2007/table_0049.csv,quarantined_tables/043_Health_Bulletin_2007/table_0049.csv,42,6,review_required,placeholder_headers;high_internal_blank_ratio,ok,
extracted_tables/043_Health_Bulletin_2007/table_0050.csv,quarantined_tables/043_Health_Bulletin_2007/table_0050.csv,22,6,review_required,placeholder_headers;high_internal_blank_ratio,ok,
extracted_tables/043_Health_Bulletin_2007/table_0051.csv,quarantined_tables/043_Health_Bulletin_2007/table_0051.csv,19,6,review_required,placeholder_headers;high_internal_blank_ratio,ok,
extracted_tables/043_Health_Bulletin_2007/table_0052.csv,quarantined_tables/043_Health_Bulletin_2007/table_0052.csv,42,6,review_required,placeholder_headers;high_internal_blank_ratio,ok,
extracted_tables/043_Health_Bulletin_2007/table_0053.csv,quarantined_tables/043_Health_Bulletin_2007/table_0053.csv,13,31,review_required,placeholder_headers;high_internal_blank_ratio;wide_table_requires_structural_review,ok,
extracted_tables/043_Health_Bulletin_2007/table_0054.csv,quarantined_tables/043_Health_Bulletin_2007/table_0054.csv,7,29,review_required,placeholder_headers;high_internal_blank_ratio,ok,
extracted_tables/043_Health_Bulletin_2007/table_0055.csv,quarantined_tables/043_Health_Bulletin_2007/table_0055.csv,18,30,review_required,placeholder_headers;high_internal_blank_ratio,ok,
extracted_tables/043_Health_Bulletin_2007/table_0056.csv,quarantined_tables/043_Health_Bulletin_2007/table_0056.csv,20,33,review_required,placeholder_headers;high_internal_blank_ratio;wide_table_requires_structural_review,ok,
extracted_tables/043_Health_Bulletin_2007/table_0057.csv,quarantined_tables/043_Health_Bulletin_2007/table_0057.csv,20,31,review_required,placeholder_headers;high_internal_blank_ratio;wide_table_requires_structural_review,ok,
extracted_tables/043_Health_Bulletin_2007/table_0058.csv,quarantined_tables/043_Health_Bulletin_2007/table_0058.csv,21,32,review_required,placeholder_headers;high_internal_blank_ratio;wide_table_requires_structural_review,ok,
extracted_tables/043_Health_Bulletin_2007/table_0059.csv,quarantined_tables/043_Health_Bulletin_2007/table_0059.csv,9,14,review_required,placeholder_headers,ok,
extracted_tables/043_Health_Bulletin_2007/table_0060.csv,quarantined_tables/043_Health_Bulletin_2007/table_0060.csv,36,14,review_required,placeholder_headers,ok,
extracted_tables/043_Health_Bulletin_2007/table_0061.csv,quarantined_tables/043_Health_Bulletin_2007/table_0061.csv,19,11,review_required,placeholder_headers,ok,
extracted_tables/043_Health_Bulletin_2007/table_0062.csv,quarantined_tables/043_Health_Bulletin_2007/table_0062.csv,15,21,review_required,placeholder_headers;high_internal_blank_ratio,ok,
extracted_tables/043_Health_Bulletin_2007/table_0063.csv,quarantined_tables/043_Health_Bulletin_2007/table_0063.csv,26,26,review_required,placeholder_headers,ok,
extracted_tables/043_Health_Bulletin_2007/table_0064.csv,quarantined_tables/043_Health_Bulletin_2007/table_0064.csv,5,45,review_required,placeholder_headers;high_internal_blank_ratio;wide_table_requires_structural_review,ok,
extracted_tables/043_Health_Bulletin_2007/table_0065.csv,quarantined_tables/043_Health_Bulletin_2007/table_0065.csv,5,7,review_required,placeholder_headers;high_internal_blank_ratio,ok,
extracted_tables/043_Health_Bulletin_2007/table_0066.csv,quarantined_tables/043_Health_Bulletin_2007/table_0066.csv,5,9,review_required,placeholder_headers;high_internal_blank_ratio,ok,
extracted_tables/043_Health_Bulletin_2007/table_0067.csv,quarantined_tables/043_Health_Bulletin_2007/table_0067.csv,4,8,review_required,placeholder_headers;high_internal_blank_ratio,ok,
extracted_tables/043_Health_Bulletin_2007/table_0068.csv,quarantined_tables/043_Health_Bulletin_2007/table_0068.csv,3,4,review_required,placeholder_headers;high_internal_blank_ratio,ok,
extracted_tables/043_Health_Bulletin_2007/table_0069.csv,quarantined_tables/043_Health_Bulletin_2007/table_0069.csv,7,3,review_required,placeholder_headers;high_internal_blank_ratio,ok,
extracted_tables/043_Health_Bulletin_2007/table_0070.csv,quarantined_tables/043_Health_Bulletin_2007/table_0070.csv,9,19,review_required,placeholder_headers;high_internal_blank_ratio,ok,
extracted_tables/043_Health_Bulletin_2007/table_0071.csv,quarantined_tables/043_Health_Bulletin_2007/table_0071.csv,0,0,rejected,empty_or_single_column,ok,
extracted_tables/043_Health_Bulletin_2007/table_0072.csv,quarantined_tables/043_Health_Bulletin_2007/table_0072.csv,1,1,rejected,empty_or_single_column,ok,
extracted_tables/043_Health_Bulletin_2007/table_0073.csv,quarantined_tables/043_Health_Bulletin_2007/table_0073.csv,2,3,review_required,placeholder_headers;high_internal_blank_ratio,ok,
extracted_tables/043_Health_Bulletin_2007/table_0074.csv,quarantined_tables/043_Health_Bulletin_2007/table_0074.csv,9,26,review_required,placeholder_headers;high_internal_blank_ratio,ok,
extracted_tables/043_Health_Bulletin_2007/table_0075.csv,quarantined_tables/043_Health_Bulletin_2007/table_0075.csv,8,12,review_required,placeholder_headers,ok,
extracted_tables/043_Health_Bulletin_2007/table_0076.csv,quarantined_tables/043_Health_Bulletin_2007/table_0076.csv,9,12,review_required,placeholder_headers,ok,
extracted_tables/043_Health_Bulletin_2007/table_0077.csv,quarantined_tables/043_Health_Bulletin_2007/table_0077.csv,12,9,review_required,placeholder_headers,ok,
extracted_tables/043_Health_Bulletin_2007/table_0078.csv,quarantined_tables/043_Health_Bulletin_2007/table_0078.csv,12,9,review_required,placeholder_headers;high_internal_blank_ratio,ok,
extracted_tables/043_Health_Bulletin_2007/table_0079.csv,quarantined_tables/043_Health_Bulletin_2007/table_0079.csv,16,8,review_required,placeholder_headers,ok,
extracted_tables/043_Health_Bulletin_2007/table_0080.csv,quarantined_tables/043_Health_Bulletin_2007/table_0080.csv,13,8,review_required,placeholder_headers;high_internal_blank_ratio,ok,
extracted_tables/043_Health_Bulletin_2007/table_0081.csv,quarantined_tables/043_Health_Bulletin_2007/table_0081.csv,19,8,review_required,placeholder_headers;high_internal_blank_ratio,ok,
extracted_tables/043_Health_Bulletin_2007/table_0082.csv,quarantined_tables/043_Health_Bulletin_2007/table_0082.csv,8,8,review_required,placeholder_headers,ok,
extracted_tables/043_Health_Bulletin_2007/table_0083.csv,quarantined_tables/043_Health_Bulletin_2007/table_0083.csv,8,12,review_required,placeholder_headers,ok,
extracted_tables/043_Health_Bulletin_2007/table_0084.csv,quarantined_tables/043_Health_Bulletin_2007/table_0084.csv,22,12,review_required,placeholder_headers,ok,
extracted_tables/043_Health_Bulletin_2007/table_0085.csv,quarantined_tables/043_Health_Bulletin_2007/table_0085.csv,23,12,review_required,placeholder_headers,ok,
extracted_tables/043_Health_Bulletin_2007/table_0086.csv,quarantined_tables/043_Health_Bulletin_2007/table_0086.csv,8,11,review_required,placeholder_headers,ok,
extracted_tables/043_Health_Bulletin_2007/table_0087.csv,quarantined_tables/043_Health_Bulletin_2007/table_0087.csv,5,13,review_required,placeholder_headers;high_internal_blank_ratio,ok,
extracted_tables/043_Health_Bulletin_2007/table_0088.csv,quarantined_tables/043_Health_Bulletin_2007/table_0088.csv,7,11,review_required,placeholder_headers;high_internal_blank_ratio,ok,
extracted_tables/043_Health_Bulletin_2007/table_0089.csv,quarantined_tables/043_Health_Bulletin_2007/table_0089.csv,5,5,review_required,placeholder_headers;high_internal_blank_ratio,ok,
extracted_tables/043_Health_Bulletin_2007/table_0090.csv,quarantined_tables/043_Health_Bulletin_2007/table_0090.csv,5,10,review_required,placeholder_headers;high_internal_blank_ratio,ok,
extracted_tables/043_Health_Bulletin_2007/table_0091.csv,quarantined_tables/043_Health_Bulletin_2007/table_0091.csv,8,9,review_required,placeholder_headers;high_internal_blank_ratio,ok,
extracted_tables/043_Health_Bulletin_2007/table_0092.csv,quarantined_tables/043_Health_Bulletin_2007/table_0092.csv,9,6,review_required,placeholder_headers,ok,
extracted_tables/043_Health_Bulletin_2007/table_0093.csv,quarantined_tables/043_Health_Bulletin_2007/table_0093.csv,7,34,review_required,placeholder_headers;high_internal_blank_ratio;wide_table_requires_structural_review,ok,
extracted_tables/043_Health_Bulletin_2007/table_0094.csv,quarantined_tables/043_Health_Bulletin_2007/table_0094.csv,1,1,rejected,empty_or_single_column,ok,
extracted_tables/043_Health_Bulletin_2007/table_0095.csv,quarantined_tables/043_Health_Bulletin_2007/table_0095.csv,16,21,review_required,placeholder_headers;high_internal_blank_ratio,ok,
extracted_tables/043_Health_Bulletin_2007/table_0096.csv,quarantined_tables/043_Health_Bulletin_2007/table_0096.csv,12,12,review_required,placeholder_headers;high_internal_blank_ratio,ok,
extracted_tables/043_Health_Bulletin_2007/table_0097.csv,quarantined_tables/043_Health_Bulletin_2007/table_0097.csv,2,1,rejected,empty_or_single_column,ok,
extracted_tables/043_Health_Bulletin_2007/table_0098.csv,quarantined_tables/043_Health_Bulletin_2007/table_0098.csv,6,12,review_required,placeholder_headers;high_internal_blank_ratio,ok,
extracted_tables/043_Health_Bulletin_2007/table_0099.csv,quarantined_tables/043_Health_Bulletin_2007/table_0099.csv,9,12,review_required,placeholder_headers;high_internal_blank_ratio,ok,
extracted_tables/043_Health_Bulletin_2007/table_0100.csv,quarantined_tables/043_Health_Bulletin_2007/table_0100.csv,3,2,review_required,placeholder_headers;high_internal_blank_ratio,ok,
extracted_tables/043_Health_Bulletin_2007/table_0101.csv,quarantined_tables/043_Health_Bulletin_2007/table_0101.csv,9,12,review_required,placeholder_headers,ok,
extracted_tables/043_Health_Bulletin_2007/table_0102.csv,quarantined_tables/043_Health_Bulletin_2007/table_0102.csv,13,12,review_required,placeholder_headers;high_internal_blank_ratio,ok,
extracted_tables/043_Health_Bulletin_2007/table_0103.csv,quarantined_tables/043_Health_Bulletin_2007/table_0103.csv,5,6,review_required,placeholder_headers;high_internal_blank_ratio,ok,
extracted_tables/043_Health_Bulletin_2007/table_0104.csv,quarantined_tables/043_Health_Bulletin_2007/table_0104.csv,11,8,review_required,placeholder_headers;high_internal_blank_ratio,ok,
extracted_tables/043_Health_Bulletin_2007/table_0105.csv,quarantined_tables/043_Health_Bulletin_2007/table_0105.csv,15,10,review_required,placeholder_headers;high_internal_blank_ratio,ok,
extracted_tables/043_Health_Bulletin_2007/table_0106.csv,quarantined_tables/043_Health_Bulletin_2007/table_0106.csv,8,10,review_required,placeholder_headers;high_internal_blank_ratio,ok,
extracted_tables/043_Health_Bulletin_2007/table_0107.csv,quarantined_tables/043_Health_Bulletin_2007/table_0107.csv,13,4,review_required,placeholder_headers,ok,
extracted_tables/043_Health_Bulletin_2007/table_0108.csv,quarantined_tables/043_Health_Bulletin_2007/table_0108.csv,7,24,review_required,placeholder_headers;high_internal_blank_ratio,ok,
extracted_tables/043_Health_Bulletin_2007/table_0109.csv,quarantined_tables/043_Health_Bulletin_2007/table_0109.csv,9,19,review_required,placeholder_headers;high_internal_blank_ratio,ok,
extracted_tables/043_Health_Bulletin_2007/table_0110.csv,quarantined_tables/043_Health_Bulletin_2007/table_0110.csv,7,9,review_required,placeholder_headers;high_internal_blank_ratio,ok,
extracted_tables/043_Health_Bulletin_2007/table_0111.csv,quarantined_tables/043_Health_Bulletin_2007/table_0111.csv,9,8,review_required,placeholder_headers;high_internal_blank_ratio,ok,
extracted_tables/043_Health_Bulletin_2007/table_0112.csv,quarantined_tables/043_Health_Bulletin_2007/table_0112.csv,5,3,review_required,placeholder_headers;high_internal_blank_ratio,ok,
extracted_tables/043_Health_Bulletin_2007/table_0113.csv,quarantined_tables/043_Health_Bulletin_2007/table_0113.csv,4,2,review_required,placeholder_headers;high_internal_blank_ratio,ok,
extracted_tables/043_Health_Bulletin_2007/table_0114.csv,quarantined_tables/043_Health_Bulletin_2007/table_0114.csv,6,10,review_required,placeholder_headers;high_internal_blank_ratio,ok,
extracted_tables/043_Health_Bulletin_2007/table_0115.csv,quarantined_tables/043_Health_Bulletin_2007/table_0115.csv,6,7,review_required,placeholder_headers;high_internal_blank_ratio,ok,
extracted_tables/043_Health_Bulletin_2007/table_0116.csv,quarantined_tables/043_Health_Bulletin_2007/table_0116.csv,11,14,review_required,placeholder_headers;high_internal_blank_ratio,ok,
extracted_tables/043_Health_Bulletin_2007/table_0117.csv,quarantined_tables/043_Health_Bulletin_2007/table_0117.csv,2,5,review_required,placeholder_headers;high_internal_blank_ratio,ok,
extracted_tables/043_Health_Bulletin_2007/table_0118.csv,quarantined_tables/043_Health_Bulletin_2007/table_0118.csv,2,1,rejected,empty_or_single_column,ok,
extracted_tables/043_Health_Bulletin_2007/table_0119.csv,quarantined_tables/043_Health_Bulletin_2007/table_0119.csv,2,8,review_required,placeholder_headers;high_internal_blank_ratio,ok,
extracted_tables/043_Health_Bulletin_2007/table_0120.csv,quarantined_tables/043_Health_Bulletin_2007/table_0120.csv,9,11,review_required,placeholder_headers,ok,
extracted_tables/043_Health_Bulletin_2007/table_0121.csv,quarantined_tables/043_Health_Bulletin_2007/table_0121.csv,8,7,review_required,placeholder_headers,ok,
extracted_tables/043_Health_Bulletin_2007/table_0122.csv,quarantined_tables/043_Health_Bulletin_2007/table_0122.csv,3,8,review_required,placeholder_headers;high_internal_blank_ratio,ok,
extracted_tables/043_Health_Bulletin_2007/table_0123.csv,quarantined_tables/043_Health_Bulletin_2007/table_0123.csv,4,21,review_required,placeholder_headers;high_internal_blank_ratio,ok,
extracted_tables/043_Health_Bulletin_2007/table_0124.csv,quarantined_tables/043_Health_Bulletin_2007/table_0124.csv,5,4,review_required,placeholder_headers,ok,
extracted_tables/043_Health_Bulletin_2007/table_0125.csv,quarantined_tables/043_Health_Bulletin_2007/table_0125.csv,8,11,review_required,placeholder_headers,ok,
extracted_tables/043_Health_Bulletin_2007/table_0126.csv,quarantined_tables/043_Health_Bulletin_2007/table_0126.csv,18,5,review_required,placeholder_headers;high_internal_blank_ratio,ok,
extracted_tables/043_Health_Bulletin_2007/table_0127.csv,quarantined_tables/043_Health_Bulletin_2007/table_0127.csv,11,9,review_required,placeholder_headers;high_internal_blank_ratio,ok,
extracted_tables/043_Health_Bulletin_2007/table_0128.csv,quarantined_tables/043_Health_Bulletin_2007/table_0128.csv,9,3,review_required,placeholder_headers;high_internal_blank_ratio,ok,
extracted_tables/043_Health_Bulletin_2007/table_0129.csv,quarantined_tables/043_Health_Bulletin_2007/table_0129.csv,5,3,review_required,placeholder_headers;high_internal_blank_ratio,ok,
extracted_tables/043_Health_Bulletin_2007/table_0130.csv,quarantined_tables/043_Health_Bulletin_2007/table_0130.csv,5,6,review_required,placeholder_headers;high_internal_blank_ratio,ok,
extracted_tables/043_Health_Bulletin_2007/table_0131.csv,quarantined_tables/043_Health_Bulletin_2007/table_0131.csv,7,2,review_required,placeholder_headers,ok,
extracted_tables/043_Health_Bulletin_2007/table_0132.csv,quarantined_tables/043_Health_Bulletin_2007/table_0132.csv,9,9,review_required,placeholder_headers;high_internal_blank_ratio,ok,
extracted_tables/043_Health_Bulletin_2007/table_0133.csv,quarantined_tables/043_Health_Bulletin_2007/table_0133.csv,21,8,review_required,placeholder_headers;high_internal_blank_ratio,ok,
extracted_tables/043_Health_Bulletin_2007/table_0134.csv,quarantined_tables/043_Health_Bulletin_2007/table_0134.csv,9,15,review_required,placeholder_headers;high_internal_blank_ratio,ok,
extracted_tables/043_Health_Bulletin_2007/table_0135.csv,quarantined_tables/043_Health_Bulletin_2007/table_0135.csv,9,8,review_required,placeholder_headers;high_internal_blank_ratio,ok,
extracted_tables/043_Health_Bulletin_2007/table_0136.csv,quarantined_tables/043_Health_Bulletin_2007/table_0136.csv,4,4,review_required,placeholder_headers;high_internal_blank_ratio,ok,
extracted_tables/043_Health_Bulletin_2007/table_0137.csv,quarantined_tables/043_Health_Bulletin_2007/table_0137.csv,28,12,review_required,placeholder_headers;high_internal_blank_ratio,ok,
extracted_tables/043_Health_Bulletin_2007/table_0138.csv,quarantined_tables/043_Health_Bulletin_2007/table_0138.csv,6,5,review_required,placeholder_headers;high_internal_blank_ratio,ok,
extracted_tables/043_Health_Bulletin_2007/table_0139.csv,quarantined_tables/043_Health_Bulletin_2007/table_0139.csv,7,8,review_required,placeholder_headers;high_internal_blank_ratio,ok,
extracted_tables/043_Health_Bulletin_2007/table_0140.csv,quarantined_tables/043_Health_Bulletin_2007/table_0140.csv,7,9,review_required,placeholder_headers;high_internal_blank_ratio,ok,
extracted_tables/043_Health_Bulletin_2007/table_0141.csv,quarantined_tables/043_Health_Bulletin_2007/table_0141.csv,7,9,review_required,placeholder_headers;high_internal_blank_ratio,ok,
extracted_tables/043_Health_Bulletin_2007/table_0142.csv,quarantined_tables/043_Health_Bulletin_2007/table_0142.csv,9,10,review_required,placeholder_headers;high_internal_blank_ratio,ok,
extracted_tables/043_Health_Bulletin_2007/table_0143.csv,quarantined_tables/043_Health_Bulletin_2007/table_0143.csv,9,10,review_required,placeholder_headers;high_internal_blank_ratio,ok,
extracted_tables/043_Health_Bulletin_2007/table_0144.csv,quarantined_tables/043_Health_Bulletin_2007/table_0144.csv,4,9,review_required,placeholder_headers;high_internal_blank_ratio,ok,
extracted_tables/043_Health_Bulletin_2007/table_0145.csv,quarantined_tables/043_Health_Bulletin_2007/table_0145.csv,4,11,review_required,placeholder_headers;high_internal_blank_ratio,ok,
extracted_tables/043_Health_Bulletin_2007/table_0146.csv,quarantined_tables/043_Health_Bulletin_2007/table_0146.csv,7,13,review_required,placeholder_headers;high_internal_blank_ratio,ok,
extracted_tables/043_Health_Bulletin_2007/table_0147.csv,quarantined_tables/043_Health_Bulletin_2007/table_0147.csv,3,12,review_required,placeholder_headers;high_internal_blank_ratio,ok,
extracted_tables/043_Health_Bulletin_2007/table_0148.csv,quarantined_tables/043_Health_Bulletin_2007/table_0148.csv,3,6,review_required,placeholder_headers;high_internal_blank_ratio,ok,
extracted_tables/043_Health_Bulletin_2007/table_0149.csv,quarantined_tables/043_Health_Bulletin_2007/table_0149.csv,3,6,review_required,placeholder_headers;high_internal_blank_ratio,ok,
extracted_tables/043_Health_Bulletin_2007/table_0150.csv,quarantined_tables/043_Health_Bulletin_2007/table_0150.csv,2,4,review_required,placeholder_headers;high_internal_blank_ratio,ok,
extracted_tables/043_Health_Bulletin_2007/table_0151.csv,quarantined_tables/043_Health_Bulletin_2007/table_0151.csv,2,4,review_required,placeholder_headers;high_internal_blank_ratio,ok,
extracted_tables/043_Health_Bulletin_2007/table_0152.csv,quarantined_tables/043_Health_Bulletin_2007/table_0152.csv,2,4,review_required,placeholder_headers;high_internal_blank_ratio,ok,
extracted_tables/043_Health_Bulletin_2007/table_0153.csv,quarantined_tables/043_Health_Bulletin_2007/table_0153.csv,2,4,review_required,placeholder_headers;high_internal_blank_ratio,ok,
extracted_tables/043_Health_Bulletin_2007/table_0154.csv,quarantined_tables/043_Health_Bulletin_2007/table_0154.csv,6,3,review_required,placeholder_headers;high_internal_blank_ratio,ok,
extracted_tables/043_Health_Bulletin_2007/table_0155.csv,quarantined_tables/043_Health_Bulletin_2007/table_0155.csv,10,8,review_required,placeholder_headers,ok,
extracted_tables/043_Health_Bulletin_2007/table_0156.csv,quarantined_tables/043_Health_Bulletin_2007/table_0156.csv,44,5,review_required,placeholder_headers;high_internal_blank_ratio,ok,
extracted_tables/043_Health_Bulletin_2007/table_0157.csv,quarantined_tables/043_Health_Bulletin_2007/table_0157.csv,48,4,review_required,placeholder_headers,ok,
extracted_tables/043_Health_Bulletin_2007/table_0158.csv,quarantined_tables/043_Health_Bulletin_2007/table_0158.csv,48,4,review_required,placeholder_headers,ok,
extracted_tables/043_Health_Bulletin_2007/table_0159.csv,quarantined_tables/043_Health_Bulletin_2007/table_0159.csv,48,4,review_required,placeholder_headers,ok,
extracted_tables/043_Health_Bulletin_2007/table_0160.csv,quarantined_tables/043_Health_Bulletin_2007/table_0160.csv,48,4,review_required,placeholder_headers,ok,
extracted_tables/043_Health_Bulletin_2007/table_0161.csv,quarantined_tables/043_Health_Bulletin_2007/table_0161.csv,19,4,review_required,placeholder_headers,ok,
extracted_tables/043_Health_Bulletin_2007/table_0162.csv,quarantined_tables/043_Health_Bulletin_2007/table_0162.csv,9,4,review_required,placeholder_headers;high_internal_blank_ratio,ok,
extracted_tables/043_Health_Bulletin_2007/table_0163.csv,quarantined_tables/043_Health_Bulletin_2007/table_0163.csv,38,5,review_required,placeholder_headers;high_internal_blank_ratio,ok,
extracted_tables/043_Health_Bulletin_2007/table_0164.csv,quarantined_tables/043_Health_Bulletin_2007/table_0164.csv,47,5,review_required,placeholder_headers;high_internal_blank_ratio,ok,
extracted_tables/043_Health_Bulletin_2007/table_0165.csv,quarantined_tables/043_Health_Bulletin_2007/table_0165.csv,51,5,review_required,placeholder_headers;high_internal_blank_ratio,ok,
extracted_tables/043_Health_Bulletin_2007/table_0166.csv,quarantined_tables/043_Health_Bulletin_2007/table_0166.csv,51,5,review_required,placeholder_headers;high_internal_blank_ratio,ok,
extracted_tables/043_Health_Bulletin_2007/table_0167.csv,quarantined_tables/043_Health_Bulletin_2007/table_0167.csv,50,5,review_required,placeholder_headers;high_internal_blank_ratio,ok,
extracted_tables/043_Health_Bulletin_2007/table_0168.csv,quarantined_tables/043_Health_Bulletin_2007/table_0168.csv,51,5,review_required,placeholder_headers;high_internal_blank_ratio,ok,
extracted_tables/043_Health_Bulletin_2007/table_0169.csv,quarantined_tables/043_Health_Bulletin_2007/table_0169.csv,49,5,review_required,placeholder_headers;high_internal_blank_ratio,ok,
extracted_tables/043_Health_Bulletin_2007/table_0170.csv,quarantined_tables/043_Health_Bulletin_2007/table_0170.csv,49,5,review_required,placeholder_headers;high_internal_blank_ratio,ok,
extracted_tables/043_Health_Bulletin_2007/table_0171.csv,quarantined_tables/043_Health_Bulletin_2007/table_0171.csv,51,5,review_required,placeholder_headers;high_internal_blank_ratio,ok,
extracted_tables/043_Health_Bulletin_2007/table_0172.csv,quarantined_tables/043_Health_Bulletin_2007/table_0172.csv,48,5,review_required,placeholder_headers;high_internal_blank_ratio,ok,
extracted_tables/043_Health_Bulletin_2007/table_0173.csv,quarantined_tables/043_Health_Bulletin_2007/table_0173.csv,51,5,review_required,placeholder_headers;high_internal_blank_ratio,ok,
extracted_tables/043_Health_Bulletin_2007/table_0174.csv,quarantined_tables/043_Health_Bulletin_2007/table_0174.csv,50,5,review_required,placeholder_headers;high_internal_blank_ratio,ok,
extracted_tables/043_Health_Bulletin_2007/table_0175.csv,quarantined_tables/043_Health_Bulletin_2007/table_0175.csv,51,5,review_required,placeholder_headers;high_internal_blank_ratio,ok,
extracted_tables/043_Health_Bulletin_2007/table_0176.csv,quarantined_tables/043_Health_Bulletin_2007/table_0176.csv,51,5,review_required,placeholder_headers;high_internal_blank_ratio,ok,
extracted_tables/043_Health_Bulletin_2007/table_0177.csv,quarantined_tables/043_Health_Bulletin_2007/table_0177.csv,51,5,review_required,placeholder_headers;high_internal_blank_ratio,ok,
extracted_tables/043_Health_Bulletin_2007/table_0178.csv,quarantined_tables/043_Health_Bulletin_2007/table_0178.csv,51,5,review_required,placeholder_headers;high_internal_blank_ratio,ok,
extracted_tables/043_Health_Bulletin_2007/table_0179.csv,quarantined_tables/043_Health_Bulletin_2007/table_0179.csv,51,5,review_required,placeholder_headers;high_internal_blank_ratio,ok,
extracted_tables/043_Health_Bulletin_2007/table_0180.csv,quarantined_tables/043_Health_Bulletin_2007/table_0180.csv,51,5,review_required,placeholder_headers;high_internal_blank_ratio,ok,
extracted_tables/043_Health_Bulletin_2007/table_0181.csv,quarantined_tables/043_Health_Bulletin_2007/table_0181.csv,51,5,review_required,placeholder_headers;high_internal_blank_ratio,ok,
extracted_tables/043_Health_Bulletin_2007/table_0182.csv,quarantined_tables/043_Health_Bulletin_2007/table_0182.csv,50,5,review_required,placeholder_headers;high_internal_blank_ratio,ok,
extracted_tables/043_Health_Bulletin_2007/table_0183.csv,quarantined_tables/043_Health_Bulletin_2007/table_0183.csv,51,5,review_required,placeholder_headers;high_internal_blank_ratio,ok,
extracted_tables/043_Health_Bulletin_2007/table_0184.csv,quarantined_tables/043_Health_Bulletin_2007/table_0184.csv,15,5,review_required,placeholder_headers;high_internal_blank_ratio,ok,
extracted_tables/043_Health_Bulletin_2007/table_0185.csv,quarantined_tables/043_Health_Bulletin_2007/table_0185.csv,40,5,review_required,placeholder_headers;high_internal_blank_ratio,ok,
extracted_tables/043_Health_Bulletin_2007/table_0186.csv,quarantined_tables/043_Health_Bulletin_2007/table_0186.csv,38,5,review_required,placeholder_headers;high_internal_blank_ratio,ok,
extracted_tables/043_Health_Bulletin_2007/table_0187.csv,quarantined_tables/043_Health_Bulletin_2007/table_0187.csv,19,4,review_required,placeholder_headers,ok,
extracted_tables/043_Health_Bulletin_2007/table_0188.csv,quarantined_tables/043_Health_Bulletin_2007/table_0188.csv,14,5,review_required,placeholder_headers;high_internal_blank_ratio,ok,
extracted_tables/043_Health_Bulletin_2007/table_0189.csv,quarantined_tables/043_Health_Bulletin_2007/table_0189.csv,35,6,review_required,placeholder_headers;high_internal_blank_ratio,ok,
extracted_tables/043_Health_Bulletin_2007/table_0190.csv,quarantined_tables/043_Health_Bulletin_2007/table_0190.csv,30,5,review_required,placeholder_headers;high_internal_blank_ratio,ok,
extracted_tables/043_Health_Bulletin_2007/table_0191.csv,quarantined_tables/043_Health_Bulletin_2007/table_0191.csv,46,6,review_required,placeholder_headers,ok,
extracted_tables/043_Health_Bulletin_2007/table_0192.csv,quarantined_tables/043_Health_Bulletin_2007/table_0192.csv,48,6,review_required,placeholder_headers,ok,
extracted_tables/043_Health_Bulletin_2007/table_0193.csv,quarantined_tables/043_Health_Bulletin_2007/table_0193.csv,48,6,review_required,placeholder_headers,ok,
extracted_tables/043_Health_Bulletin_2007/table_0194.csv,quarantined_tables/043_Health_Bulletin_2007/table_0194.csv,48,6,review_required,placeholder_headers,ok,
extracted_tables/043_Health_Bulletin_2007/table_0195.csv,quarantined_tables/043_Health_Bulletin_2007/table_0195.csv,48,6,review_required,placeholder_headers,ok,
extracted_tables/043_Health_Bulletin_2007/table_0196.csv,quarantined_tables/043_Health_Bulletin_2007/table_0196.csv,48,6,review_required,placeholder_headers,ok,
extracted_tables/043_Health_Bulletin_2007/table_0197.csv,quarantined_tables/043_Health_Bulletin_2007/table_0197.csv,48,6,review_required,placeholder_headers,ok,
extracted_tables/043_Health_Bulletin_2007/table_0198.csv,quarantined_tables/043_Health_Bulletin_2007/table_0198.csv,48,6,review_required,placeholder_headers,ok,
extracted_tables/043_Health_Bulletin_2007/table_0199.csv,quarantined_tables/043_Health_Bulletin_2007/table_0199.csv,48,6,review_required,placeholder_headers,ok,
extracted_tables/043_Health_Bulletin_2007/table_0200.csv,quarantined_tables/043_Health_Bulletin_2007/table_0200.csv,48,6,review_required,placeholder_headers,ok,
extracted_tables/043_Health_Bulletin_2007/table_0201.csv,quarantined_tables/043_Health_Bulletin_2007/table_0201.csv,48,6,review_required,placeholder_headers,ok,
extracted_tables/043_Health_Bulletin_2007/table_0202.csv,quarantined_tables/043_Health_Bulletin_2007/table_0202.csv,48,6,review_required,placeholder_headers,ok,
extracted_tables/043_Health_Bulletin_2007/table_0203.csv,quarantined_tables/043_Health_Bulletin_2007/table_0203.csv,48,6,review_required,placeholder_headers,ok,
extracted_tables/043_Health_Bulletin_2007/table_0204.csv,quarantined_tables/043_Health_Bulletin_2007/table_0204.csv,48,6,review_required,placeholder_headers,ok,
extracted_tables/043_Health_Bulletin_2007/table_0205.csv,quarantined_tables/043_Health_Bulletin_2007/table_0205.csv,48,6,review_required,placeholder_headers,ok,
extracted_tables/043_Health_Bulletin_2007/table_0206.csv,quarantined_tables/043_Health_Bulletin_2007/table_0206.csv,48,6,review_required,placeholder_headers,ok,
extracted_tables/043_Health_Bulletin_2007/table_0207.csv,quarantined_tables/043_Health_Bulletin_2007/table_0207.csv,26,6,review_required,placeholder_headers,ok,
extracted_tables/043_Health_Bulletin_2007/table_0208.csv,quarantined_tables/043_Health_Bulletin_2007/table_0208.csv,20,15,review_required,placeholder_headers;high_internal_blank_ratio,ok,
extracted_tables/043_Health_Bulletin_2007/table_0209.csv,quarantined_tables/043_Health_Bulletin_2007/table_0209.csv,21,15,review_required,placeholder_headers;high_internal_blank_ratio,ok,
extracted_tables/043_Health_Bulletin_2007/table_0210.csv,quarantined_tables/043_Health_Bulletin_2007/table_0210.csv,14,14,review_required,placeholder_headers;high_internal_blank_ratio,ok,
extracted_tables/043_Health_Bulletin_2007/table_0211.csv,quarantined_tables/043_Health_Bulletin_2007/table_0211.csv,21,15,review_required,placeholder_headers;high_internal_blank_ratio,ok,
extracted_tables/043_Health_Bulletin_2007/table_0212.csv,quarantined_tables/043_Health_Bulletin_2007/table_0212.csv,18,15,review_required,placeholder_headers;high_internal_blank_ratio,ok,
extracted_tables/043_Health_Bulletin_2007/table_0213.csv,quarantined_tables/043_Health_Bulletin_2007/table_0213.csv,16,15,review_required,placeholder_headers;high_internal_blank_ratio,ok,
extracted_tables/043_Health_Bulletin_2007/table_0214.csv,quarantined_tables/043_Health_Bulletin_2007/table_0214.csv,16,15,review_required,placeholder_headers;high_internal_blank_ratio,ok,
extracted_tables/043_Health_Bulletin_2007/table_0215.csv,quarantined_tables/043_Health_Bulletin_2007/table_0215.csv,45,10,review_required,placeholder_headers;high_internal_blank_ratio,ok,
extracted_tables/043_Health_Bulletin_2007/table_0216.csv,quarantined_tables/043_Health_Bulletin_2007/table_0216.csv,38,10,review_required,placeholder_headers;high_internal_blank_ratio,ok,
extracted_tables/043_Health_Bulletin_2007/table_0217.csv,quarantined_tables/043_Health_Bulletin_2007/table_0217.csv,13,16,review_required,placeholder_headers;high_internal_blank_ratio,ok,
extracted_tables/043_Health_Bulletin_2007/table_0218.csv,quarantined_tables/043_Health_Bulletin_2007/table_0218.csv,13,16,review_required,placeholder_headers;high_internal_blank_ratio,ok,
extracted_tables/043_Health_Bulletin_2007/table_0219.csv,quarantined_tables/043_Health_Bulletin_2007/table_0219.csv,6,15,review_required,placeholder_headers;high_internal_blank_ratio,ok,
extracted_tables/043_Health_Bulletin_2007/table_0220.csv,quarantined_tables/043_Health_Bulletin_2007/table_0220.csv,13,16,review_required,placeholder_headers;high_internal_blank_ratio,ok,
extracted_tables/043_Health_Bulletin_2007/table_0221.csv,quarantined_tables/043_Health_Bulletin_2007/table_0221.csv,15,16,review_required,placeholder_headers;high_internal_blank_ratio,ok,
extracted_tables/043_Health_Bulletin_2007/table_0222.csv,quarantined_tables/043_Health_Bulletin_2007/table_0222.csv,16,16,review_required,placeholder_headers;high_internal_blank_ratio,ok,
extracted_tables/043_Health_Bulletin_2007/table_0223.csv,quarantined_tables/043_Health_Bulletin_2007/table_0223.csv,18,16,review_required,placeholder_headers;high_internal_blank_ratio,ok,
extracted_tables/043_Health_Bulletin_2007/table_0224.csv,quarantined_tables/043_Health_Bulletin_2007/table_0224.csv,19,16,review_required,placeholder_headers;high_internal_blank_ratio,ok,
extracted_tables/043_Health_Bulletin_2007/table_0225.csv,quarantined_tables/043_Health_Bulletin_2007/table_0225.csv,7,14,review_required,placeholder_headers;high_internal_blank_ratio,ok,
extracted_tables/043_Health_Bulletin_2007/table_0226.csv,quarantined_tables/043_Health_Bulletin_2007/table_0226.csv,21,16,review_required,placeholder_headers;high_internal_blank_ratio,ok,
extracted_tables/043_Health_Bulletin_2007/table_0227.csv,quarantined_tables/043_Health_Bulletin_2007/table_0227.csv,31,15,review_required,placeholder_headers;high_internal_blank_ratio,ok,
extracted_tables/043_Health_Bulletin_2007/table_0228.csv,quarantined_tables/043_Health_Bulletin_2007/table_0228.csv,8,15,review_required,placeholder_headers;high_internal_blank_ratio,ok,
extracted_tables/043_Health_Bulletin_2007/table_0229.csv,quarantined_tables/043_Health_Bulletin_2007/table_0229.csv,44,14,review_required,placeholder_headers;high_internal_blank_ratio,ok,
extracted_tables/043_Health_Bulletin_2007/table_0230.csv,quarantined_tables/043_Health_Bulletin_2007/table_0230.csv,39,14,review_required,placeholder_headers;high_internal_blank_ratio,ok,
extracted_tables/044_EMP_for_Medical_Gas_System_SSKMCH_COVID-19/table_001.csv,quarantined_tables/044_EMP_for_Medical_Gas_System_SSKMCH_COVID-19/table_001.csv,7,2,review_required,placeholder_headers;high_internal_blank_ratio,ok,
extracted_tables/044_EMP_for_Medical_Gas_System_SSKMCH_COVID-19/table_002.csv,quarantined_tables/044_EMP_for_Medical_Gas_System_SSKMCH_COVID-19/table_002.csv,5,2,review_required,placeholder_headers;high_internal_blank_ratio,ok,
extracted_tables/044_EMP_for_Medical_Gas_System_SSKMCH_COVID-19/table_003.csv,quarantined_tables/044_EMP_for_Medical_Gas_System_SSKMCH_COVID-19/table_003.csv,7,2,review_required,placeholder_headers;high_internal_blank_ratio,ok,
extracted_tables/044_EMP_for_Medical_Gas_System_SSKMCH_COVID-19/table_004.csv,quarantined_tables/044_EMP_for_Medical_Gas_System_SSKMCH_COVID-19/table_004.csv,6,2,review_required,placeholder_headers;high_internal_blank_ratio,ok,
extracted_tables/044_EMP_for_Medical_Gas_System_SSKMCH_COVID-19/table_005.csv,quarantined_tables/044_EMP_for_Medical_Gas_System_SSKMCH_COVID-19/table_005.csv,9,11,review_required,placeholder_headers;high_internal_blank_ratio,ok,
extracted_tables/044_EMP_for_Medical_Gas_System_SSKMCH_COVID-19/table_006.csv,quarantined_tables/044_EMP_for_Medical_Gas_System_SSKMCH_COVID-19/table_006.csv,6,10,review_required,placeholder_headers;high_internal_blank_ratio,ok,
extracted_tables/044_EMP_for_Medical_Gas_System_SSKMCH_COVID-19/table_007.csv,quarantined_tables/044_EMP_for_Medical_Gas_System_SSKMCH_COVID-19/table_007.csv,8,11,review_required,placeholder_headers;high_internal_blank_ratio,ok,
extracted_tables/044_EMP_for_Medical_Gas_System_SSKMCH_COVID-19/table_008.csv,quarantined_tables/044_EMP_for_Medical_Gas_System_SSKMCH_COVID-19/table_008.csv,6,10,review_required,placeholder_headers;high_internal_blank_ratio,ok,
extracted_tables/044_EMP_for_Medical_Gas_System_SSKMCH_COVID-19/table_009.csv,quarantined_tables/044_EMP_for_Medical_Gas_System_SSKMCH_COVID-19/table_009.csv,45,10,review_required,placeholder_headers;high_internal_blank_ratio,ok,
extracted_tables/044_EMP_for_Medical_Gas_System_SSKMCH_COVID-19/table_010.csv,quarantined_tables/044_EMP_for_Medical_Gas_System_SSKMCH_COVID-19/table_010.csv,7,2,review_required,placeholder_headers;high_internal_blank_ratio,ok,
extracted_tables/044_EMP_for_Medical_Gas_System_SSKMCH_COVID-19/table_011.csv,quarantined_tables/044_EMP_for_Medical_Gas_System_SSKMCH_COVID-19/table_011.csv,8,1,rejected,empty_or_single_column,ok,
extracted_tables/044_EMP_for_Medical_Gas_System_SSKMCH_COVID-19/table_012.csv,quarantined_tables/044_EMP_for_Medical_Gas_System_SSKMCH_COVID-19/table_012.csv,10,6,review_required,placeholder_headers;high_internal_blank_ratio,ok,
extracted_tables/044_EMP_for_Medical_Gas_System_SSKMCH_COVID-19/table_013.csv,quarantined_tables/044_EMP_for_Medical_Gas_System_SSKMCH_COVID-19/table_013.csv,16,2,review_required,placeholder_headers;high_internal_blank_ratio,ok,
extracted_tables/044_EMP_for_Medical_Gas_System_SSKMCH_COVID-19/table_014.csv,quarantined_tables/044_EMP_for_Medical_Gas_System_SSKMCH_COVID-19/table_014.csv,17,3,review_required,placeholder_headers;high_internal_blank_ratio,ok,
extracted_tables/045_EMP_for_50_Bed_Isolation_and_10_Bed_ICU_SSKMCH/table_001.csv,quarantined_tables/045_EMP_for_50_Bed_Isolation_and_10_Bed_ICU_SSKMCH/table_001.csv,5,2,review_required,placeholder_headers;high_internal_blank_ratio,ok,
extracted_tables/045_EMP_for_50_Bed_Isolation_and_10_Bed_ICU_SSKMCH/table_002.csv,quarantined_tables/045_EMP_for_50_Bed_Isolation_and_10_Bed_ICU_SSKMCH/table_002.csv,5,2,review_required,placeholder_headers;high_internal_blank_ratio,ok,
extracted_tables/045_EMP_for_50_Bed_Isolation_and_10_Bed_ICU_SSKMCH/table_003.csv,quarantined_tables/045_EMP_for_50_Bed_Isolation_and_10_Bed_ICU_SSKMCH/table_003.csv,7,2,review_required,placeholder_headers;high_internal_blank_ratio,ok,
extracted_tables/045_EMP_for_50_Bed_Isolation_and_10_Bed_ICU_SSKMCH/table_004.csv,quarantined_tables/045_EMP_for_50_Bed_Isolation_and_10_Bed_ICU_SSKMCH/table_004.csv,9,11,review_required,placeholder_headers;high_internal_blank_ratio,ok,
extracted_tables/045_EMP_for_50_Bed_Isolation_and_10_Bed_ICU_SSKMCH/table_005.csv,quarantined_tables/045_EMP_for_50_Bed_Isolation_and_10_Bed_ICU_SSKMCH/table_005.csv,7,10,review_required,placeholder_headers;high_internal_blank_ratio,ok,
extracted_tables/045_EMP_for_50_Bed_Isolation_and_10_Bed_ICU_SSKMCH/table_006.csv,quarantined_tables/045_EMP_for_50_Bed_Isolation_and_10_Bed_ICU_SSKMCH/table_006.csv,8,11,review_required,placeholder_headers;high_internal_blank_ratio,ok,
extracted_tables/045_EMP_for_50_Bed_Isolation_and_10_Bed_ICU_SSKMCH/table_007.csv,quarantined_tables/045_EMP_for_50_Bed_Isolation_and_10_Bed_ICU_SSKMCH/table_007.csv,41,10,review_required,placeholder_headers;high_internal_blank_ratio,ok,
extracted_tables/046_Semi-Annual_Environmental_Monitoring_Report_for_CREAP_July_-_December_2023/table_001.csv,quarantined_tables/046_Semi-Annual_Environmental_Monitoring_Report_for_CREAP_July_-_December_2023/table_001.csv,28,14,review_required,placeholder_headers;high_internal_blank_ratio,ok,
extracted_tables/046_Semi-Annual_Environmental_Monitoring_Report_for_CREAP_July_-_December_2023/table_002.csv,quarantined_tables/046_Semi-Annual_Environmental_Monitoring_Report_for_CREAP_July_-_December_2023/table_002.csv,9,14,review_required,placeholder_headers;high_internal_blank_ratio,ok,
extracted_tables/046_Semi-Annual_Environmental_Monitoring_Report_for_CREAP_July_-_December_2023/table_003.csv,quarantined_tables/046_Semi-Annual_Environmental_Monitoring_Report_for_CREAP_July_-_December_2023/table_003.csv,37,6,review_required,placeholder_headers;high_internal_blank_ratio,ok,
extracted_tables/046_Semi-Annual_Environmental_Monitoring_Report_for_CREAP_July_-_December_2023/table_004.csv,quarantined_tables/046_Semi-Annual_Environmental_Monitoring_Report_for_CREAP_July_-_December_2023/table_004.csv,8,5,review_required,placeholder_headers,ok,
extracted_tables/046_Semi-Annual_Environmental_Monitoring_Report_for_CREAP_July_-_December_2023/table_005.csv,quarantined_tables/046_Semi-Annual_Environmental_Monitoring_Report_for_CREAP_July_-_December_2023/table_005.csv,15,6,review_required,placeholder_headers;high_internal_blank_ratio,ok,
extracted_tables/046_Semi-Annual_Environmental_Monitoring_Report_for_CREAP_July_-_December_2023/table_006.csv,quarantined_tables/046_Semi-Annual_Environmental_Monitoring_Report_for_CREAP_July_-_December_2023/table_006.csv,16,4,review_required,placeholder_headers;high_internal_blank_ratio,ok,
extracted_tables/046_Semi-Annual_Environmental_Monitoring_Report_for_CREAP_July_-_December_2023/table_007.csv,quarantined_tables/046_Semi-Annual_Environmental_Monitoring_Report_for_CREAP_July_-_December_2023/table_007.csv,13,4,review_required,placeholder_headers;high_internal_blank_ratio,ok,
extracted_tables/046_Semi-Annual_Environmental_Monitoring_Report_for_CREAP_July_-_December_2023/table_008.csv,quarantined_tables/046_Semi-Annual_Environmental_Monitoring_Report_for_CREAP_July_-_December_2023/table_008.csv,9,5,review_required,placeholder_headers,ok,
extracted_tables/046_Semi-Annual_Environmental_Monitoring_Report_for_CREAP_July_-_December_2023/table_009.csv,quarantined_tables/046_Semi-Annual_Environmental_Monitoring_Report_for_CREAP_July_-_December_2023/table_009.csv,10,5,review_required,placeholder_headers;high_internal_blank_ratio,ok,
extracted_tables/046_Semi-Annual_Environmental_Monitoring_Report_for_CREAP_July_-_December_2023/table_010.csv,quarantined_tables/046_Semi-Annual_Environmental_Monitoring_Report_for_CREAP_July_-_December_2023/table_010.csv,16,5,review_required,placeholder_headers;high_internal_blank_ratio,ok,
extracted_tables/046_Semi-Annual_Environmental_Monitoring_Report_for_CREAP_July_-_December_2023/table_011.csv,quarantined_tables/046_Semi-Annual_Environmental_Monitoring_Report_for_CREAP_July_-_December_2023/table_011.csv,13,5,review_required,placeholder_headers;high_internal_blank_ratio,ok,
extracted_tables/046_Semi-Annual_Environmental_Monitoring_Report_for_CREAP_July_-_December_2023/table_012.csv,quarantined_tables/046_Semi-Annual_Environmental_Monitoring_Report_for_CREAP_July_-_December_2023/table_012.csv,6,10,review_required,placeholder_headers;high_internal_blank_ratio,ok,
extracted_tables/046_Semi-Annual_Environmental_Monitoring_Report_for_CREAP_July_-_December_2023/table_013.csv,quarantined_tables/046_Semi-Annual_Environmental_Monitoring_Report_for_CREAP_July_-_December_2023/table_013.csv,7,9,review_required,placeholder_headers;high_internal_blank_ratio,ok,
extracted_tables/046_Semi-Annual_Environmental_Monitoring_Report_for_CREAP_July_-_December_2023/table_014.csv,quarantined_tables/046_Semi-Annual_Environmental_Monitoring_Report_for_CREAP_July_-_December_2023/table_014.csv,6,10,review_required,placeholder_headers;high_internal_blank_ratio,ok,
extracted_tables/046_Semi-Annual_Environmental_Monitoring_Report_for_CREAP_July_-_December_2023/table_015.csv,quarantined_tables/046_Semi-Annual_Environmental_Monitoring_Report_for_CREAP_July_-_December_2023/table_015.csv,7,9,review_required,placeholder_headers;high_internal_blank_ratio,ok,
extracted_tables/046_Semi-Annual_Environmental_Monitoring_Report_for_CREAP_July_-_December_2023/table_016.csv,quarantined_tables/046_Semi-Annual_Environmental_Monitoring_Report_for_CREAP_July_-_December_2023/table_016.csv,6,10,review_required,placeholder_headers;high_internal_blank_ratio,ok,
extracted_tables/046_Semi-Annual_Environmental_Monitoring_Report_for_CREAP_July_-_December_2023/table_017.csv,quarantined_tables/046_Semi-Annual_Environmental_Monitoring_Report_for_CREAP_July_-_December_2023/table_017.csv,7,10,review_required,placeholder_headers;high_internal_blank_ratio,ok,
extracted_tables/046_Semi-Annual_Environmental_Monitoring_Report_for_CREAP_July_-_December_2023/table_018.csv,quarantined_tables/046_Semi-Annual_Environmental_Monitoring_Report_for_CREAP_July_-_December_2023/table_018.csv,6,10,review_required,placeholder_headers;high_internal_blank_ratio,ok,
extracted_tables/046_Semi-Annual_Environmental_Monitoring_Report_for_CREAP_July_-_December_2023/table_019.csv,quarantined_tables/046_Semi-Annual_Environmental_Monitoring_Report_for_CREAP_July_-_December_2023/table_019.csv,6,9,review_required,placeholder_headers;high_internal_blank_ratio,ok,
extracted_tables/046_Semi-Annual_Environmental_Monitoring_Report_for_CREAP_July_-_December_2023/table_020.csv,quarantined_tables/046_Semi-Annual_Environmental_Monitoring_Report_for_CREAP_July_-_December_2023/table_020.csv,5,10,review_required,placeholder_headers;high_internal_blank_ratio,ok,
extracted_tables/046_Semi-Annual_Environmental_Monitoring_Report_for_CREAP_July_-_December_2023/table_021.csv,quarantined_tables/046_Semi-Annual_Environmental_Monitoring_Report_for_CREAP_July_-_December_2023/table_021.csv,9,4,review_required,placeholder_headers,ok,
extracted_tables/046_Semi-Annual_Environmental_Monitoring_Report_for_CREAP_July_-_December_2023/table_022.csv,quarantined_tables/046_Semi-Annual_Environmental_Monitoring_Report_for_CREAP_July_-_December_2023/table_022.csv,7,2,review_required,placeholder_headers,ok,
extracted_tables/046_Semi-Annual_Environmental_Monitoring_Report_for_CREAP_July_-_December_2023/table_023.csv,quarantined_tables/046_Semi-Annual_Environmental_Monitoring_Report_for_CREAP_July_-_December_2023/table_023.csv,5,5,review_required,placeholder_headers,ok,
extracted_tables/046_Semi-Annual_Environmental_Monitoring_Report_for_CREAP_July_-_December_2023/table_024.csv,quarantined_tables/046_Semi-Annual_Environmental_Monitoring_Report_for_CREAP_July_-_December_2023/table_024.csv,14,5,review_required,placeholder_headers,ok,
extracted_tables/046_Semi-Annual_Environmental_Monitoring_Report_for_CREAP_July_-_December_2023/table_025.csv,quarantined_tables/046_Semi-Annual_Environmental_Monitoring_Report_for_CREAP_July_-_December_2023/table_025.csv,9,3,review_required,placeholder_headers,ok,
extracted_tables/046_Semi-Annual_Environmental_Monitoring_Report_for_CREAP_July_-_December_2023/table_026.csv,quarantined_tables/046_Semi-Annual_Environmental_Monitoring_Report_for_CREAP_July_-_December_2023/table_026.csv,11,5,review_required,placeholder_headers;high_internal_blank_ratio,ok,
extracted_tables/046_Semi-Annual_Environmental_Monitoring_Report_for_CREAP_July_-_December_2023/table_027.csv,quarantined_tables/046_Semi-Annual_Environmental_Monitoring_Report_for_CREAP_July_-_December_2023/table_027.csv,13,17,review_required,placeholder_headers;high_internal_blank_ratio,ok,
extracted_tables/046_Semi-Annual_Environmental_Monitoring_Report_for_CREAP_July_-_December_2023/table_028.csv,quarantined_tables/046_Semi-Annual_Environmental_Monitoring_Report_for_CREAP_July_-_December_2023/table_028.csv,11,17,review_required,placeholder_headers;high_internal_blank_ratio,ok,
extracted_tables/046_Semi-Annual_Environmental_Monitoring_Report_for_CREAP_July_-_December_2023/table_029.csv,quarantined_tables/046_Semi-Annual_Environmental_Monitoring_Report_for_CREAP_July_-_December_2023/table_029.csv,5,15,review_required,placeholder_headers;high_internal_blank_ratio,ok,
extracted_tables/046_Semi-Annual_Environmental_Monitoring_Report_for_CREAP_July_-_December_2023/table_030.csv,quarantined_tables/046_Semi-Annual_Environmental_Monitoring_Report_for_CREAP_July_-_December_2023/table_030.csv,7,8,review_required,placeholder_headers,ok,
extracted_tables/046_Semi-Annual_Environmental_Monitoring_Report_for_CREAP_July_-_December_2023/table_031.csv,quarantined_tables/046_Semi-Annual_Environmental_Monitoring_Report_for_CREAP_July_-_December_2023/table_031.csv,2,1,rejected,empty_or_single_column,ok,
extracted_tables/046_Semi-Annual_Environmental_Monitoring_Report_for_CREAP_July_-_December_2023/table_032.csv,quarantined_tables/046_Semi-Annual_Environmental_Monitoring_Report_for_CREAP_July_-_December_2023/table_032.csv,8,3,review_required,placeholder_headers,ok,
extracted_tables/046_Semi-Annual_Environmental_Monitoring_Report_for_CREAP_July_-_December_2023/table_033.csv,quarantined_tables/046_Semi-Annual_Environmental_Monitoring_Report_for_CREAP_July_-_December_2023/table_033.csv,6,4,review_required,placeholder_headers,ok,
extracted_tables/046_Semi-Annual_Environmental_Monitoring_Report_for_CREAP_July_-_December_2023/table_034.csv,quarantined_tables/046_Semi-Annual_Environmental_Monitoring_Report_for_CREAP_July_-_December_2023/table_034.csv,7,5,review_required,placeholder_headers,ok,
extracted_tables/046_Semi-Annual_Environmental_Monitoring_Report_for_CREAP_July_-_December_2023/table_035.csv,quarantined_tables/046_Semi-Annual_Environmental_Monitoring_Report_for_CREAP_July_-_December_2023/table_035.csv,26,5,review_required,placeholder_headers;high_internal_blank_ratio,ok,
extracted_tables/046_Semi-Annual_Environmental_Monitoring_Report_for_CREAP_July_-_December_2023/table_036.csv,quarantined_tables/046_Semi-Annual_Environmental_Monitoring_Report_for_CREAP_July_-_December_2023/table_036.csv,6,2,review_required,placeholder_headers;high_internal_blank_ratio,ok,
extracted_tables/046_Semi-Annual_Environmental_Monitoring_Report_for_CREAP_July_-_December_2023/table_037.csv,quarantined_tables/046_Semi-Annual_Environmental_Monitoring_Report_for_CREAP_July_-_December_2023/table_037.csv,8,10,review_required,placeholder_headers;high_internal_blank_ratio,ok,
extracted_tables/046_Semi-Annual_Environmental_Monitoring_Report_for_CREAP_July_-_December_2023/table_038.csv,quarantined_tables/046_Semi-Annual_Environmental_Monitoring_Report_for_CREAP_July_-_December_2023/table_038.csv,6,11,review_required,placeholder_headers;high_internal_blank_ratio,ok,
extracted_tables/046_Semi-Annual_Environmental_Monitoring_Report_for_CREAP_July_-_December_2023/table_039.csv,quarantined_tables/046_Semi-Annual_Environmental_Monitoring_Report_for_CREAP_July_-_December_2023/table_039.csv,6,10,review_required,placeholder_headers;high_internal_blank_ratio,ok,
extracted_tables/046_Semi-Annual_Environmental_Monitoring_Report_for_CREAP_July_-_December_2023/table_040.csv,quarantined_tables/046_Semi-Annual_Environmental_Monitoring_Report_for_CREAP_July_-_December_2023/table_040.csv,7,10,review_required,placeholder_headers;high_internal_blank_ratio,ok,
extracted_tables/046_Semi-Annual_Environmental_Monitoring_Report_for_CREAP_July_-_December_2023/table_041.csv,quarantined_tables/046_Semi-Annual_Environmental_Monitoring_Report_for_CREAP_July_-_December_2023/table_041.csv,6,11,review_required,placeholder_headers;high_internal_blank_ratio,ok,
extracted_tables/046_Semi-Annual_Environmental_Monitoring_Report_for_CREAP_July_-_December_2023/table_042.csv,quarantined_tables/046_Semi-Annual_Environmental_Monitoring_Report_for_CREAP_July_-_December_2023/table_042.csv,5,10,review_required,placeholder_headers;high_internal_blank_ratio,ok,
extracted_tables/046_Semi-Annual_Environmental_Monitoring_Report_for_CREAP_July_-_December_2023/table_043.csv,quarantined_tables/046_Semi-Annual_Environmental_Monitoring_Report_for_CREAP_July_-_December_2023/table_043.csv,10,11,review_required,placeholder_headers;high_internal_blank_ratio,ok,
extracted_tables/046_Semi-Annual_Environmental_Monitoring_Report_for_CREAP_July_-_December_2023/table_044.csv,quarantined_tables/046_Semi-Annual_Environmental_Monitoring_Report_for_CREAP_July_-_December_2023/table_044.csv,8,11,review_required,placeholder_headers;high_internal_blank_ratio,ok,
extracted_tables/046_Semi-Annual_Environmental_Monitoring_Report_for_CREAP_July_-_December_2023/table_045.csv,quarantined_tables/046_Semi-Annual_Environmental_Monitoring_Report_for_CREAP_July_-_December_2023/table_045.csv,8,10,review_required,placeholder_headers;high_internal_blank_ratio,ok,
extracted_tables/046_Semi-Annual_Environmental_Monitoring_Report_for_CREAP_July_-_December_2023/table_046.csv,quarantined_tables/046_Semi-Annual_Environmental_Monitoring_Report_for_CREAP_July_-_December_2023/table_046.csv,6,10,review_required,placeholder_headers;high_internal_blank_ratio,ok,
extracted_tables/046_Semi-Annual_Environmental_Monitoring_Report_for_CREAP_July_-_December_2023/table_047.csv,quarantined_tables/046_Semi-Annual_Environmental_Monitoring_Report_for_CREAP_July_-_December_2023/table_047.csv,8,11,review_required,placeholder_headers;high_internal_blank_ratio,ok,
extracted_tables/046_Semi-Annual_Environmental_Monitoring_Report_for_CREAP_July_-_December_2023/table_048.csv,quarantined_tables/046_Semi-Annual_Environmental_Monitoring_Report_for_CREAP_July_-_December_2023/table_048.csv,7,10,review_required,placeholder_headers;high_internal_blank_ratio,ok,
extracted_tables/046_Semi-Annual_Environmental_Monitoring_Report_for_CREAP_July_-_December_2023/table_049.csv,quarantined_tables/046_Semi-Annual_Environmental_Monitoring_Report_for_CREAP_July_-_December_2023/table_049.csv,6,10,review_required,placeholder_headers;high_internal_blank_ratio,ok,
extracted_tables/046_Semi-Annual_Environmental_Monitoring_Report_for_CREAP_July_-_December_2023/table_050.csv,quarantined_tables/046_Semi-Annual_Environmental_Monitoring_Report_for_CREAP_July_-_December_2023/table_050.csv,39,5,review_required,placeholder_headers;high_internal_blank_ratio,ok,
extracted_tables/046_Semi-Annual_Environmental_Monitoring_Report_for_CREAP_July_-_December_2023/table_051.csv,quarantined_tables/046_Semi-Annual_Environmental_Monitoring_Report_for_CREAP_July_-_December_2023/table_051.csv,15,5,review_required,placeholder_headers;high_internal_blank_ratio,ok,
extracted_tables/046_Semi-Annual_Environmental_Monitoring_Report_for_CREAP_July_-_December_2023/table_052.csv,quarantined_tables/046_Semi-Annual_Environmental_Monitoring_Report_for_CREAP_July_-_December_2023/table_052.csv,2,1,rejected,empty_or_single_column,ok,
extracted_tables/046_Semi-Annual_Environmental_Monitoring_Report_for_CREAP_July_-_December_2023/table_053.csv,quarantined_tables/046_Semi-Annual_Environmental_Monitoring_Report_for_CREAP_July_-_December_2023/table_053.csv,2,1,rejected,empty_or_single_column,ok,
extracted_tables/046_Semi-Annual_Environmental_Monitoring_Report_for_CREAP_July_-_December_2023/table_054.csv,quarantined_tables/046_Semi-Annual_Environmental_Monitoring_Report_for_CREAP_July_-_December_2023/table_054.csv,2,1,rejected,empty_or_single_column,ok,
extracted_tables/046_Semi-Annual_Environmental_Monitoring_Report_for_CREAP_July_-_December_2023/table_055.csv,quarantined_tables/046_Semi-Annual_Environmental_Monitoring_Report_for_CREAP_July_-_December_2023/table_055.csv,7,1,rejected,empty_or_single_column,ok,
extracted_tables/046_Semi-Annual_Environmental_Monitoring_Report_for_CREAP_July_-_December_2023/table_056.csv,quarantined_tables/046_Semi-Annual_Environmental_Monitoring_Report_for_CREAP_July_-_December_2023/table_056.csv,11,3,review_required,placeholder_headers,ok,
extracted_tables/047_Semi-annual_Environmental_Monitoring_Report_Jan-June-2020/table_001.csv,quarantined_tables/047_Semi-annual_Environmental_Monitoring_Report_Jan-June-2020/table_001.csv,14,4,review_required,placeholder_headers;high_internal_blank_ratio,ok,
extracted_tables/047_Semi-annual_Environmental_Monitoring_Report_Jan-June-2020/table_002.csv,quarantined_tables/047_Semi-annual_Environmental_Monitoring_Report_Jan-June-2020/table_002.csv,15,4,review_required,placeholder_headers;high_internal_blank_ratio,ok,
extracted_tables/047_Semi-annual_Environmental_Monitoring_Report_Jan-June-2020/table_003.csv,quarantined_tables/047_Semi-annual_Environmental_Monitoring_Report_Jan-June-2020/table_003.csv,6,4,review_required,placeholder_headers;high_internal_blank_ratio,ok,
extracted_tables/047_Semi-annual_Environmental_Monitoring_Report_Jan-June-2020/table_004.csv,quarantined_tables/047_Semi-annual_Environmental_Monitoring_Report_Jan-June-2020/table_004.csv,5,8,review_required,placeholder_headers;high_internal_blank_ratio,ok,
extracted_tables/047_Semi-annual_Environmental_Monitoring_Report_Jan-June-2020/table_005.csv,quarantined_tables/047_Semi-annual_Environmental_Monitoring_Report_Jan-June-2020/table_005.csv,8,3,review_required,placeholder_headers,ok,
extracted_tables/047_Semi-annual_Environmental_Monitoring_Report_Jan-June-2020/table_006.csv,quarantined_tables/047_Semi-annual_Environmental_Monitoring_Report_Jan-June-2020/table_006.csv,5,3,review_required,placeholder_headers;high_internal_blank_ratio,ok,
extracted_tables/047_Semi-annual_Environmental_Monitoring_Report_Jan-June-2020/table_007.csv,quarantined_tables/047_Semi-annual_Environmental_Monitoring_Report_Jan-June-2020/table_007.csv,7,3,review_required,placeholder_headers;high_internal_blank_ratio,ok,
extracted_tables/047_Semi-annual_Environmental_Monitoring_Report_Jan-June-2020/table_008.csv,quarantined_tables/047_Semi-annual_Environmental_Monitoring_Report_Jan-June-2020/table_008.csv,9,3,review_required,placeholder_headers;high_internal_blank_ratio,ok,
extracted_tables/047_Semi-annual_Environmental_Monitoring_Report_Jan-June-2020/table_009.csv,quarantined_tables/047_Semi-annual_Environmental_Monitoring_Report_Jan-June-2020/table_009.csv,5,3,review_required,placeholder_headers;high_internal_blank_ratio,ok,
extracted_tables/048_Semi-annual_Environmental_Monitoring_Report_July-December-2020/table_001.csv,quarantined_tables/048_Semi-annual_Environmental_Monitoring_Report_July-December-2020/table_001.csv,14,4,review_required,placeholder_headers;high_internal_blank_ratio,ok,
extracted_tables/048_Semi-annual_Environmental_Monitoring_Report_July-December-2020/table_002.csv,quarantined_tables/048_Semi-annual_Environmental_Monitoring_Report_July-December-2020/table_002.csv,14,4,review_required,placeholder_headers;high_internal_blank_ratio,ok,
extracted_tables/048_Semi-annual_Environmental_Monitoring_Report_July-December-2020/table_003.csv,quarantined_tables/048_Semi-annual_Environmental_Monitoring_Report_July-December-2020/table_003.csv,5,4,review_required,placeholder_headers;high_internal_blank_ratio,ok,
extracted_tables/048_Semi-annual_Environmental_Monitoring_Report_July-December-2020/table_004.csv,quarantined_tables/048_Semi-annual_Environmental_Monitoring_Report_July-December-2020/table_004.csv,5,8,review_required,placeholder_headers;high_internal_blank_ratio,ok,
extracted_tables/048_Semi-annual_Environmental_Monitoring_Report_July-December-2020/table_005.csv,quarantined_tables/048_Semi-annual_Environmental_Monitoring_Report_July-December-2020/table_005.csv,11,7,review_required,placeholder_headers;high_internal_blank_ratio,ok,
extracted_tables/048_Semi-annual_Environmental_Monitoring_Report_July-December-2020/table_006.csv,quarantined_tables/048_Semi-annual_Environmental_Monitoring_Report_July-December-2020/table_006.csv,12,7,review_required,placeholder_headers;high_internal_blank_ratio,ok,
extracted_tables/048_Semi-annual_Environmental_Monitoring_Report_July-December-2020/table_007.csv,quarantined_tables/048_Semi-annual_Environmental_Monitoring_Report_July-December-2020/table_007.csv,5,7,review_required,placeholder_headers;high_internal_blank_ratio,ok,
extracted_tables/048_Semi-annual_Environmental_Monitoring_Report_July-December-2020/table_008.csv,quarantined_tables/048_Semi-annual_Environmental_Monitoring_Report_July-December-2020/table_008.csv,8,3,review_required,placeholder_headers,ok,
extracted_tables/048_Semi-annual_Environmental_Monitoring_Report_July-December-2020/table_009.csv,quarantined_tables/048_Semi-annual_Environmental_Monitoring_Report_July-December-2020/table_009.csv,5,5,review_required,placeholder_headers;high_internal_blank_ratio,ok,
extracted_tables/048_Semi-annual_Environmental_Monitoring_Report_July-December-2020/table_010.csv,quarantined_tables/048_Semi-annual_Environmental_Monitoring_Report_July-December-2020/table_010.csv,7,5,review_required,placeholder_headers;high_internal_blank_ratio,ok,
extracted_tables/048_Semi-annual_Environmental_Monitoring_Report_July-December-2020/table_011.csv,quarantined_tables/048_Semi-annual_Environmental_Monitoring_Report_July-December-2020/table_011.csv,9,6,review_required,placeholder_headers;high_internal_blank_ratio,ok,
extracted_tables/048_Semi-annual_Environmental_Monitoring_Report_July-December-2020/table_012.csv,quarantined_tables/048_Semi-annual_Environmental_Monitoring_Report_July-December-2020/table_012.csv,5,5,review_required,placeholder_headers;high_internal_blank_ratio,ok,
extracted_tables/049_Semi-annual_Environmental_Monitoring_Report_January-June-2021/table_001.csv,quarantined_tables/049_Semi-annual_Environmental_Monitoring_Report_January-June-2021/table_001.csv,14,4,review_required,placeholder_headers;high_internal_blank_ratio,ok,
extracted_tables/049_Semi-annual_Environmental_Monitoring_Report_January-June-2021/table_002.csv,quarantined_tables/049_Semi-annual_Environmental_Monitoring_Report_January-June-2021/table_002.csv,14,4,review_required,placeholder_headers;high_internal_blank_ratio,ok,
extracted_tables/049_Semi-annual_Environmental_Monitoring_Report_January-June-2021/table_003.csv,quarantined_tables/049_Semi-annual_Environmental_Monitoring_Report_January-June-2021/table_003.csv,5,4,review_required,placeholder_headers;high_internal_blank_ratio,ok,
extracted_tables/049_Semi-annual_Environmental_Monitoring_Report_January-June-2021/table_004.csv,quarantined_tables/049_Semi-annual_Environmental_Monitoring_Report_January-June-2021/table_004.csv,5,8,review_required,placeholder_headers;high_internal_blank_ratio,ok,
extracted_tables/049_Semi-annual_Environmental_Monitoring_Report_January-June-2021/table_005.csv,quarantined_tables/049_Semi-annual_Environmental_Monitoring_Report_January-June-2021/table_005.csv,12,7,review_required,placeholder_headers;high_internal_blank_ratio,ok,
extracted_tables/049_Semi-annual_Environmental_Monitoring_Report_January-June-2021/table_006.csv,quarantined_tables/049_Semi-annual_Environmental_Monitoring_Report_January-June-2021/table_006.csv,5,7,review_required,placeholder_headers;high_internal_blank_ratio,ok,
extracted_tables/049_Semi-annual_Environmental_Monitoring_Report_January-June-2021/table_007.csv,quarantined_tables/049_Semi-annual_Environmental_Monitoring_Report_January-June-2021/table_007.csv,8,3,review_required,placeholder_headers,ok,
extracted_tables/049_Semi-annual_Environmental_Monitoring_Report_January-June-2021/table_008.csv,quarantined_tables/049_Semi-annual_Environmental_Monitoring_Report_January-June-2021/table_008.csv,5,3,review_required,placeholder_headers;high_internal_blank_ratio,ok,
extracted_tables/049_Semi-annual_Environmental_Monitoring_Report_January-June-2021/table_009.csv,quarantined_tables/049_Semi-annual_Environmental_Monitoring_Report_January-June-2021/table_009.csv,7,3,review_required,placeholder_headers;high_internal_blank_ratio,ok,
extracted_tables/049_Semi-annual_Environmental_Monitoring_Report_January-June-2021/table_010.csv,quarantined_tables/049_Semi-annual_Environmental_Monitoring_Report_January-June-2021/table_010.csv,9,3,review_required,placeholder_headers;high_internal_blank_ratio,ok,
extracted_tables/049_Semi-annual_Environmental_Monitoring_Report_January-June-2021/table_011.csv,quarantined_tables/049_Semi-annual_Environmental_Monitoring_Report_January-June-2021/table_011.csv,5,3,review_required,placeholder_headers;high_internal_blank_ratio,ok,
extracted_tables/050_Semi-annual_Environmental_Monitoring_Report_July_to_December_2021/table_001.csv,quarantined_tables/050_Semi-annual_Environmental_Monitoring_Report_July_to_December_2021/table_001.csv,26,11,review_required,placeholder_headers;high_internal_blank_ratio,ok,
extracted_tables/050_Semi-annual_Environmental_Monitoring_Report_July_to_December_2021/table_002.csv,quarantined_tables/050_Semi-annual_Environmental_Monitoring_Report_July_to_December_2021/table_002.csv,5,11,review_required,placeholder_headers;high_internal_blank_ratio,ok,
extracted_tables/050_Semi-annual_Environmental_Monitoring_Report_July_to_December_2021/table_003.csv,quarantined_tables/050_Semi-annual_Environmental_Monitoring_Report_July_to_December_2021/table_003.csv,5,11,review_required,placeholder_headers;high_internal_blank_ratio,ok,
extracted_tables/050_Semi-annual_Environmental_Monitoring_Report_July_to_December_2021/table_004.csv,quarantined_tables/050_Semi-annual_Environmental_Monitoring_Report_July_to_December_2021/table_004.csv,5,11,review_required,placeholder_headers;high_internal_blank_ratio,ok,
extracted_tables/050_Semi-annual_Environmental_Monitoring_Report_July_to_December_2021/table_005.csv,quarantined_tables/050_Semi-annual_Environmental_Monitoring_Report_July_to_December_2021/table_005.csv,37,6,review_required,placeholder_headers;high_internal_blank_ratio,ok,
extracted_tables/050_Semi-annual_Environmental_Monitoring_Report_July_to_December_2021/table_006.csv,quarantined_tables/050_Semi-annual_Environmental_Monitoring_Report_July_to_December_2021/table_006.csv,8,5,review_required,placeholder_headers,ok,
extracted_tables/050_Semi-annual_Environmental_Monitoring_Report_July_to_December_2021/table_007.csv,quarantined_tables/050_Semi-annual_Environmental_Monitoring_Report_July_to_December_2021/table_007.csv,15,6,review_required,placeholder_headers;high_internal_blank_ratio,ok,
extracted_tables/050_Semi-annual_Environmental_Monitoring_Report_July_to_December_2021/table_008.csv,quarantined_tables/050_Semi-annual_Environmental_Monitoring_Report_July_to_December_2021/table_008.csv,17,4,review_required,placeholder_headers;high_internal_blank_ratio,ok,
extracted_tables/050_Semi-annual_Environmental_Monitoring_Report_July_to_December_2021/table_009.csv,quarantined_tables/050_Semi-annual_Environmental_Monitoring_Report_July_to_December_2021/table_009.csv,13,4,review_required,placeholder_headers;high_internal_blank_ratio,ok,
extracted_tables/050_Semi-annual_Environmental_Monitoring_Report_July_to_December_2021/table_010.csv,quarantined_tables/050_Semi-annual_Environmental_Monitoring_Report_July_to_December_2021/table_010.csv,6,4,review_required,placeholder_headers,ok,
extracted_tables/050_Semi-annual_Environmental_Monitoring_Report_July_to_December_2021/table_011.csv,quarantined_tables/050_Semi-annual_Environmental_Monitoring_Report_July_to_December_2021/table_011.csv,8,10,review_required,placeholder_headers;high_internal_blank_ratio,ok,
extracted_tables/050_Semi-annual_Environmental_Monitoring_Report_July_to_December_2021/table_012.csv,quarantined_tables/050_Semi-annual_Environmental_Monitoring_Report_July_to_December_2021/table_012.csv,6,11,review_required,placeholder_headers;high_internal_blank_ratio,ok,
extracted_tables/050_Semi-annual_Environmental_Monitoring_Report_July_to_December_2021/table_013.csv,quarantined_tables/050_Semi-annual_Environmental_Monitoring_Report_July_to_December_2021/table_013.csv,6,10,review_required,placeholder_headers;high_internal_blank_ratio,ok,
extracted_tables/050_Semi-annual_Environmental_Monitoring_Report_July_to_December_2021/table_014.csv,quarantined_tables/050_Semi-annual_Environmental_Monitoring_Report_July_to_December_2021/table_014.csv,3,1,rejected,empty_or_single_column,ok,
extracted_tables/050_Semi-annual_Environmental_Monitoring_Report_July_to_December_2021/table_015.csv,quarantined_tables/050_Semi-annual_Environmental_Monitoring_Report_July_to_December_2021/table_015.csv,3,1,rejected,empty_or_single_column,ok,
extracted_tables/051_Semi-annual_Environmental_Monitoring_Report_January_to_June_2022/table_001.csv,quarantined_tables/051_Semi-annual_Environmental_Monitoring_Report_January_to_June_2022/table_001.csv,24,14,review_required,placeholder_headers;high_internal_blank_ratio,ok,
extracted_tables/051_Semi-annual_Environmental_Monitoring_Report_January_to_June_2022/table_002.csv,quarantined_tables/051_Semi-annual_Environmental_Monitoring_Report_January_to_June_2022/table_002.csv,20,14,review_required,placeholder_headers;high_internal_blank_ratio,ok,
extracted_tables/051_Semi-annual_Environmental_Monitoring_Report_January_to_June_2022/table_003.csv,quarantined_tables/051_Semi-annual_Environmental_Monitoring_Report_January_to_June_2022/table_003.csv,8,5,review_required,placeholder_headers,ok,
extracted_tables/051_Semi-annual_Environmental_Monitoring_Report_January_to_June_2022/table_004.csv,quarantined_tables/051_Semi-annual_Environmental_Monitoring_Report_January_to_June_2022/table_004.csv,16,4,review_required,placeholder_headers;high_internal_blank_ratio,ok,
extracted_tables/051_Semi-annual_Environmental_Monitoring_Report_January_to_June_2022/table_005.csv,quarantined_tables/051_Semi-annual_Environmental_Monitoring_Report_January_to_June_2022/table_005.csv,13,4,review_required,placeholder_headers;high_internal_blank_ratio,ok,
extracted_tables/051_Semi-annual_Environmental_Monitoring_Report_January_to_June_2022/table_006.csv,quarantined_tables/051_Semi-annual_Environmental_Monitoring_Report_January_to_June_2022/table_006.csv,7,4,review_required,placeholder_headers,ok,
extracted_tables/051_Semi-annual_Environmental_Monitoring_Report_January_to_June_2022/table_007.csv,quarantined_tables/051_Semi-annual_Environmental_Monitoring_Report_January_to_June_2022/table_007.csv,16,4,review_required,placeholder_headers,ok,
extracted_tables/051_Semi-annual_Environmental_Monitoring_Report_January_to_June_2022/table_008.csv,quarantined_tables/051_Semi-annual_Environmental_Monitoring_Report_January_to_June_2022/table_008.csv,5,4,review_required,placeholder_headers,ok,
extracted_tables/051_Semi-annual_Environmental_Monitoring_Report_January_to_June_2022/table_009.csv,quarantined_tables/051_Semi-annual_Environmental_Monitoring_Report_January_to_June_2022/table_009.csv,40,5,review_required,placeholder_headers;high_internal_blank_ratio,ok,
extracted_tables/051_Semi-annual_Environmental_Monitoring_Report_January_to_June_2022/table_010.csv,quarantined_tables/051_Semi-annual_Environmental_Monitoring_Report_January_to_June_2022/table_010.csv,2,1,rejected,empty_or_single_column,ok,
extracted_tables/051_Semi-annual_Environmental_Monitoring_Report_January_to_June_2022/table_011.csv,quarantined_tables/051_Semi-annual_Environmental_Monitoring_Report_January_to_June_2022/table_011.csv,16,6,review_required,placeholder_headers;high_internal_blank_ratio,ok,
extracted_tables/051_Semi-annual_Environmental_Monitoring_Report_January_to_June_2022/table_012.csv,quarantined_tables/051_Semi-annual_Environmental_Monitoring_Report_January_to_June_2022/table_012.csv,22,6,review_required,placeholder_headers;high_internal_blank_ratio,ok,
extracted_tables/051_Semi-annual_Environmental_Monitoring_Report_January_to_June_2022/table_013.csv,quarantined_tables/051_Semi-annual_Environmental_Monitoring_Report_January_to_June_2022/table_013.csv,9,7,review_required,placeholder_headers;high_internal_blank_ratio,ok,
extracted_tables/052_Semi-annual_Environmental_Monitoring_Report_July_to_December_2022/table_001.csv,quarantined_tables/052_Semi-annual_Environmental_Monitoring_Report_July_to_December_2022/table_001.csv,25,14,review_required,placeholder_headers;high_internal_blank_ratio,ok,
extracted_tables/052_Semi-annual_Environmental_Monitoring_Report_July_to_December_2022/table_002.csv,quarantined_tables/052_Semi-annual_Environmental_Monitoring_Report_July_to_December_2022/table_002.csv,25,14,review_required,placeholder_headers;high_internal_blank_ratio,ok,
extracted_tables/052_Semi-annual_Environmental_Monitoring_Report_July_to_December_2022/table_003.csv,quarantined_tables/052_Semi-annual_Environmental_Monitoring_Report_July_to_December_2022/table_003.csv,10,14,review_required,placeholder_headers;high_internal_blank_ratio,ok,
extracted_tables/052_Semi-annual_Environmental_Monitoring_Report_July_to_December_2022/table_004.csv,quarantined_tables/052_Semi-annual_Environmental_Monitoring_Report_July_to_December_2022/table_004.csv,7,10,review_required,placeholder_headers;high_internal_blank_ratio,ok,
extracted_tables/052_Semi-annual_Environmental_Monitoring_Report_July_to_December_2022/table_005.csv,quarantined_tables/052_Semi-annual_Environmental_Monitoring_Report_July_to_December_2022/table_005.csv,6,9,review_required,placeholder_headers;high_internal_blank_ratio,ok,
extracted_tables/052_Semi-annual_Environmental_Monitoring_Report_July_to_December_2022/table_006.csv,quarantined_tables/052_Semi-annual_Environmental_Monitoring_Report_July_to_December_2022/table_006.csv,7,8,review_required,placeholder_headers;high_internal_blank_ratio,ok,
extracted_tables/052_Semi-annual_Environmental_Monitoring_Report_July_to_December_2022/table_007.csv,quarantined_tables/052_Semi-annual_Environmental_Monitoring_Report_July_to_December_2022/table_007.csv,8,4,review_required,placeholder_headers,ok,
extracted_tables/052_Semi-annual_Environmental_Monitoring_Report_July_to_December_2022/table_008.csv,quarantined_tables/052_Semi-annual_Environmental_Monitoring_Report_July_to_December_2022/table_008.csv,5,3,review_required,placeholder_headers,ok,
extracted_tables/052_Semi-annual_Environmental_Monitoring_Report_July_to_December_2022/table_009.csv,quarantined_tables/052_Semi-annual_Environmental_Monitoring_Report_July_to_December_2022/table_009.csv,12,6,review_required,placeholder_headers,ok,
extracted_tables/052_Semi-annual_Environmental_Monitoring_Report_July_to_December_2022/table_010.csv,quarantined_tables/052_Semi-annual_Environmental_Monitoring_Report_July_to_December_2022/table_010.csv,5,6,review_required,placeholder_headers,ok,
extracted_tables/052_Semi-annual_Environmental_Monitoring_Report_July_to_December_2022/table_011.csv,quarantined_tables/052_Semi-annual_Environmental_Monitoring_Report_July_to_December_2022/table_011.csv,2,1,rejected,empty_or_single_column,ok,
extracted_tables/052_Semi-annual_Environmental_Monitoring_Report_July_to_December_2022/table_012.csv,quarantined_tables/052_Semi-annual_Environmental_Monitoring_Report_July_to_December_2022/table_012.csv,5,4,review_required,placeholder_headers,ok,
extracted_tables/052_Semi-annual_Environmental_Monitoring_Report_July_to_December_2022/table_013.csv,quarantined_tables/052_Semi-annual_Environmental_Monitoring_Report_July_to_December_2022/table_013.csv,5,5,review_required,placeholder_headers,ok,
extracted_tables/052_Semi-annual_Environmental_Monitoring_Report_July_to_December_2022/table_014.csv,quarantined_tables/052_Semi-annual_Environmental_Monitoring_Report_July_to_December_2022/table_014.csv,11,11,review_required,placeholder_headers;high_internal_blank_ratio,ok,
extracted_tables/052_Semi-annual_Environmental_Monitoring_Report_July_to_December_2022/table_015.csv,quarantined_tables/052_Semi-annual_Environmental_Monitoring_Report_July_to_December_2022/table_015.csv,8,10,review_required,placeholder_headers;high_internal_blank_ratio,ok,
extracted_tables/052_Semi-annual_Environmental_Monitoring_Report_July_to_December_2022/table_016.csv,quarantined_tables/052_Semi-annual_Environmental_Monitoring_Report_July_to_December_2022/table_016.csv,8,10,review_required,placeholder_headers;high_internal_blank_ratio,ok,
extracted_tables/052_Semi-annual_Environmental_Monitoring_Report_July_to_December_2022/table_017.csv,quarantined_tables/052_Semi-annual_Environmental_Monitoring_Report_July_to_December_2022/table_017.csv,6,10,review_required,placeholder_headers;high_internal_blank_ratio,ok,
extracted_tables/052_Semi-annual_Environmental_Monitoring_Report_July_to_December_2022/table_018.csv,quarantined_tables/052_Semi-annual_Environmental_Monitoring_Report_July_to_December_2022/table_018.csv,8,11,review_required,placeholder_headers;high_internal_blank_ratio,ok,
extracted_tables/052_Semi-annual_Environmental_Monitoring_Report_July_to_December_2022/table_019.csv,quarantined_tables/052_Semi-annual_Environmental_Monitoring_Report_July_to_December_2022/table_019.csv,7,10,review_required,placeholder_headers;high_internal_blank_ratio,ok,
extracted_tables/052_Semi-annual_Environmental_Monitoring_Report_July_to_December_2022/table_020.csv,quarantined_tables/052_Semi-annual_Environmental_Monitoring_Report_July_to_December_2022/table_020.csv,6,10,review_required,placeholder_headers;high_internal_blank_ratio,ok,
extracted_tables/053_Semi-annual_Environmental_Monitoring_Report_January_-_June_2023/table_001.csv,quarantined_tables/053_Semi-annual_Environmental_Monitoring_Report_January_-_June_2023/table_001.csv,28,14,review_required,placeholder_headers;high_internal_blank_ratio,ok,
extracted_tables/053_Semi-annual_Environmental_Monitoring_Report_January_-_June_2023/table_002.csv,quarantined_tables/053_Semi-annual_Environmental_Monitoring_Report_January_-_June_2023/table_002.csv,9,14,review_required,placeholder_headers;high_internal_blank_ratio,ok,
extracted_tables/053_Semi-annual_Environmental_Monitoring_Report_January_-_June_2023/table_003.csv,quarantined_tables/053_Semi-annual_Environmental_Monitoring_Report_January_-_June_2023/table_003.csv,13,4,review_required,placeholder_headers;high_internal_blank_ratio,ok,
extracted_tables/053_Semi-annual_Environmental_Monitoring_Report_January_-_June_2023/table_004.csv,quarantined_tables/053_Semi-annual_Environmental_Monitoring_Report_January_-_June_2023/table_004.csv,19,5,review_required,placeholder_headers;high_internal_blank_ratio,ok,
extracted_tables/053_Semi-annual_Environmental_Monitoring_Report_January_-_June_2023/table_005.csv,quarantined_tables/053_Semi-annual_Environmental_Monitoring_Report_January_-_June_2023/table_005.csv,9,5,review_required,placeholder_headers,ok,
extracted_tables/053_Semi-annual_Environmental_Monitoring_Report_January_-_June_2023/table_006.csv,quarantined_tables/053_Semi-annual_Environmental_Monitoring_Report_January_-_June_2023/table_006.csv,5,3,review_required,placeholder_headers,ok,
extracted_tables/053_Semi-annual_Environmental_Monitoring_Report_January_-_June_2023/table_007.csv,quarantined_tables/053_Semi-annual_Environmental_Monitoring_Report_January_-_June_2023/table_007.csv,10,8,review_required,placeholder_headers;high_internal_blank_ratio,ok,
extracted_tables/053_Semi-annual_Environmental_Monitoring_Report_January_-_June_2023/table_008.csv,quarantined_tables/053_Semi-annual_Environmental_Monitoring_Report_January_-_June_2023/table_008.csv,11,8,review_required,placeholder_headers;high_internal_blank_ratio,ok,
extracted_tables/053_Semi-annual_Environmental_Monitoring_Report_January_-_June_2023/table_009.csv,quarantined_tables/053_Semi-annual_Environmental_Monitoring_Report_January_-_June_2023/table_009.csv,5,8,review_required,placeholder_headers,ok,
extracted_tables/053_Semi-annual_Environmental_Monitoring_Report_January_-_June_2023/table_010.csv,quarantined_tables/053_Semi-annual_Environmental_Monitoring_Report_January_-_June_2023/table_010.csv,2,1,rejected,empty_or_single_column,ok,
extracted_tables/053_Semi-annual_Environmental_Monitoring_Report_January_-_June_2023/table_011.csv,quarantined_tables/053_Semi-annual_Environmental_Monitoring_Report_January_-_June_2023/table_011.csv,6,3,review_required,placeholder_headers,ok,
extracted_tables/053_Semi-annual_Environmental_Monitoring_Report_January_-_June_2023/table_012.csv,quarantined_tables/053_Semi-annual_Environmental_Monitoring_Report_January_-_June_2023/table_012.csv,6,4,review_required,placeholder_headers,ok,
extracted_tables/053_Semi-annual_Environmental_Monitoring_Report_January_-_June_2023/table_013.csv,quarantined_tables/053_Semi-annual_Environmental_Monitoring_Report_January_-_June_2023/table_013.csv,7,5,review_required,placeholder_headers,ok,
extracted_tables/053_Semi-annual_Environmental_Monitoring_Report_January_-_June_2023/table_014.csv,quarantined_tables/053_Semi-annual_Environmental_Monitoring_Report_January_-_June_2023/table_014.csv,2,1,rejected,empty_or_single_column,ok,
extracted_tables/054_Environmental_Management_Plan_Medical_Gas_System_CMCH/table_001.csv,quarantined_tables/054_Environmental_Management_Plan_Medical_Gas_System_CMCH/table_001.csv,5,4,review_required,placeholder_headers;high_internal_blank_ratio,ok,
extracted_tables/054_Environmental_Management_Plan_Medical_Gas_System_CMCH/table_002.csv,quarantined_tables/054_Environmental_Management_Plan_Medical_Gas_System_CMCH/table_002.csv,7,4,review_required,placeholder_headers;high_internal_blank_ratio,ok,
extracted_tables/054_Environmental_Management_Plan_Medical_Gas_System_CMCH/table_003.csv,quarantined_tables/054_Environmental_Management_Plan_Medical_Gas_System_CMCH/table_003.csv,23,2,review_required,placeholder_headers;high_internal_blank_ratio,ok,
extracted_tables/054_Environmental_Management_Plan_Medical_Gas_System_CMCH/table_004.csv,quarantined_tables/054_Environmental_Management_Plan_Medical_Gas_System_CMCH/table_004.csv,12,2,review_required,placeholder_headers;high_internal_blank_ratio,ok,
extracted_tables/054_Environmental_Management_Plan_Medical_Gas_System_CMCH/table_005.csv,quarantined_tables/054_Environmental_Management_Plan_Medical_Gas_System_CMCH/table_005.csv,11,2,review_required,placeholder_headers;high_internal_blank_ratio,ok,
extracted_tables/054_Environmental_Management_Plan_Medical_Gas_System_CMCH/table_006.csv,quarantined_tables/054_Environmental_Management_Plan_Medical_Gas_System_CMCH/table_006.csv,6,10,review_required,placeholder_headers;high_internal_blank_ratio,ok,
extracted_tables/054_Environmental_Management_Plan_Medical_Gas_System_CMCH/table_007.csv,quarantined_tables/054_Environmental_Management_Plan_Medical_Gas_System_CMCH/table_007.csv,8,11,review_required,placeholder_headers;high_internal_blank_ratio,ok,
extracted_tables/054_Environmental_Management_Plan_Medical_Gas_System_CMCH/table_008.csv,quarantined_tables/054_Environmental_Management_Plan_Medical_Gas_System_CMCH/table_008.csv,6,10,review_required,placeholder_headers;high_internal_blank_ratio,ok,
extracted_tables/054_Environmental_Management_Plan_Medical_Gas_System_CMCH/table_009.csv,quarantined_tables/054_Environmental_Management_Plan_Medical_Gas_System_CMCH/table_009.csv,43,10,review_required,placeholder_headers;high_internal_blank_ratio,ok,
extracted_tables/055_Environmental_Management_Plan_Medical_Gas_System_CuMCH/table_001.csv,quarantined_tables/055_Environmental_Management_Plan_Medical_Gas_System_CuMCH/table_001.csv,8,4,review_required,placeholder_headers;high_internal_blank_ratio,ok,
extracted_tables/055_Environmental_Management_Plan_Medical_Gas_System_CuMCH/table_002.csv,quarantined_tables/055_Environmental_Management_Plan_Medical_Gas_System_CuMCH/table_002.csv,9,10,review_required,placeholder_headers;high_internal_blank_ratio,ok,
extracted_tables/055_Environmental_Management_Plan_Medical_Gas_System_CuMCH/table_003.csv,quarantined_tables/055_Environmental_Management_Plan_Medical_Gas_System_CuMCH/table_003.csv,7,9,review_required,placeholder_headers;high_internal_blank_ratio,ok,
extracted_tables/055_Environmental_Management_Plan_Medical_Gas_System_CuMCH/table_004.csv,quarantined_tables/055_Environmental_Management_Plan_Medical_Gas_System_CuMCH/table_004.csv,9,10,review_required,placeholder_headers;high_internal_blank_ratio,ok,
extracted_tables/055_Environmental_Management_Plan_Medical_Gas_System_CuMCH/table_005.csv,quarantined_tables/055_Environmental_Management_Plan_Medical_Gas_System_CuMCH/table_005.csv,8,9,review_required,placeholder_headers;high_internal_blank_ratio,ok,
extracted_tables/055_Environmental_Management_Plan_Medical_Gas_System_CuMCH/table_006.csv,quarantined_tables/055_Environmental_Management_Plan_Medical_Gas_System_CuMCH/table_006.csv,5,8,review_required,placeholder_headers;high_internal_blank_ratio,ok,
extracted_tables/055_Environmental_Management_Plan_Medical_Gas_System_CuMCH/table_007.csv,quarantined_tables/055_Environmental_Management_Plan_Medical_Gas_System_CuMCH/table_007.csv,20,4,review_required,placeholder_headers;high_internal_blank_ratio,ok,
extracted_tables/055_Environmental_Management_Plan_Medical_Gas_System_CuMCH/table_008.csv,quarantined_tables/055_Environmental_Management_Plan_Medical_Gas_System_CuMCH/table_008.csv,7,2,review_required,placeholder_headers;high_internal_blank_ratio,ok,
extracted_tables/055_Environmental_Management_Plan_Medical_Gas_System_CuMCH/table_009.csv,quarantined_tables/055_Environmental_Management_Plan_Medical_Gas_System_CuMCH/table_009.csv,8,1,rejected,empty_or_single_column,ok,
extracted_tables/055_Environmental_Management_Plan_Medical_Gas_System_CuMCH/table_010.csv,quarantined_tables/055_Environmental_Management_Plan_Medical_Gas_System_CuMCH/table_010.csv,7,1,rejected,empty_or_single_column,ok,
extracted_tables/055_Environmental_Management_Plan_Medical_Gas_System_CuMCH/table_011.csv,quarantined_tables/055_Environmental_Management_Plan_Medical_Gas_System_CuMCH/table_011.csv,10,6,review_required,placeholder_headers;high_internal_blank_ratio,ok,
extracted_tables/056_Environmental_Management_Plan_Medical_Gas_System_DMCH/table_001.csv,quarantined_tables/056_Environmental_Management_Plan_Medical_Gas_System_DMCH/table_001.csv,9,11,review_required,placeholder_headers;high_internal_blank_ratio,ok,
extracted_tables/056_Environmental_Management_Plan_Medical_Gas_System_DMCH/table_002.csv,quarantined_tables/056_Environmental_Management_Plan_Medical_Gas_System_DMCH/table_002.csv,6,10,review_required,placeholder_headers;high_internal_blank_ratio,ok,
extracted_tables/056_Environmental_Management_Plan_Medical_Gas_System_DMCH/table_003.csv,quarantined_tables/056_Environmental_Management_Plan_Medical_Gas_System_DMCH/table_003.csv,9,11,review_required,placeholder_headers;high_internal_blank_ratio,ok,
extracted_tables/056_Environmental_Management_Plan_Medical_Gas_System_DMCH/table_004.csv,quarantined_tables/056_Environmental_Management_Plan_Medical_Gas_System_DMCH/table_004.csv,5,10,review_required,placeholder_headers;high_internal_blank_ratio,ok,
extracted_tables/056_Environmental_Management_Plan_Medical_Gas_System_DMCH/table_005.csv,quarantined_tables/056_Environmental_Management_Plan_Medical_Gas_System_DMCH/table_005.csv,46,10,review_required,placeholder_headers;high_internal_blank_ratio,ok,
extracted_tables/057_Environmental_Management_Plan_Medical_Gas_System_KMCH/table_001.csv,quarantined_tables/057_Environmental_Management_Plan_Medical_Gas_System_KMCH/table_001.csv,21,2,review_required,placeholder_headers;high_internal_blank_ratio,ok,
extracted_tables/057_Environmental_Management_Plan_Medical_Gas_System_KMCH/table_002.csv,quarantined_tables/057_Environmental_Management_Plan_Medical_Gas_System_KMCH/table_002.csv,14,2,review_required,placeholder_headers;high_internal_blank_ratio,ok,
extracted_tables/057_Environmental_Management_Plan_Medical_Gas_System_KMCH/table_003.csv,quarantined_tables/057_Environmental_Management_Plan_Medical_Gas_System_KMCH/table_003.csv,6,10,review_required,placeholder_headers;high_internal_blank_ratio,ok,
extracted_tables/057_Environmental_Management_Plan_Medical_Gas_System_KMCH/table_004.csv,quarantined_tables/057_Environmental_Management_Plan_Medical_Gas_System_KMCH/table_004.csv,8,11,review_required,placeholder_headers;high_internal_blank_ratio,ok,
extracted_tables/057_Environmental_Management_Plan_Medical_Gas_System_KMCH/table_005.csv,quarantined_tables/057_Environmental_Management_Plan_Medical_Gas_System_KMCH/table_005.csv,6,10,review_required,placeholder_headers;high_internal_blank_ratio,ok,
extracted_tables/057_Environmental_Management_Plan_Medical_Gas_System_KMCH/table_006.csv,quarantined_tables/057_Environmental_Management_Plan_Medical_Gas_System_KMCH/table_006.csv,40,10,review_required,placeholder_headers;high_internal_blank_ratio,ok,
extracted_tables/058_Environmental_Management_Plan_Medical_Gas_System_MMCH/table_001.csv,quarantined_tables/058_Environmental_Management_Plan_Medical_Gas_System_MMCH/table_001.csv,9,11,review_required,placeholder_headers;high_internal_blank_ratio,ok,
extracted_tables/058_Environmental_Management_Plan_Medical_Gas_System_MMCH/table_002.csv,quarantined_tables/058_Environmental_Management_Plan_Medical_Gas_System_MMCH/table_002.csv,8,11,review_required,placeholder_headers;high_internal_blank_ratio,ok,
extracted_tables/058_Environmental_Management_Plan_Medical_Gas_System_MMCH/table_003.csv,quarantined_tables/058_Environmental_Management_Plan_Medical_Gas_System_MMCH/table_003.csv,7,10,review_required,placeholder_headers;high_internal_blank_ratio,ok,
extracted_tables/058_Environmental_Management_Plan_Medical_Gas_System_MMCH/table_004.csv,quarantined_tables/058_Environmental_Management_Plan_Medical_Gas_System_MMCH/table_004.csv,6,10,review_required,placeholder_headers;high_internal_blank_ratio,ok,
extracted_tables/058_Environmental_Management_Plan_Medical_Gas_System_MMCH/table_005.csv,quarantined_tables/058_Environmental_Management_Plan_Medical_Gas_System_MMCH/table_005.csv,45,10,review_required,placeholder_headers;high_internal_blank_ratio,ok,
extracted_tables/059_Environmental_Management_Plan_Medical_Gas_System_Mugdha/table_001.csv,quarantined_tables/059_Environmental_Management_Plan_Medical_Gas_System_Mugdha/table_001.csv,10,12,review_required,placeholder_headers;high_internal_blank_ratio,ok,
extracted_tables/059_Environmental_Management_Plan_Medical_Gas_System_Mugdha/table_002.csv,quarantined_tables/059_Environmental_Management_Plan_Medical_Gas_System_Mugdha/table_002.csv,8,11,review_required,placeholder_headers;high_internal_blank_ratio,ok,
extracted_tables/059_Environmental_Management_Plan_Medical_Gas_System_Mugdha/table_003.csv,quarantined_tables/059_Environmental_Management_Plan_Medical_Gas_System_Mugdha/table_003.csv,7,10,review_required,placeholder_headers;high_internal_blank_ratio,ok,
extracted_tables/059_Environmental_Management_Plan_Medical_Gas_System_Mugdha/table_004.csv,quarantined_tables/059_Environmental_Management_Plan_Medical_Gas_System_Mugdha/table_004.csv,5,10,review_required,placeholder_headers;high_internal_blank_ratio,ok,
extracted_tables/059_Environmental_Management_Plan_Medical_Gas_System_Mugdha/table_005.csv,quarantined_tables/059_Environmental_Management_Plan_Medical_Gas_System_Mugdha/table_005.csv,38,10,review_required,placeholder_headers;high_internal_blank_ratio,ok,
extracted_tables/059_Environmental_Management_Plan_Medical_Gas_System_Mugdha/table_006.csv,quarantined_tables/059_Environmental_Management_Plan_Medical_Gas_System_Mugdha/table_006.csv,13,10,review_required,placeholder_headers;high_internal_blank_ratio,ok,
extracted_tables/059_Environmental_Management_Plan_Medical_Gas_System_Mugdha/table_007.csv,quarantined_tables/059_Environmental_Management_Plan_Medical_Gas_System_Mugdha/table_007.csv,7,2,review_required,placeholder_headers;high_internal_blank_ratio,ok,
extracted_tables/060_Environmental_Management_Plan_Medical_Gas_System_SSMCH/table_001.csv,quarantined_tables/060_Environmental_Management_Plan_Medical_Gas_System_SSMCH/table_001.csv,9,11,review_required,placeholder_headers;high_internal_blank_ratio,ok,
extracted_tables/060_Environmental_Management_Plan_Medical_Gas_System_SSMCH/table_002.csv,quarantined_tables/060_Environmental_Management_Plan_Medical_Gas_System_SSMCH/table_002.csv,8,11,review_required,placeholder_headers;high_internal_blank_ratio,ok,
extracted_tables/060_Environmental_Management_Plan_Medical_Gas_System_SSMCH/table_003.csv,quarantined_tables/060_Environmental_Management_Plan_Medical_Gas_System_SSMCH/table_003.csv,7,10,review_required,placeholder_headers;high_internal_blank_ratio,ok,
extracted_tables/060_Environmental_Management_Plan_Medical_Gas_System_SSMCH/table_004.csv,quarantined_tables/060_Environmental_Management_Plan_Medical_Gas_System_SSMCH/table_004.csv,5,10,review_required,placeholder_headers;high_internal_blank_ratio,ok,
extracted_tables/060_Environmental_Management_Plan_Medical_Gas_System_SSMCH/table_005.csv,quarantined_tables/060_Environmental_Management_Plan_Medical_Gas_System_SSMCH/table_005.csv,48,10,review_required,placeholder_headers;high_internal_blank_ratio,ok,
extracted_tables/060_Environmental_Management_Plan_Medical_Gas_System_SSMCH/table_006.csv,quarantined_tables/060_Environmental_Management_Plan_Medical_Gas_System_SSMCH/table_006.csv,11,8,review_required,placeholder_headers;high_internal_blank_ratio,ok,
extracted_tables/061_Environmental_Management_Plan_Medical_Gas_RMCH/table_001.csv,quarantined_tables/061_Environmental_Management_Plan_Medical_Gas_RMCH/table_001.csv,7,2,review_required,placeholder_headers,ok,
extracted_tables/061_Environmental_Management_Plan_Medical_Gas_RMCH/table_002.csv,quarantined_tables/061_Environmental_Management_Plan_Medical_Gas_RMCH/table_002.csv,9,2,review_required,placeholder_headers;high_internal_blank_ratio,ok,
extracted_tables/061_Environmental_Management_Plan_Medical_Gas_RMCH/table_003.csv,quarantined_tables/061_Environmental_Management_Plan_Medical_Gas_RMCH/table_003.csv,19,2,review_required,placeholder_headers;high_internal_blank_ratio,ok,
extracted_tables/061_Environmental_Management_Plan_Medical_Gas_RMCH/table_004.csv,quarantined_tables/061_Environmental_Management_Plan_Medical_Gas_RMCH/table_004.csv,5,2,review_required,placeholder_headers;high_internal_blank_ratio,ok,
extracted_tables/061_Environmental_Management_Plan_Medical_Gas_RMCH/table_005.csv,quarantined_tables/061_Environmental_Management_Plan_Medical_Gas_RMCH/table_005.csv,9,11,review_required,placeholder_headers;high_internal_blank_ratio,ok,
extracted_tables/061_Environmental_Management_Plan_Medical_Gas_RMCH/table_006.csv,quarantined_tables/061_Environmental_Management_Plan_Medical_Gas_RMCH/table_006.csv,8,11,review_required,placeholder_headers;high_internal_blank_ratio,ok,
extracted_tables/061_Environmental_Management_Plan_Medical_Gas_RMCH/table_007.csv,quarantined_tables/061_Environmental_Management_Plan_Medical_Gas_RMCH/table_007.csv,7,10,review_required,placeholder_headers;high_internal_blank_ratio,ok,
extracted_tables/061_Environmental_Management_Plan_Medical_Gas_RMCH/table_008.csv,quarantined_tables/061_Environmental_Management_Plan_Medical_Gas_RMCH/table_008.csv,5,10,review_required,placeholder_headers;high_internal_blank_ratio,ok,
extracted_tables/061_Environmental_Management_Plan_Medical_Gas_RMCH/table_009.csv,quarantined_tables/061_Environmental_Management_Plan_Medical_Gas_RMCH/table_009.csv,7,2,review_required,placeholder_headers;high_internal_blank_ratio,ok,
extracted_tables/061_Environmental_Management_Plan_Medical_Gas_RMCH/table_010.csv,quarantined_tables/061_Environmental_Management_Plan_Medical_Gas_RMCH/table_010.csv,18,3,review_required,placeholder_headers;high_internal_blank_ratio,ok,
extracted_tables/062_Environmental_Management_Plan_PCR_Lab_DNCC/table_001.csv,quarantined_tables/062_Environmental_Management_Plan_PCR_Lab_DNCC/table_001.csv,9,11,review_required,placeholder_headers;high_internal_blank_ratio,ok,
extracted_tables/062_Environmental_Management_Plan_PCR_Lab_DNCC/table_002.csv,quarantined_tables/062_Environmental_Management_Plan_PCR_Lab_DNCC/table_002.csv,8,11,review_required,placeholder_headers;high_internal_blank_ratio,ok,
extracted_tables/062_Environmental_Management_Plan_PCR_Lab_DNCC/table_003.csv,quarantined_tables/062_Environmental_Management_Plan_PCR_Lab_DNCC/table_003.csv,7,10,review_required,placeholder_headers;high_internal_blank_ratio,ok,
extracted_tables/062_Environmental_Management_Plan_PCR_Lab_DNCC/table_004.csv,quarantined_tables/062_Environmental_Management_Plan_PCR_Lab_DNCC/table_004.csv,42,10,review_required,placeholder_headers;high_internal_blank_ratio,ok,
extracted_tables/062_Environmental_Management_Plan_PCR_Lab_DNCC/table_005.csv,quarantined_tables/062_Environmental_Management_Plan_PCR_Lab_DNCC/table_005.csv,11,10,review_required,placeholder_headers;high_internal_blank_ratio,ok,
extracted_tables/063_Environmental_Management_Plan_PCR_Lab_NIPSOM/table_001.csv,quarantined_tables/063_Environmental_Management_Plan_PCR_Lab_NIPSOM/table_001.csv,9,11,review_required,placeholder_headers;high_internal_blank_ratio,ok,
extracted_tables/063_Environmental_Management_Plan_PCR_Lab_NIPSOM/table_002.csv,quarantined_tables/063_Environmental_Management_Plan_PCR_Lab_NIPSOM/table_002.csv,8,11,review_required,placeholder_headers;high_internal_blank_ratio,ok,
extracted_tables/063_Environmental_Management_Plan_PCR_Lab_NIPSOM/table_003.csv,quarantined_tables/063_Environmental_Management_Plan_PCR_Lab_NIPSOM/table_003.csv,7,10,review_required,placeholder_headers;high_internal_blank_ratio,ok,
extracted_tables/063_Environmental_Management_Plan_PCR_Lab_NIPSOM/table_004.csv,quarantined_tables/063_Environmental_Management_Plan_PCR_Lab_NIPSOM/table_004.csv,43,10,review_required,placeholder_headers;high_internal_blank_ratio,ok,
extracted_tables/063_Environmental_Management_Plan_PCR_Lab_NIPSOM/table_005.csv,quarantined_tables/063_Environmental_Management_Plan_PCR_Lab_NIPSOM/table_005.csv,10,8,review_required,placeholder_headers;high_internal_blank_ratio,ok,
extracted_tables/064_Environmental_Assessment_and_Review_Framework__17_April_/table_001.csv,quarantined_tables/064_Environmental_Assessment_and_Review_Framework__17_April_/table_001.csv,8,5,review_required,placeholder_headers;high_internal_blank_ratio,ok,
extracted_tables/064_Environmental_Assessment_and_Review_Framework__17_April_/table_002.csv,quarantined_tables/064_Environmental_Assessment_and_Review_Framework__17_April_/table_002.csv,35,5,review_required,placeholder_headers;high_internal_blank_ratio,ok,
extracted_tables/064_Environmental_Assessment_and_Review_Framework__17_April_/table_003.csv,quarantined_tables/064_Environmental_Assessment_and_Review_Framework__17_April_/table_003.csv,7,4,review_required,placeholder_headers,ok,
extracted_tables/064_Environmental_Assessment_and_Review_Framework__17_April_/table_004.csv,quarantined_tables/064_Environmental_Assessment_and_Review_Framework__17_April_/table_004.csv,14,5,review_required,placeholder_headers;high_internal_blank_ratio,ok,
extracted_tables/064_Environmental_Assessment_and_Review_Framework__17_April_/table_005.csv,quarantined_tables/064_Environmental_Assessment_and_Review_Framework__17_April_/table_005.csv,5,3,review_required,placeholder_headers,ok,
extracted_tables/064_Environmental_Assessment_and_Review_Framework__17_April_/table_006.csv,quarantined_tables/064_Environmental_Assessment_and_Review_Framework__17_April_/table_006.csv,12,3,review_required,placeholder_headers,ok,
extracted_tables/064_Environmental_Assessment_and_Review_Framework__17_April_/table_007.csv,quarantined_tables/064_Environmental_Assessment_and_Review_Framework__17_April_/table_007.csv,6,4,review_required,placeholder_headers,ok,
extracted_tables/064_Environmental_Assessment_and_Review_Framework__17_April_/table_008.csv,quarantined_tables/064_Environmental_Assessment_and_Review_Framework__17_April_/table_008.csv,5,3,review_required,placeholder_headers,ok,
extracted_tables/064_Environmental_Assessment_and_Review_Framework__17_April_/table_009.csv,quarantined_tables/064_Environmental_Assessment_and_Review_Framework__17_April_/table_009.csv,6,3,review_required,placeholder_headers,ok,
extracted_tables/064_Environmental_Assessment_and_Review_Framework__17_April_/table_010.csv,quarantined_tables/064_Environmental_Assessment_and_Review_Framework__17_April_/table_010.csv,7,3,review_required,placeholder_headers,ok,
extracted_tables/064_Environmental_Assessment_and_Review_Framework__17_April_/table_011.csv,quarantined_tables/064_Environmental_Assessment_and_Review_Framework__17_April_/table_011.csv,5,3,review_required,placeholder_headers,ok,
extracted_tables/064_Environmental_Assessment_and_Review_Framework__17_April_/table_012.csv,quarantined_tables/064_Environmental_Assessment_and_Review_Framework__17_April_/table_012.csv,16,2,review_required,placeholder_headers;high_internal_blank_ratio,ok,
extracted_tables/064_Environmental_Assessment_and_Review_Framework__17_April_/table_013.csv,quarantined_tables/064_Environmental_Assessment_and_Review_Framework__17_April_/table_013.csv,5,3,review_required,placeholder_headers,ok,
extracted_tables/064_Environmental_Assessment_and_Review_Framework__17_April_/table_014.csv,quarantined_tables/064_Environmental_Assessment_and_Review_Framework__17_April_/table_014.csv,5,3,review_required,placeholder_headers,ok,
extracted_tables/064_Environmental_Assessment_and_Review_Framework__17_April_/table_015.csv,quarantined_tables/064_Environmental_Assessment_and_Review_Framework__17_April_/table_015.csv,8,3,review_required,placeholder_headers,ok,
extracted_tables/064_Environmental_Assessment_and_Review_Framework__17_April_/table_016.csv,quarantined_tables/064_Environmental_Assessment_and_Review_Framework__17_April_/table_016.csv,8,3,review_required,placeholder_headers,ok,
extracted_tables/064_Environmental_Assessment_and_Review_Framework__17_April_/table_017.csv,quarantined_tables/064_Environmental_Assessment_and_Review_Framework__17_April_/table_017.csv,6,3,review_required,placeholder_headers,ok,
extracted_tables/064_Environmental_Assessment_and_Review_Framework__17_April_/table_018.csv,quarantined_tables/064_Environmental_Assessment_and_Review_Framework__17_April_/table_018.csv,6,3,review_required,placeholder_headers;high_internal_blank_ratio,ok,
extracted_tables/064_Environmental_Assessment_and_Review_Framework__17_April_/table_019.csv,quarantined_tables/064_Environmental_Assessment_and_Review_Framework__17_April_/table_019.csv,6,3,review_required,placeholder_headers;high_internal_blank_ratio,ok,
extracted_tables/064_Environmental_Assessment_and_Review_Framework__17_April_/table_020.csv,quarantined_tables/064_Environmental_Assessment_and_Review_Framework__17_April_/table_020.csv,7,3,review_required,placeholder_headers,ok,
extracted_tables/064_Environmental_Assessment_and_Review_Framework__17_April_/table_021.csv,quarantined_tables/064_Environmental_Assessment_and_Review_Framework__17_April_/table_021.csv,31,5,review_required,placeholder_headers;high_internal_blank_ratio,ok,
extracted_tables/064_Environmental_Assessment_and_Review_Framework__17_April_/table_022.csv,quarantined_tables/064_Environmental_Assessment_and_Review_Framework__17_April_/table_022.csv,6,3,review_required,placeholder_headers,ok,
extracted_tables/064_Environmental_Assessment_and_Review_Framework__17_April_/table_023.csv,quarantined_tables/064_Environmental_Assessment_and_Review_Framework__17_April_/table_023.csv,6,3,review_required,placeholder_headers;high_internal_blank_ratio,ok,
extracted_tables/064_Environmental_Assessment_and_Review_Framework__17_April_/table_024.csv,quarantined_tables/064_Environmental_Assessment_and_Review_Framework__17_April_/table_024.csv,5,3,review_required,placeholder_headers;high_internal_blank_ratio,ok,
extracted_tables/064_Environmental_Assessment_and_Review_Framework__17_April_/table_025.csv,quarantined_tables/064_Environmental_Assessment_and_Review_Framework__17_April_/table_025.csv,8,3,review_required,placeholder_headers;high_internal_blank_ratio,ok,
extracted_tables/064_Environmental_Assessment_and_Review_Framework__17_April_/table_026.csv,quarantined_tables/064_Environmental_Assessment_and_Review_Framework__17_April_/table_026.csv,8,6,review_required,placeholder_headers;high_internal_blank_ratio,ok,
extracted_tables/064_Environmental_Assessment_and_Review_Framework__17_April_/table_027.csv,quarantined_tables/064_Environmental_Assessment_and_Review_Framework__17_April_/table_027.csv,8,1,rejected,empty_or_single_column,ok,
extracted_tables/064_Environmental_Assessment_and_Review_Framework__17_April_/table_028.csv,quarantined_tables/064_Environmental_Assessment_and_Review_Framework__17_April_/table_028.csv,10,6,review_required,placeholder_headers;high_internal_blank_ratio,ok,
extracted_tables/064_Environmental_Assessment_and_Review_Framework__17_April_/table_029.csv,quarantined_tables/064_Environmental_Assessment_and_Review_Framework__17_April_/table_029.csv,15,2,review_required,placeholder_headers;high_internal_blank_ratio,ok,
extracted_tables/064_Environmental_Assessment_and_Review_Framework__17_April_/table_030.csv,quarantined_tables/064_Environmental_Assessment_and_Review_Framework__17_April_/table_030.csv,17,6,review_required,placeholder_headers;high_internal_blank_ratio,ok,
extracted_tables/064_Environmental_Assessment_and_Review_Framework__17_April_/table_031.csv,quarantined_tables/064_Environmental_Assessment_and_Review_Framework__17_April_/table_031.csv,27,5,review_required,placeholder_headers,ok,
extracted_tables/064_Environmental_Assessment_and_Review_Framework__17_April_/table_032.csv,quarantined_tables/064_Environmental_Assessment_and_Review_Framework__17_April_/table_032.csv,29,5,review_required,placeholder_headers,ok,
extracted_tables/067_Information_on_Corona_hospitals_beds_and_others_/table_001.csv,quarantined_tables/067_Information_on_Corona_hospitals_beds_and_others_/table_001.csv,27,17,review_required,placeholder_headers,ok,
extracted_tables/067_Information_on_Corona_hospitals_beds_and_others_/table_002.csv,quarantined_tables/067_Information_on_Corona_hospitals_beds_and_others_/table_002.csv,29,17,review_required,placeholder_headers,ok,
extracted_tables/067_Information_on_Corona_hospitals_beds_and_others_/table_003.csv,quarantined_tables/067_Information_on_Corona_hospitals_beds_and_others_/table_003.csv,18,17,review_required,placeholder_headers;high_internal_blank_ratio,ok,
extracted_tables/067_Information_on_Corona_hospitals_beds_and_others_/table_004.csv,quarantined_tables/067_Information_on_Corona_hospitals_beds_and_others_/table_004.csv,53,17,review_required,placeholder_headers,ok,
extracted_tables/067_Information_on_Corona_hospitals_beds_and_others_/table_005.csv,quarantined_tables/067_Information_on_Corona_hospitals_beds_and_others_/table_005.csv,49,17,review_required,placeholder_headers,ok,
extracted_tables/068_Press-release-of-02-05-2026_pdf/table_001.csv,quarantined_tables/068_Press-release-of-02-05-2026_pdf/table_001.csv,13,7,review_required,placeholder_headers;high_internal_blank_ratio,ok,
extracted_tables/068_Press-release-of-02-05-2026_pdf/table_002.csv,quarantined_tables/068_Press-release-of-02-05-2026_pdf/table_002.csv,10,6,review_required,placeholder_headers,ok,
extracted_tables/068_Press-release-of-02-05-2026_pdf/table_003.csv,quarantined_tables/068_Press-release-of-02-05-2026_pdf/table_003.csv,6,8,review_required,placeholder_headers;high_internal_blank_ratio,ok,
extracted_tables/068_Press-release-of-02-05-2026_pdf/table_004.csv,quarantined_tables/068_Press-release-of-02-05-2026_pdf/table_004.csv,59,9,review_required,placeholder_headers;suspected_mojibake_or_replacement_character,ok,
extracted_tables/068_Press-release-of-02-05-2026_pdf/table_005.csv,quarantined_tables/068_Press-release-of-02-05-2026_pdf/table_005.csv,15,9,review_required,placeholder_headers,ok,
extracted_tables/068_Press-release-of-02-05-2026_pdf/table_006.csv,quarantined_tables/068_Press-release-of-02-05-2026_pdf/table_006.csv,10,5,review_required,placeholder_headers,ok,
extracted_tables/068_Press-release-of-02-05-2026_pdf/table_007.csv,quarantined_tables/068_Press-release-of-02-05-2026_pdf/table_007.csv,26,6,review_required,placeholder_headers,ok,
extracted_tables/068_Press-release-of-02-05-2026_pdf/table_008.csv,quarantined_tables/068_Press-release-of-02-05-2026_pdf/table_008.csv,60,6,review_required,placeholder_headers,ok,
extracted_tables/068_Press-release-of-02-05-2026_pdf/table_009.csv,quarantined_tables/068_Press-release-of-02-05-2026_pdf/table_009.csv,60,6,review_required,placeholder_headers,ok,
extracted_tables/068_Press-release-of-02-05-2026_pdf/table_010.csv,quarantined_tables/068_Press-release-of-02-05-2026_pdf/table_010.csv,24,6,review_required,placeholder_headers,ok,
extracted_tables/068_Press-release-of-02-05-2026_pdf/table_011.csv,quarantined_tables/068_Press-release-of-02-05-2026_pdf/table_011.csv,10,3,review_required,placeholder_headers;high_internal_blank_ratio,ok,
extracted_tables/068_Press-release-of-02-05-2026_pdf/table_012.csv,quarantined_tables/068_Press-release-of-02-05-2026_pdf/table_012.csv,6,4,review_required,placeholder_headers,ok,
extracted_tables/069_Covid-19_Health_Bulletin_2020/table_0001.csv,quarantined_tables/069_Covid-19_Health_Bulletin_2020/table_0001.csv,0,0,rejected,empty_or_single_column,ok,
extracted_tables/069_Covid-19_Health_Bulletin_2020/table_0002.csv,quarantined_tables/069_Covid-19_Health_Bulletin_2020/table_0002.csv,0,0,rejected,empty_or_single_column,ok,
extracted_tables/069_Covid-19_Health_Bulletin_2020/table_0003.csv,quarantined_tables/069_Covid-19_Health_Bulletin_2020/table_0003.csv,0,0,rejected,empty_or_single_column,ok,
extracted_tables/069_Covid-19_Health_Bulletin_2020/table_0004.csv,quarantined_tables/069_Covid-19_Health_Bulletin_2020/table_0004.csv,0,0,rejected,empty_or_single_column,ok,
extracted_tables/069_Covid-19_Health_Bulletin_2020/table_0005.csv,quarantined_tables/069_Covid-19_Health_Bulletin_2020/table_0005.csv,0,0,rejected,empty_or_single_column,ok,
extracted_tables/069_Covid-19_Health_Bulletin_2020/table_0006.csv,quarantined_tables/069_Covid-19_Health_Bulletin_2020/table_0006.csv,0,0,rejected,empty_or_single_column,ok,
extracted_tables/069_Covid-19_Health_Bulletin_2020/table_0007.csv,quarantined_tables/069_Covid-19_Health_Bulletin_2020/table_0007.csv,0,0,rejected,empty_or_single_column,ok,
extracted_tables/071_Other_information_including_vacant_beds_in_Corona_hospitals/table_001.csv,quarantined_tables/071_Other_information_including_vacant_beds_in_Corona_hospitals/table_001.csv,28,17,review_required,placeholder_headers,ok,
extracted_tables/071_Other_information_including_vacant_beds_in_Corona_hospitals/table_002.csv,quarantined_tables/071_Other_information_including_vacant_beds_in_Corona_hospitals/table_002.csv,28,17,review_required,placeholder_headers,ok,
extracted_tables/071_Other_information_including_vacant_beds_in_Corona_hospitals/table_003.csv,quarantined_tables/071_Other_information_including_vacant_beds_in_Corona_hospitals/table_003.csv,18,17,review_required,placeholder_headers;high_internal_blank_ratio,ok,
extracted_tables/071_Other_information_including_vacant_beds_in_Corona_hospitals/table_004.csv,quarantined_tables/071_Other_information_including_vacant_beds_in_Corona_hospitals/table_004.csv,53,17,review_required,placeholder_headers,ok,
extracted_tables/071_Other_information_including_vacant_beds_in_Corona_hospitals/table_005.csv,quarantined_tables/071_Other_information_including_vacant_beds_in_Corona_hospitals/table_005.csv,49,17,review_required,placeholder_headers,ok,
extracted_tables/074_Hospital_Cancer_Registry_Report_2014/table_001.csv,quarantined_tables/074_Hospital_Cancer_Registry_Report_2014/table_001.csv,27,2,review_required,placeholder_headers,ok,
extracted_tables/074_Hospital_Cancer_Registry_Report_2014/table_002.csv,quarantined_tables/074_Hospital_Cancer_Registry_Report_2014/table_002.csv,18,2,review_required,placeholder_headers,ok,
extracted_tables/074_Hospital_Cancer_Registry_Report_2014/table_003.csv,quarantined_tables/074_Hospital_Cancer_Registry_Report_2014/table_003.csv,29,2,review_required,placeholder_headers,ok,
extracted_tables/074_Hospital_Cancer_Registry_Report_2014/table_004.csv,quarantined_tables/074_Hospital_Cancer_Registry_Report_2014/table_004.csv,11,2,review_required,placeholder_headers,ok,
extracted_tables/074_Hospital_Cancer_Registry_Report_2014/table_005.csv,quarantined_tables/074_Hospital_Cancer_Registry_Report_2014/table_005.csv,0,0,rejected,empty_or_single_column,ok,
extracted_tables/074_Hospital_Cancer_Registry_Report_2014/table_006.csv,quarantined_tables/074_Hospital_Cancer_Registry_Report_2014/table_006.csv,23,5,review_required,placeholder_headers;high_internal_blank_ratio,ok,
extracted_tables/074_Hospital_Cancer_Registry_Report_2014/table_007.csv,quarantined_tables/074_Hospital_Cancer_Registry_Report_2014/table_007.csv,37,5,review_required,placeholder_headers;high_internal_blank_ratio,ok,
extracted_tables/074_Hospital_Cancer_Registry_Report_2014/table_008.csv,quarantined_tables/074_Hospital_Cancer_Registry_Report_2014/table_008.csv,29,4,review_required,placeholder_headers,ok,
extracted_tables/074_Hospital_Cancer_Registry_Report_2014/table_009.csv,quarantined_tables/074_Hospital_Cancer_Registry_Report_2014/table_009.csv,11,4,review_required,placeholder_headers,ok,
extracted_tables/074_Hospital_Cancer_Registry_Report_2014/table_010.csv,quarantined_tables/074_Hospital_Cancer_Registry_Report_2014/table_010.csv,11,4,review_required,placeholder_headers,ok,
extracted_tables/074_Hospital_Cancer_Registry_Report_2014/table_011.csv,quarantined_tables/074_Hospital_Cancer_Registry_Report_2014/table_011.csv,11,4,review_required,placeholder_headers,ok,
extracted_tables/074_Hospital_Cancer_Registry_Report_2014/table_012.csv,quarantined_tables/074_Hospital_Cancer_Registry_Report_2014/table_012.csv,11,4,review_required,placeholder_headers,ok,
extracted_tables/074_Hospital_Cancer_Registry_Report_2014/table_013.csv,quarantined_tables/074_Hospital_Cancer_Registry_Report_2014/table_013.csv,11,4,review_required,placeholder_headers,ok,
extracted_tables/074_Hospital_Cancer_Registry_Report_2014/table_014.csv,quarantined_tables/074_Hospital_Cancer_Registry_Report_2014/table_014.csv,11,4,review_required,placeholder_headers,ok,
extracted_tables/074_Hospital_Cancer_Registry_Report_2014/table_015.csv,quarantined_tables/074_Hospital_Cancer_Registry_Report_2014/table_015.csv,11,4,review_required,placeholder_headers,ok,
extracted_tables/074_Hospital_Cancer_Registry_Report_2014/table_016.csv,quarantined_tables/074_Hospital_Cancer_Registry_Report_2014/table_016.csv,29,4,review_required,placeholder_headers,ok,
extracted_tables/074_Hospital_Cancer_Registry_Report_2014/table_017.csv,quarantined_tables/074_Hospital_Cancer_Registry_Report_2014/table_017.csv,20,4,review_required,placeholder_headers,ok,
extracted_tables/074_Hospital_Cancer_Registry_Report_2014/table_018.csv,quarantined_tables/074_Hospital_Cancer_Registry_Report_2014/table_018.csv,8,4,review_required,placeholder_headers,ok,
extracted_tables/074_Hospital_Cancer_Registry_Report_2014/table_019.csv,quarantined_tables/074_Hospital_Cancer_Registry_Report_2014/table_019.csv,29,4,review_required,placeholder_headers,ok,
extracted_tables/074_Hospital_Cancer_Registry_Report_2014/table_020.csv,quarantined_tables/074_Hospital_Cancer_Registry_Report_2014/table_020.csv,10,3,review_required,placeholder_headers,ok,
extracted_tables/074_Hospital_Cancer_Registry_Report_2014/table_021.csv,quarantined_tables/074_Hospital_Cancer_Registry_Report_2014/table_021.csv,5,3,review_required,placeholder_headers,ok,
extracted_tables/074_Hospital_Cancer_Registry_Report_2014/table_022.csv,quarantined_tables/074_Hospital_Cancer_Registry_Report_2014/table_022.csv,7,3,review_required,placeholder_headers,ok,
extracted_tables/074_Hospital_Cancer_Registry_Report_2014/table_023.csv,quarantined_tables/074_Hospital_Cancer_Registry_Report_2014/table_023.csv,9,4,review_required,placeholder_headers;high_internal_blank_ratio,ok,
extracted_tables/074_Hospital_Cancer_Registry_Report_2014/table_024.csv,quarantined_tables/074_Hospital_Cancer_Registry_Report_2014/table_024.csv,0,0,rejected,empty_or_single_column,ok,
extracted_tables/074_Hospital_Cancer_Registry_Report_2014/table_025.csv,quarantined_tables/074_Hospital_Cancer_Registry_Report_2014/table_025.csv,43,11,review_required,placeholder_headers,ok,
extracted_tables/074_Hospital_Cancer_Registry_Report_2014/table_026.csv,quarantined_tables/074_Hospital_Cancer_Registry_Report_2014/table_026.csv,43,11,review_required,placeholder_headers,ok,
extracted_tables/074_Hospital_Cancer_Registry_Report_2014/table_027.csv,quarantined_tables/074_Hospital_Cancer_Registry_Report_2014/table_027.csv,49,11,review_required,placeholder_headers;high_internal_blank_ratio,ok,
extracted_tables/074_Hospital_Cancer_Registry_Report_2014/table_028.csv,quarantined_tables/074_Hospital_Cancer_Registry_Report_2014/table_028.csv,35,11,review_required,placeholder_headers,ok,
extracted_tables/074_Hospital_Cancer_Registry_Report_2014/table_029.csv,quarantined_tables/074_Hospital_Cancer_Registry_Report_2014/table_029.csv,41,11,review_required,placeholder_headers,ok,
extracted_tables/074_Hospital_Cancer_Registry_Report_2014/table_030.csv,quarantined_tables/074_Hospital_Cancer_Registry_Report_2014/table_030.csv,46,11,review_required,placeholder_headers;high_internal_blank_ratio,ok,
extracted_tables/074_Hospital_Cancer_Registry_Report_2014/table_031.csv,quarantined_tables/074_Hospital_Cancer_Registry_Report_2014/table_031.csv,49,11,review_required,placeholder_headers;high_internal_blank_ratio,ok,
extracted_tables/074_Hospital_Cancer_Registry_Report_2014/table_032.csv,quarantined_tables/074_Hospital_Cancer_Registry_Report_2014/table_032.csv,22,11,review_required,placeholder_headers,ok,
extracted_tables/074_Hospital_Cancer_Registry_Report_2014/table_033.csv,quarantined_tables/074_Hospital_Cancer_Registry_Report_2014/table_033.csv,47,8,review_required,placeholder_headers,ok,
extracted_tables/074_Hospital_Cancer_Registry_Report_2014/table_034.csv,quarantined_tables/074_Hospital_Cancer_Registry_Report_2014/table_034.csv,47,8,review_required,placeholder_headers,ok,
extracted_tables/074_Hospital_Cancer_Registry_Report_2014/table_035.csv,quarantined_tables/074_Hospital_Cancer_Registry_Report_2014/table_035.csv,48,8,review_required,placeholder_headers,ok,
extracted_tables/075_Hospital_Cancer_Registry_Report_2015-2017/table_001.csv,quarantined_tables/075_Hospital_Cancer_Registry_Report_2015-2017/table_001.csv,11,3,review_required,placeholder_headers,ok,
extracted_tables/075_Hospital_Cancer_Registry_Report_2015-2017/table_002.csv,quarantined_tables/075_Hospital_Cancer_Registry_Report_2015-2017/table_002.csv,11,3,review_required,placeholder_headers,ok,
extracted_tables/075_Hospital_Cancer_Registry_Report_2015-2017/table_003.csv,quarantined_tables/075_Hospital_Cancer_Registry_Report_2015-2017/table_003.csv,11,3,review_required,placeholder_headers,ok,
extracted_tables/075_Hospital_Cancer_Registry_Report_2015-2017/table_004.csv,quarantined_tables/075_Hospital_Cancer_Registry_Report_2015-2017/table_004.csv,14,3,review_required,placeholder_headers,ok,
extracted_tables/075_Hospital_Cancer_Registry_Report_2015-2017/table_005.csv,quarantined_tables/075_Hospital_Cancer_Registry_Report_2015-2017/table_005.csv,14,3,review_required,placeholder_headers,ok,
extracted_tables/075_Hospital_Cancer_Registry_Report_2015-2017/table_006.csv,quarantined_tables/075_Hospital_Cancer_Registry_Report_2015-2017/table_006.csv,19,4,review_required,placeholder_headers,ok,
extracted_tables/075_Hospital_Cancer_Registry_Report_2015-2017/table_007.csv,quarantined_tables/075_Hospital_Cancer_Registry_Report_2015-2017/table_007.csv,29,4,review_required,placeholder_headers,ok,
extracted_tables/075_Hospital_Cancer_Registry_Report_2015-2017/table_008.csv,quarantined_tables/075_Hospital_Cancer_Registry_Report_2015-2017/table_008.csv,11,4,review_required,placeholder_headers,ok,
extracted_tables/075_Hospital_Cancer_Registry_Report_2015-2017/table_009.csv,quarantined_tables/075_Hospital_Cancer_Registry_Report_2015-2017/table_009.csv,11,4,review_required,placeholder_headers,ok,
extracted_tables/075_Hospital_Cancer_Registry_Report_2015-2017/table_010.csv,quarantined_tables/075_Hospital_Cancer_Registry_Report_2015-2017/table_010.csv,11,4,review_required,placeholder_headers,ok,
extracted_tables/075_Hospital_Cancer_Registry_Report_2015-2017/table_011.csv,quarantined_tables/075_Hospital_Cancer_Registry_Report_2015-2017/table_011.csv,11,4,review_required,placeholder_headers,ok,
extracted_tables/075_Hospital_Cancer_Registry_Report_2015-2017/table_012.csv,quarantined_tables/075_Hospital_Cancer_Registry_Report_2015-2017/table_012.csv,11,4,review_required,placeholder_headers,ok,
extracted_tables/075_Hospital_Cancer_Registry_Report_2015-2017/table_013.csv,quarantined_tables/075_Hospital_Cancer_Registry_Report_2015-2017/table_013.csv,11,4,review_required,placeholder_headers,ok,
extracted_tables/075_Hospital_Cancer_Registry_Report_2015-2017/table_014.csv,quarantined_tables/075_Hospital_Cancer_Registry_Report_2015-2017/table_014.csv,11,4,review_required,placeholder_headers,ok,
extracted_tables/075_Hospital_Cancer_Registry_Report_2015-2017/table_015.csv,quarantined_tables/075_Hospital_Cancer_Registry_Report_2015-2017/table_015.csv,29,4,review_required,placeholder_headers,ok,
extracted_tables/075_Hospital_Cancer_Registry_Report_2015-2017/table_016.csv,quarantined_tables/075_Hospital_Cancer_Registry_Report_2015-2017/table_016.csv,15,4,review_required,placeholder_headers,ok,
extracted_tables/075_Hospital_Cancer_Registry_Report_2015-2017/table_017.csv,quarantined_tables/075_Hospital_Cancer_Registry_Report_2015-2017/table_017.csv,7,4,review_required,placeholder_headers,ok,
extracted_tables/075_Hospital_Cancer_Registry_Report_2015-2017/table_018.csv,quarantined_tables/075_Hospital_Cancer_Registry_Report_2015-2017/table_018.csv,22,4,review_required,placeholder_headers,ok,
extracted_tables/075_Hospital_Cancer_Registry_Report_2015-2017/table_019.csv,quarantined_tables/075_Hospital_Cancer_Registry_Report_2015-2017/table_019.csv,9,3,review_required,placeholder_headers,ok,
extracted_tables/075_Hospital_Cancer_Registry_Report_2015-2017/table_020.csv,quarantined_tables/075_Hospital_Cancer_Registry_Report_2015-2017/table_020.csv,5,3,review_required,placeholder_headers,ok,
extracted_tables/075_Hospital_Cancer_Registry_Report_2015-2017/table_021.csv,quarantined_tables/075_Hospital_Cancer_Registry_Report_2015-2017/table_021.csv,0,0,rejected,empty_or_single_column,ok,
extracted_tables/075_Hospital_Cancer_Registry_Report_2015-2017/table_022.csv,quarantined_tables/075_Hospital_Cancer_Registry_Report_2015-2017/table_022.csv,5,3,review_required,placeholder_headers,ok,
extracted_tables/075_Hospital_Cancer_Registry_Report_2015-2017/table_023.csv,quarantined_tables/075_Hospital_Cancer_Registry_Report_2015-2017/table_023.csv,6,4,review_required,placeholder_headers,ok,
extracted_tables/075_Hospital_Cancer_Registry_Report_2015-2017/table_024.csv,quarantined_tables/075_Hospital_Cancer_Registry_Report_2015-2017/table_024.csv,38,11,review_required,placeholder_headers,ok,
extracted_tables/075_Hospital_Cancer_Registry_Report_2015-2017/table_025.csv,quarantined_tables/075_Hospital_Cancer_Registry_Report_2015-2017/table_025.csv,35,11,review_required,placeholder_headers,ok,
extracted_tables/075_Hospital_Cancer_Registry_Report_2015-2017/table_026.csv,quarantined_tables/075_Hospital_Cancer_Registry_Report_2015-2017/table_026.csv,30,11,review_required,placeholder_headers,ok,
extracted_tables/075_Hospital_Cancer_Registry_Report_2015-2017/table_027.csv,quarantined_tables/075_Hospital_Cancer_Registry_Report_2015-2017/table_027.csv,37,11,review_required,placeholder_headers,ok,
extracted_tables/075_Hospital_Cancer_Registry_Report_2015-2017/table_028.csv,quarantined_tables/075_Hospital_Cancer_Registry_Report_2015-2017/table_028.csv,38,11,review_required,placeholder_headers,ok,
extracted_tables/075_Hospital_Cancer_Registry_Report_2015-2017/table_029.csv,quarantined_tables/075_Hospital_Cancer_Registry_Report_2015-2017/table_029.csv,33,11,review_required,placeholder_headers,ok,
extracted_tables/075_Hospital_Cancer_Registry_Report_2015-2017/table_030.csv,quarantined_tables/075_Hospital_Cancer_Registry_Report_2015-2017/table_030.csv,35,12,review_required,placeholder_headers,ok,
extracted_tables/075_Hospital_Cancer_Registry_Report_2015-2017/table_031.csv,quarantined_tables/075_Hospital_Cancer_Registry_Report_2015-2017/table_031.csv,33,11,review_required,placeholder_headers,ok,
extracted_tables/075_Hospital_Cancer_Registry_Report_2015-2017/table_032.csv,quarantined_tables/075_Hospital_Cancer_Registry_Report_2015-2017/table_032.csv,46,8,review_required,placeholder_headers,ok,
extracted_tables/075_Hospital_Cancer_Registry_Report_2015-2017/table_033.csv,quarantined_tables/075_Hospital_Cancer_Registry_Report_2015-2017/table_033.csv,45,8,review_required,placeholder_headers,ok,
extracted_tables/075_Hospital_Cancer_Registry_Report_2015-2017/table_034.csv,quarantined_tables/075_Hospital_Cancer_Registry_Report_2015-2017/table_034.csv,47,8,review_required,placeholder_headers,ok,
extracted_tables/075_Hospital_Cancer_Registry_Report_2015-2017/table_035.csv,quarantined_tables/075_Hospital_Cancer_Registry_Report_2015-2017/table_035.csv,19,4,review_required,placeholder_headers,ok,
extracted_tables/075_Hospital_Cancer_Registry_Report_2015-2017/table_036.csv,quarantined_tables/075_Hospital_Cancer_Registry_Report_2015-2017/table_036.csv,29,4,review_required,placeholder_headers,ok,
extracted_tables/075_Hospital_Cancer_Registry_Report_2015-2017/table_037.csv,quarantined_tables/075_Hospital_Cancer_Registry_Report_2015-2017/table_037.csv,11,4,review_required,placeholder_headers,ok,
extracted_tables/075_Hospital_Cancer_Registry_Report_2015-2017/table_038.csv,quarantined_tables/075_Hospital_Cancer_Registry_Report_2015-2017/table_038.csv,11,4,review_required,placeholder_headers,ok,
extracted_tables/075_Hospital_Cancer_Registry_Report_2015-2017/table_039.csv,quarantined_tables/075_Hospital_Cancer_Registry_Report_2015-2017/table_039.csv,11,4,review_required,placeholder_headers,ok,
extracted_tables/075_Hospital_Cancer_Registry_Report_2015-2017/table_040.csv,quarantined_tables/075_Hospital_Cancer_Registry_Report_2015-2017/table_040.csv,11,4,review_required,placeholder_headers,ok,
extracted_tables/075_Hospital_Cancer_Registry_Report_2015-2017/table_041.csv,quarantined_tables/075_Hospital_Cancer_Registry_Report_2015-2017/table_041.csv,11,4,review_required,placeholder_headers,ok,
extracted_tables/075_Hospital_Cancer_Registry_Report_2015-2017/table_042.csv,quarantined_tables/075_Hospital_Cancer_Registry_Report_2015-2017/table_042.csv,11,4,review_required,placeholder_headers,ok,
extracted_tables/075_Hospital_Cancer_Registry_Report_2015-2017/table_043.csv,quarantined_tables/075_Hospital_Cancer_Registry_Report_2015-2017/table_043.csv,11,4,review_required,placeholder_headers,ok,
extracted_tables/075_Hospital_Cancer_Registry_Report_2015-2017/table_044.csv,quarantined_tables/075_Hospital_Cancer_Registry_Report_2015-2017/table_044.csv,26,5,review_required,placeholder_headers,ok,
extracted_tables/075_Hospital_Cancer_Registry_Report_2015-2017/table_045.csv,quarantined_tables/075_Hospital_Cancer_Registry_Report_2015-2017/table_045.csv,12,4,review_required,placeholder_headers,ok,
extracted_tables/075_Hospital_Cancer_Registry_Report_2015-2017/table_046.csv,quarantined_tables/075_Hospital_Cancer_Registry_Report_2015-2017/table_046.csv,8,4,review_required,placeholder_headers,ok,
extracted_tables/075_Hospital_Cancer_Registry_Report_2015-2017/table_047.csv,quarantined_tables/075_Hospital_Cancer_Registry_Report_2015-2017/table_047.csv,22,4,review_required,placeholder_headers,ok,
extracted_tables/075_Hospital_Cancer_Registry_Report_2015-2017/table_048.csv,quarantined_tables/075_Hospital_Cancer_Registry_Report_2015-2017/table_048.csv,0,0,rejected,empty_or_single_column,ok,
extracted_tables/075_Hospital_Cancer_Registry_Report_2015-2017/table_049.csv,quarantined_tables/075_Hospital_Cancer_Registry_Report_2015-2017/table_049.csv,10,3,review_required,placeholder_headers,ok,
extracted_tables/075_Hospital_Cancer_Registry_Report_2015-2017/table_050.csv,quarantined_tables/075_Hospital_Cancer_Registry_Report_2015-2017/table_050.csv,6,3,review_required,placeholder_headers,ok,
extracted_tables/075_Hospital_Cancer_Registry_Report_2015-2017/table_051.csv,quarantined_tables/075_Hospital_Cancer_Registry_Report_2015-2017/table_051.csv,0,0,rejected,empty_or_single_column,ok,
extracted_tables/075_Hospital_Cancer_Registry_Report_2015-2017/table_052.csv,quarantined_tables/075_Hospital_Cancer_Registry_Report_2015-2017/table_052.csv,5,3,review_required,placeholder_headers,ok,
extracted_tables/075_Hospital_Cancer_Registry_Report_2015-2017/table_053.csv,quarantined_tables/075_Hospital_Cancer_Registry_Report_2015-2017/table_053.csv,6,4,review_required,placeholder_headers,ok,
extracted_tables/075_Hospital_Cancer_Registry_Report_2015-2017/table_054.csv,quarantined_tables/075_Hospital_Cancer_Registry_Report_2015-2017/table_054.csv,0,0,rejected,empty_or_single_column,ok,
extracted_tables/075_Hospital_Cancer_Registry_Report_2015-2017/table_055.csv,quarantined_tables/075_Hospital_Cancer_Registry_Report_2015-2017/table_055.csv,0,0,rejected,empty_or_single_column,ok,
extracted_tables/075_Hospital_Cancer_Registry_Report_2015-2017/table_056.csv,quarantined_tables/075_Hospital_Cancer_Registry_Report_2015-2017/table_056.csv,0,0,rejected,empty_or_single_column,ok,
extracted_tables/075_Hospital_Cancer_Registry_Report_2015-2017/table_057.csv,quarantined_tables/075_Hospital_Cancer_Registry_Report_2015-2017/table_057.csv,35,12,review_required,placeholder_headers,ok,
extracted_tables/075_Hospital_Cancer_Registry_Report_2015-2017/table_058.csv,quarantined_tables/075_Hospital_Cancer_Registry_Report_2015-2017/table_058.csv,32,12,review_required,placeholder_headers,ok,
extracted_tables/075_Hospital_Cancer_Registry_Report_2015-2017/table_059.csv,quarantined_tables/075_Hospital_Cancer_Registry_Report_2015-2017/table_059.csv,31,12,review_required,placeholder_headers,ok,
extracted_tables/075_Hospital_Cancer_Registry_Report_2015-2017/table_060.csv,quarantined_tables/075_Hospital_Cancer_Registry_Report_2015-2017/table_060.csv,35,12,review_required,placeholder_headers,ok,
extracted_tables/075_Hospital_Cancer_Registry_Report_2015-2017/table_061.csv,quarantined_tables/075_Hospital_Cancer_Registry_Report_2015-2017/table_061.csv,31,12,review_required,placeholder_headers,ok,
extracted_tables/075_Hospital_Cancer_Registry_Report_2015-2017/table_062.csv,quarantined_tables/075_Hospital_Cancer_Registry_Report_2015-2017/table_062.csv,29,12,review_required,placeholder_headers,ok,
extracted_tables/075_Hospital_Cancer_Registry_Report_2015-2017/table_063.csv,quarantined_tables/075_Hospital_Cancer_Registry_Report_2015-2017/table_063.csv,47,8,review_required,placeholder_headers,ok,
extracted_tables/075_Hospital_Cancer_Registry_Report_2015-2017/table_064.csv,quarantined_tables/075_Hospital_Cancer_Registry_Report_2015-2017/table_064.csv,47,8,review_required,placeholder_headers,ok,
extracted_tables/075_Hospital_Cancer_Registry_Report_2015-2017/table_065.csv,quarantined_tables/075_Hospital_Cancer_Registry_Report_2015-2017/table_065.csv,40,8,review_required,placeholder_headers,ok,
extracted_tables/075_Hospital_Cancer_Registry_Report_2015-2017/table_066.csv,quarantined_tables/075_Hospital_Cancer_Registry_Report_2015-2017/table_066.csv,42,8,review_required,placeholder_headers,ok,
extracted_tables/075_Hospital_Cancer_Registry_Report_2015-2017/table_067.csv,quarantined_tables/075_Hospital_Cancer_Registry_Report_2015-2017/table_067.csv,42,8,review_required,placeholder_headers,ok,
extracted_tables/075_Hospital_Cancer_Registry_Report_2015-2017/table_068.csv,quarantined_tables/075_Hospital_Cancer_Registry_Report_2015-2017/table_068.csv,39,8,review_required,placeholder_headers,ok,
extracted_tables/075_Hospital_Cancer_Registry_Report_2015-2017/table_069.csv,quarantined_tables/075_Hospital_Cancer_Registry_Report_2015-2017/table_069.csv,20,4,review_required,placeholder_headers,ok,
extracted_tables/075_Hospital_Cancer_Registry_Report_2015-2017/table_070.csv,quarantined_tables/075_Hospital_Cancer_Registry_Report_2015-2017/table_070.csv,29,4,review_required,placeholder_headers,ok,
extracted_tables/075_Hospital_Cancer_Registry_Report_2015-2017/table_071.csv,quarantined_tables/075_Hospital_Cancer_Registry_Report_2015-2017/table_071.csv,11,4,review_required,placeholder_headers,ok,
extracted_tables/075_Hospital_Cancer_Registry_Report_2015-2017/table_072.csv,quarantined_tables/075_Hospital_Cancer_Registry_Report_2015-2017/table_072.csv,11,4,review_required,placeholder_headers,ok,
extracted_tables/075_Hospital_Cancer_Registry_Report_2015-2017/table_073.csv,quarantined_tables/075_Hospital_Cancer_Registry_Report_2015-2017/table_073.csv,11,4,review_required,placeholder_headers,ok,
extracted_tables/075_Hospital_Cancer_Registry_Report_2015-2017/table_074.csv,quarantined_tables/075_Hospital_Cancer_Registry_Report_2015-2017/table_074.csv,11,4,review_required,placeholder_headers,ok,
extracted_tables/075_Hospital_Cancer_Registry_Report_2015-2017/table_075.csv,quarantined_tables/075_Hospital_Cancer_Registry_Report_2015-2017/table_075.csv,11,4,review_required,placeholder_headers,ok,
extracted_tables/075_Hospital_Cancer_Registry_Report_2015-2017/table_076.csv,quarantined_tables/075_Hospital_Cancer_Registry_Report_2015-2017/table_076.csv,11,4,review_required,placeholder_headers,ok,
extracted_tables/075_Hospital_Cancer_Registry_Report_2015-2017/table_077.csv,quarantined_tables/075_Hospital_Cancer_Registry_Report_2015-2017/table_077.csv,11,4,review_required,placeholder_headers,ok,
extracted_tables/075_Hospital_Cancer_Registry_Report_2015-2017/table_078.csv,quarantined_tables/075_Hospital_Cancer_Registry_Report_2015-2017/table_078.csv,29,4,review_required,placeholder_headers,ok,
extracted_tables/075_Hospital_Cancer_Registry_Report_2015-2017/table_079.csv,quarantined_tables/075_Hospital_Cancer_Registry_Report_2015-2017/table_079.csv,12,4,review_required,placeholder_headers,ok,
extracted_tables/075_Hospital_Cancer_Registry_Report_2015-2017/table_080.csv,quarantined_tables/075_Hospital_Cancer_Registry_Report_2015-2017/table_080.csv,6,4,review_required,placeholder_headers,ok,
extracted_tables/075_Hospital_Cancer_Registry_Report_2015-2017/table_081.csv,quarantined_tables/075_Hospital_Cancer_Registry_Report_2015-2017/table_081.csv,27,4,review_required,placeholder_headers,ok,
extracted_tables/075_Hospital_Cancer_Registry_Report_2015-2017/table_082.csv,quarantined_tables/075_Hospital_Cancer_Registry_Report_2015-2017/table_082.csv,9,3,review_required,placeholder_headers,ok,
extracted_tables/075_Hospital_Cancer_Registry_Report_2015-2017/table_083.csv,quarantined_tables/075_Hospital_Cancer_Registry_Report_2015-2017/table_083.csv,5,3,review_required,placeholder_headers,ok,
extracted_tables/075_Hospital_Cancer_Registry_Report_2015-2017/table_084.csv,quarantined_tables/075_Hospital_Cancer_Registry_Report_2015-2017/table_084.csv,5,3,review_required,placeholder_headers,ok,
extracted_tables/075_Hospital_Cancer_Registry_Report_2015-2017/table_085.csv,quarantined_tables/075_Hospital_Cancer_Registry_Report_2015-2017/table_085.csv,5,4,review_required,placeholder_headers,ok,
extracted_tables/075_Hospital_Cancer_Registry_Report_2015-2017/table_086.csv,quarantined_tables/075_Hospital_Cancer_Registry_Report_2015-2017/table_086.csv,35,12,review_required,placeholder_headers,ok,
extracted_tables/075_Hospital_Cancer_Registry_Report_2015-2017/table_087.csv,quarantined_tables/075_Hospital_Cancer_Registry_Report_2015-2017/table_087.csv,31,12,review_required,placeholder_headers,ok,
extracted_tables/075_Hospital_Cancer_Registry_Report_2015-2017/table_088.csv,quarantined_tables/075_Hospital_Cancer_Registry_Report_2015-2017/table_088.csv,31,12,review_required,placeholder_headers,ok,
extracted_tables/075_Hospital_Cancer_Registry_Report_2015-2017/table_089.csv,quarantined_tables/075_Hospital_Cancer_Registry_Report_2015-2017/table_089.csv,18,12,review_required,placeholder_headers,ok,
extracted_tables/075_Hospital_Cancer_Registry_Report_2015-2017/table_090.csv,quarantined_tables/075_Hospital_Cancer_Registry_Report_2015-2017/table_090.csv,35,12,review_required,placeholder_headers,ok,
extracted_tables/075_Hospital_Cancer_Registry_Report_2015-2017/table_091.csv,quarantined_tables/075_Hospital_Cancer_Registry_Report_2015-2017/table_091.csv,33,12,review_required,placeholder_headers,ok,
extracted_tables/075_Hospital_Cancer_Registry_Report_2015-2017/table_092.csv,quarantined_tables/075_Hospital_Cancer_Registry_Report_2015-2017/table_092.csv,36,12,review_required,placeholder_headers,ok,
extracted_tables/075_Hospital_Cancer_Registry_Report_2015-2017/table_093.csv,quarantined_tables/075_Hospital_Cancer_Registry_Report_2015-2017/table_093.csv,45,8,review_required,placeholder_headers,ok,
extracted_tables/075_Hospital_Cancer_Registry_Report_2015-2017/table_094.csv,quarantined_tables/075_Hospital_Cancer_Registry_Report_2015-2017/table_094.csv,46,8,review_required,placeholder_headers,ok,
extracted_tables/075_Hospital_Cancer_Registry_Report_2015-2017/table_095.csv,quarantined_tables/075_Hospital_Cancer_Registry_Report_2015-2017/table_095.csv,48,8,review_required,placeholder_headers,ok,
extracted_tables/075_Hospital_Cancer_Registry_Report_2015-2017/table_096.csv,quarantined_tables/075_Hospital_Cancer_Registry_Report_2015-2017/table_096.csv,45,8,review_required,placeholder_headers,ok,
extracted_tables/075_Hospital_Cancer_Registry_Report_2015-2017/table_097.csv,quarantined_tables/075_Hospital_Cancer_Registry_Report_2015-2017/table_097.csv,45,8,review_required,placeholder_headers,ok,
extracted_tables/075_Hospital_Cancer_Registry_Report_2015-2017/table_098.csv,quarantined_tables/075_Hospital_Cancer_Registry_Report_2015-2017/table_098.csv,41,8,review_required,placeholder_headers,ok,
extracted_tables/078_Research_Abstract_of_Planning_Monitoring_and_Research_Operational_Plan_2021-2022/table_001.csv,quarantined_tables/078_Research_Abstract_of_Planning_Monitoring_and_Research_Operational_Plan_2021-2022/table_001.csv,10,5,review_required,placeholder_headers,ok,
extracted_tables/078_Research_Abstract_of_Planning_Monitoring_and_Research_Operational_Plan_2021-2022/table_002.csv,quarantined_tables/078_Research_Abstract_of_Planning_Monitoring_and_Research_Operational_Plan_2021-2022/table_002.csv,8,5,review_required,placeholder_headers,ok,
extracted_tables/081__-_/table_001.csv,quarantined_tables/081__-_/table_001.csv,11,2,review_required,placeholder_headers,ok,
extracted_tables/081__-_/table_002.csv,quarantined_tables/081__-_/table_002.csv,11,2,review_required,placeholder_headers,ok,
extracted_tables/081__-_/table_003.csv,quarantined_tables/081__-_/table_003.csv,11,2,review_required,placeholder_headers,ok,
extracted_tables/081__-_/table_004.csv,quarantined_tables/081__-_/table_004.csv,13,2,review_required,placeholder_headers,ok,
extracted_tables/081__-_/table_005.csv,quarantined_tables/081__-_/table_005.csv,6,11,review_required,placeholder_headers,ok,
extracted_tables/081__-_/table_006.csv,quarantined_tables/081__-_/table_006.csv,19,4,review_required,placeholder_headers,ok,
extracted_tables/081__-_/table_007.csv,quarantined_tables/081__-_/table_007.csv,1,1,rejected,empty_or_single_column,ok,
extracted_tables/081__-_/table_008.csv,quarantined_tables/081__-_/table_008.csv,8,10,review_required,placeholder_headers,ok,
extracted_tables/081__-_/table_009.csv,quarantined_tables/081__-_/table_009.csv,5,4,review_required,placeholder_headers;high_internal_blank_ratio,ok,
extracted_tables/081__-_/table_010.csv,quarantined_tables/081__-_/table_010.csv,5,16,review_required,placeholder_headers;high_internal_blank_ratio,ok,
extracted_tables/081__-_/table_011.csv,quarantined_tables/081__-_/table_011.csv,5,22,review_required,placeholder_headers,ok,
extracted_tables/081__-_/table_012.csv,quarantined_tables/081__-_/table_012.csv,10,2,review_required,placeholder_headers,ok,
extracted_tables/081__-_/table_013.csv,quarantined_tables/081__-_/table_013.csv,1,1,rejected,empty_or_single_column,ok,
extracted_tables/082_MR_bulletin_2nd_quarter_2021_/table_001.csv,quarantined_tables/082_MR_bulletin_2nd_quarter_2021_/table_001.csv,0,0,rejected,empty_or_single_column,ok,
extracted_tables/082_MR_bulletin_2nd_quarter_2021_/table_002.csv,quarantined_tables/082_MR_bulletin_2nd_quarter_2021_/table_002.csv,0,0,rejected,empty_or_single_column,ok,
extracted_tables/082_MR_bulletin_2nd_quarter_2021_/table_003.csv,quarantined_tables/082_MR_bulletin_2nd_quarter_2021_/table_003.csv,0,0,rejected,empty_or_single_column,ok,
extracted_tables/082_MR_bulletin_2nd_quarter_2021_/table_004.csv,quarantined_tables/082_MR_bulletin_2nd_quarter_2021_/table_004.csv,0,0,rejected,empty_or_single_column,ok,
extracted_tables/082_MR_bulletin_2nd_quarter_2021_/table_005.csv,quarantined_tables/082_MR_bulletin_2nd_quarter_2021_/table_005.csv,0,0,rejected,empty_or_single_column,ok,
extracted_tables/082_MR_bulletin_2nd_quarter_2021_/table_006.csv,quarantined_tables/082_MR_bulletin_2nd_quarter_2021_/table_006.csv,0,0,rejected,empty_or_single_column,ok,
extracted_tables/082_MR_bulletin_2nd_quarter_2021_/table_007.csv,quarantined_tables/082_MR_bulletin_2nd_quarter_2021_/table_007.csv,0,0,rejected,empty_or_single_column,ok,
extracted_tables/082_MR_bulletin_2nd_quarter_2021_/table_008.csv,quarantined_tables/082_MR_bulletin_2nd_quarter_2021_/table_008.csv,0,0,rejected,empty_or_single_column,ok,
extracted_tables/083_MR_Bulletin_Volume_1/table_001.csv,quarantined_tables/083_MR_Bulletin_Volume_1/table_001.csv,8,7,review_required,placeholder_headers;high_internal_blank_ratio,ok,
extracted_tables/083_MR_Bulletin_Volume_1/table_002.csv,quarantined_tables/083_MR_Bulletin_Volume_1/table_002.csv,9,7,review_required,placeholder_headers;high_internal_blank_ratio,ok,
extracted_tables/083_MR_Bulletin_Volume_1/table_003.csv,quarantined_tables/083_MR_Bulletin_Volume_1/table_003.csv,9,3,review_required,placeholder_headers,ok,
extracted_tables/083_MR_Bulletin_Volume_1/table_004.csv,quarantined_tables/083_MR_Bulletin_Volume_1/table_004.csv,0,0,rejected,empty_or_single_column,ok,
extracted_tables/083_MR_Bulletin_Volume_1/table_005.csv,quarantined_tables/083_MR_Bulletin_Volume_1/table_005.csv,0,0,rejected,empty_or_single_column,ok,
extracted_tables/083_MR_Bulletin_Volume_1/table_006.csv,quarantined_tables/083_MR_Bulletin_Volume_1/table_006.csv,0,0,rejected,empty_or_single_column,ok,
extracted_tables/083_MR_Bulletin_Volume_1/table_007.csv,quarantined_tables/083_MR_Bulletin_Volume_1/table_007.csv,54,18,review_required,placeholder_headers,ok,
extracted_tables/083_MR_Bulletin_Volume_1/table_008.csv,quarantined_tables/083_MR_Bulletin_Volume_1/table_008.csv,35,18,review_required,placeholder_headers,ok,
extracted_tables/083_MR_Bulletin_Volume_1/table_009.csv,quarantined_tables/083_MR_Bulletin_Volume_1/table_009.csv,55,21,review_required,placeholder_headers,ok,
extracted_tables/083_MR_Bulletin_Volume_1/table_010.csv,quarantined_tables/083_MR_Bulletin_Volume_1/table_010.csv,36,21,review_required,placeholder_headers,ok,
extracted_tables/083_MR_Bulletin_Volume_1/table_011.csv,quarantined_tables/083_MR_Bulletin_Volume_1/table_011.csv,55,15,review_required,placeholder_headers,ok,
extracted_tables/083_MR_Bulletin_Volume_1/table_012.csv,quarantined_tables/083_MR_Bulletin_Volume_1/table_012.csv,36,15,review_required,placeholder_headers,ok,
extracted_tables/084_MR_Bulletin_Volume_2/table_001.csv,quarantined_tables/084_MR_Bulletin_Volume_2/table_001.csv,9,6,review_required,placeholder_headers;high_internal_blank_ratio,ok,
extracted_tables/084_MR_Bulletin_Volume_2/table_002.csv,quarantined_tables/084_MR_Bulletin_Volume_2/table_002.csv,10,6,review_required,placeholder_headers;high_internal_blank_ratio,ok,
extracted_tables/084_MR_Bulletin_Volume_2/table_003.csv,quarantined_tables/084_MR_Bulletin_Volume_2/table_003.csv,10,3,review_required,placeholder_headers,ok,
extracted_tables/084_MR_Bulletin_Volume_2/table_004.csv,quarantined_tables/084_MR_Bulletin_Volume_2/table_004.csv,0,0,rejected,empty_or_single_column,ok,
extracted_tables/084_MR_Bulletin_Volume_2/table_005.csv,quarantined_tables/084_MR_Bulletin_Volume_2/table_005.csv,0,0,rejected,empty_or_single_column,ok,
extracted_tables/084_MR_Bulletin_Volume_2/table_006.csv,quarantined_tables/084_MR_Bulletin_Volume_2/table_006.csv,54,18,review_required,placeholder_headers,ok,
extracted_tables/084_MR_Bulletin_Volume_2/table_007.csv,quarantined_tables/084_MR_Bulletin_Volume_2/table_007.csv,35,18,review_required,placeholder_headers,ok,
extracted_tables/084_MR_Bulletin_Volume_2/table_008.csv,quarantined_tables/084_MR_Bulletin_Volume_2/table_008.csv,55,21,review_required,placeholder_headers,ok,
extracted_tables/084_MR_Bulletin_Volume_2/table_009.csv,quarantined_tables/084_MR_Bulletin_Volume_2/table_009.csv,36,21,review_required,placeholder_headers,ok,
extracted_tables/084_MR_Bulletin_Volume_2/table_010.csv,quarantined_tables/084_MR_Bulletin_Volume_2/table_010.csv,55,15,review_required,placeholder_headers,ok,
extracted_tables/084_MR_Bulletin_Volume_2/table_011.csv,quarantined_tables/084_MR_Bulletin_Volume_2/table_011.csv,36,15,review_required,placeholder_headers,ok,
extracted_tables/085_MR_Bulletin_Volume_3/table_001.csv,quarantined_tables/085_MR_Bulletin_Volume_3/table_001.csv,11,6,review_required,placeholder_headers;high_internal_blank_ratio,ok,
extracted_tables/085_MR_Bulletin_Volume_3/table_002.csv,quarantined_tables/085_MR_Bulletin_Volume_3/table_002.csv,12,6,review_required,placeholder_headers;high_internal_blank_ratio,ok,
extracted_tables/085_MR_Bulletin_Volume_3/table_003.csv,quarantined_tables/085_MR_Bulletin_Volume_3/table_003.csv,10,3,review_required,placeholder_headers,ok,
extracted_tables/085_MR_Bulletin_Volume_3/table_004.csv,quarantined_tables/085_MR_Bulletin_Volume_3/table_004.csv,0,0,rejected,empty_or_single_column,ok,
extracted_tables/085_MR_Bulletin_Volume_3/table_005.csv,quarantined_tables/085_MR_Bulletin_Volume_3/table_005.csv,6,4,review_required,placeholder_headers,ok,
extracted_tables/085_MR_Bulletin_Volume_3/table_006.csv,quarantined_tables/085_MR_Bulletin_Volume_3/table_006.csv,54,18,review_required,placeholder_headers,ok,
extracted_tables/085_MR_Bulletin_Volume_3/table_007.csv,quarantined_tables/085_MR_Bulletin_Volume_3/table_007.csv,35,18,review_required,placeholder_headers,ok,
extracted_tables/085_MR_Bulletin_Volume_3/table_008.csv,quarantined_tables/085_MR_Bulletin_Volume_3/table_008.csv,56,15,review_required,placeholder_headers,ok,
extracted_tables/085_MR_Bulletin_Volume_3/table_009.csv,quarantined_tables/085_MR_Bulletin_Volume_3/table_009.csv,37,15,review_required,placeholder_headers,ok,
extracted_tables/085_MR_Bulletin_Volume_3/table_010.csv,quarantined_tables/085_MR_Bulletin_Volume_3/table_010.csv,56,15,review_required,placeholder_headers,ok,
extracted_tables/085_MR_Bulletin_Volume_3/table_011.csv,quarantined_tables/085_MR_Bulletin_Volume_3/table_011.csv,38,15,review_required,placeholder_headers,ok,
extracted_tables/085_MR_Bulletin_Volume_3/table_012.csv,quarantined_tables/085_MR_Bulletin_Volume_3/table_012.csv,12,8,review_required,placeholder_headers,ok,
extracted_tables/086_Measles_Update_Till_14_05_26_/table_001.csv,cleaned_tables/086_Measles_Update_Till_14_05_26_/table_001.csv,9,13,accepted_curated,verified_against_DGHS_bulletin_2026_05_14,ok,
extracted_tables/086_Measles_Update_Till_14_05_26_/table_002.csv,cleaned_tables/086_Measles_Update_Till_14_05_26_/table_002.csv,9,9,accepted_curated,verified_against_DGHS_bulletin_2026_05_14,ok,
extracted_tables/086_Measles_Update_Till_14_05_26_/table_003.csv,cleaned_tables/086_Measles_Update_Till_14_05_26_/table_003.csv,13,9,accepted_curated,verified_against_DGHS_bulletin_2026_05_14,ok,
extracted_tables/091__/table_001.csv,quarantined_tables/091__/table_001.csv,0,0,rejected,empty_or_single_column,ok,
extracted_tables/091__/table_002.csv,quarantined_tables/091__/table_002.csv,0,0,rejected,empty_or_single_column,ok,
extracted_tables/091__/table_003.csv,quarantined_tables/091__/table_003.csv,0,0,rejected,empty_or_single_column,ok,
extracted_tables/091__/table_004.csv,quarantined_tables/091__/table_004.csv,0,0,rejected,empty_or_single_column,ok,
extracted_tables/091__/table_005.csv,quarantined_tables/091__/table_005.csv,0,0,rejected,empty_or_single_column,ok,
extracted_tables/091__/table_006.csv,quarantined_tables/091__/table_006.csv,0,0,rejected,empty_or_single_column,ok,
extracted_tables/091__/table_007.csv,quarantined_tables/091__/table_007.csv,0,0,rejected,empty_or_single_column,ok,
extracted_tables/092__HRH_Data_Sheet_2023/table_001.csv,quarantined_tables/092__HRH_Data_Sheet_2023/table_001.csv,0,0,rejected,empty_or_single_column,ok,
extracted_tables/092__HRH_Data_Sheet_2023/table_002.csv,quarantined_tables/092__HRH_Data_Sheet_2023/table_002.csv,0,0,rejected,empty_or_single_column,ok,
extracted_tables/093_Health_Labour_Market_Analysis_in_Bangladesh_2021/table_001.csv,quarantined_tables/093_Health_Labour_Market_Analysis_in_Bangladesh_2021/table_001.csv,10,4,review_required,placeholder_headers,ok,
extracted_tables/093_Health_Labour_Market_Analysis_in_Bangladesh_2021/table_002.csv,quarantined_tables/093_Health_Labour_Market_Analysis_in_Bangladesh_2021/table_002.csv,5,8,review_required,placeholder_headers,ok,
extracted_tables/093_Health_Labour_Market_Analysis_in_Bangladesh_2021/table_003.csv,quarantined_tables/093_Health_Labour_Market_Analysis_in_Bangladesh_2021/table_003.csv,12,13,review_required,placeholder_headers,ok,
extracted_tables/093_Health_Labour_Market_Analysis_in_Bangladesh_2021/table_004.csv,quarantined_tables/093_Health_Labour_Market_Analysis_in_Bangladesh_2021/table_004.csv,12,10,review_required,placeholder_headers,ok,
extracted_tables/093_Health_Labour_Market_Analysis_in_Bangladesh_2021/table_005.csv,quarantined_tables/093_Health_Labour_Market_Analysis_in_Bangladesh_2021/table_005.csv,5,4,review_required,placeholder_headers,ok,
extracted_tables/093_Health_Labour_Market_Analysis_in_Bangladesh_2021/table_006.csv,quarantined_tables/093_Health_Labour_Market_Analysis_in_Bangladesh_2021/table_006.csv,5,3,review_required,placeholder_headers,ok,
extracted_tables/093_Health_Labour_Market_Analysis_in_Bangladesh_2021/table_007.csv,quarantined_tables/093_Health_Labour_Market_Analysis_in_Bangladesh_2021/table_007.csv,8,4,review_required,placeholder_headers,ok,
extracted_tables/093_Health_Labour_Market_Analysis_in_Bangladesh_2021/table_008.csv,quarantined_tables/093_Health_Labour_Market_Analysis_in_Bangladesh_2021/table_008.csv,9,4,review_required,placeholder_headers,ok,
extracted_tables/093_Health_Labour_Market_Analysis_in_Bangladesh_2021/table_009.csv,quarantined_tables/093_Health_Labour_Market_Analysis_in_Bangladesh_2021/table_009.csv,12,4,review_required,placeholder_headers,ok,
extracted_tables/093_Health_Labour_Market_Analysis_in_Bangladesh_2021/table_010.csv,quarantined_tables/093_Health_Labour_Market_Analysis_in_Bangladesh_2021/table_010.csv,9,7,review_required,placeholder_headers,ok,
extracted_tables/093_Health_Labour_Market_Analysis_in_Bangladesh_2021/table_011.csv,quarantined_tables/093_Health_Labour_Market_Analysis_in_Bangladesh_2021/table_011.csv,11,7,review_required,placeholder_headers,ok,
extracted_tables/093_Health_Labour_Market_Analysis_in_Bangladesh_2021/table_012.csv,quarantined_tables/093_Health_Labour_Market_Analysis_in_Bangladesh_2021/table_012.csv,5,8,review_required,placeholder_headers,ok,
extracted_tables/093_Health_Labour_Market_Analysis_in_Bangladesh_2021/table_013.csv,quarantined_tables/093_Health_Labour_Market_Analysis_in_Bangladesh_2021/table_013.csv,6,8,review_required,placeholder_headers,ok,
extracted_tables/093_Health_Labour_Market_Analysis_in_Bangladesh_2021/table_014.csv,quarantined_tables/093_Health_Labour_Market_Analysis_in_Bangladesh_2021/table_014.csv,12,4,review_required,placeholder_headers,ok,
extracted_tables/093_Health_Labour_Market_Analysis_in_Bangladesh_2021/table_015.csv,quarantined_tables/093_Health_Labour_Market_Analysis_in_Bangladesh_2021/table_015.csv,5,4,review_required,placeholder_headers,ok,
extracted_tables/093_Health_Labour_Market_Analysis_in_Bangladesh_2021/table_016.csv,quarantined_tables/093_Health_Labour_Market_Analysis_in_Bangladesh_2021/table_016.csv,11,5,review_required,placeholder_headers,ok,
extracted_tables/093_Health_Labour_Market_Analysis_in_Bangladesh_2021/table_017.csv,quarantined_tables/093_Health_Labour_Market_Analysis_in_Bangladesh_2021/table_017.csv,11,5,review_required,placeholder_headers,ok,
extracted_tables/093_Health_Labour_Market_Analysis_in_Bangladesh_2021/table_018.csv,quarantined_tables/093_Health_Labour_Market_Analysis_in_Bangladesh_2021/table_018.csv,16,7,review_required,placeholder_headers,ok,
extracted_tables/093_Health_Labour_Market_Analysis_in_Bangladesh_2021/table_019.csv,quarantined_tables/093_Health_Labour_Market_Analysis_in_Bangladesh_2021/table_019.csv,8,4,review_required,placeholder_headers,ok,
extracted_tables/093_Health_Labour_Market_Analysis_in_Bangladesh_2021/table_020.csv,quarantined_tables/093_Health_Labour_Market_Analysis_in_Bangladesh_2021/table_020.csv,11,4,review_required,placeholder_headers,ok,
extracted_tables/093_Health_Labour_Market_Analysis_in_Bangladesh_2021/table_021.csv,quarantined_tables/093_Health_Labour_Market_Analysis_in_Bangladesh_2021/table_021.csv,8,4,review_required,placeholder_headers,ok,
extracted_tables/093_Health_Labour_Market_Analysis_in_Bangladesh_2021/table_022.csv,quarantined_tables/093_Health_Labour_Market_Analysis_in_Bangladesh_2021/table_022.csv,11,4,review_required,placeholder_headers,ok,
extracted_tables/093_Health_Labour_Market_Analysis_in_Bangladesh_2021/table_023.csv,quarantined_tables/093_Health_Labour_Market_Analysis_in_Bangladesh_2021/table_023.csv,9,7,review_required,placeholder_headers,ok,
extracted_tables/093_Health_Labour_Market_Analysis_in_Bangladesh_2021/table_024.csv,quarantined_tables/093_Health_Labour_Market_Analysis_in_Bangladesh_2021/table_024.csv,7,7,review_required,placeholder_headers,ok,
extracted_tables/093_Health_Labour_Market_Analysis_in_Bangladesh_2021/table_025.csv,quarantined_tables/093_Health_Labour_Market_Analysis_in_Bangladesh_2021/table_025.csv,8,7,review_required,placeholder_headers,ok,
extracted_tables/093_Health_Labour_Market_Analysis_in_Bangladesh_2021/table_026.csv,quarantined_tables/093_Health_Labour_Market_Analysis_in_Bangladesh_2021/table_026.csv,9,7,review_required,placeholder_headers,ok,
extracted_tables/093_Health_Labour_Market_Analysis_in_Bangladesh_2021/table_027.csv,quarantined_tables/093_Health_Labour_Market_Analysis_in_Bangladesh_2021/table_027.csv,12,7,review_required,placeholder_headers,ok,
extracted_tables/093_Health_Labour_Market_Analysis_in_Bangladesh_2021/table_028.csv,quarantined_tables/093_Health_Labour_Market_Analysis_in_Bangladesh_2021/table_028.csv,8,4,review_required,placeholder_headers,ok,
extracted_tables/093_Health_Labour_Market_Analysis_in_Bangladesh_2021/table_029.csv,quarantined_tables/093_Health_Labour_Market_Analysis_in_Bangladesh_2021/table_029.csv,0,0,rejected,empty_or_single_column,ok,
extracted_tables/093_Health_Labour_Market_Analysis_in_Bangladesh_2021/table_030.csv,quarantined_tables/093_Health_Labour_Market_Analysis_in_Bangladesh_2021/table_030.csv,12,3,review_required,placeholder_headers,ok,
extracted_tables/093_Health_Labour_Market_Analysis_in_Bangladesh_2021/table_031.csv,quarantined_tables/093_Health_Labour_Market_Analysis_in_Bangladesh_2021/table_031.csv,22,2,review_required,placeholder_headers,ok,
extracted_tables/093_Health_Labour_Market_Analysis_in_Bangladesh_2021/table_032.csv,quarantined_tables/093_Health_Labour_Market_Analysis_in_Bangladesh_2021/table_032.csv,9,2,review_required,placeholder_headers,ok,
extracted_tables/093_Health_Labour_Market_Analysis_in_Bangladesh_2021/table_033.csv,quarantined_tables/093_Health_Labour_Market_Analysis_in_Bangladesh_2021/table_033.csv,17,9,review_required,placeholder_headers;high_internal_blank_ratio,ok,
extracted_tables/093_Health_Labour_Market_Analysis_in_Bangladesh_2021/table_034.csv,quarantined_tables/093_Health_Labour_Market_Analysis_in_Bangladesh_2021/table_034.csv,17,9,review_required,placeholder_headers;high_internal_blank_ratio,ok,
extracted_tables/093_Health_Labour_Market_Analysis_in_Bangladesh_2021/table_035.csv,quarantined_tables/093_Health_Labour_Market_Analysis_in_Bangladesh_2021/table_035.csv,17,9,review_required,placeholder_headers;high_internal_blank_ratio,ok,
extracted_tables/093_Health_Labour_Market_Analysis_in_Bangladesh_2021/table_036.csv,quarantined_tables/093_Health_Labour_Market_Analysis_in_Bangladesh_2021/table_036.csv,17,9,review_required,placeholder_headers;high_internal_blank_ratio,ok,
extracted_tables/093_Health_Labour_Market_Analysis_in_Bangladesh_2021/table_037.csv,quarantined_tables/093_Health_Labour_Market_Analysis_in_Bangladesh_2021/table_037.csv,16,9,review_required,placeholder_headers;high_internal_blank_ratio,ok,
extracted_tables/093_Health_Labour_Market_Analysis_in_Bangladesh_2021/table_038.csv,quarantined_tables/093_Health_Labour_Market_Analysis_in_Bangladesh_2021/table_038.csv,16,9,review_required,placeholder_headers;high_internal_blank_ratio,ok,
extracted_tables/093_Health_Labour_Market_Analysis_in_Bangladesh_2021/table_039.csv,quarantined_tables/093_Health_Labour_Market_Analysis_in_Bangladesh_2021/table_039.csv,0,0,rejected,empty_or_single_column,ok,
extracted_tables/093_Health_Labour_Market_Analysis_in_Bangladesh_2021/table_040.csv,quarantined_tables/093_Health_Labour_Market_Analysis_in_Bangladesh_2021/table_040.csv,16,9,review_required,placeholder_headers;high_internal_blank_ratio,ok,
extracted_tables/093_Health_Labour_Market_Analysis_in_Bangladesh_2021/table_041.csv,quarantined_tables/093_Health_Labour_Market_Analysis_in_Bangladesh_2021/table_041.csv,16,9,review_required,placeholder_headers;high_internal_blank_ratio,ok,
extracted_tables/093_Health_Labour_Market_Analysis_in_Bangladesh_2021/table_042.csv,quarantined_tables/093_Health_Labour_Market_Analysis_in_Bangladesh_2021/table_042.csv,17,9,review_required,placeholder_headers;high_internal_blank_ratio,ok,
extracted_tables/093_Health_Labour_Market_Analysis_in_Bangladesh_2021/table_043.csv,quarantined_tables/093_Health_Labour_Market_Analysis_in_Bangladesh_2021/table_043.csv,17,9,review_required,placeholder_headers;high_internal_blank_ratio,ok,
extracted_tables/093_Health_Labour_Market_Analysis_in_Bangladesh_2021/table_044.csv,quarantined_tables/093_Health_Labour_Market_Analysis_in_Bangladesh_2021/table_044.csv,16,9,review_required,placeholder_headers;high_internal_blank_ratio,ok,
extracted_tables/093_Health_Labour_Market_Analysis_in_Bangladesh_2021/table_045.csv,quarantined_tables/093_Health_Labour_Market_Analysis_in_Bangladesh_2021/table_045.csv,16,9,review_required,placeholder_headers;high_internal_blank_ratio,ok,
extracted_tables/093_Health_Labour_Market_Analysis_in_Bangladesh_2021/table_046.csv,quarantined_tables/093_Health_Labour_Market_Analysis_in_Bangladesh_2021/table_046.csv,0,0,rejected,empty_or_single_column,ok,
extracted_tables/093_Health_Labour_Market_Analysis_in_Bangladesh_2021/table_047.csv,quarantined_tables/093_Health_Labour_Market_Analysis_in_Bangladesh_2021/table_047.csv,17,9,review_required,placeholder_headers;high_internal_blank_ratio,ok,
extracted_tables/093_Health_Labour_Market_Analysis_in_Bangladesh_2021/table_048.csv,quarantined_tables/093_Health_Labour_Market_Analysis_in_Bangladesh_2021/table_048.csv,16,9,review_required,placeholder_headers;high_internal_blank_ratio,ok,
extracted_tables/093_Health_Labour_Market_Analysis_in_Bangladesh_2021/table_049.csv,quarantined_tables/093_Health_Labour_Market_Analysis_in_Bangladesh_2021/table_049.csv,16,9,review_required,placeholder_headers;high_internal_blank_ratio,ok,
extracted_tables/093_Health_Labour_Market_Analysis_in_Bangladesh_2021/table_050.csv,quarantined_tables/093_Health_Labour_Market_Analysis_in_Bangladesh_2021/table_050.csv,16,9,review_required,placeholder_headers;high_internal_blank_ratio,ok,
extracted_tables/093_Health_Labour_Market_Analysis_in_Bangladesh_2021/table_051.csv,quarantined_tables/093_Health_Labour_Market_Analysis_in_Bangladesh_2021/table_051.csv,16,9,review_required,placeholder_headers;high_internal_blank_ratio,ok,
extracted_tables/093_Health_Labour_Market_Analysis_in_Bangladesh_2021/table_052.csv,quarantined_tables/093_Health_Labour_Market_Analysis_in_Bangladesh_2021/table_052.csv,16,9,review_required,placeholder_headers;high_internal_blank_ratio,ok,
extracted_tables/093_Health_Labour_Market_Analysis_in_Bangladesh_2021/table_053.csv,quarantined_tables/093_Health_Labour_Market_Analysis_in_Bangladesh_2021/table_053.csv,16,9,review_required,placeholder_headers;high_internal_blank_ratio,ok,
extracted_tables/093_Health_Labour_Market_Analysis_in_Bangladesh_2021/table_054.csv,quarantined_tables/093_Health_Labour_Market_Analysis_in_Bangladesh_2021/table_054.csv,17,9,review_required,placeholder_headers;high_internal_blank_ratio,ok,
extracted_tables/093_Health_Labour_Market_Analysis_in_Bangladesh_2021/table_055.csv,quarantined_tables/093_Health_Labour_Market_Analysis_in_Bangladesh_2021/table_055.csv,17,9,review_required,placeholder_headers;high_internal_blank_ratio,ok,
extracted_tables/093_Health_Labour_Market_Analysis_in_Bangladesh_2021/table_056.csv,quarantined_tables/093_Health_Labour_Market_Analysis_in_Bangladesh_2021/table_056.csv,17,9,review_required,placeholder_headers;high_internal_blank_ratio,ok,
extracted_tables/093_Health_Labour_Market_Analysis_in_Bangladesh_2021/table_057.csv,quarantined_tables/093_Health_Labour_Market_Analysis_in_Bangladesh_2021/table_057.csv,17,9,review_required,placeholder_headers;high_internal_blank_ratio,ok,
extracted_tables/093_Health_Labour_Market_Analysis_in_Bangladesh_2021/table_058.csv,quarantined_tables/093_Health_Labour_Market_Analysis_in_Bangladesh_2021/table_058.csv,17,9,review_required,placeholder_headers;high_internal_blank_ratio,ok,
extracted_tables/093_Health_Labour_Market_Analysis_in_Bangladesh_2021/table_059.csv,quarantined_tables/093_Health_Labour_Market_Analysis_in_Bangladesh_2021/table_059.csv,17,9,review_required,placeholder_headers;high_internal_blank_ratio,ok,
extracted_tables/093_Health_Labour_Market_Analysis_in_Bangladesh_2021/table_060.csv,quarantined_tables/093_Health_Labour_Market_Analysis_in_Bangladesh_2021/table_060.csv,16,9,review_required,placeholder_headers;high_internal_blank_ratio,ok,
extracted_tables/093_Health_Labour_Market_Analysis_in_Bangladesh_2021/table_061.csv,quarantined_tables/093_Health_Labour_Market_Analysis_in_Bangladesh_2021/table_061.csv,16,9,review_required,placeholder_headers;high_internal_blank_ratio,ok,
extracted_tables/093_Health_Labour_Market_Analysis_in_Bangladesh_2021/table_062.csv,quarantined_tables/093_Health_Labour_Market_Analysis_in_Bangladesh_2021/table_062.csv,17,9,review_required,placeholder_headers;high_internal_blank_ratio,ok,
extracted_tables/093_Health_Labour_Market_Analysis_in_Bangladesh_2021/table_063.csv,quarantined_tables/093_Health_Labour_Market_Analysis_in_Bangladesh_2021/table_063.csv,17,9,review_required,placeholder_headers;high_internal_blank_ratio,ok,
extracted_tables/093_Health_Labour_Market_Analysis_in_Bangladesh_2021/table_064.csv,quarantined_tables/093_Health_Labour_Market_Analysis_in_Bangladesh_2021/table_064.csv,17,9,review_required,placeholder_headers;high_internal_blank_ratio,ok,
extracted_tables/093_Health_Labour_Market_Analysis_in_Bangladesh_2021/table_065.csv,quarantined_tables/093_Health_Labour_Market_Analysis_in_Bangladesh_2021/table_065.csv,0,0,rejected,empty_or_single_column,ok,
extracted_tables/093_Health_Labour_Market_Analysis_in_Bangladesh_2021/table_066.csv,quarantined_tables/093_Health_Labour_Market_Analysis_in_Bangladesh_2021/table_066.csv,17,9,review_required,placeholder_headers;high_internal_blank_ratio,ok,
extracted_tables/093_Health_Labour_Market_Analysis_in_Bangladesh_2021/table_067.csv,quarantined_tables/093_Health_Labour_Market_Analysis_in_Bangladesh_2021/table_067.csv,16,9,review_required,placeholder_headers;high_internal_blank_ratio,ok,
extracted_tables/093_Health_Labour_Market_Analysis_in_Bangladesh_2021/table_068.csv,quarantined_tables/093_Health_Labour_Market_Analysis_in_Bangladesh_2021/table_068.csv,16,9,review_required,placeholder_headers;high_internal_blank_ratio,ok,
extracted_tables/093_Health_Labour_Market_Analysis_in_Bangladesh_2021/table_069.csv,quarantined_tables/093_Health_Labour_Market_Analysis_in_Bangladesh_2021/table_069.csv,16,9,review_required,placeholder_headers;high_internal_blank_ratio,ok,
extracted_tables/093_Health_Labour_Market_Analysis_in_Bangladesh_2021/table_070.csv,quarantined_tables/093_Health_Labour_Market_Analysis_in_Bangladesh_2021/table_070.csv,16,9,review_required,placeholder_headers;high_internal_blank_ratio,ok,
extracted_tables/093_Health_Labour_Market_Analysis_in_Bangladesh_2021/table_071.csv,quarantined_tables/093_Health_Labour_Market_Analysis_in_Bangladesh_2021/table_071.csv,16,9,review_required,placeholder_headers;high_internal_blank_ratio,ok,
extracted_tables/093_Health_Labour_Market_Analysis_in_Bangladesh_2021/table_072.csv,quarantined_tables/093_Health_Labour_Market_Analysis_in_Bangladesh_2021/table_072.csv,0,0,rejected,empty_or_single_column,ok,
extracted_tables/093_Health_Labour_Market_Analysis_in_Bangladesh_2021/table_073.csv,quarantined_tables/093_Health_Labour_Market_Analysis_in_Bangladesh_2021/table_073.csv,17,9,review_required,placeholder_headers;high_internal_blank_ratio,ok,
extracted_tables/093_Health_Labour_Market_Analysis_in_Bangladesh_2021/table_074.csv,quarantined_tables/093_Health_Labour_Market_Analysis_in_Bangladesh_2021/table_074.csv,17,9,review_required,placeholder_headers;high_internal_blank_ratio,ok,
extracted_tables/093_Health_Labour_Market_Analysis_in_Bangladesh_2021/table_075.csv,quarantined_tables/093_Health_Labour_Market_Analysis_in_Bangladesh_2021/table_075.csv,17,10,review_required,placeholder_headers;high_internal_blank_ratio,ok,
extracted_tables/093_Health_Labour_Market_Analysis_in_Bangladesh_2021/table_076.csv,quarantined_tables/093_Health_Labour_Market_Analysis_in_Bangladesh_2021/table_076.csv,17,9,review_required,placeholder_headers;high_internal_blank_ratio,ok,
extracted_tables/093_Health_Labour_Market_Analysis_in_Bangladesh_2021/table_077.csv,quarantined_tables/093_Health_Labour_Market_Analysis_in_Bangladesh_2021/table_077.csv,17,9,review_required,placeholder_headers;high_internal_blank_ratio,ok,
extracted_tables/093_Health_Labour_Market_Analysis_in_Bangladesh_2021/table_078.csv,quarantined_tables/093_Health_Labour_Market_Analysis_in_Bangladesh_2021/table_078.csv,17,10,review_required,placeholder_headers;high_internal_blank_ratio,ok,
extracted_tables/093_Health_Labour_Market_Analysis_in_Bangladesh_2021/table_079.csv,quarantined_tables/093_Health_Labour_Market_Analysis_in_Bangladesh_2021/table_079.csv,1,1,rejected,empty_or_single_column,ok,
extracted_tables/093_Health_Labour_Market_Analysis_in_Bangladesh_2021/table_080.csv,quarantined_tables/093_Health_Labour_Market_Analysis_in_Bangladesh_2021/table_080.csv,0,0,rejected,empty_or_single_column,ok,
extracted_tables/093_Health_Labour_Market_Analysis_in_Bangladesh_2021/table_081.csv,quarantined_tables/093_Health_Labour_Market_Analysis_in_Bangladesh_2021/table_081.csv,17,10,review_required,placeholder_headers;high_internal_blank_ratio,ok,
extracted_tables/093_Health_Labour_Market_Analysis_in_Bangladesh_2021/table_082.csv,quarantined_tables/093_Health_Labour_Market_Analysis_in_Bangladesh_2021/table_082.csv,17,10,review_required,placeholder_headers;high_internal_blank_ratio,ok,
extracted_tables/093_Health_Labour_Market_Analysis_in_Bangladesh_2021/table_083.csv,quarantined_tables/093_Health_Labour_Market_Analysis_in_Bangladesh_2021/table_083.csv,17,9,review_required,placeholder_headers;high_internal_blank_ratio,ok,
extracted_tables/093_Health_Labour_Market_Analysis_in_Bangladesh_2021/table_084.csv,quarantined_tables/093_Health_Labour_Market_Analysis_in_Bangladesh_2021/table_084.csv,17,10,review_required,placeholder_headers;high_internal_blank_ratio,ok,
extracted_tables/093_Health_Labour_Market_Analysis_in_Bangladesh_2021/table_085.csv,quarantined_tables/093_Health_Labour_Market_Analysis_in_Bangladesh_2021/table_085.csv,17,9,review_required,placeholder_headers;high_internal_blank_ratio,ok,
extracted_tables/093_Health_Labour_Market_Analysis_in_Bangladesh_2021/table_086.csv,quarantined_tables/093_Health_Labour_Market_Analysis_in_Bangladesh_2021/table_086.csv,17,9,review_required,placeholder_headers;high_internal_blank_ratio,ok,
extracted_tables/093_Health_Labour_Market_Analysis_in_Bangladesh_2021/table_087.csv,quarantined_tables/093_Health_Labour_Market_Analysis_in_Bangladesh_2021/table_087.csv,17,9,review_required,placeholder_headers;high_internal_blank_ratio,ok,
extracted_tables/093_Health_Labour_Market_Analysis_in_Bangladesh_2021/table_088.csv,quarantined_tables/093_Health_Labour_Market_Analysis_in_Bangladesh_2021/table_088.csv,17,9,review_required,placeholder_headers;high_internal_blank_ratio,ok,
extracted_tables/093_Health_Labour_Market_Analysis_in_Bangladesh_2021/table_089.csv,quarantined_tables/093_Health_Labour_Market_Analysis_in_Bangladesh_2021/table_089.csv,17,9,review_required,placeholder_headers;high_internal_blank_ratio,ok,
extracted_tables/093_Health_Labour_Market_Analysis_in_Bangladesh_2021/table_090.csv,quarantined_tables/093_Health_Labour_Market_Analysis_in_Bangladesh_2021/table_090.csv,17,9,review_required,placeholder_headers;high_internal_blank_ratio,ok,
extracted_tables/093_Health_Labour_Market_Analysis_in_Bangladesh_2021/table_091.csv,quarantined_tables/093_Health_Labour_Market_Analysis_in_Bangladesh_2021/table_091.csv,17,9,review_required,placeholder_headers;high_internal_blank_ratio,ok,
extracted_tables/093_Health_Labour_Market_Analysis_in_Bangladesh_2021/table_092.csv,quarantined_tables/093_Health_Labour_Market_Analysis_in_Bangladesh_2021/table_092.csv,17,9,review_required,placeholder_headers;high_internal_blank_ratio,ok,
extracted_tables/093_Health_Labour_Market_Analysis_in_Bangladesh_2021/table_093.csv,quarantined_tables/093_Health_Labour_Market_Analysis_in_Bangladesh_2021/table_093.csv,0,0,rejected,empty_or_single_column,ok,
extracted_tables/093_Health_Labour_Market_Analysis_in_Bangladesh_2021/table_094.csv,quarantined_tables/093_Health_Labour_Market_Analysis_in_Bangladesh_2021/table_094.csv,16,9,review_required,placeholder_headers;high_internal_blank_ratio,ok,
extracted_tables/093_Health_Labour_Market_Analysis_in_Bangladesh_2021/table_095.csv,quarantined_tables/093_Health_Labour_Market_Analysis_in_Bangladesh_2021/table_095.csv,17,9,review_required,placeholder_headers;high_internal_blank_ratio,ok,
extracted_tables/093_Health_Labour_Market_Analysis_in_Bangladesh_2021/table_096.csv,quarantined_tables/093_Health_Labour_Market_Analysis_in_Bangladesh_2021/table_096.csv,16,9,review_required,placeholder_headers;high_internal_blank_ratio,ok,
extracted_tables/093_Health_Labour_Market_Analysis_in_Bangladesh_2021/table_097.csv,quarantined_tables/093_Health_Labour_Market_Analysis_in_Bangladesh_2021/table_097.csv,17,10,review_required,placeholder_headers;high_internal_blank_ratio,ok,
extracted_tables/093_Health_Labour_Market_Analysis_in_Bangladesh_2021/table_098.csv,quarantined_tables/093_Health_Labour_Market_Analysis_in_Bangladesh_2021/table_098.csv,17,9,review_required,placeholder_headers;high_internal_blank_ratio,ok,
extracted_tables/093_Health_Labour_Market_Analysis_in_Bangladesh_2021/table_099.csv,quarantined_tables/093_Health_Labour_Market_Analysis_in_Bangladesh_2021/table_099.csv,17,9,review_required,placeholder_headers;high_internal_blank_ratio,ok,
extracted_tables/093_Health_Labour_Market_Analysis_in_Bangladesh_2021/table_100.csv,quarantined_tables/093_Health_Labour_Market_Analysis_in_Bangladesh_2021/table_100.csv,0,0,rejected,empty_or_single_column,ok,
extracted_tables/093_Health_Labour_Market_Analysis_in_Bangladesh_2021/table_101.csv,quarantined_tables/093_Health_Labour_Market_Analysis_in_Bangladesh_2021/table_101.csv,17,9,review_required,placeholder_headers;high_internal_blank_ratio,ok,
extracted_tables/093_Health_Labour_Market_Analysis_in_Bangladesh_2021/table_102.csv,quarantined_tables/093_Health_Labour_Market_Analysis_in_Bangladesh_2021/table_102.csv,17,9,review_required,placeholder_headers;high_internal_blank_ratio,ok,
extracted_tables/093_Health_Labour_Market_Analysis_in_Bangladesh_2021/table_103.csv,quarantined_tables/093_Health_Labour_Market_Analysis_in_Bangladesh_2021/table_103.csv,17,9,review_required,placeholder_headers;high_internal_blank_ratio,ok,
extracted_tables/093_Health_Labour_Market_Analysis_in_Bangladesh_2021/table_104.csv,quarantined_tables/093_Health_Labour_Market_Analysis_in_Bangladesh_2021/table_104.csv,17,9,review_required,placeholder_headers;high_internal_blank_ratio,ok,
extracted_tables/093_Health_Labour_Market_Analysis_in_Bangladesh_2021/table_105.csv,quarantined_tables/093_Health_Labour_Market_Analysis_in_Bangladesh_2021/table_105.csv,16,9,review_required,placeholder_headers;high_internal_blank_ratio,ok,
extracted_tables/093_Health_Labour_Market_Analysis_in_Bangladesh_2021/table_106.csv,quarantined_tables/093_Health_Labour_Market_Analysis_in_Bangladesh_2021/table_106.csv,16,9,review_required,placeholder_headers;high_internal_blank_ratio,ok,
extracted_tables/093_Health_Labour_Market_Analysis_in_Bangladesh_2021/table_107.csv,quarantined_tables/093_Health_Labour_Market_Analysis_in_Bangladesh_2021/table_107.csv,0,0,rejected,empty_or_single_column,ok,
extracted_tables/093_Health_Labour_Market_Analysis_in_Bangladesh_2021/table_108.csv,quarantined_tables/093_Health_Labour_Market_Analysis_in_Bangladesh_2021/table_108.csv,17,9,review_required,placeholder_headers;high_internal_blank_ratio,ok,
extracted_tables/093_Health_Labour_Market_Analysis_in_Bangladesh_2021/table_109.csv,quarantined_tables/093_Health_Labour_Market_Analysis_in_Bangladesh_2021/table_109.csv,17,9,review_required,placeholder_headers;high_internal_blank_ratio,ok,
extracted_tables/093_Health_Labour_Market_Analysis_in_Bangladesh_2021/table_110.csv,quarantined_tables/093_Health_Labour_Market_Analysis_in_Bangladesh_2021/table_110.csv,17,9,review_required,placeholder_headers;high_internal_blank_ratio,ok,
extracted_tables/093_Health_Labour_Market_Analysis_in_Bangladesh_2021/table_111.csv,quarantined_tables/093_Health_Labour_Market_Analysis_in_Bangladesh_2021/table_111.csv,17,9,review_required,placeholder_headers;high_internal_blank_ratio,ok,
extracted_tables/093_Health_Labour_Market_Analysis_in_Bangladesh_2021/table_112.csv,quarantined_tables/093_Health_Labour_Market_Analysis_in_Bangladesh_2021/table_112.csv,17,9,review_required,placeholder_headers;high_internal_blank_ratio,ok,
extracted_tables/093_Health_Labour_Market_Analysis_in_Bangladesh_2021/table_113.csv,quarantined_tables/093_Health_Labour_Market_Analysis_in_Bangladesh_2021/table_113.csv,17,9,review_required,placeholder_headers;high_internal_blank_ratio,ok,
extracted_tables/093_Health_Labour_Market_Analysis_in_Bangladesh_2021/table_114.csv,quarantined_tables/093_Health_Labour_Market_Analysis_in_Bangladesh_2021/table_114.csv,17,9,review_required,placeholder_headers;high_internal_blank_ratio,ok,
extracted_tables/093_Health_Labour_Market_Analysis_in_Bangladesh_2021/table_115.csv,quarantined_tables/093_Health_Labour_Market_Analysis_in_Bangladesh_2021/table_115.csv,16,9,review_required,placeholder_headers;high_internal_blank_ratio,ok,
extracted_tables/093_Health_Labour_Market_Analysis_in_Bangladesh_2021/table_116.csv,quarantined_tables/093_Health_Labour_Market_Analysis_in_Bangladesh_2021/table_116.csv,17,9,review_required,placeholder_headers;high_internal_blank_ratio,ok,
extracted_tables/093_Health_Labour_Market_Analysis_in_Bangladesh_2021/table_117.csv,quarantined_tables/093_Health_Labour_Market_Analysis_in_Bangladesh_2021/table_117.csv,17,9,review_required,placeholder_headers;high_internal_blank_ratio,ok,
extracted_tables/093_Health_Labour_Market_Analysis_in_Bangladesh_2021/table_118.csv,quarantined_tables/093_Health_Labour_Market_Analysis_in_Bangladesh_2021/table_118.csv,17,9,review_required,placeholder_headers;high_internal_blank_ratio,ok,
extracted_tables/093_Health_Labour_Market_Analysis_in_Bangladesh_2021/table_119.csv,quarantined_tables/093_Health_Labour_Market_Analysis_in_Bangladesh_2021/table_119.csv,0,0,rejected,empty_or_single_column,ok,
extracted_tables/093_Health_Labour_Market_Analysis_in_Bangladesh_2021/table_120.csv,quarantined_tables/093_Health_Labour_Market_Analysis_in_Bangladesh_2021/table_120.csv,0,0,rejected,empty_or_single_column,ok,
extracted_tables/093_Health_Labour_Market_Analysis_in_Bangladesh_2021/table_121.csv,quarantined_tables/093_Health_Labour_Market_Analysis_in_Bangladesh_2021/table_121.csv,17,9,review_required,placeholder_headers;high_internal_blank_ratio,ok,
extracted_tables/093_Health_Labour_Market_Analysis_in_Bangladesh_2021/table_122.csv,quarantined_tables/093_Health_Labour_Market_Analysis_in_Bangladesh_2021/table_122.csv,17,9,review_required,placeholder_headers;high_internal_blank_ratio,ok,
extracted_tables/093_Health_Labour_Market_Analysis_in_Bangladesh_2021/table_123.csv,quarantined_tables/093_Health_Labour_Market_Analysis_in_Bangladesh_2021/table_123.csv,17,9,review_required,placeholder_headers;high_internal_blank_ratio,ok,
extracted_tables/093_Health_Labour_Market_Analysis_in_Bangladesh_2021/table_124.csv,quarantined_tables/093_Health_Labour_Market_Analysis_in_Bangladesh_2021/table_124.csv,17,9,review_required,placeholder_headers;high_internal_blank_ratio,ok,
extracted_tables/093_Health_Labour_Market_Analysis_in_Bangladesh_2021/table_125.csv,quarantined_tables/093_Health_Labour_Market_Analysis_in_Bangladesh_2021/table_125.csv,17,9,review_required,placeholder_headers;high_internal_blank_ratio,ok,
extracted_tables/093_Health_Labour_Market_Analysis_in_Bangladesh_2021/table_126.csv,quarantined_tables/093_Health_Labour_Market_Analysis_in_Bangladesh_2021/table_126.csv,17,9,review_required,placeholder_headers;high_internal_blank_ratio,ok,
extracted_tables/093_Health_Labour_Market_Analysis_in_Bangladesh_2021/table_127.csv,quarantined_tables/093_Health_Labour_Market_Analysis_in_Bangladesh_2021/table_127.csv,17,9,review_required,placeholder_headers;high_internal_blank_ratio,ok,
extracted_tables/093_Health_Labour_Market_Analysis_in_Bangladesh_2021/table_128.csv,quarantined_tables/093_Health_Labour_Market_Analysis_in_Bangladesh_2021/table_128.csv,17,9,review_required,placeholder_headers;high_internal_blank_ratio,ok,
extracted_tables/093_Health_Labour_Market_Analysis_in_Bangladesh_2021/table_129.csv,quarantined_tables/093_Health_Labour_Market_Analysis_in_Bangladesh_2021/table_129.csv,16,9,review_required,placeholder_headers;high_internal_blank_ratio,ok,
extracted_tables/093_Health_Labour_Market_Analysis_in_Bangladesh_2021/table_130.csv,quarantined_tables/093_Health_Labour_Market_Analysis_in_Bangladesh_2021/table_130.csv,17,9,review_required,placeholder_headers;high_internal_blank_ratio,ok,
extracted_tables/093_Health_Labour_Market_Analysis_in_Bangladesh_2021/table_131.csv,quarantined_tables/093_Health_Labour_Market_Analysis_in_Bangladesh_2021/table_131.csv,17,9,review_required,placeholder_headers;high_internal_blank_ratio,ok,
extracted_tables/093_Health_Labour_Market_Analysis_in_Bangladesh_2021/table_132.csv,quarantined_tables/093_Health_Labour_Market_Analysis_in_Bangladesh_2021/table_132.csv,17,9,review_required,placeholder_headers;high_internal_blank_ratio,ok,
extracted_tables/093_Health_Labour_Market_Analysis_in_Bangladesh_2021/table_133.csv,quarantined_tables/093_Health_Labour_Market_Analysis_in_Bangladesh_2021/table_133.csv,16,9,review_required,placeholder_headers;high_internal_blank_ratio,ok,
extracted_tables/093_Health_Labour_Market_Analysis_in_Bangladesh_2021/table_134.csv,quarantined_tables/093_Health_Labour_Market_Analysis_in_Bangladesh_2021/table_134.csv,1,1,rejected,empty_or_single_column,ok,
extracted_tables/093_Health_Labour_Market_Analysis_in_Bangladesh_2021/table_135.csv,quarantined_tables/093_Health_Labour_Market_Analysis_in_Bangladesh_2021/table_135.csv,2,1,rejected,empty_or_single_column,ok,
extracted_tables/094_HRH_Data_Sheet_2022_of_HSD/table_001.csv,quarantined_tables/094_HRH_Data_Sheet_2022_of_HSD/table_001.csv,0,0,rejected,empty_or_single_column,ok,
extracted_tables/094_HRH_Data_Sheet_2022_of_HSD/table_002.csv,quarantined_tables/094_HRH_Data_Sheet_2022_of_HSD/table_002.csv,0,0,rejected,empty_or_single_column,ok,
extracted_tables/094_HRH_Data_Sheet_2022_of_HSD/table_003.csv,quarantined_tables/094_HRH_Data_Sheet_2022_of_HSD/table_003.csv,0,0,rejected,empty_or_single_column,ok,
extracted_tables/094_HRH_Data_Sheet_2022_of_HSD/table_004.csv,quarantined_tables/094_HRH_Data_Sheet_2022_of_HSD/table_004.csv,0,0,rejected,empty_or_single_column,ok,
extracted_tables/094_HRH_Data_Sheet_2022_of_HSD/table_005.csv,quarantined_tables/094_HRH_Data_Sheet_2022_of_HSD/table_005.csv,0,0,rejected,empty_or_single_column,ok,
extracted_tables/095__HRH_Data_Sheet_2019_of_HSD/table_001.csv,quarantined_tables/095__HRH_Data_Sheet_2019_of_HSD/table_001.csv,27,3,review_required,placeholder_headers;high_internal_blank_ratio,ok,
extracted_tables/095__HRH_Data_Sheet_2019_of_HSD/table_002.csv,quarantined_tables/095__HRH_Data_Sheet_2019_of_HSD/table_002.csv,39,8,review_required,placeholder_headers;high_internal_blank_ratio,ok,
extracted_tables/095__HRH_Data_Sheet_2019_of_HSD/table_003.csv,quarantined_tables/095__HRH_Data_Sheet_2019_of_HSD/table_003.csv,8,6,review_required,placeholder_headers,ok,
extracted_tables/095__HRH_Data_Sheet_2019_of_HSD/table_004.csv,quarantined_tables/095__HRH_Data_Sheet_2019_of_HSD/table_004.csv,22,8,review_required,placeholder_headers;high_internal_blank_ratio,ok,
extracted_tables/095__HRH_Data_Sheet_2019_of_HSD/table_005.csv,quarantined_tables/095__HRH_Data_Sheet_2019_of_HSD/table_005.csv,30,4,review_required,placeholder_headers,ok,
extracted_tables/095__HRH_Data_Sheet_2019_of_HSD/table_006.csv,quarantined_tables/095__HRH_Data_Sheet_2019_of_HSD/table_006.csv,17,4,review_required,placeholder_headers,ok,
extracted_tables/095__HRH_Data_Sheet_2019_of_HSD/table_007.csv,quarantined_tables/095__HRH_Data_Sheet_2019_of_HSD/table_007.csv,24,4,review_required,placeholder_headers,ok,
extracted_tables/095__HRH_Data_Sheet_2019_of_HSD/table_008.csv,quarantined_tables/095__HRH_Data_Sheet_2019_of_HSD/table_008.csv,3,4,review_required,placeholder_headers;high_internal_blank_ratio,ok,
extracted_tables/095__HRH_Data_Sheet_2019_of_HSD/table_009.csv,quarantined_tables/095__HRH_Data_Sheet_2019_of_HSD/table_009.csv,4,6,review_required,placeholder_headers;high_internal_blank_ratio,ok,
extracted_tables/095__HRH_Data_Sheet_2019_of_HSD/table_010.csv,quarantined_tables/095__HRH_Data_Sheet_2019_of_HSD/table_010.csv,5,2,review_required,placeholder_headers,ok,
extracted_tables/098_HRD_Data_Sheet_2011_of_MOHFW/table_001.csv,quarantined_tables/098_HRD_Data_Sheet_2011_of_MOHFW/table_001.csv,19,3,review_required,placeholder_headers,ok,
extracted_tables/098_HRD_Data_Sheet_2011_of_MOHFW/table_002.csv,quarantined_tables/098_HRD_Data_Sheet_2011_of_MOHFW/table_002.csv,17,3,review_required,placeholder_headers,ok,
extracted_tables/098_HRD_Data_Sheet_2011_of_MOHFW/table_003.csv,quarantined_tables/098_HRD_Data_Sheet_2011_of_MOHFW/table_003.csv,11,3,review_required,placeholder_headers,ok,
extracted_tables/098_HRD_Data_Sheet_2011_of_MOHFW/table_004.csv,quarantined_tables/098_HRD_Data_Sheet_2011_of_MOHFW/table_004.csv,22,12,review_required,placeholder_headers,ok,
extracted_tables/098_HRD_Data_Sheet_2011_of_MOHFW/table_005.csv,quarantined_tables/098_HRD_Data_Sheet_2011_of_MOHFW/table_005.csv,9,6,review_required,placeholder_headers,ok,
extracted_tables/098_HRD_Data_Sheet_2011_of_MOHFW/table_006.csv,quarantined_tables/098_HRD_Data_Sheet_2011_of_MOHFW/table_006.csv,8,3,review_required,placeholder_headers,ok,
extracted_tables/098_HRD_Data_Sheet_2011_of_MOHFW/table_007.csv,quarantined_tables/098_HRD_Data_Sheet_2011_of_MOHFW/table_007.csv,8,5,review_required,placeholder_headers,ok,
extracted_tables/098_HRD_Data_Sheet_2011_of_MOHFW/table_008.csv,quarantined_tables/098_HRD_Data_Sheet_2011_of_MOHFW/table_008.csv,7,4,review_required,placeholder_headers,ok,
extracted_tables/098_HRD_Data_Sheet_2011_of_MOHFW/table_009.csv,quarantined_tables/098_HRD_Data_Sheet_2011_of_MOHFW/table_009.csv,7,7,review_required,placeholder_headers,ok,
extracted_tables/098_HRD_Data_Sheet_2011_of_MOHFW/table_010.csv,quarantined_tables/098_HRD_Data_Sheet_2011_of_MOHFW/table_010.csv,12,5,review_required,placeholder_headers,ok,
extracted_tables/098_HRD_Data_Sheet_2011_of_MOHFW/table_011.csv,quarantined_tables/098_HRD_Data_Sheet_2011_of_MOHFW/table_011.csv,10,7,review_required,placeholder_headers,ok,
extracted_tables/098_HRD_Data_Sheet_2011_of_MOHFW/table_012.csv,quarantined_tables/098_HRD_Data_Sheet_2011_of_MOHFW/table_012.csv,12,6,review_required,placeholder_headers,ok,
extracted_tables/098_HRD_Data_Sheet_2011_of_MOHFW/table_013.csv,quarantined_tables/098_HRD_Data_Sheet_2011_of_MOHFW/table_013.csv,7,5,review_required,placeholder_headers,ok,
extracted_tables/098_HRD_Data_Sheet_2011_of_MOHFW/table_014.csv,quarantined_tables/098_HRD_Data_Sheet_2011_of_MOHFW/table_014.csv,12,4,review_required,placeholder_headers,ok,
extracted_tables/100_Pregnancy_History_Information/table_001.csv,quarantined_tables/100_Pregnancy_History_Information/table_001.csv,3,1,rejected,empty_or_single_column,ok,
extracted_tables/100_Pregnancy_History_Information/table_002.csv,quarantined_tables/100_Pregnancy_History_Information/table_002.csv,3,1,rejected,empty_or_single_column,ok,
extracted_tables/100_Pregnancy_History_Information/table_003.csv,quarantined_tables/100_Pregnancy_History_Information/table_003.csv,3,1,rejected,empty_or_single_column,ok,
extracted_tables/100_Pregnancy_History_Information/table_004.csv,quarantined_tables/100_Pregnancy_History_Information/table_004.csv,3,1,rejected,empty_or_single_column,ok,
extracted_tables/102_Cancer_J_Bangladesh_Vol_5_No_2/table_001.csv,quarantined_tables/102_Cancer_J_Bangladesh_Vol_5_No_2/table_001.csv,1,1,rejected,empty_or_single_column,ok,
extracted_tables/104_Yearbook_2023/table_0001.csv,quarantined_tables/104_Yearbook_2023/table_0001.csv,2,1,rejected,empty_or_single_column,ok,
extracted_tables/104_Yearbook_2023/table_0002.csv,quarantined_tables/104_Yearbook_2023/table_0002.csv,27,3,review_required,placeholder_headers;high_internal_blank_ratio,ok,
extracted_tables/104_Yearbook_2023/table_0003.csv,quarantined_tables/104_Yearbook_2023/table_0003.csv,1,1,rejected,empty_or_single_column,ok,
extracted_tables/104_Yearbook_2023/table_0004.csv,quarantined_tables/104_Yearbook_2023/table_0004.csv,2,2,review_required,placeholder_headers;high_internal_blank_ratio,ok,
extracted_tables/104_Yearbook_2023/table_0005.csv,quarantined_tables/104_Yearbook_2023/table_0005.csv,1,1,rejected,empty_or_single_column,ok,
extracted_tables/104_Yearbook_2023/table_0006.csv,quarantined_tables/104_Yearbook_2023/table_0006.csv,6,3,review_required,placeholder_headers;high_internal_blank_ratio,ok,
extracted_tables/104_Yearbook_2023/table_0007.csv,quarantined_tables/104_Yearbook_2023/table_0007.csv,8,5,review_required,placeholder_headers,ok,
extracted_tables/104_Yearbook_2023/table_0008.csv,quarantined_tables/104_Yearbook_2023/table_0008.csv,6,4,review_required,placeholder_headers;high_internal_blank_ratio,ok,
extracted_tables/104_Yearbook_2023/table_0009.csv,quarantined_tables/104_Yearbook_2023/table_0009.csv,6,3,review_required,placeholder_headers;high_internal_blank_ratio,ok,
extracted_tables/104_Yearbook_2023/table_0010.csv,quarantined_tables/104_Yearbook_2023/table_0010.csv,14,3,review_required,placeholder_headers;high_internal_blank_ratio,ok,
extracted_tables/104_Yearbook_2023/table_0011.csv,quarantined_tables/104_Yearbook_2023/table_0011.csv,13,6,review_required,placeholder_headers;high_internal_blank_ratio,ok,
extracted_tables/104_Yearbook_2023/table_0012.csv,quarantined_tables/104_Yearbook_2023/table_0012.csv,1,1,rejected,empty_or_single_column,ok,
extracted_tables/104_Yearbook_2023/table_0013.csv,quarantined_tables/104_Yearbook_2023/table_0013.csv,14,3,review_required,placeholder_headers,ok,
extracted_tables/104_Yearbook_2023/table_0014.csv,quarantined_tables/104_Yearbook_2023/table_0014.csv,14,7,review_required,placeholder_headers;high_internal_blank_ratio,ok,
extracted_tables/104_Yearbook_2023/table_0015.csv,quarantined_tables/104_Yearbook_2023/table_0015.csv,13,2,review_required,placeholder_headers,ok,
extracted_tables/104_Yearbook_2023/table_0016.csv,quarantined_tables/104_Yearbook_2023/table_0016.csv,14,6,review_required,placeholder_headers;high_internal_blank_ratio,ok,
extracted_tables/104_Yearbook_2023/table_0017.csv,quarantined_tables/104_Yearbook_2023/table_0017.csv,1,1,rejected,empty_or_single_column,ok,
extracted_tables/104_Yearbook_2023/table_0018.csv,quarantined_tables/104_Yearbook_2023/table_0018.csv,15,16,review_required,placeholder_headers,ok,
extracted_tables/104_Yearbook_2023/table_0019.csv,quarantined_tables/104_Yearbook_2023/table_0019.csv,1,1,rejected,empty_or_single_column,ok,
extracted_tables/104_Yearbook_2023/table_0020.csv,quarantined_tables/104_Yearbook_2023/table_0020.csv,9,3,review_required,placeholder_headers;high_internal_blank_ratio,ok,
extracted_tables/104_Yearbook_2023/table_0021.csv,quarantined_tables/104_Yearbook_2023/table_0021.csv,5,3,review_required,placeholder_headers;high_internal_blank_ratio,ok,
extracted_tables/104_Yearbook_2023/table_0022.csv,quarantined_tables/104_Yearbook_2023/table_0022.csv,14,9,review_required,placeholder_headers;high_internal_blank_ratio,ok,
extracted_tables/104_Yearbook_2023/table_0023.csv,quarantined_tables/104_Yearbook_2023/table_0023.csv,1,1,rejected,empty_or_single_column,ok,
extracted_tables/104_Yearbook_2023/table_0024.csv,quarantined_tables/104_Yearbook_2023/table_0024.csv,15,5,review_required,placeholder_headers,ok,
extracted_tables/104_Yearbook_2023/table_0025.csv,quarantined_tables/104_Yearbook_2023/table_0025.csv,1,1,rejected,empty_or_single_column,ok,
extracted_tables/104_Yearbook_2023/table_0026.csv,quarantined_tables/104_Yearbook_2023/table_0026.csv,11,3,review_required,placeholder_headers;high_internal_blank_ratio,ok,
extracted_tables/104_Yearbook_2023/table_0027.csv,quarantined_tables/104_Yearbook_2023/table_0027.csv,8,3,review_required,placeholder_headers;high_internal_blank_ratio,ok,
extracted_tables/104_Yearbook_2023/table_0028.csv,quarantined_tables/104_Yearbook_2023/table_0028.csv,1,1,rejected,empty_or_single_column,ok,
extracted_tables/104_Yearbook_2023/table_0029.csv,quarantined_tables/104_Yearbook_2023/table_0029.csv,15,6,review_required,placeholder_headers;high_internal_blank_ratio,ok,
extracted_tables/104_Yearbook_2023/table_0030.csv,quarantined_tables/104_Yearbook_2023/table_0030.csv,2,7,review_required,placeholder_headers,ok,
extracted_tables/104_Yearbook_2023/table_0031.csv,quarantined_tables/104_Yearbook_2023/table_0031.csv,1,1,rejected,empty_or_single_column,ok,
extracted_tables/104_Yearbook_2023/table_0032.csv,quarantined_tables/104_Yearbook_2023/table_0032.csv,1,1,rejected,empty_or_single_column,ok,
extracted_tables/104_Yearbook_2023/table_0033.csv,quarantined_tables/104_Yearbook_2023/table_0033.csv,8,3,review_required,placeholder_headers;high_internal_blank_ratio,ok,
extracted_tables/104_Yearbook_2023/table_0034.csv,quarantined_tables/104_Yearbook_2023/table_0034.csv,16,14,review_required,placeholder_headers,ok,
extracted_tables/104_Yearbook_2023/table_0035.csv,quarantined_tables/104_Yearbook_2023/table_0035.csv,1,1,rejected,empty_or_single_column,ok,
extracted_tables/104_Yearbook_2023/table_0036.csv,quarantined_tables/104_Yearbook_2023/table_0036.csv,9,3,review_required,placeholder_headers;high_internal_blank_ratio,ok,
extracted_tables/104_Yearbook_2023/table_0037.csv,quarantined_tables/104_Yearbook_2023/table_0037.csv,7,3,review_required,placeholder_headers;high_internal_blank_ratio,ok,
extracted_tables/104_Yearbook_2023/table_0038.csv,quarantined_tables/104_Yearbook_2023/table_0038.csv,1,1,rejected,empty_or_single_column,ok,
extracted_tables/104_Yearbook_2023/table_0039.csv,quarantined_tables/104_Yearbook_2023/table_0039.csv,15,6,review_required,placeholder_headers,ok,
extracted_tables/104_Yearbook_2023/table_0040.csv,quarantined_tables/104_Yearbook_2023/table_0040.csv,15,6,review_required,placeholder_headers;high_internal_blank_ratio,ok,
extracted_tables/104_Yearbook_2023/table_0041.csv,quarantined_tables/104_Yearbook_2023/table_0041.csv,32,14,review_required,placeholder_headers;high_internal_blank_ratio,ok,
extracted_tables/104_Yearbook_2023/table_0042.csv,quarantined_tables/104_Yearbook_2023/table_0042.csv,1,1,rejected,empty_or_single_column,ok,
extracted_tables/104_Yearbook_2023/table_0043.csv,quarantined_tables/104_Yearbook_2023/table_0043.csv,16,7,review_required,placeholder_headers,ok,
extracted_tables/104_Yearbook_2023/table_0044.csv,quarantined_tables/104_Yearbook_2023/table_0044.csv,8,3,review_required,placeholder_headers;high_internal_blank_ratio,ok,
extracted_tables/104_Yearbook_2023/table_0045.csv,quarantined_tables/104_Yearbook_2023/table_0045.csv,1,1,rejected,empty_or_single_column,ok,
extracted_tables/104_Yearbook_2023/table_0046.csv,quarantined_tables/104_Yearbook_2023/table_0046.csv,17,16,review_required,placeholder_headers;high_internal_blank_ratio,ok,
extracted_tables/104_Yearbook_2023/table_0047.csv,quarantined_tables/104_Yearbook_2023/table_0047.csv,8,3,review_required,placeholder_headers;high_internal_blank_ratio,ok,
extracted_tables/104_Yearbook_2023/table_0048.csv,quarantined_tables/104_Yearbook_2023/table_0048.csv,1,1,rejected,empty_or_single_column,ok,
extracted_tables/104_Yearbook_2023/table_0049.csv,quarantined_tables/104_Yearbook_2023/table_0049.csv,4,3,review_required,placeholder_headers,ok,
extracted_tables/104_Yearbook_2023/table_0050.csv,quarantined_tables/104_Yearbook_2023/table_0050.csv,3,3,review_required,placeholder_headers,ok,
extracted_tables/104_Yearbook_2023/table_0051.csv,quarantined_tables/104_Yearbook_2023/table_0051.csv,6,3,review_required,placeholder_headers;high_internal_blank_ratio,ok,
extracted_tables/104_Yearbook_2023/table_0052.csv,quarantined_tables/104_Yearbook_2023/table_0052.csv,5,3,review_required,placeholder_headers,ok,
extracted_tables/104_Yearbook_2023/table_0053.csv,quarantined_tables/104_Yearbook_2023/table_0053.csv,3,6,review_required,placeholder_headers;high_internal_blank_ratio,ok,
extracted_tables/104_Yearbook_2023/table_0054.csv,quarantined_tables/104_Yearbook_2023/table_0054.csv,1,1,rejected,empty_or_single_column,ok,
extracted_tables/104_Yearbook_2023/table_0055.csv,quarantined_tables/104_Yearbook_2023/table_0055.csv,1,1,rejected,empty_or_single_column,ok,
extracted_tables/104_Yearbook_2023/table_0056.csv,quarantined_tables/104_Yearbook_2023/table_0056.csv,14,3,review_required,placeholder_headers,ok,
extracted_tables/104_Yearbook_2023/table_0057.csv,quarantined_tables/104_Yearbook_2023/table_0057.csv,1,1,rejected,empty_or_single_column,ok,
extracted_tables/104_Yearbook_2023/table_0058.csv,quarantined_tables/104_Yearbook_2023/table_0058.csv,9,3,review_required,placeholder_headers;high_internal_blank_ratio,ok,
extracted_tables/104_Yearbook_2023/table_0059.csv,quarantined_tables/104_Yearbook_2023/table_0059.csv,2,3,review_required,placeholder_headers,ok,
extracted_tables/104_Yearbook_2023/table_0060.csv,quarantined_tables/104_Yearbook_2023/table_0060.csv,4,3,review_required,placeholder_headers,ok,
extracted_tables/104_Yearbook_2023/table_0061.csv,quarantined_tables/104_Yearbook_2023/table_0061.csv,1,1,rejected,empty_or_single_column,ok,
extracted_tables/104_Yearbook_2023/table_0062.csv,quarantined_tables/104_Yearbook_2023/table_0062.csv,2,3,review_required,placeholder_headers,ok,
extracted_tables/104_Yearbook_2023/table_0063.csv,quarantined_tables/104_Yearbook_2023/table_0063.csv,2,3,review_required,placeholder_headers,ok,
extracted_tables/104_Yearbook_2023/table_0064.csv,quarantined_tables/104_Yearbook_2023/table_0064.csv,4,4,review_required,placeholder_headers,ok,
extracted_tables/104_Yearbook_2023/table_0065.csv,quarantined_tables/104_Yearbook_2023/table_0065.csv,1,3,review_required,placeholder_headers,ok,
extracted_tables/104_Yearbook_2023/table_0066.csv,quarantined_tables/104_Yearbook_2023/table_0066.csv,1,1,rejected,empty_or_single_column,ok,
extracted_tables/104_Yearbook_2023/table_0067.csv,quarantined_tables/104_Yearbook_2023/table_0067.csv,5,4,review_required,placeholder_headers,ok,
extracted_tables/104_Yearbook_2023/table_0068.csv,quarantined_tables/104_Yearbook_2023/table_0068.csv,9,3,review_required,placeholder_headers;high_internal_blank_ratio,ok,
extracted_tables/104_Yearbook_2023/table_0069.csv,quarantined_tables/104_Yearbook_2023/table_0069.csv,1,1,rejected,empty_or_single_column,ok,
extracted_tables/104_Yearbook_2023/table_0070.csv,quarantined_tables/104_Yearbook_2023/table_0070.csv,9,3,review_required,placeholder_headers;high_internal_blank_ratio,ok,
extracted_tables/104_Yearbook_2023/table_0071.csv,quarantined_tables/104_Yearbook_2023/table_0071.csv,6,3,review_required,placeholder_headers;high_internal_blank_ratio,ok,
extracted_tables/104_Yearbook_2023/table_0072.csv,quarantined_tables/104_Yearbook_2023/table_0072.csv,1,1,rejected,empty_or_single_column,ok,
extracted_tables/104_Yearbook_2023/table_0073.csv,quarantined_tables/104_Yearbook_2023/table_0073.csv,7,3,review_required,placeholder_headers,ok,
extracted_tables/104_Yearbook_2023/table_0074.csv,quarantined_tables/104_Yearbook_2023/table_0074.csv,8,3,review_required,placeholder_headers,ok,
extracted_tables/104_Yearbook_2023/table_0075.csv,quarantined_tables/104_Yearbook_2023/table_0075.csv,1,1,rejected,empty_or_single_column,ok,
extracted_tables/104_Yearbook_2023/table_0076.csv,quarantined_tables/104_Yearbook_2023/table_0076.csv,1,3,review_required,placeholder_headers,ok,
extracted_tables/104_Yearbook_2023/table_0077.csv,quarantined_tables/104_Yearbook_2023/table_0077.csv,1,1,rejected,empty_or_single_column,ok,
extracted_tables/104_Yearbook_2023/table_0078.csv,quarantined_tables/104_Yearbook_2023/table_0078.csv,9,3,review_required,placeholder_headers;high_internal_blank_ratio,ok,
extracted_tables/104_Yearbook_2023/table_0079.csv,quarantined_tables/104_Yearbook_2023/table_0079.csv,9,3,review_required,placeholder_headers;high_internal_blank_ratio,ok,
extracted_tables/104_Yearbook_2023/table_0080.csv,quarantined_tables/104_Yearbook_2023/table_0080.csv,1,1,rejected,empty_or_single_column,ok,
extracted_tables/104_Yearbook_2023/table_0081.csv,quarantined_tables/104_Yearbook_2023/table_0081.csv,9,3,review_required,placeholder_headers;high_internal_blank_ratio,ok,
extracted_tables/104_Yearbook_2023/table_0082.csv,quarantined_tables/104_Yearbook_2023/table_0082.csv,16,4,review_required,placeholder_headers,ok,
extracted_tables/104_Yearbook_2023/table_0083.csv,quarantined_tables/104_Yearbook_2023/table_0083.csv,1,1,rejected,empty_or_single_column,ok,
extracted_tables/104_Yearbook_2023/table_0084.csv,quarantined_tables/104_Yearbook_2023/table_0084.csv,1,1,rejected,empty_or_single_column,ok,
extracted_tables/104_Yearbook_2023/table_0085.csv,quarantined_tables/104_Yearbook_2023/table_0085.csv,7,10,review_required,placeholder_headers;high_internal_blank_ratio,ok,
extracted_tables/104_Yearbook_2023/table_0086.csv,quarantined_tables/104_Yearbook_2023/table_0086.csv,18,4,review_required,placeholder_headers,ok,
extracted_tables/104_Yearbook_2023/table_0087.csv,quarantined_tables/104_Yearbook_2023/table_0087.csv,1,1,rejected,empty_or_single_column,ok,
extracted_tables/104_Yearbook_2023/table_0088.csv,quarantined_tables/104_Yearbook_2023/table_0088.csv,1,1,rejected,empty_or_single_column,ok,
extracted_tables/104_Yearbook_2023/table_0089.csv,quarantined_tables/104_Yearbook_2023/table_0089.csv,17,3,review_required,placeholder_headers,ok,
extracted_tables/104_Yearbook_2023/table_0090.csv,quarantined_tables/104_Yearbook_2023/table_0090.csv,1,1,rejected,empty_or_single_column,ok,
extracted_tables/104_Yearbook_2023/table_0091.csv,quarantined_tables/104_Yearbook_2023/table_0091.csv,10,3,review_required,placeholder_headers,ok,
extracted_tables/104_Yearbook_2023/table_0092.csv,quarantined_tables/104_Yearbook_2023/table_0092.csv,9,3,review_required,placeholder_headers;high_internal_blank_ratio,ok,
extracted_tables/104_Yearbook_2023/table_0093.csv,quarantined_tables/104_Yearbook_2023/table_0093.csv,1,1,rejected,empty_or_single_column,ok,
extracted_tables/104_Yearbook_2023/table_0094.csv,quarantined_tables/104_Yearbook_2023/table_0094.csv,9,3,review_required,placeholder_headers;high_internal_blank_ratio,ok,
extracted_tables/104_Yearbook_2023/table_0095.csv,quarantined_tables/104_Yearbook_2023/table_0095.csv,5,3,review_required,placeholder_headers;high_internal_blank_ratio,ok,
extracted_tables/104_Yearbook_2023/table_0096.csv,quarantined_tables/104_Yearbook_2023/table_0096.csv,1,1,rejected,empty_or_single_column,ok,
extracted_tables/104_Yearbook_2023/table_0097.csv,quarantined_tables/104_Yearbook_2023/table_0097.csv,1,1,rejected,empty_or_single_column,ok,
extracted_tables/104_Yearbook_2023/table_0098.csv,quarantined_tables/104_Yearbook_2023/table_0098.csv,1,1,rejected,empty_or_single_column,ok,
extracted_tables/104_Yearbook_2023/table_0099.csv,quarantined_tables/104_Yearbook_2023/table_0099.csv,14,8,review_required,placeholder_headers,ok,
extracted_tables/104_Yearbook_2023/table_0100.csv,quarantined_tables/104_Yearbook_2023/table_0100.csv,1,1,rejected,empty_or_single_column,ok,
extracted_tables/104_Yearbook_2023/table_0101.csv,quarantined_tables/104_Yearbook_2023/table_0101.csv,9,3,review_required,placeholder_headers;high_internal_blank_ratio,ok,
extracted_tables/104_Yearbook_2023/table_0102.csv,quarantined_tables/104_Yearbook_2023/table_0102.csv,4,3,review_required,placeholder_headers,ok,
extracted_tables/104_Yearbook_2023/table_0103.csv,quarantined_tables/104_Yearbook_2023/table_0103.csv,14,18,review_required,placeholder_headers,ok,
extracted_tables/104_Yearbook_2023/table_0104.csv,quarantined_tables/104_Yearbook_2023/table_0104.csv,1,1,rejected,empty_or_single_column,ok,
extracted_tables/104_Yearbook_2023/table_0105.csv,quarantined_tables/104_Yearbook_2023/table_0105.csv,7,3,review_required,placeholder_headers,ok,
extracted_tables/104_Yearbook_2023/table_0106.csv,quarantined_tables/104_Yearbook_2023/table_0106.csv,9,3,review_required,placeholder_headers;high_internal_blank_ratio,ok,
extracted_tables/104_Yearbook_2023/table_0107.csv,quarantined_tables/104_Yearbook_2023/table_0107.csv,1,1,rejected,empty_or_single_column,ok,
extracted_tables/104_Yearbook_2023/table_0108.csv,quarantined_tables/104_Yearbook_2023/table_0108.csv,3,3,review_required,placeholder_headers,ok,
extracted_tables/104_Yearbook_2023/table_0109.csv,quarantined_tables/104_Yearbook_2023/table_0109.csv,21,15,review_required,placeholder_headers,ok,
extracted_tables/104_Yearbook_2023/table_0110.csv,quarantined_tables/104_Yearbook_2023/table_0110.csv,1,1,rejected,empty_or_single_column,ok,
extracted_tables/104_Yearbook_2023/table_0111.csv,quarantined_tables/104_Yearbook_2023/table_0111.csv,11,2,review_required,placeholder_headers,ok,
extracted_tables/104_Yearbook_2023/table_0112.csv,quarantined_tables/104_Yearbook_2023/table_0112.csv,11,3,review_required,placeholder_headers;high_internal_blank_ratio,ok,
extracted_tables/104_Yearbook_2023/table_0113.csv,quarantined_tables/104_Yearbook_2023/table_0113.csv,1,1,rejected,empty_or_single_column,ok,
extracted_tables/104_Yearbook_2023/table_0114.csv,quarantined_tables/104_Yearbook_2023/table_0114.csv,9,3,review_required,placeholder_headers;high_internal_blank_ratio,ok,
extracted_tables/104_Yearbook_2023/table_0115.csv,quarantined_tables/104_Yearbook_2023/table_0115.csv,1,1,rejected,empty_or_single_column,ok,
extracted_tables/104_Yearbook_2023/table_0116.csv,quarantined_tables/104_Yearbook_2023/table_0116.csv,9,3,review_required,placeholder_headers;high_internal_blank_ratio,ok,
extracted_tables/104_Yearbook_2023/table_0117.csv,quarantined_tables/104_Yearbook_2023/table_0117.csv,5,2,review_required,placeholder_headers,ok,
extracted_tables/104_Yearbook_2023/table_0118.csv,quarantined_tables/104_Yearbook_2023/table_0118.csv,4,2,review_required,placeholder_headers,ok,
extracted_tables/104_Yearbook_2023/table_0119.csv,quarantined_tables/104_Yearbook_2023/table_0119.csv,6,5,review_required,placeholder_headers;high_internal_blank_ratio,ok,
extracted_tables/104_Yearbook_2023/table_0120.csv,quarantined_tables/104_Yearbook_2023/table_0120.csv,1,1,rejected,empty_or_single_column,ok,
extracted_tables/104_Yearbook_2023/table_0121.csv,quarantined_tables/104_Yearbook_2023/table_0121.csv,16,5,review_required,placeholder_headers,ok,
extracted_tables/104_Yearbook_2023/table_0122.csv,quarantined_tables/104_Yearbook_2023/table_0122.csv,13,4,review_required,placeholder_headers,ok,
extracted_tables/104_Yearbook_2023/table_0123.csv,quarantined_tables/104_Yearbook_2023/table_0123.csv,1,1,rejected,empty_or_single_column,ok,
extracted_tables/104_Yearbook_2023/table_0124.csv,quarantined_tables/104_Yearbook_2023/table_0124.csv,6,4,review_required,placeholder_headers,ok,
extracted_tables/104_Yearbook_2023/table_0125.csv,quarantined_tables/104_Yearbook_2023/table_0125.csv,1,1,rejected,empty_or_single_column,ok,
extracted_tables/104_Yearbook_2023/table_0126.csv,quarantined_tables/104_Yearbook_2023/table_0126.csv,5,3,review_required,placeholder_headers,ok,
extracted_tables/104_Yearbook_2023/table_0127.csv,quarantined_tables/104_Yearbook_2023/table_0127.csv,4,4,review_required,placeholder_headers;high_internal_blank_ratio,ok,
extracted_tables/104_Yearbook_2023/table_0128.csv,quarantined_tables/104_Yearbook_2023/table_0128.csv,8,2,review_required,placeholder_headers,ok,
extracted_tables/104_Yearbook_2023/table_0129.csv,quarantined_tables/104_Yearbook_2023/table_0129.csv,8,2,review_required,placeholder_headers,ok,
extracted_tables/104_Yearbook_2023/table_0130.csv,quarantined_tables/104_Yearbook_2023/table_0130.csv,1,1,rejected,empty_or_single_column,ok,
extracted_tables/104_Yearbook_2023/table_0131.csv,quarantined_tables/104_Yearbook_2023/table_0131.csv,7,3,review_required,placeholder_headers;high_internal_blank_ratio,ok,
extracted_tables/104_Yearbook_2023/table_0132.csv,quarantined_tables/104_Yearbook_2023/table_0132.csv,1,1,rejected,empty_or_single_column,ok,
extracted_tables/104_Yearbook_2023/table_0133.csv,quarantined_tables/104_Yearbook_2023/table_0133.csv,14,12,review_required,placeholder_headers;high_internal_blank_ratio,ok,
extracted_tables/104_Yearbook_2023/table_0134.csv,quarantined_tables/104_Yearbook_2023/table_0134.csv,5,3,review_required,placeholder_headers;high_internal_blank_ratio,ok,
extracted_tables/104_Yearbook_2023/table_0135.csv,quarantined_tables/104_Yearbook_2023/table_0135.csv,1,1,rejected,empty_or_single_column,ok,
extracted_tables/104_Yearbook_2023/table_0136.csv,quarantined_tables/104_Yearbook_2023/table_0136.csv,9,3,review_required,placeholder_headers;high_internal_blank_ratio,ok,
extracted_tables/104_Yearbook_2023/table_0137.csv,quarantined_tables/104_Yearbook_2023/table_0137.csv,2,3,review_required,placeholder_headers,ok,
extracted_tables/104_Yearbook_2023/table_0138.csv,quarantined_tables/104_Yearbook_2023/table_0138.csv,6,3,review_required,placeholder_headers;high_internal_blank_ratio,ok,
extracted_tables/104_Yearbook_2023/table_0139.csv,quarantined_tables/104_Yearbook_2023/table_0139.csv,1,1,rejected,empty_or_single_column,ok,
extracted_tables/104_Yearbook_2023/table_0140.csv,quarantined_tables/104_Yearbook_2023/table_0140.csv,3,3,review_required,placeholder_headers,ok,
extracted_tables/104_Yearbook_2023/table_0141.csv,quarantined_tables/104_Yearbook_2023/table_0141.csv,2,13,review_required,placeholder_headers,ok,
extracted_tables/104_Yearbook_2023/table_0142.csv,quarantined_tables/104_Yearbook_2023/table_0142.csv,2,14,review_required,placeholder_headers,ok,
extracted_tables/104_Yearbook_2023/table_0143.csv,quarantined_tables/104_Yearbook_2023/table_0143.csv,4,3,review_required,placeholder_headers,ok,
extracted_tables/104_Yearbook_2023/table_0144.csv,quarantined_tables/104_Yearbook_2023/table_0144.csv,6,3,review_required,placeholder_headers,ok,
extracted_tables/104_Yearbook_2023/table_0145.csv,quarantined_tables/104_Yearbook_2023/table_0145.csv,7,6,review_required,placeholder_headers;high_internal_blank_ratio,ok,
extracted_tables/104_Yearbook_2023/table_0146.csv,quarantined_tables/104_Yearbook_2023/table_0146.csv,1,1,rejected,empty_or_single_column,ok,
extracted_tables/104_Yearbook_2023/table_0147.csv,quarantined_tables/104_Yearbook_2023/table_0147.csv,8,6,review_required,placeholder_headers,ok,
extracted_tables/104_Yearbook_2023/table_0148.csv,quarantined_tables/104_Yearbook_2023/table_0148.csv,11,3,review_required,placeholder_headers,ok,
extracted_tables/104_Yearbook_2023/table_0149.csv,quarantined_tables/104_Yearbook_2023/table_0149.csv,1,1,rejected,empty_or_single_column,ok,
extracted_tables/104_Yearbook_2023/table_0150.csv,quarantined_tables/104_Yearbook_2023/table_0150.csv,1,1,rejected,empty_or_single_column,ok,
extracted_tables/104_Yearbook_2023/table_0151.csv,quarantined_tables/104_Yearbook_2023/table_0151.csv,3,5,review_required,placeholder_headers,ok,
extracted_tables/104_Yearbook_2023/table_0152.csv,quarantined_tables/104_Yearbook_2023/table_0152.csv,5,3,review_required,placeholder_headers;high_internal_blank_ratio,ok,
extracted_tables/104_Yearbook_2023/table_0153.csv,quarantined_tables/104_Yearbook_2023/table_0153.csv,1,1,rejected,empty_or_single_column,ok,
extracted_tables/104_Yearbook_2023/table_0154.csv,quarantined_tables/104_Yearbook_2023/table_0154.csv,9,3,review_required,placeholder_headers;high_internal_blank_ratio,ok,
extracted_tables/104_Yearbook_2023/table_0155.csv,quarantined_tables/104_Yearbook_2023/table_0155.csv,6,3,review_required,placeholder_headers;high_internal_blank_ratio,ok,
extracted_tables/104_Yearbook_2023/table_0156.csv,quarantined_tables/104_Yearbook_2023/table_0156.csv,1,1,rejected,empty_or_single_column,ok,
extracted_tables/104_Yearbook_2023/table_0157.csv,quarantined_tables/104_Yearbook_2023/table_0157.csv,1,1,rejected,empty_or_single_column,ok,
extracted_tables/104_Yearbook_2023/table_0158.csv,quarantined_tables/104_Yearbook_2023/table_0158.csv,1,1,rejected,empty_or_single_column,ok,
extracted_tables/104_Yearbook_2023/table_0159.csv,quarantined_tables/104_Yearbook_2023/table_0159.csv,1,2,review_required,placeholder_headers,ok,
extracted_tables/104_Yearbook_2023/table_0160.csv,quarantined_tables/104_Yearbook_2023/table_0160.csv,1,1,rejected,empty_or_single_column,ok,
extracted_tables/104_Yearbook_2023/table_0161.csv,quarantined_tables/104_Yearbook_2023/table_0161.csv,1,2,review_required,placeholder_headers,ok,
extracted_tables/104_Yearbook_2023/table_0162.csv,quarantined_tables/104_Yearbook_2023/table_0162.csv,1,1,rejected,empty_or_single_column,ok,
extracted_tables/104_Yearbook_2023/table_0163.csv,quarantined_tables/104_Yearbook_2023/table_0163.csv,1,1,rejected,empty_or_single_column,ok,
extracted_tables/104_Yearbook_2023/table_0164.csv,quarantined_tables/104_Yearbook_2023/table_0164.csv,1,1,rejected,empty_or_single_column,ok,
extracted_tables/104_Yearbook_2023/table_0165.csv,quarantined_tables/104_Yearbook_2023/table_0165.csv,1,2,review_required,placeholder_headers,ok,
extracted_tables/104_Yearbook_2023/table_0166.csv,quarantined_tables/104_Yearbook_2023/table_0166.csv,14,4,review_required,placeholder_headers,ok,
extracted_tables/104_Yearbook_2023/table_0167.csv,quarantined_tables/104_Yearbook_2023/table_0167.csv,8,15,review_required,placeholder_headers,ok,
extracted_tables/104_Yearbook_2023/table_0168.csv,quarantined_tables/104_Yearbook_2023/table_0168.csv,1,1,rejected,empty_or_single_column,ok,
extracted_tables/104_Yearbook_2023/table_0169.csv,quarantined_tables/104_Yearbook_2023/table_0169.csv,14,3,review_required,placeholder_headers,ok,
extracted_tables/104_Yearbook_2023/table_0170.csv,quarantined_tables/104_Yearbook_2023/table_0170.csv,12,15,review_required,placeholder_headers;high_internal_blank_ratio,ok,
extracted_tables/104_Yearbook_2023/table_0171.csv,quarantined_tables/104_Yearbook_2023/table_0171.csv,1,1,rejected,empty_or_single_column,ok,
extracted_tables/104_Yearbook_2023/table_0172.csv,quarantined_tables/104_Yearbook_2023/table_0172.csv,9,3,review_required,placeholder_headers;high_internal_blank_ratio,ok,
extracted_tables/104_Yearbook_2023/table_0173.csv,quarantined_tables/104_Yearbook_2023/table_0173.csv,2,3,review_required,placeholder_headers,ok,
extracted_tables/104_Yearbook_2023/table_0174.csv,quarantined_tables/104_Yearbook_2023/table_0174.csv,1,1,rejected,empty_or_single_column,ok,
extracted_tables/104_Yearbook_2023/table_0175.csv,quarantined_tables/104_Yearbook_2023/table_0175.csv,1,1,rejected,empty_or_single_column,ok,
extracted_tables/104_Yearbook_2023/table_0176.csv,quarantined_tables/104_Yearbook_2023/table_0176.csv,14,6,review_required,placeholder_headers,ok,
extracted_tables/104_Yearbook_2023/table_0177.csv,quarantined_tables/104_Yearbook_2023/table_0177.csv,1,1,rejected,empty_or_single_column,ok,
extracted_tables/104_Yearbook_2023/table_0178.csv,quarantined_tables/104_Yearbook_2023/table_0178.csv,3,4,review_required,placeholder_headers,ok,
extracted_tables/104_Yearbook_2023/table_0179.csv,quarantined_tables/104_Yearbook_2023/table_0179.csv,6,3,review_required,placeholder_headers;high_internal_blank_ratio,ok,
extracted_tables/104_Yearbook_2023/table_0180.csv,quarantined_tables/104_Yearbook_2023/table_0180.csv,1,1,rejected,empty_or_single_column,ok,
extracted_tables/104_Yearbook_2023/table_0181.csv,quarantined_tables/104_Yearbook_2023/table_0181.csv,6,4,review_required,placeholder_headers,ok,
extracted_tables/104_Yearbook_2023/table_0182.csv,quarantined_tables/104_Yearbook_2023/table_0182.csv,2,3,review_required,placeholder_headers,ok,
extracted_tables/104_Yearbook_2023/table_0183.csv,quarantined_tables/104_Yearbook_2023/table_0183.csv,14,5,review_required,placeholder_headers,ok,
extracted_tables/104_Yearbook_2023/table_0184.csv,quarantined_tables/104_Yearbook_2023/table_0184.csv,1,2,review_required,placeholder_headers,ok,
extracted_tables/104_Yearbook_2023/table_0185.csv,quarantined_tables/104_Yearbook_2023/table_0185.csv,1,1,rejected,empty_or_single_column,ok,
extracted_tables/104_Yearbook_2023/table_0186.csv,quarantined_tables/104_Yearbook_2023/table_0186.csv,1,2,review_required,placeholder_headers,ok,
extracted_tables/104_Yearbook_2023/table_0187.csv,quarantined_tables/104_Yearbook_2023/table_0187.csv,1,1,rejected,empty_or_single_column,ok,
extracted_tables/104_Yearbook_2023/table_0188.csv,quarantined_tables/104_Yearbook_2023/table_0188.csv,1,1,rejected,empty_or_single_column,ok,
extracted_tables/104_Yearbook_2023/table_0189.csv,quarantined_tables/104_Yearbook_2023/table_0189.csv,1,1,rejected,empty_or_single_column,ok,
extracted_tables/104_Yearbook_2023/table_0190.csv,quarantined_tables/104_Yearbook_2023/table_0190.csv,1,2,review_required,placeholder_headers,ok,
extracted_tables/104_Yearbook_2023/table_0191.csv,quarantined_tables/104_Yearbook_2023/table_0191.csv,1,1,rejected,empty_or_single_column,ok,
extracted_tables/104_Yearbook_2023/table_0192.csv,quarantined_tables/104_Yearbook_2023/table_0192.csv,1,3,review_required,placeholder_headers,ok,
extracted_tables/104_Yearbook_2023/table_0193.csv,quarantined_tables/104_Yearbook_2023/table_0193.csv,14,11,review_required,placeholder_headers;high_internal_blank_ratio,ok,
extracted_tables/104_Yearbook_2023/table_0194.csv,quarantined_tables/104_Yearbook_2023/table_0194.csv,1,1,rejected,empty_or_single_column,ok,
extracted_tables/104_Yearbook_2023/table_0195.csv,quarantined_tables/104_Yearbook_2023/table_0195.csv,9,3,review_required,placeholder_headers;high_internal_blank_ratio,ok,
extracted_tables/104_Yearbook_2023/table_0196.csv,quarantined_tables/104_Yearbook_2023/table_0196.csv,9,3,review_required,placeholder_headers;high_internal_blank_ratio,ok,
extracted_tables/104_Yearbook_2023/table_0197.csv,quarantined_tables/104_Yearbook_2023/table_0197.csv,1,1,rejected,empty_or_single_column,ok,
extracted_tables/104_Yearbook_2023/table_0198.csv,quarantined_tables/104_Yearbook_2023/table_0198.csv,9,3,review_required,placeholder_headers;high_internal_blank_ratio,ok,
extracted_tables/104_Yearbook_2023/table_0199.csv,quarantined_tables/104_Yearbook_2023/table_0199.csv,9,3,review_required,placeholder_headers;high_internal_blank_ratio,ok,
extracted_tables/104_Yearbook_2023/table_0200.csv,quarantined_tables/104_Yearbook_2023/table_0200.csv,1,1,rejected,empty_or_single_column,ok,
extracted_tables/104_Yearbook_2023/table_0201.csv,quarantined_tables/104_Yearbook_2023/table_0201.csv,9,3,review_required,placeholder_headers;high_internal_blank_ratio,ok,
extracted_tables/104_Yearbook_2023/table_0202.csv,quarantined_tables/104_Yearbook_2023/table_0202.csv,4,3,review_required,placeholder_headers,ok,
extracted_tables/104_Yearbook_2023/table_0203.csv,quarantined_tables/104_Yearbook_2023/table_0203.csv,1,1,rejected,empty_or_single_column,ok,
extracted_tables/104_Yearbook_2023/table_0204.csv,quarantined_tables/104_Yearbook_2023/table_0204.csv,3,5,review_required,placeholder_headers;high_internal_blank_ratio,ok,
extracted_tables/104_Yearbook_2023/table_0205.csv,quarantined_tables/104_Yearbook_2023/table_0205.csv,1,1,rejected,empty_or_single_column,ok,
extracted_tables/104_Yearbook_2023/table_0206.csv,quarantined_tables/104_Yearbook_2023/table_0206.csv,14,5,review_required,placeholder_headers,ok,
extracted_tables/104_Yearbook_2023/table_0207.csv,quarantined_tables/104_Yearbook_2023/table_0207.csv,5,3,review_required,placeholder_headers;high_internal_blank_ratio,ok,
extracted_tables/104_Yearbook_2023/table_0208.csv,quarantined_tables/104_Yearbook_2023/table_0208.csv,9,3,review_required,placeholder_headers;high_internal_blank_ratio,ok,
extracted_tables/104_Yearbook_2023/table_0209.csv,quarantined_tables/104_Yearbook_2023/table_0209.csv,1,1,rejected,empty_or_single_column,ok,
extracted_tables/104_Yearbook_2023/table_0210.csv,quarantined_tables/104_Yearbook_2023/table_0210.csv,9,3,review_required,placeholder_headers;high_internal_blank_ratio,ok,
extracted_tables/104_Yearbook_2023/table_0211.csv,quarantined_tables/104_Yearbook_2023/table_0211.csv,5,3,review_required,placeholder_headers;high_internal_blank_ratio,ok,
extracted_tables/104_Yearbook_2023/table_0212.csv,quarantined_tables/104_Yearbook_2023/table_0212.csv,1,1,rejected,empty_or_single_column,ok,
extracted_tables/104_Yearbook_2023/table_0213.csv,quarantined_tables/104_Yearbook_2023/table_0213.csv,1,1,rejected,empty_or_single_column,ok,
extracted_tables/104_Yearbook_2023/table_0214.csv,quarantined_tables/104_Yearbook_2023/table_0214.csv,9,3,review_required,placeholder_headers;high_internal_blank_ratio,ok,
extracted_tables/104_Yearbook_2023/table_0215.csv,quarantined_tables/104_Yearbook_2023/table_0215.csv,1,1,rejected,empty_or_single_column,ok,
extracted_tables/104_Yearbook_2023/table_0216.csv,quarantined_tables/104_Yearbook_2023/table_0216.csv,9,3,review_required,placeholder_headers;high_internal_blank_ratio,ok,
extracted_tables/104_Yearbook_2023/table_0217.csv,quarantined_tables/104_Yearbook_2023/table_0217.csv,9,3,review_required,placeholder_headers;high_internal_blank_ratio,ok,
extracted_tables/104_Yearbook_2023/table_0218.csv,quarantined_tables/104_Yearbook_2023/table_0218.csv,1,1,rejected,empty_or_single_column,ok,
extracted_tables/104_Yearbook_2023/table_0219.csv,quarantined_tables/104_Yearbook_2023/table_0219.csv,9,3,review_required,placeholder_headers;high_internal_blank_ratio,ok,
extracted_tables/104_Yearbook_2023/table_0220.csv,quarantined_tables/104_Yearbook_2023/table_0220.csv,4,3,review_required,placeholder_headers,ok,
extracted_tables/104_Yearbook_2023/table_0221.csv,quarantined_tables/104_Yearbook_2023/table_0221.csv,3,3,review_required,placeholder_headers,ok,
extracted_tables/104_Yearbook_2023/table_0222.csv,quarantined_tables/104_Yearbook_2023/table_0222.csv,1,1,rejected,empty_or_single_column,ok,
extracted_tables/104_Yearbook_2023/table_0223.csv,quarantined_tables/104_Yearbook_2023/table_0223.csv,19,16,review_required,placeholder_headers;high_internal_blank_ratio,ok,
extracted_tables/104_Yearbook_2023/table_0224.csv,quarantined_tables/104_Yearbook_2023/table_0224.csv,1,1,rejected,empty_or_single_column,ok,
extracted_tables/104_Yearbook_2023/table_0225.csv,quarantined_tables/104_Yearbook_2023/table_0225.csv,8,3,review_required,placeholder_headers,ok,
extracted_tables/104_Yearbook_2023/table_0226.csv,quarantined_tables/104_Yearbook_2023/table_0226.csv,5,3,review_required,placeholder_headers,ok,
extracted_tables/104_Yearbook_2023/table_0227.csv,quarantined_tables/104_Yearbook_2023/table_0227.csv,4,4,review_required,placeholder_headers,ok,
extracted_tables/104_Yearbook_2023/table_0228.csv,quarantined_tables/104_Yearbook_2023/table_0228.csv,6,2,review_required,placeholder_headers,ok,
extracted_tables/104_Yearbook_2023/table_0229.csv,quarantined_tables/104_Yearbook_2023/table_0229.csv,11,3,review_required,placeholder_headers,ok,
extracted_tables/104_Yearbook_2023/table_0230.csv,quarantined_tables/104_Yearbook_2023/table_0230.csv,1,1,rejected,empty_or_single_column,ok,
extracted_tables/104_Yearbook_2023/table_0231.csv,quarantined_tables/104_Yearbook_2023/table_0231.csv,15,4,review_required,placeholder_headers,ok,
extracted_tables/104_Yearbook_2023/table_0232.csv,quarantined_tables/104_Yearbook_2023/table_0232.csv,1,1,rejected,empty_or_single_column,ok,
extracted_tables/104_Yearbook_2023/table_0233.csv,quarantined_tables/104_Yearbook_2023/table_0233.csv,29,6,review_required,placeholder_headers;high_internal_blank_ratio,ok,
extracted_tables/104_Yearbook_2023/table_0234.csv,quarantined_tables/104_Yearbook_2023/table_0234.csv,1,1,rejected,empty_or_single_column,ok,
extracted_tables/104_Yearbook_2023/table_0235.csv,quarantined_tables/104_Yearbook_2023/table_0235.csv,42,7,review_required,placeholder_headers;high_internal_blank_ratio,ok,
extracted_tables/104_Yearbook_2023/table_0236.csv,quarantined_tables/104_Yearbook_2023/table_0236.csv,1,1,rejected,empty_or_single_column,ok,
extracted_tables/104_Yearbook_2023/table_0237.csv,quarantined_tables/104_Yearbook_2023/table_0237.csv,9,3,review_required,placeholder_headers;high_internal_blank_ratio,ok,
extracted_tables/104_Yearbook_2023/table_0238.csv,quarantined_tables/104_Yearbook_2023/table_0238.csv,4,3,review_required,placeholder_headers,ok,
extracted_tables/104_Yearbook_2023/table_0239.csv,quarantined_tables/104_Yearbook_2023/table_0239.csv,1,1,rejected,empty_or_single_column,ok,
extracted_tables/104_Yearbook_2023/table_0240.csv,quarantined_tables/104_Yearbook_2023/table_0240.csv,13,9,review_required,placeholder_headers,ok,
extracted_tables/104_Yearbook_2023/table_0241.csv,quarantined_tables/104_Yearbook_2023/table_0241.csv,1,1,rejected,empty_or_single_column,ok,
extracted_tables/104_Yearbook_2023/table_0242.csv,quarantined_tables/104_Yearbook_2023/table_0242.csv,1,1,rejected,empty_or_single_column,ok,
extracted_tables/104_Yearbook_2023/table_0243.csv,quarantined_tables/104_Yearbook_2023/table_0243.csv,1,1,rejected,empty_or_single_column,ok,
extracted_tables/104_Yearbook_2023/table_0244.csv,quarantined_tables/104_Yearbook_2023/table_0244.csv,1,2,review_required,placeholder_headers,ok,
extracted_tables/104_Yearbook_2023/table_0245.csv,quarantined_tables/104_Yearbook_2023/table_0245.csv,1,2,review_required,placeholder_headers,ok,
extracted_tables/104_Yearbook_2023/table_0246.csv,quarantined_tables/104_Yearbook_2023/table_0246.csv,1,1,rejected,empty_or_single_column,ok,
extracted_tables/104_Yearbook_2023/table_0247.csv,quarantined_tables/104_Yearbook_2023/table_0247.csv,14,4,review_required,placeholder_headers,ok,
extracted_tables/104_Yearbook_2023/table_0248.csv,quarantined_tables/104_Yearbook_2023/table_0248.csv,4,3,review_required,placeholder_headers,ok,
extracted_tables/104_Yearbook_2023/table_0249.csv,quarantined_tables/104_Yearbook_2023/table_0249.csv,1,1,rejected,empty_or_single_column,ok,
extracted_tables/105_Cancer_J_Bangladesh_Vol_4_No_2/table_001.csv,quarantined_tables/105_Cancer_J_Bangladesh_Vol_4_No_2/table_001.csv,1,1,rejected,empty_or_single_column,ok,
extracted_tables/105_Cancer_J_Bangladesh_Vol_4_No_2/table_002.csv,quarantined_tables/105_Cancer_J_Bangladesh_Vol_4_No_2/table_002.csv,2,5,review_required,placeholder_headers;high_internal_blank_ratio,ok,
extracted_tables/105_Cancer_J_Bangladesh_Vol_4_No_2/table_003.csv,quarantined_tables/105_Cancer_J_Bangladesh_Vol_4_No_2/table_003.csv,3,2,review_required,placeholder_headers;high_internal_blank_ratio,ok,
extracted_tables/105_Cancer_J_Bangladesh_Vol_4_No_2/table_004.csv,quarantined_tables/105_Cancer_J_Bangladesh_Vol_4_No_2/table_004.csv,3,4,review_required,placeholder_headers;high_internal_blank_ratio,ok,
extracted_tables/107_Cancer_J_Bangladesh_Vol_3_No_1/table_001.csv,quarantined_tables/107_Cancer_J_Bangladesh_Vol_3_No_1/table_001.csv,2,1,rejected,empty_or_single_column,ok,
extracted_tables/107_Cancer_J_Bangladesh_Vol_3_No_1/table_002.csv,quarantined_tables/107_Cancer_J_Bangladesh_Vol_3_No_1/table_002.csv,5,6,review_required,placeholder_headers;high_internal_blank_ratio,ok,
extracted_tables/107_Cancer_J_Bangladesh_Vol_3_No_1/table_003.csv,quarantined_tables/107_Cancer_J_Bangladesh_Vol_3_No_1/table_003.csv,4,10,review_required,placeholder_headers;high_internal_blank_ratio,ok,
extracted_tables/110_Cancer_J_Bangladesh_Vol_2_No_1_January_2021/table_001.csv,quarantined_tables/110_Cancer_J_Bangladesh_Vol_2_No_1_January_2021/table_001.csv,1,1,rejected,empty_or_single_column,ok,
extracted_tables/110_Cancer_J_Bangladesh_Vol_2_No_1_January_2021/table_002.csv,quarantined_tables/110_Cancer_J_Bangladesh_Vol_2_No_1_January_2021/table_002.csv,0,0,rejected,empty_or_single_column,ok,
extracted_tables/111_Cancer_J_Bangladesh_Vol_1_No_1_July_2020/table_001.csv,quarantined_tables/111_Cancer_J_Bangladesh_Vol_1_No_1_July_2020/table_001.csv,0,0,rejected,empty_or_single_column,ok,
extracted_tables/114_DGHS_Active_Facility_Registry/table_0001.csv,quarantined_tables/114_DGHS_Active_Facility_Registry/table_0001.csv,39434,14,review_required,suspected_mojibake_or_replacement_character,ok,
extracted_tables/115_Bangladesh_Core_FHIR_IG/table_0001.csv,cleaned_tables/115_Bangladesh_Core_FHIR_IG/table_0001.csv,1529,5,accepted,,ok,
extracted_tables/116_Bangladesh_ICD11_Condition_ValueSet/table_0001.csv,cleaned_tables/116_Bangladesh_ICD11_Condition_ValueSet/table_0001.csv,18508,5,accepted,,ok,
extracted_tables/117_Bangladesh_Vaccine_Value_Set/table_0001.csv,cleaned_tables/117_Bangladesh_Vaccine_Value_Set/table_0001.csv,10,5,accepted,,ok,
extracted_tables/118_Bangladesh_Open_Data_Doctor_Directory/table_0001.csv,cleaned_tables/118_Bangladesh_Open_Data_Doctor_Directory/table_0001.csv,199,11,accepted,,ok,
