file,category,rows,cols
extracted_tables/042_Health_Bulletin_2008/table_023.csv,health_stat,44,23
extracted_tables/042_Health_Bulletin_2008/table_104.csv,other,9,6
extracted_tables/042_Health_Bulletin_2008/table_058.csv,health_stat,16,9
extracted_tables/042_Health_Bulletin_2008/table_015.csv,health_stat,20,13
extracted_tables/042_Health_Bulletin_2008/table_033.csv,other,5,56
extracted_tables/042_Health_Bulletin_2008/table_065.csv,population,15,9
extracted_tables/042_Health_Bulletin_2008/table_097.csv,other,12,3
extracted_tables/042_Health_Bulletin_2008/table_105.csv,health_stat,10,6
extracted_tables/042_Health_Bulletin_2008/table_021.csv,health_stat,19,20
extracted_tables/042_Health_Bulletin_2008/table_006.csv,population,11,18
extracted_tables/042_Health_Bulletin_2008/table_121.csv,human_resource,22,2
extracted_tables/042_Health_Bulletin_2008/table_099.csv,other,6,6
extracted_tables/042_Health_Bulletin_2008/table_090.csv,human_resource,5,12
extracted_tables/042_Health_Bulletin_2008/table_073.csv,other,8,29
extracted_tables/042_Health_Bulletin_2008/table_095.csv,other,9,7
extracted_tables/042_Health_Bulletin_2008/table_103.csv,health_stat,11,6
extracted_tables/042_Health_Bulletin_2008/table_113.csv,other,6,6
extracted_tables/042_Health_Bulletin_2008/table_076.csv,other,11,9
extracted_tables/042_Health_Bulletin_2008/table_018.csv,health_stat,35,15
extracted_tables/042_Health_Bulletin_2008/table_017.csv,health_stat,9,36
extracted_tables/042_Health_Bulletin_2008/table_109.csv,health_stat,17,6
extracted_tables/042_Health_Bulletin_2008/table_057.csv,population,6,2
extracted_tables/042_Health_Bulletin_2008/table_037.csv,other,14,4
extracted_tables/042_Health_Bulletin_2008/table_098.csv,other,20,6
extracted_tables/042_Health_Bulletin_2008/table_043.csv,other,5,15
extracted_tables/042_Health_Bulletin_2008/table_063.csv,population,17,9
extracted_tables/042_Health_Bulletin_2008/table_062.csv,population,9,9
extracted_tables/042_Health_Bulletin_2008/table_002.csv,population,44,27
extracted_tables/042_Health_Bulletin_2008/table_077.csv,other,11,17
extracted_tables/042_Health_Bulletin_2008/table_059.csv,population,11,9
extracted_tables/042_Health_Bulletin_2008/table_044.csv,surgery,10,8
extracted_tables/042_Health_Bulletin_2008/table_049.csv,cancer,20,9
extracted_tables/042_Health_Bulletin_2008/table_114.csv,other,13,6
extracted_tables/042_Health_Bulletin_2008/table_012.csv,health_stat,16,15
extracted_tables/042_Health_Bulletin_2008/table_013.csv,other,19,27
extracted_tables/042_Health_Bulletin_2008/table_032.csv,population,12,8
extracted_tables/042_Health_Bulletin_2008/table_083.csv,other,5,22
extracted_tables/042_Health_Bulletin_2008/table_041.csv,other,6,4
extracted_tables/042_Health_Bulletin_2008/table_127.csv,health_stat,9,2
extracted_tables/042_Health_Bulletin_2008/table_102.csv,other,16,6
extracted_tables/042_Health_Bulletin_2008/table_129.csv,health_stat,33,12
extracted_tables/042_Health_Bulletin_2008/table_056.csv,other,5,4
extracted_tables/042_Health_Bulletin_2008/table_068.csv,population,20,6
extracted_tables/042_Health_Bulletin_2008/table_092.csv,human_resource,5,12
extracted_tables/042_Health_Bulletin_2008/table_054.csv,other,12,15
extracted_tables/042_Health_Bulletin_2008/table_070.csv,other,8,2
extracted_tables/042_Health_Bulletin_2008/table_026.csv,health_stat,45,30
extracted_tables/042_Health_Bulletin_2008/table_110.csv,other,7,6
extracted_tables/042_Health_Bulletin_2008/table_060.csv,population,11,9
extracted_tables/042_Health_Bulletin_2008/table_008.csv,population,58,22
extracted_tables/042_Health_Bulletin_2008/table_089.csv,human_resource,5,9
extracted_tables/042_Health_Bulletin_2008/table_051.csv,health_stat,13,9
extracted_tables/042_Health_Bulletin_2008/table_108.csv,health_stat,11,6
extracted_tables/042_Health_Bulletin_2008/table_126.csv,other,22,53
extracted_tables/042_Health_Bulletin_2008/table_088.csv,human_resource,10,28
extracted_tables/042_Health_Bulletin_2008/table_093.csv,human_resource,6,12
extracted_tables/042_Health_Bulletin_2008/table_101.csv,other,9,6
extracted_tables/042_Health_Bulletin_2008/table_042.csv,other,8,11
extracted_tables/042_Health_Bulletin_2008/table_007.csv,health_stat,26,21
extracted_tables/042_Health_Bulletin_2008/table_061.csv,population,16,9
extracted_tables/042_Health_Bulletin_2008/table_040.csv,health_stat,12,30
extracted_tables/042_Health_Bulletin_2008/table_072.csv,other,19,10
extracted_tables/042_Health_Bulletin_2008/table_067.csv,population,6,9
extracted_tables/042_Health_Bulletin_2008/table_079.csv,other,11,17
extracted_tables/042_Health_Bulletin_2008/table_053.csv,health_stat,13,12
extracted_tables/042_Health_Bulletin_2008/table_025.csv,health_stat,19,45
extracted_tables/042_Health_Bulletin_2008/table_038.csv,health_stat,8,9
extracted_tables/042_Health_Bulletin_2008/table_078.csv,other,11,16
extracted_tables/042_Health_Bulletin_2008/table_087.csv,human_resource,16,10
extracted_tables/042_Health_Bulletin_2008/table_120.csv,human_resource,17,2
extracted_tables/042_Health_Bulletin_2008/table_064.csv,other,15,7
extracted_tables/042_Health_Bulletin_2008/table_036.csv,other,10,4
extracted_tables/042_Health_Bulletin_2008/table_116.csv,other,19,6
extracted_tables/042_Health_Bulletin_2008/table_112.csv,health_stat,14,6
extracted_tables/042_Health_Bulletin_2008/table_050.csv,cancer,18,15
extracted_tables/042_Health_Bulletin_2008/table_125.csv,other,24,53
extracted_tables/042_Health_Bulletin_2008/table_111.csv,health_stat,26,6
extracted_tables/042_Health_Bulletin_2008/table_086.csv,human_resource,7,6
extracted_tables/042_Health_Bulletin_2008/table_001.csv,population,8,3
extracted_tables/042_Health_Bulletin_2008/table_066.csv,population,9,9
extracted_tables/042_Health_Bulletin_2008/table_046.csv,other,5,7
extracted_tables/042_Health_Bulletin_2008/table_085.csv,health_stat,15,5
extracted_tables/042_Health_Bulletin_2008/table_039.csv,other,9,6
extracted_tables/042_Health_Bulletin_2008/table_048.csv,health_stat,10,11
extracted_tables/042_Health_Bulletin_2008/table_075.csv,other,27,23
extracted_tables/042_Health_Bulletin_2008/table_094.csv,other,7,2
extracted_tables/042_Health_Bulletin_2008/table_016.csv,health_stat,37,13
extracted_tables/042_Health_Bulletin_2008/table_082.csv,other,5,12
extracted_tables/042_Health_Bulletin_2008/table_014.csv,health_stat,12,26
extracted_tables/042_Health_Bulletin_2008/table_119.csv,other,16,6
extracted_tables/042_Health_Bulletin_2008/table_029.csv,population,38,5
extracted_tables/042_Health_Bulletin_2008/table_052.csv,other,6,9
extracted_tables/042_Health_Bulletin_2008/table_055.csv,other,11,15
extracted_tables/042_Health_Bulletin_2008/table_091.csv,human_resource,6,9
extracted_tables/042_Health_Bulletin_2008/table_005.csv,health_stat,14,3
extracted_tables/042_Health_Bulletin_2008/table_100.csv,other,38,2
extracted_tables/042_Health_Bulletin_2008/table_031.csv,other,13,4
extracted_tables/042_Health_Bulletin_2008/table_080.csv,other,11,16
extracted_tables/042_Health_Bulletin_2008/table_096.csv,human_resource,7,13
extracted_tables/042_Health_Bulletin_2008/table_123.csv,population,21,2
extracted_tables/042_Health_Bulletin_2008/table_069.csv,population,11,30
extracted_tables/042_Health_Bulletin_2008/table_011.csv,health_stat,19,18
extracted_tables/042_Health_Bulletin_2008/table_030.csv,other,8,4
extracted_tables/042_Health_Bulletin_2008/table_045.csv,health_stat,8,9
extracted_tables/042_Health_Bulletin_2008/table_128.csv,health_stat,33,21
extracted_tables/042_Health_Bulletin_2008/table_106.csv,other,9,6
extracted_tables/042_Health_Bulletin_2008/table_022.csv,health_stat,39,24
extracted_tables/042_Health_Bulletin_2008/table_003.csv,population,37,25
extracted_tables/042_Health_Bulletin_2008/table_117.csv,other,9,6
extracted_tables/042_Health_Bulletin_2008/table_019.csv,health_stat,9,27
extracted_tables/042_Health_Bulletin_2008/table_024.csv,health_stat,23,41
extracted_tables/042_Health_Bulletin_2008/table_047.csv,health_stat,6,7
extracted_tables/042_Health_Bulletin_2008/table_118.csv,other,9,2
extracted_tables/042_Health_Bulletin_2008/table_122.csv,surgery,19,2
extracted_tables/042_Health_Bulletin_2008/table_084.csv,other,8,5
extracted_tables/042_Health_Bulletin_2008/table_010.csv,population,14,18
extracted_tables/042_Health_Bulletin_2008/table_115.csv,other,10,6
extracted_tables/042_Health_Bulletin_2008/table_009.csv,population,63,21
extracted_tables/042_Health_Bulletin_2008/table_028.csv,health_stat,8,57
extracted_tables/042_Health_Bulletin_2008/table_020.csv,other,15,15
extracted_tables/042_Health_Bulletin_2008/table_027.csv,health_stat,42,55
extracted_tables/042_Health_Bulletin_2008/table_035.csv,other,12,4
extracted_tables/042_Health_Bulletin_2008/table_124.csv,health_stat,15,2
extracted_tables/042_Health_Bulletin_2008/table_081.csv,other,9,21
extracted_tables/042_Health_Bulletin_2008/table_071.csv,other,6,2
extracted_tables/042_Health_Bulletin_2008/table_130.csv,population,14,12
extracted_tables/042_Health_Bulletin_2008/table_074.csv,other,9,7
extracted_tables/042_Health_Bulletin_2008/table_004.csv,human_resource,16,9
extracted_tables/042_Health_Bulletin_2008/table_034.csv,other,10,3
extracted_tables/042_Health_Bulletin_2008/table_107.csv,population,23,6
extracted_tables/027_Health_Bulletin_2023/table_0168.csv,health_stat,12,8
extracted_tables/027_Health_Bulletin_2023/table_0071.csv,health_stat,5,2
extracted_tables/027_Health_Bulletin_2023/table_0040.csv,other,3,3
extracted_tables/027_Health_Bulletin_2023/table_0036.csv,other,3,4
extracted_tables/027_Health_Bulletin_2023/table_0134.csv,population,6,3
extracted_tables/027_Health_Bulletin_2023/table_0131.csv,surgery,3,3
extracted_tables/027_Health_Bulletin_2023/table_0125.csv,health_stat,16,3
extracted_tables/027_Health_Bulletin_2023/table_0034.csv,other,6,6
extracted_tables/027_Health_Bulletin_2023/table_0079.csv,other,11,9
extracted_tables/027_Health_Bulletin_2023/table_0180.csv,surgery,14,5
extracted_tables/027_Health_Bulletin_2023/table_0171.csv,health_stat,7,6
extracted_tables/027_Health_Bulletin_2023/table_0064.csv,health_stat,10,2
extracted_tables/027_Health_Bulletin_2023/table_0129.csv,population,29,3
extracted_tables/027_Health_Bulletin_2023/table_0020.csv,other,4,2
extracted_tables/027_Health_Bulletin_2023/table_0101.csv,health_stat,14,2
extracted_tables/027_Health_Bulletin_2023/table_0186.csv,other,6,5
extracted_tables/027_Health_Bulletin_2023/table_0099.csv,other,11,9
extracted_tables/027_Health_Bulletin_2023/table_0070.csv,cancer,4,4
extracted_tables/027_Health_Bulletin_2023/table_0109.csv,other,10,3
extracted_tables/027_Health_Bulletin_2023/table_0156.csv,other,18,4
extracted_tables/027_Health_Bulletin_2023/table_0089.csv,population,5,4
extracted_tables/027_Health_Bulletin_2023/table_0080.csv,population,15,3
extracted_tables/027_Health_Bulletin_2023/table_0049.csv,other,20,2
extracted_tables/027_Health_Bulletin_2023/table_0023.csv,population,12,2
extracted_tables/027_Health_Bulletin_2023/table_0160.csv,other,4,21
extracted_tables/027_Health_Bulletin_2023/table_0011.csv,other,29,5
extracted_tables/027_Health_Bulletin_2023/table_0184.csv,other,10,5
extracted_tables/027_Health_Bulletin_2023/table_0014.csv,other,12,5
extracted_tables/027_Health_Bulletin_2023/table_0102.csv,cancer,6,6
extracted_tables/027_Health_Bulletin_2023/table_0006.csv,population,27,5
extracted_tables/027_Health_Bulletin_2023/table_0083.csv,other,5,5
extracted_tables/027_Health_Bulletin_2023/table_0127.csv,health_stat,23,3
extracted_tables/027_Health_Bulletin_2023/table_0016.csv,population,5,5
extracted_tables/027_Health_Bulletin_2023/table_0051.csv,other,8,5
extracted_tables/027_Health_Bulletin_2023/table_0072.csv,population,9,2
extracted_tables/027_Health_Bulletin_2023/table_0135.csv,health_stat,5,4
extracted_tables/027_Health_Bulletin_2023/table_0013.csv,population,10,5
extracted_tables/027_Health_Bulletin_2023/table_0108.csv,health_stat,5,5
extracted_tables/027_Health_Bulletin_2023/table_0027.csv,population,3,2
extracted_tables/027_Health_Bulletin_2023/table_0126.csv,health_stat,5,3
extracted_tables/027_Health_Bulletin_2023/table_0043.csv,other,4,8
extracted_tables/027_Health_Bulletin_2023/table_0045.csv,other,3,3
extracted_tables/027_Health_Bulletin_2023/table_0044.csv,other,3,3
extracted_tables/027_Health_Bulletin_2023/table_0111.csv,health_stat,7,4
extracted_tables/027_Health_Bulletin_2023/table_0090.csv,other,10,4
extracted_tables/027_Health_Bulletin_2023/table_0123.csv,health_stat,16,11
extracted_tables/027_Health_Bulletin_2023/table_0172.csv,health_stat,9,4
extracted_tables/027_Health_Bulletin_2023/table_0137.csv,health_stat,7,6
extracted_tables/027_Health_Bulletin_2023/table_0152.csv,other,14,7
extracted_tables/027_Health_Bulletin_2023/table_0122.csv,health_stat,15,11
extracted_tables/027_Health_Bulletin_2023/table_0094.csv,other,15,6
extracted_tables/027_Health_Bulletin_2023/table_0052.csv,other,7,2
extracted_tables/027_Health_Bulletin_2023/table_0140.csv,other,2,5
extracted_tables/027_Health_Bulletin_2023/table_0032.csv,other,23,5
extracted_tables/027_Health_Bulletin_2023/table_0066.csv,other,14,76
extracted_tables/027_Health_Bulletin_2023/table_0098.csv,population,11,4
extracted_tables/027_Health_Bulletin_2023/table_0103.csv,other,26,6
extracted_tables/027_Health_Bulletin_2023/table_0074.csv,other,3,2
extracted_tables/027_Health_Bulletin_2023/table_0031.csv,other,2,2
extracted_tables/027_Health_Bulletin_2023/table_0147.csv,other,9,4
extracted_tables/027_Health_Bulletin_2023/table_0157.csv,other,8,4
extracted_tables/027_Health_Bulletin_2023/table_0163.csv,other,5,9
extracted_tables/027_Health_Bulletin_2023/table_0069.csv,population,6,3
extracted_tables/027_Health_Bulletin_2023/table_0078.csv,other,15,5
extracted_tables/027_Health_Bulletin_2023/table_0143.csv,other,17,20
extracted_tables/027_Health_Bulletin_2023/table_0174.csv,population,7,3
extracted_tables/027_Health_Bulletin_2023/table_0022.csv,other,11,4
extracted_tables/027_Health_Bulletin_2023/table_0015.csv,human_resource,8,5
extracted_tables/027_Health_Bulletin_2023/table_0046.csv,other,3,3
extracted_tables/027_Health_Bulletin_2023/table_0139.csv,other,17,7
extracted_tables/027_Health_Bulletin_2023/table_0012.csv,other,10,5
extracted_tables/027_Health_Bulletin_2023/table_0061.csv,other,7,5
extracted_tables/027_Health_Bulletin_2023/table_0068.csv,population,12,3
extracted_tables/027_Health_Bulletin_2023/table_0057.csv,health_stat,15,59
extracted_tables/027_Health_Bulletin_2023/table_0121.csv,health_stat,15,11
extracted_tables/027_Health_Bulletin_2023/table_0019.csv,other,3,5
extracted_tables/027_Health_Bulletin_2023/table_0116.csv,health_stat,7,11
extracted_tables/027_Health_Bulletin_2023/table_0149.csv,other,9,4
extracted_tables/027_Health_Bulletin_2023/table_0124.csv,health_stat,10,11
extracted_tables/027_Health_Bulletin_2023/table_0041.csv,other,7,8
extracted_tables/027_Health_Bulletin_2023/table_0179.csv,population,13,2
extracted_tables/027_Health_Bulletin_2023/table_0128.csv,population,29,3
extracted_tables/027_Health_Bulletin_2023/table_0076.csv,health_stat,16,18
extracted_tables/027_Health_Bulletin_2023/table_0162.csv,other,15,16
extracted_tables/027_Health_Bulletin_2023/table_0047.csv,other,5,8
extracted_tables/027_Health_Bulletin_2023/table_0004.csv,other,17,13
extracted_tables/027_Health_Bulletin_2023/table_0088.csv,population,7,4
extracted_tables/027_Health_Bulletin_2023/table_0062.csv,health_stat,6,5
extracted_tables/027_Health_Bulletin_2023/table_0161.csv,other,7,27
extracted_tables/027_Health_Bulletin_2023/table_0030.csv,other,22,5
extracted_tables/027_Health_Bulletin_2023/table_0181.csv,health_stat,9,5
extracted_tables/027_Health_Bulletin_2023/table_0050.csv,other,6,2
extracted_tables/027_Health_Bulletin_2023/table_0037.csv,other,6,6
extracted_tables/027_Health_Bulletin_2023/table_0153.csv,other,14,17
extracted_tables/027_Health_Bulletin_2023/table_0107.csv,other,6,16
extracted_tables/027_Health_Bulletin_2023/table_0054.csv,other,8,9
extracted_tables/027_Health_Bulletin_2023/table_0164.csv,other,4,5
extracted_tables/027_Health_Bulletin_2023/table_0026.csv,health_stat,9,17
extracted_tables/027_Health_Bulletin_2023/table_0155.csv,other,5,4
extracted_tables/027_Health_Bulletin_2023/table_0086.csv,other,6,6
extracted_tables/027_Health_Bulletin_2023/table_0008.csv,other,10,2
extracted_tables/027_Health_Bulletin_2023/table_0035.csv,other,5,6
extracted_tables/027_Health_Bulletin_2023/table_0058.csv,other,11,4
extracted_tables/027_Health_Bulletin_2023/table_0182.csv,health_stat,14,5
extracted_tables/027_Health_Bulletin_2023/table_0169.csv,health_stat,17,8
extracted_tables/027_Health_Bulletin_2023/table_0113.csv,health_stat,8,11
extracted_tables/027_Health_Bulletin_2023/table_0048.csv,other,5,5
extracted_tables/027_Health_Bulletin_2023/table_0105.csv,other,14,17
extracted_tables/027_Health_Bulletin_2023/table_0063.csv,other,7,3
extracted_tables/027_Health_Bulletin_2023/table_0021.csv,population,8,4
extracted_tables/027_Health_Bulletin_2023/table_0100.csv,other,10,5
extracted_tables/027_Health_Bulletin_2023/table_0009.csv,other,9,5
extracted_tables/027_Health_Bulletin_2023/table_0148.csv,other,34,4
extracted_tables/027_Health_Bulletin_2023/table_0092.csv,other,6,4
extracted_tables/027_Health_Bulletin_2023/table_0117.csv,health_stat,14,11
extracted_tables/027_Health_Bulletin_2023/table_0177.csv,other,9,13
extracted_tables/027_Health_Bulletin_2023/table_0007.csv,population,17,5
extracted_tables/027_Health_Bulletin_2023/table_0176.csv,other,10,6
extracted_tables/027_Health_Bulletin_2023/table_0145.csv,human_resource,16,7
extracted_tables/027_Health_Bulletin_2023/table_0087.csv,population,13,11
extracted_tables/027_Health_Bulletin_2023/table_0159.csv,other,14,4
extracted_tables/027_Health_Bulletin_2023/table_0170.csv,health_stat,21,6
extracted_tables/027_Health_Bulletin_2023/table_0120.csv,health_stat,15,11
extracted_tables/027_Health_Bulletin_2023/table_0093.csv,other,5,2
extracted_tables/027_Health_Bulletin_2023/table_0042.csv,other,11,17
extracted_tables/027_Health_Bulletin_2023/table_0112.csv,health_stat,20,4
extracted_tables/027_Health_Bulletin_2023/table_0097.csv,other,15,3
extracted_tables/027_Health_Bulletin_2023/table_0141.csv,other,14,48
extracted_tables/027_Health_Bulletin_2023/table_0138.csv,health_stat,7,6
extracted_tables/027_Health_Bulletin_2023/table_0082.csv,population,3,4
extracted_tables/027_Health_Bulletin_2023/table_0091.csv,health_stat,6,4
extracted_tables/027_Health_Bulletin_2023/table_0038.csv,other,2,2
extracted_tables/027_Health_Bulletin_2023/table_0017.csv,human_resource,12,3
extracted_tables/027_Health_Bulletin_2023/table_0175.csv,population,8,4
extracted_tables/027_Health_Bulletin_2023/table_0010.csv,other,6,2
extracted_tables/027_Health_Bulletin_2023/table_0055.csv,other,3,2
extracted_tables/027_Health_Bulletin_2023/table_0003.csv,population,16,5
extracted_tables/027_Health_Bulletin_2023/table_0167.csv,other,14,54
extracted_tables/027_Health_Bulletin_2023/table_0033.csv,other,2,2
extracted_tables/027_Health_Bulletin_2023/table_0142.csv,health_stat,12,3
extracted_tables/027_Health_Bulletin_2023/table_0084.csv,other,14,5
extracted_tables/027_Health_Bulletin_2023/table_0119.csv,health_stat,15,11
extracted_tables/027_Health_Bulletin_2023/table_0025.csv,other,2,2
extracted_tables/027_Health_Bulletin_2023/table_0150.csv,other,7,4
extracted_tables/027_Health_Bulletin_2023/table_0039.csv,other,2,2
extracted_tables/027_Health_Bulletin_2023/table_0151.csv,human_resource,15,6
extracted_tables/027_Health_Bulletin_2023/table_0133.csv,surgery,6,2
extracted_tables/027_Health_Bulletin_2023/table_0136.csv,health_stat,7,6
extracted_tables/027_Health_Bulletin_2023/table_0178.csv,health_stat,9,2
extracted_tables/027_Health_Bulletin_2023/table_0096.csv,other,4,2
extracted_tables/027_Health_Bulletin_2023/table_0106.csv,other,14,5
extracted_tables/027_Health_Bulletin_2023/table_0028.csv,other,2,2
extracted_tables/027_Health_Bulletin_2023/table_0118.csv,health_stat,12,11
extracted_tables/027_Health_Bulletin_2023/table_0073.csv,health_stat,4,2
extracted_tables/027_Health_Bulletin_2023/table_0081.csv,population,10,3
extracted_tables/027_Health_Bulletin_2023/table_0095.csv,other,3,3
extracted_tables/027_Health_Bulletin_2023/table_0024.csv,other,2,2
extracted_tables/027_Health_Bulletin_2023/table_0146.csv,other,8,4
extracted_tables/027_Health_Bulletin_2023/table_0166.csv,other,15,6
extracted_tables/027_Health_Bulletin_2023/table_0002.csv,other,16,4
extracted_tables/027_Health_Bulletin_2023/table_0005.csv,population,17,5
extracted_tables/027_Health_Bulletin_2023/table_0110.csv,health_stat,22,4
extracted_tables/027_Health_Bulletin_2023/table_0075.csv,other,12,4
extracted_tables/027_Health_Bulletin_2023/table_0185.csv,population,13,5
extracted_tables/027_Health_Bulletin_2023/table_0173.csv,health_stat,12,7
extracted_tables/027_Health_Bulletin_2023/table_0053.csv,other,3,5
extracted_tables/027_Health_Bulletin_2023/table_0144.csv,human_resource,31,7
extracted_tables/027_Health_Bulletin_2023/table_0060.csv,other,14,34
extracted_tables/027_Health_Bulletin_2023/table_0158.csv,other,6,5
extracted_tables/027_Health_Bulletin_2023/table_0085.csv,population,11,6
extracted_tables/027_Health_Bulletin_2023/table_0065.csv,other,21,49
extracted_tables/027_Health_Bulletin_2023/table_0029.csv,population,7,2
extracted_tables/027_Health_Bulletin_2023/table_0104.csv,cancer,4,4
extracted_tables/027_Health_Bulletin_2023/table_0132.csv,other,12,8
extracted_tables/027_Health_Bulletin_2023/table_0077.csv,health_stat,12,9
extracted_tables/027_Health_Bulletin_2023/table_0165.csv,other,9,7
extracted_tables/027_Health_Bulletin_2023/table_0001.csv,other,2,3
extracted_tables/027_Health_Bulletin_2023/table_0154.csv,other,14,16
extracted_tables/027_Health_Bulletin_2023/table_0059.csv,population,6,7
extracted_tables/027_Health_Bulletin_2023/table_0115.csv,health_stat,8,11
extracted_tables/027_Health_Bulletin_2023/table_0056.csv,other,3,4
extracted_tables/027_Health_Bulletin_2023/table_0067.csv,population,8,2
extracted_tables/027_Health_Bulletin_2023/table_0018.csv,other,2,2
extracted_tables/027_Health_Bulletin_2023/table_0183.csv,health_stat,8,5
extracted_tables/027_Health_Bulletin_2023/table_0130.csv,population,14,3
extracted_tables/027_Health_Bulletin_2023/table_0114.csv,health_stat,13,11
extracted_tables/031_Health_Bulletin_2019/table_0071.csv,other,10,8
extracted_tables/031_Health_Bulletin_2019/table_0040.csv,other,2,2
extracted_tables/031_Health_Bulletin_2019/table_0036.csv,other,7,14
extracted_tables/031_Health_Bulletin_2019/table_0034.csv,other,2,2
extracted_tables/031_Health_Bulletin_2019/table_0064.csv,other,2,3
extracted_tables/031_Health_Bulletin_2019/table_0020.csv,other,2,2
extracted_tables/031_Health_Bulletin_2019/table_0070.csv,other,10,6
extracted_tables/031_Health_Bulletin_2019/table_0049.csv,other,2,4
extracted_tables/031_Health_Bulletin_2019/table_0023.csv,population,2,7
extracted_tables/031_Health_Bulletin_2019/table_0011.csv,other,2,2
extracted_tables/031_Health_Bulletin_2019/table_0014.csv,other,2,2
extracted_tables/031_Health_Bulletin_2019/table_0006.csv,other,10,4
extracted_tables/031_Health_Bulletin_2019/table_0016.csv,other,3,3
extracted_tables/031_Health_Bulletin_2019/table_0051.csv,health_stat,2,6
extracted_tables/031_Health_Bulletin_2019/table_0072.csv,other,7,2
extracted_tables/031_Health_Bulletin_2019/table_0013.csv,other,5,11
extracted_tables/031_Health_Bulletin_2019/table_0027.csv,other,5,2
extracted_tables/031_Health_Bulletin_2019/table_0043.csv,other,2,2
extracted_tables/031_Health_Bulletin_2019/table_0045.csv,other,2,2
extracted_tables/031_Health_Bulletin_2019/table_0044.csv,other,2,2
extracted_tables/031_Health_Bulletin_2019/table_0052.csv,health_stat,2,6
extracted_tables/031_Health_Bulletin_2019/table_0032.csv,other,8,26
extracted_tables/031_Health_Bulletin_2019/table_0066.csv,other,10,12
extracted_tables/031_Health_Bulletin_2019/table_0031.csv,other,10,39
extracted_tables/031_Health_Bulletin_2019/table_0069.csv,other,11,41
extracted_tables/031_Health_Bulletin_2019/table_0022.csv,other,5,15
extracted_tables/031_Health_Bulletin_2019/table_0015.csv,other,2,2
extracted_tables/031_Health_Bulletin_2019/table_0046.csv,other,2,2
extracted_tables/031_Health_Bulletin_2019/table_0012.csv,other,10,2
extracted_tables/031_Health_Bulletin_2019/table_0061.csv,other,3,3
extracted_tables/031_Health_Bulletin_2019/table_0068.csv,other,9,2
extracted_tables/031_Health_Bulletin_2019/table_0057.csv,other,2,2
extracted_tables/031_Health_Bulletin_2019/table_0019.csv,other,2,2
extracted_tables/031_Health_Bulletin_2019/table_0041.csv,other,2,2
extracted_tables/031_Health_Bulletin_2019/table_0047.csv,other,2,2
extracted_tables/031_Health_Bulletin_2019/table_0004.csv,other,2,2
extracted_tables/031_Health_Bulletin_2019/table_0062.csv,other,2,2
extracted_tables/031_Health_Bulletin_2019/table_0030.csv,other,12,9
extracted_tables/031_Health_Bulletin_2019/table_0050.csv,other,2,4
extracted_tables/031_Health_Bulletin_2019/table_0037.csv,other,2,2
extracted_tables/031_Health_Bulletin_2019/table_0054.csv,health_stat,2,6
extracted_tables/031_Health_Bulletin_2019/table_0026.csv,health_stat,2,6
extracted_tables/031_Health_Bulletin_2019/table_0008.csv,other,10,4
extracted_tables/031_Health_Bulletin_2019/table_0035.csv,other,17,2
extracted_tables/031_Health_Bulletin_2019/table_0058.csv,health_stat,2,6
extracted_tables/031_Health_Bulletin_2019/table_0048.csv,other,2,2
extracted_tables/031_Health_Bulletin_2019/table_0063.csv,other,2,3
extracted_tables/031_Health_Bulletin_2019/table_0021.csv,other,2,2
extracted_tables/031_Health_Bulletin_2019/table_0009.csv,other,10,4
extracted_tables/031_Health_Bulletin_2019/table_0007.csv,other,10,4
extracted_tables/031_Health_Bulletin_2019/table_0042.csv,other,2,2
extracted_tables/031_Health_Bulletin_2019/table_0038.csv,other,2,2
extracted_tables/031_Health_Bulletin_2019/table_0017.csv,other,2,2
extracted_tables/031_Health_Bulletin_2019/table_0010.csv,other,2,2
extracted_tables/031_Health_Bulletin_2019/table_0055.csv,health_stat,2,6
extracted_tables/031_Health_Bulletin_2019/table_0003.csv,other,2,2
extracted_tables/031_Health_Bulletin_2019/table_0033.csv,other,2,2
extracted_tables/031_Health_Bulletin_2019/table_0025.csv,other,2,6
extracted_tables/031_Health_Bulletin_2019/table_0039.csv,other,2,2
extracted_tables/031_Health_Bulletin_2019/table_0028.csv,other,5,3
extracted_tables/031_Health_Bulletin_2019/table_0024.csv,other,12,12
extracted_tables/031_Health_Bulletin_2019/table_0002.csv,other,2,4
extracted_tables/031_Health_Bulletin_2019/table_0005.csv,other,10,4
extracted_tables/031_Health_Bulletin_2019/table_0053.csv,health_stat,2,6
extracted_tables/031_Health_Bulletin_2019/table_0060.csv,human_resource,2,5
extracted_tables/031_Health_Bulletin_2019/table_0065.csv,other,2,7
extracted_tables/031_Health_Bulletin_2019/table_0029.csv,other,4,18
extracted_tables/031_Health_Bulletin_2019/table_0001.csv,other,2,2
extracted_tables/031_Health_Bulletin_2019/table_0059.csv,other,3,3
extracted_tables/031_Health_Bulletin_2019/table_0056.csv,health_stat,2,6
extracted_tables/031_Health_Bulletin_2019/table_0067.csv,other,9,2
extracted_tables/031_Health_Bulletin_2019/table_0018.csv,other,2,2
extracted_tables/034_Health_Bulletin_2016/table_0168.csv,other,9,5
extracted_tables/034_Health_Bulletin_2016/table_0188.csv,other,12,23
extracted_tables/034_Health_Bulletin_2016/table_0071.csv,population,19,9
extracted_tables/034_Health_Bulletin_2016/table_0272.csv,population,33,4
extracted_tables/034_Health_Bulletin_2016/table_0040.csv,health_stat,11,3
extracted_tables/034_Health_Bulletin_2016/table_0251.csv,other,38,4
extracted_tables/034_Health_Bulletin_2016/table_0036.csv,health_stat,5,4
extracted_tables/034_Health_Bulletin_2016/table_0134.csv,other,3,3
extracted_tables/034_Health_Bulletin_2016/table_0257.csv,population,19,4
extracted_tables/034_Health_Bulletin_2016/table_0131.csv,other,2,2
extracted_tables/034_Health_Bulletin_2016/table_0125.csv,other,2,2
extracted_tables/034_Health_Bulletin_2016/table_0234.csv,other,8,35
extracted_tables/034_Health_Bulletin_2016/table_0232.csv,other,8,35
extracted_tables/034_Health_Bulletin_2016/table_0034.csv,health_stat,9,4
extracted_tables/034_Health_Bulletin_2016/table_0079.csv,other,10,30
extracted_tables/034_Health_Bulletin_2016/table_0214.csv,population,52,6
extracted_tables/034_Health_Bulletin_2016/table_0180.csv,population,8,8
extracted_tables/034_Health_Bulletin_2016/table_0171.csv,human_resource,24,7
extracted_tables/034_Health_Bulletin_2016/table_0209.csv,other,6,33
extracted_tables/034_Health_Bulletin_2016/table_0249.csv,other,43,9
extracted_tables/034_Health_Bulletin_2016/table_0064.csv,health_stat,8,3
extracted_tables/034_Health_Bulletin_2016/table_0129.csv,other,2,2
extracted_tables/034_Health_Bulletin_2016/table_0237.csv,other,8,39
extracted_tables/034_Health_Bulletin_2016/table_0020.csv,health_stat,23,5
extracted_tables/034_Health_Bulletin_2016/table_0101.csv,cancer,19,12
extracted_tables/034_Health_Bulletin_2016/table_0186.csv,health_stat,52,7
extracted_tables/034_Health_Bulletin_2016/table_0099.csv,health_stat,13,3
extracted_tables/034_Health_Bulletin_2016/table_0283.csv,human_resource,34,4
extracted_tables/034_Health_Bulletin_2016/table_0070.csv,health_stat,14,10
extracted_tables/034_Health_Bulletin_2016/table_0207.csv,other,5,34
extracted_tables/034_Health_Bulletin_2016/table_0109.csv,other,2,2
extracted_tables/034_Health_Bulletin_2016/table_0156.csv,human_resource,11,7
extracted_tables/034_Health_Bulletin_2016/table_0089.csv,population,10,4
extracted_tables/034_Health_Bulletin_2016/table_0080.csv,other,8,9
extracted_tables/034_Health_Bulletin_2016/table_0049.csv,health_stat,18,3
extracted_tables/034_Health_Bulletin_2016/table_0199.csv,other,12,36
extracted_tables/034_Health_Bulletin_2016/table_0210.csv,population,48,6
extracted_tables/034_Health_Bulletin_2016/table_0023.csv,other,15,8
extracted_tables/034_Health_Bulletin_2016/table_0160.csv,other,7,10
extracted_tables/034_Health_Bulletin_2016/table_0011.csv,health_stat,3,2
extracted_tables/034_Health_Bulletin_2016/table_0288.csv,other,19,46
extracted_tables/034_Health_Bulletin_2016/table_0184.csv,health_stat,47,7
extracted_tables/034_Health_Bulletin_2016/table_0224.csv,population,52,7
extracted_tables/034_Health_Bulletin_2016/table_0014.csv,other,5,7
extracted_tables/034_Health_Bulletin_2016/table_0102.csv,other,3,3
extracted_tables/034_Health_Bulletin_2016/table_0273.csv,population,12,12
extracted_tables/034_Health_Bulletin_2016/table_0006.csv,population,3,2
extracted_tables/034_Health_Bulletin_2016/table_0083.csv,other,2,2
extracted_tables/034_Health_Bulletin_2016/table_0127.csv,other,2,2
extracted_tables/034_Health_Bulletin_2016/table_0016.csv,other,5,11
extracted_tables/034_Health_Bulletin_2016/table_0051.csv,health_stat,28,5
extracted_tables/034_Health_Bulletin_2016/table_0072.csv,health_stat,18,4
extracted_tables/034_Health_Bulletin_2016/table_0244.csv,other,8,39
extracted_tables/034_Health_Bulletin_2016/table_0194.csv,other,12,26
extracted_tables/034_Health_Bulletin_2016/table_0135.csv,other,5,5
extracted_tables/034_Health_Bulletin_2016/table_0206.csv,other,12,37
extracted_tables/034_Health_Bulletin_2016/table_0013.csv,other,5,12
extracted_tables/034_Health_Bulletin_2016/table_0279.csv,population,5,8
extracted_tables/034_Health_Bulletin_2016/table_0108.csv,other,2,2
extracted_tables/034_Health_Bulletin_2016/table_0281.csv,human_resource,22,4
extracted_tables/034_Health_Bulletin_2016/table_0027.csv,other,4,10
extracted_tables/034_Health_Bulletin_2016/table_0126.csv,other,2,2
extracted_tables/034_Health_Bulletin_2016/table_0240.csv,other,8,39
extracted_tables/034_Health_Bulletin_2016/table_0043.csv,health_stat,7,3
extracted_tables/034_Health_Bulletin_2016/table_0045.csv,health_stat,7,3
extracted_tables/034_Health_Bulletin_2016/table_0044.csv,health_stat,23,3
extracted_tables/034_Health_Bulletin_2016/table_0238.csv,other,8,39
extracted_tables/034_Health_Bulletin_2016/table_0219.csv,other,7,23
extracted_tables/034_Health_Bulletin_2016/table_0111.csv,other,2,2
extracted_tables/034_Health_Bulletin_2016/table_0233.csv,other,8,36
extracted_tables/034_Health_Bulletin_2016/table_0090.csv,other,10,14
extracted_tables/034_Health_Bulletin_2016/table_0123.csv,other,2,2
extracted_tables/034_Health_Bulletin_2016/table_0172.csv,other,3,5
extracted_tables/034_Health_Bulletin_2016/table_0137.csv,other,2,3
extracted_tables/034_Health_Bulletin_2016/table_0152.csv,other,2,3
extracted_tables/034_Health_Bulletin_2016/table_0267.csv,population,14,3
extracted_tables/034_Health_Bulletin_2016/table_0122.csv,other,2,2
extracted_tables/034_Health_Bulletin_2016/table_0094.csv,other,4,11
extracted_tables/034_Health_Bulletin_2016/table_0052.csv,health_stat,7,3
extracted_tables/034_Health_Bulletin_2016/table_0140.csv,other,20,7
extracted_tables/034_Health_Bulletin_2016/table_0203.csv,other,12,36
extracted_tables/034_Health_Bulletin_2016/table_0263.csv,population,12,3
extracted_tables/034_Health_Bulletin_2016/table_0193.csv,other,13,7
extracted_tables/034_Health_Bulletin_2016/table_0247.csv,human_resource,38,10
extracted_tables/034_Health_Bulletin_2016/table_0032.csv,health_stat,18,3
extracted_tables/034_Health_Bulletin_2016/table_0066.csv,health_stat,6,3
extracted_tables/034_Health_Bulletin_2016/table_0098.csv,health_stat,13,3
extracted_tables/034_Health_Bulletin_2016/table_0258.csv,population,10,4
extracted_tables/034_Health_Bulletin_2016/table_0103.csv,other,4,7
extracted_tables/034_Health_Bulletin_2016/table_0227.csv,population,52,7
extracted_tables/034_Health_Bulletin_2016/table_0074.csv,population,18,6
extracted_tables/034_Health_Bulletin_2016/table_0031.csv,population,6,11
extracted_tables/034_Health_Bulletin_2016/table_0147.csv,other,7,5
extracted_tables/034_Health_Bulletin_2016/table_0157.csv,human_resource,28,7
extracted_tables/034_Health_Bulletin_2016/table_0225.csv,population,52,7
extracted_tables/034_Health_Bulletin_2016/table_0220.csv,other,7,15
extracted_tables/034_Health_Bulletin_2016/table_0163.csv,surgery,8,8
extracted_tables/034_Health_Bulletin_2016/table_0254.csv,health_stat,10,5
extracted_tables/034_Health_Bulletin_2016/table_0190.csv,other,13,9
extracted_tables/034_Health_Bulletin_2016/table_0069.csv,health_stat,6,3
extracted_tables/034_Health_Bulletin_2016/table_0078.csv,health_stat,7,5
extracted_tables/034_Health_Bulletin_2016/table_0195.csv,other,12,36
extracted_tables/034_Health_Bulletin_2016/table_0143.csv,other,8,6
extracted_tables/034_Health_Bulletin_2016/table_0174.csv,other,3,2
extracted_tables/034_Health_Bulletin_2016/table_0022.csv,other,11,10
extracted_tables/034_Health_Bulletin_2016/table_0277.csv,population,10,11
extracted_tables/034_Health_Bulletin_2016/table_0015.csv,other,5,6
extracted_tables/034_Health_Bulletin_2016/table_0046.csv,health_stat,9,3
extracted_tables/034_Health_Bulletin_2016/table_0139.csv,other,2,3
extracted_tables/034_Health_Bulletin_2016/table_0222.csv,population,22,7
extracted_tables/034_Health_Bulletin_2016/table_0201.csv,other,12,36
extracted_tables/034_Health_Bulletin_2016/table_0226.csv,population,52,7
extracted_tables/034_Health_Bulletin_2016/table_0012.csv,population,7,4
extracted_tables/034_Health_Bulletin_2016/table_0061.csv,cancer,8,3
extracted_tables/034_Health_Bulletin_2016/table_0068.csv,health_stat,7,3
extracted_tables/034_Health_Bulletin_2016/table_0057.csv,health_stat,9,3
extracted_tables/034_Health_Bulletin_2016/table_0121.csv,other,2,2
extracted_tables/034_Health_Bulletin_2016/table_0019.csv,other,5,8
extracted_tables/034_Health_Bulletin_2016/table_0217.csv,population,51,6
extracted_tables/034_Health_Bulletin_2016/table_0116.csv,other,2,2
extracted_tables/034_Health_Bulletin_2016/table_0149.csv,human_resource,9,9
extracted_tables/034_Health_Bulletin_2016/table_0124.csv,other,2,2
extracted_tables/034_Health_Bulletin_2016/table_0041.csv,health_stat,7,3
extracted_tables/034_Health_Bulletin_2016/table_0179.csv,population,9,6
extracted_tables/034_Health_Bulletin_2016/table_0128.csv,other,2,2
extracted_tables/034_Health_Bulletin_2016/table_0076.csv,health_stat,18,4
extracted_tables/034_Health_Bulletin_2016/table_0285.csv,other,19,36
extracted_tables/034_Health_Bulletin_2016/table_0162.csv,other,5,3
extracted_tables/034_Health_Bulletin_2016/table_0047.csv,health_stat,9,3
extracted_tables/034_Health_Bulletin_2016/table_0289.csv,other,19,41
extracted_tables/034_Health_Bulletin_2016/table_0004.csv,other,5,3
extracted_tables/034_Health_Bulletin_2016/table_0088.csv,population,10,6
extracted_tables/034_Health_Bulletin_2016/table_0062.csv,health_stat,8,3
extracted_tables/034_Health_Bulletin_2016/table_0253.csv,other,52,5
extracted_tables/034_Health_Bulletin_2016/table_0235.csv,other,8,38
extracted_tables/034_Health_Bulletin_2016/table_0161.csv,other,5,3
extracted_tables/034_Health_Bulletin_2016/table_0256.csv,other,27,5
extracted_tables/034_Health_Bulletin_2016/table_0030.csv,health_stat,22,3
extracted_tables/034_Health_Bulletin_2016/table_0260.csv,population,27,3
extracted_tables/034_Health_Bulletin_2016/table_0196.csv,other,12,36
extracted_tables/034_Health_Bulletin_2016/table_0269.csv,population,37,4
extracted_tables/034_Health_Bulletin_2016/table_0187.csv,health_stat,39,7
extracted_tables/034_Health_Bulletin_2016/table_0181.csv,health_stat,20,4
extracted_tables/034_Health_Bulletin_2016/table_0205.csv,other,12,37
extracted_tables/034_Health_Bulletin_2016/table_0050.csv,health_stat,13,4
extracted_tables/034_Health_Bulletin_2016/table_0192.csv,other,13,31
extracted_tables/034_Health_Bulletin_2016/table_0255.csv,other,11,4
extracted_tables/034_Health_Bulletin_2016/table_0037.csv,health_stat,31,9
extracted_tables/034_Health_Bulletin_2016/table_0153.csv,human_resource,19,6
extracted_tables/034_Health_Bulletin_2016/table_0107.csv,other,3,3
extracted_tables/034_Health_Bulletin_2016/table_0274.csv,population,35,11
extracted_tables/034_Health_Bulletin_2016/table_0223.csv,population,27,7
extracted_tables/034_Health_Bulletin_2016/table_0054.csv,health_stat,7,3
extracted_tables/034_Health_Bulletin_2016/table_0164.csv,other,19,5
extracted_tables/034_Health_Bulletin_2016/table_0278.csv,population,6,9
extracted_tables/034_Health_Bulletin_2016/table_0026.csv,health_stat,19,2
extracted_tables/034_Health_Bulletin_2016/table_0155.csv,human_resource,6,5
extracted_tables/034_Health_Bulletin_2016/table_0204.csv,other,12,36
extracted_tables/034_Health_Bulletin_2016/table_0086.csv,other,2,2
extracted_tables/034_Health_Bulletin_2016/table_0008.csv,other,8,6
extracted_tables/034_Health_Bulletin_2016/table_0275.csv,population,34,11
extracted_tables/034_Health_Bulletin_2016/table_0035.csv,health_stat,14,7
extracted_tables/034_Health_Bulletin_2016/table_0239.csv,other,8,39
extracted_tables/034_Health_Bulletin_2016/table_0058.csv,health_stat,8,3
extracted_tables/034_Health_Bulletin_2016/table_0182.csv,health_stat,28,4
extracted_tables/034_Health_Bulletin_2016/table_0169.csv,population,14,4
extracted_tables/034_Health_Bulletin_2016/table_0261.csv,population,6,3
extracted_tables/034_Health_Bulletin_2016/table_0113.csv,other,2,2
extracted_tables/034_Health_Bulletin_2016/table_0048.csv,health_stat,24,3
extracted_tables/034_Health_Bulletin_2016/table_0191.csv,other,13,30
extracted_tables/034_Health_Bulletin_2016/table_0236.csv,other,8,38
extracted_tables/034_Health_Bulletin_2016/table_0231.csv,population,53,7
extracted_tables/034_Health_Bulletin_2016/table_0105.csv,other,4,7
extracted_tables/034_Health_Bulletin_2016/table_0063.csv,health_stat,7,3
extracted_tables/034_Health_Bulletin_2016/table_0021.csv,population,10,3
extracted_tables/034_Health_Bulletin_2016/table_0100.csv,cancer,8,4
extracted_tables/034_Health_Bulletin_2016/table_0265.csv,population,43,3
extracted_tables/034_Health_Bulletin_2016/table_0009.csv,population,3,2
extracted_tables/034_Health_Bulletin_2016/table_0148.csv,other,3,5
extracted_tables/034_Health_Bulletin_2016/table_0092.csv,population,7,2
extracted_tables/034_Health_Bulletin_2016/table_0117.csv,other,2,2
extracted_tables/034_Health_Bulletin_2016/table_0177.csv,population,7,11
extracted_tables/034_Health_Bulletin_2016/table_0007.csv,other,2,9
extracted_tables/034_Health_Bulletin_2016/table_0259.csv,population,23,3
extracted_tables/034_Health_Bulletin_2016/table_0176.csv,health_stat,3,2
extracted_tables/034_Health_Bulletin_2016/table_0145.csv,other,10,6
extracted_tables/034_Health_Bulletin_2016/table_0087.csv,other,2,2
extracted_tables/034_Health_Bulletin_2016/table_0159.csv,human_resource,20,9
extracted_tables/034_Health_Bulletin_2016/table_0170.csv,health_stat,9,4
extracted_tables/034_Health_Bulletin_2016/table_0120.csv,other,2,2
extracted_tables/034_Health_Bulletin_2016/table_0093.csv,health_stat,12,3
extracted_tables/034_Health_Bulletin_2016/table_0042.csv,health_stat,7,3
extracted_tables/034_Health_Bulletin_2016/table_0202.csv,other,12,36
extracted_tables/034_Health_Bulletin_2016/table_0266.csv,population,28,3
extracted_tables/034_Health_Bulletin_2016/table_0112.csv,other,2,2
extracted_tables/034_Health_Bulletin_2016/table_0097.csv,health_stat,7,9
extracted_tables/034_Health_Bulletin_2016/table_0216.csv,population,49,6
extracted_tables/034_Health_Bulletin_2016/table_0264.csv,population,39,3
extracted_tables/034_Health_Bulletin_2016/table_0262.csv,population,40,3
extracted_tables/034_Health_Bulletin_2016/table_0141.csv,other,8,7
extracted_tables/034_Health_Bulletin_2016/table_0138.csv,other,2,3
extracted_tables/034_Health_Bulletin_2016/table_0082.csv,other,11,4
extracted_tables/034_Health_Bulletin_2016/table_0091.csv,other,7,16
extracted_tables/034_Health_Bulletin_2016/table_0038.csv,health_stat,18,3
extracted_tables/034_Health_Bulletin_2016/table_0218.csv,population,14,6
extracted_tables/034_Health_Bulletin_2016/table_0017.csv,other,5,8
extracted_tables/034_Health_Bulletin_2016/table_0175.csv,health_stat,9,2
extracted_tables/034_Health_Bulletin_2016/table_0010.csv,health_stat,3,2
extracted_tables/034_Health_Bulletin_2016/table_0243.csv,other,8,39
extracted_tables/034_Health_Bulletin_2016/table_0055.csv,health_stat,22,3
extracted_tables/034_Health_Bulletin_2016/table_0003.csv,other,9,2
extracted_tables/034_Health_Bulletin_2016/table_0167.csv,other,5,3
extracted_tables/034_Health_Bulletin_2016/table_0033.csv,health_stat,26,4
extracted_tables/034_Health_Bulletin_2016/table_0142.csv,other,30,6
extracted_tables/034_Health_Bulletin_2016/table_0228.csv,population,52,7
extracted_tables/034_Health_Bulletin_2016/table_0208.csv,other,6,34
extracted_tables/034_Health_Bulletin_2016/table_0084.csv,other,2,2
extracted_tables/034_Health_Bulletin_2016/table_0248.csv,human_resource,15,10
extracted_tables/034_Health_Bulletin_2016/table_0119.csv,other,2,2
extracted_tables/034_Health_Bulletin_2016/table_0280.csv,population,20,9
extracted_tables/034_Health_Bulletin_2016/table_0229.csv,population,52,7
extracted_tables/034_Health_Bulletin_2016/table_0270.csv,population,51,4
extracted_tables/034_Health_Bulletin_2016/table_0025.csv,population,9,2
extracted_tables/034_Health_Bulletin_2016/table_0150.csv,other,2,2
extracted_tables/034_Health_Bulletin_2016/table_0287.csv,other,21,45
extracted_tables/034_Health_Bulletin_2016/table_0039.csv,health_stat,11,3
extracted_tables/034_Health_Bulletin_2016/table_0151.csv,other,3,3
extracted_tables/034_Health_Bulletin_2016/table_0215.csv,population,51,6
extracted_tables/034_Health_Bulletin_2016/table_0198.csv,other,12,36
extracted_tables/034_Health_Bulletin_2016/table_0133.csv,other,3,3
extracted_tables/034_Health_Bulletin_2016/table_0246.csv,other,8,26
extracted_tables/034_Health_Bulletin_2016/table_0189.csv,other,12,16
extracted_tables/034_Health_Bulletin_2016/table_0211.csv,population,49,6
extracted_tables/034_Health_Bulletin_2016/table_0136.csv,other,3,3
extracted_tables/034_Health_Bulletin_2016/table_0282.csv,human_resource,46,4
extracted_tables/034_Health_Bulletin_2016/table_0178.csv,health_stat,6,6
extracted_tables/034_Health_Bulletin_2016/table_0096.csv,health_stat,7,9
extracted_tables/034_Health_Bulletin_2016/table_0106.csv,other,3,3
extracted_tables/034_Health_Bulletin_2016/table_0028.csv,population,5,12
extracted_tables/034_Health_Bulletin_2016/table_0118.csv,other,2,2
extracted_tables/034_Health_Bulletin_2016/table_0073.csv,population,17,6
extracted_tables/034_Health_Bulletin_2016/table_0081.csv,other,24,7
extracted_tables/034_Health_Bulletin_2016/table_0095.csv,other,3,3
extracted_tables/034_Health_Bulletin_2016/table_0024.csv,other,5,6
extracted_tables/034_Health_Bulletin_2016/table_0146.csv,other,7,6
extracted_tables/034_Health_Bulletin_2016/table_0166.csv,population,7,4
extracted_tables/034_Health_Bulletin_2016/table_0241.csv,other,8,39
extracted_tables/034_Health_Bulletin_2016/table_0002.csv,population,6,4
extracted_tables/034_Health_Bulletin_2016/table_0005.csv,other,5,4
extracted_tables/034_Health_Bulletin_2016/table_0276.csv,population,36,11
extracted_tables/034_Health_Bulletin_2016/table_0110.csv,other,2,2
extracted_tables/034_Health_Bulletin_2016/table_0075.csv,human_resource,9,2
extracted_tables/034_Health_Bulletin_2016/table_0221.csv,population,49,7
extracted_tables/034_Health_Bulletin_2016/table_0185.csv,human_resource,51,7
extracted_tables/034_Health_Bulletin_2016/table_0242.csv,other,8,39
extracted_tables/034_Health_Bulletin_2016/table_0173.csv,human_resource,3,3
extracted_tables/034_Health_Bulletin_2016/table_0053.csv,health_stat,7,3
extracted_tables/034_Health_Bulletin_2016/table_0144.csv,other,7,6
extracted_tables/034_Health_Bulletin_2016/table_0060.csv,health_stat,8,3
extracted_tables/034_Health_Bulletin_2016/table_0158.csv,human_resource,14,7
extracted_tables/034_Health_Bulletin_2016/table_0252.csv,health_stat,10,5
extracted_tables/034_Health_Bulletin_2016/table_0085.csv,other,2,2
extracted_tables/034_Health_Bulletin_2016/table_0065.csv,health_stat,7,3
extracted_tables/034_Health_Bulletin_2016/table_0029.csv,other,6,4
extracted_tables/034_Health_Bulletin_2016/table_0104.csv,other,4,7
extracted_tables/034_Health_Bulletin_2016/table_0132.csv,other,3,3
extracted_tables/034_Health_Bulletin_2016/table_0077.csv,other,6,7
extracted_tables/034_Health_Bulletin_2016/table_0212.csv,population,49,6
extracted_tables/034_Health_Bulletin_2016/table_0165.csv,population,16,4
extracted_tables/034_Health_Bulletin_2016/table_0001.csv,population,12,7
extracted_tables/034_Health_Bulletin_2016/table_0154.csv,human_resource,11,11
extracted_tables/034_Health_Bulletin_2016/table_0059.csv,health_stat,22,3
extracted_tables/034_Health_Bulletin_2016/table_0115.csv,other,2,2
extracted_tables/034_Health_Bulletin_2016/table_0056.csv,health_stat,8,3
extracted_tables/034_Health_Bulletin_2016/table_0230.csv,population,52,7
extracted_tables/034_Health_Bulletin_2016/table_0286.csv,other,21,46
extracted_tables/034_Health_Bulletin_2016/table_0271.csv,population,52,4
extracted_tables/034_Health_Bulletin_2016/table_0200.csv,other,12,36
extracted_tables/034_Health_Bulletin_2016/table_0213.csv,population,45,6
extracted_tables/034_Health_Bulletin_2016/table_0067.csv,health_stat,7,3
extracted_tables/034_Health_Bulletin_2016/table_0284.csv,other,11,24
extracted_tables/034_Health_Bulletin_2016/table_0245.csv,other,8,39
extracted_tables/034_Health_Bulletin_2016/table_0250.csv,surgery,52,3
extracted_tables/034_Health_Bulletin_2016/table_0018.csv,other,5,6
extracted_tables/034_Health_Bulletin_2016/table_0183.csv,other,21,10
extracted_tables/034_Health_Bulletin_2016/table_0130.csv,other,2,2
extracted_tables/034_Health_Bulletin_2016/table_0197.csv,other,12,36
extracted_tables/034_Health_Bulletin_2016/table_0268.csv,population,10,3
extracted_tables/034_Health_Bulletin_2016/table_0114.csv,other,2,2
extracted_tables/037_Health_Bulletin_2013/table_0168.csv,population,9,3
extracted_tables/037_Health_Bulletin_2013/table_0188.csv,health_stat,12,4
extracted_tables/037_Health_Bulletin_2013/table_0071.csv,other,2,2
extracted_tables/037_Health_Bulletin_2013/table_0040.csv,other,2,2
extracted_tables/037_Health_Bulletin_2013/table_0036.csv,other,3,4
extracted_tables/037_Health_Bulletin_2013/table_0134.csv,other,10,6
extracted_tables/037_Health_Bulletin_2013/table_0131.csv,other,4,6
extracted_tables/037_Health_Bulletin_2013/table_0125.csv,other,3,5
extracted_tables/037_Health_Bulletin_2013/table_0034.csv,other,2,3
extracted_tables/037_Health_Bulletin_2013/table_0079.csv,other,2,2
extracted_tables/037_Health_Bulletin_2013/table_0214.csv,other,2,5
extracted_tables/037_Health_Bulletin_2013/table_0180.csv,other,5,9
extracted_tables/037_Health_Bulletin_2013/table_0171.csv,other,2,3
extracted_tables/037_Health_Bulletin_2013/table_0209.csv,other,3,4
extracted_tables/037_Health_Bulletin_2013/table_0064.csv,other,2,2
extracted_tables/037_Health_Bulletin_2013/table_0129.csv,other,2,7
extracted_tables/037_Health_Bulletin_2013/table_0020.csv,other,2,2
extracted_tables/037_Health_Bulletin_2013/table_0101.csv,human_resource,3,3
extracted_tables/037_Health_Bulletin_2013/table_0186.csv,other,2,3
extracted_tables/037_Health_Bulletin_2013/table_0099.csv,human_resource,4,7
extracted_tables/037_Health_Bulletin_2013/table_0070.csv,other,2,2
extracted_tables/037_Health_Bulletin_2013/table_0207.csv,population,3,4
extracted_tables/037_Health_Bulletin_2013/table_0109.csv,other,7,3
extracted_tables/037_Health_Bulletin_2013/table_0156.csv,other,9,3
extracted_tables/037_Health_Bulletin_2013/table_0089.csv,other,2,5
extracted_tables/037_Health_Bulletin_2013/table_0080.csv,other,2,2
extracted_tables/037_Health_Bulletin_2013/table_0049.csv,other,2,2
extracted_tables/037_Health_Bulletin_2013/table_0199.csv,other,6,3
extracted_tables/037_Health_Bulletin_2013/table_0210.csv,other,3,4
extracted_tables/037_Health_Bulletin_2013/table_0023.csv,other,2,3
extracted_tables/037_Health_Bulletin_2013/table_0160.csv,other,2,5
extracted_tables/037_Health_Bulletin_2013/table_0011.csv,other,2,2
extracted_tables/037_Health_Bulletin_2013/table_0184.csv,other,2,3
extracted_tables/037_Health_Bulletin_2013/table_0014.csv,other,2,5
extracted_tables/037_Health_Bulletin_2013/table_0102.csv,human_resource,5,5
extracted_tables/037_Health_Bulletin_2013/table_0006.csv,population,11,3
extracted_tables/037_Health_Bulletin_2013/table_0083.csv,other,2,5
extracted_tables/037_Health_Bulletin_2013/table_0127.csv,population,3,9
extracted_tables/037_Health_Bulletin_2013/table_0016.csv,population,3,3
extracted_tables/037_Health_Bulletin_2013/table_0051.csv,other,2,2
extracted_tables/037_Health_Bulletin_2013/table_0072.csv,other,2,2
extracted_tables/037_Health_Bulletin_2013/table_0194.csv,health_stat,3,3
extracted_tables/037_Health_Bulletin_2013/table_0135.csv,other,10,8
extracted_tables/037_Health_Bulletin_2013/table_0206.csv,other,3,5
extracted_tables/037_Health_Bulletin_2013/table_0013.csv,other,2,2
extracted_tables/037_Health_Bulletin_2013/table_0108.csv,population,4,3
extracted_tables/037_Health_Bulletin_2013/table_0027.csv,health_stat,2,7
extracted_tables/037_Health_Bulletin_2013/table_0126.csv,other,2,7
extracted_tables/037_Health_Bulletin_2013/table_0043.csv,other,2,9
extracted_tables/037_Health_Bulletin_2013/table_0045.csv,other,2,2
extracted_tables/037_Health_Bulletin_2013/table_0044.csv,other,2,2
extracted_tables/037_Health_Bulletin_2013/table_0111.csv,other,4,9
extracted_tables/037_Health_Bulletin_2013/table_0090.csv,other,2,5
extracted_tables/037_Health_Bulletin_2013/table_0123.csv,other,6,3
extracted_tables/037_Health_Bulletin_2013/table_0172.csv,other,2,9
extracted_tables/037_Health_Bulletin_2013/table_0137.csv,other,9,6
extracted_tables/037_Health_Bulletin_2013/table_0152.csv,other,9,3
extracted_tables/037_Health_Bulletin_2013/table_0122.csv,other,2,3
extracted_tables/037_Health_Bulletin_2013/table_0094.csv,other,2,2
extracted_tables/037_Health_Bulletin_2013/table_0052.csv,other,2,2
extracted_tables/037_Health_Bulletin_2013/table_0140.csv,other,9,11
extracted_tables/037_Health_Bulletin_2013/table_0203.csv,other,5,7
extracted_tables/037_Health_Bulletin_2013/table_0193.csv,population,4,3
extracted_tables/037_Health_Bulletin_2013/table_0032.csv,health_stat,2,3
extracted_tables/037_Health_Bulletin_2013/table_0066.csv,other,2,2
extracted_tables/037_Health_Bulletin_2013/table_0098.csv,human_resource,3,3
extracted_tables/037_Health_Bulletin_2013/table_0103.csv,human_resource,17,5
extracted_tables/037_Health_Bulletin_2013/table_0074.csv,other,5,5
extracted_tables/037_Health_Bulletin_2013/table_0031.csv,health_stat,2,3
extracted_tables/037_Health_Bulletin_2013/table_0147.csv,other,9,13
extracted_tables/037_Health_Bulletin_2013/table_0157.csv,other,9,3
extracted_tables/037_Health_Bulletin_2013/table_0163.csv,population,7,3
extracted_tables/037_Health_Bulletin_2013/table_0190.csv,health_stat,6,3
extracted_tables/037_Health_Bulletin_2013/table_0069.csv,other,13,7
extracted_tables/037_Health_Bulletin_2013/table_0078.csv,other,2,2
extracted_tables/037_Health_Bulletin_2013/table_0195.csv,other,7,3
extracted_tables/037_Health_Bulletin_2013/table_0143.csv,other,9,13
extracted_tables/037_Health_Bulletin_2013/table_0174.csv,other,3,5
extracted_tables/037_Health_Bulletin_2013/table_0022.csv,other,2,2
extracted_tables/037_Health_Bulletin_2013/table_0015.csv,other,2,9
extracted_tables/037_Health_Bulletin_2013/table_0046.csv,other,2,11
extracted_tables/037_Health_Bulletin_2013/table_0139.csv,other,9,11
extracted_tables/037_Health_Bulletin_2013/table_0201.csv,health_stat,4,8
extracted_tables/037_Health_Bulletin_2013/table_0012.csv,other,2,2
extracted_tables/037_Health_Bulletin_2013/table_0061.csv,other,3,5
extracted_tables/037_Health_Bulletin_2013/table_0068.csv,other,2,2
extracted_tables/037_Health_Bulletin_2013/table_0057.csv,other,2,2
extracted_tables/037_Health_Bulletin_2013/table_0121.csv,other,2,3
extracted_tables/037_Health_Bulletin_2013/table_0019.csv,other,2,2
extracted_tables/037_Health_Bulletin_2013/table_0217.csv,population,15,4
extracted_tables/037_Health_Bulletin_2013/table_0116.csv,other,2,3
extracted_tables/037_Health_Bulletin_2013/table_0149.csv,other,9,14
extracted_tables/037_Health_Bulletin_2013/table_0124.csv,other,2,3
extracted_tables/037_Health_Bulletin_2013/table_0041.csv,other,2,2
extracted_tables/037_Health_Bulletin_2013/table_0179.csv,human_resource,9,3
extracted_tables/037_Health_Bulletin_2013/table_0128.csv,other,12,9
extracted_tables/037_Health_Bulletin_2013/table_0076.csv,other,2,2
extracted_tables/037_Health_Bulletin_2013/table_0162.csv,population,2,5
extracted_tables/037_Health_Bulletin_2013/table_0047.csv,surgery,2,11
extracted_tables/037_Health_Bulletin_2013/table_0004.csv,other,5,3
extracted_tables/037_Health_Bulletin_2013/table_0088.csv,other,2,5
extracted_tables/037_Health_Bulletin_2013/table_0062.csv,other,5,3
extracted_tables/037_Health_Bulletin_2013/table_0161.csv,population,4,7
extracted_tables/037_Health_Bulletin_2013/table_0030.csv,health_stat,12,3
extracted_tables/037_Health_Bulletin_2013/table_0196.csv,other,10,3
extracted_tables/037_Health_Bulletin_2013/table_0187.csv,other,2,3
extracted_tables/037_Health_Bulletin_2013/table_0181.csv,other,6,9
extracted_tables/037_Health_Bulletin_2013/table_0205.csv,other,15,3
extracted_tables/037_Health_Bulletin_2013/table_0050.csv,other,2,2
extracted_tables/037_Health_Bulletin_2013/table_0192.csv,health_stat,17,3
extracted_tables/037_Health_Bulletin_2013/table_0037.csv,other,3,4
extracted_tables/037_Health_Bulletin_2013/table_0153.csv,other,9,3
extracted_tables/037_Health_Bulletin_2013/table_0107.csv,other,9,3
extracted_tables/037_Health_Bulletin_2013/table_0054.csv,other,2,2
extracted_tables/037_Health_Bulletin_2013/table_0164.csv,other,5,3
extracted_tables/037_Health_Bulletin_2013/table_0026.csv,other,2,7
extracted_tables/037_Health_Bulletin_2013/table_0155.csv,other,9,3
extracted_tables/037_Health_Bulletin_2013/table_0204.csv,other,4,4
extracted_tables/037_Health_Bulletin_2013/table_0086.csv,other,3,3
extracted_tables/037_Health_Bulletin_2013/table_0008.csv,health_stat,15,3
extracted_tables/037_Health_Bulletin_2013/table_0035.csv,other,3,4
extracted_tables/037_Health_Bulletin_2013/table_0058.csv,other,2,2
extracted_tables/037_Health_Bulletin_2013/table_0182.csv,other,2,3
extracted_tables/037_Health_Bulletin_2013/table_0169.csv,population,3,3
extracted_tables/037_Health_Bulletin_2013/table_0113.csv,other,2,5
extracted_tables/037_Health_Bulletin_2013/table_0048.csv,other,2,2
extracted_tables/037_Health_Bulletin_2013/table_0191.csv,health_stat,4,3
extracted_tables/037_Health_Bulletin_2013/table_0105.csv,surgery,2,7
extracted_tables/037_Health_Bulletin_2013/table_0063.csv,other,7,7
extracted_tables/037_Health_Bulletin_2013/table_0021.csv,other,2,2
extracted_tables/037_Health_Bulletin_2013/table_0100.csv,human_resource,4,5
extracted_tables/037_Health_Bulletin_2013/table_0009.csv,other,3,3
extracted_tables/037_Health_Bulletin_2013/table_0148.csv,other,9,9
extracted_tables/037_Health_Bulletin_2013/table_0092.csv,other,2,2
extracted_tables/037_Health_Bulletin_2013/table_0117.csv,other,2,3
extracted_tables/037_Health_Bulletin_2013/table_0177.csv,health_stat,7,3
extracted_tables/037_Health_Bulletin_2013/table_0007.csv,population,3,3
extracted_tables/037_Health_Bulletin_2013/table_0176.csv,other,3,3
extracted_tables/037_Health_Bulletin_2013/table_0145.csv,other,9,13
extracted_tables/037_Health_Bulletin_2013/table_0087.csv,other,2,5
extracted_tables/037_Health_Bulletin_2013/table_0159.csv,other,3,3
extracted_tables/037_Health_Bulletin_2013/table_0170.csv,health_stat,3,3
extracted_tables/037_Health_Bulletin_2013/table_0120.csv,other,3,3
extracted_tables/037_Health_Bulletin_2013/table_0093.csv,other,2,2
extracted_tables/037_Health_Bulletin_2013/table_0042.csv,other,3,9
extracted_tables/037_Health_Bulletin_2013/table_0202.csv,other,4,6
extracted_tables/037_Health_Bulletin_2013/table_0112.csv,other,8,3
extracted_tables/037_Health_Bulletin_2013/table_0097.csv,other,2,2
extracted_tables/037_Health_Bulletin_2013/table_0216.csv,other,3,4
extracted_tables/037_Health_Bulletin_2013/table_0141.csv,other,9,12
extracted_tables/037_Health_Bulletin_2013/table_0138.csv,other,9,13
extracted_tables/037_Health_Bulletin_2013/table_0082.csv,other,19,5
extracted_tables/037_Health_Bulletin_2013/table_0091.csv,human_resource,8,3
extracted_tables/037_Health_Bulletin_2013/table_0038.csv,other,3,4
extracted_tables/037_Health_Bulletin_2013/table_0218.csv,population,14,4
extracted_tables/037_Health_Bulletin_2013/table_0017.csv,other,4,9
extracted_tables/037_Health_Bulletin_2013/table_0175.csv,other,3,5
extracted_tables/037_Health_Bulletin_2013/table_0010.csv,other,2,2
extracted_tables/037_Health_Bulletin_2013/table_0055.csv,other,2,2
extracted_tables/037_Health_Bulletin_2013/table_0003.csv,other,4,3
extracted_tables/037_Health_Bulletin_2013/table_0167.csv,population,10,3
extracted_tables/037_Health_Bulletin_2013/table_0033.csv,health_stat,2,3
extracted_tables/037_Health_Bulletin_2013/table_0142.csv,other,9,13
extracted_tables/037_Health_Bulletin_2013/table_0208.csv,population,3,4
extracted_tables/037_Health_Bulletin_2013/table_0084.csv,other,2,5
extracted_tables/037_Health_Bulletin_2013/table_0119.csv,other,3,3
extracted_tables/037_Health_Bulletin_2013/table_0025.csv,other,2,5
extracted_tables/037_Health_Bulletin_2013/table_0150.csv,other,9,11
extracted_tables/037_Health_Bulletin_2013/table_0039.csv,other,2,3
extracted_tables/037_Health_Bulletin_2013/table_0151.csv,other,9,2
extracted_tables/037_Health_Bulletin_2013/table_0215.csv,other,5,5
extracted_tables/037_Health_Bulletin_2013/table_0198.csv,other,3,3
extracted_tables/037_Health_Bulletin_2013/table_0133.csv,other,9,7
extracted_tables/037_Health_Bulletin_2013/table_0189.csv,other,4,4
extracted_tables/037_Health_Bulletin_2013/table_0211.csv,population,10,5
extracted_tables/037_Health_Bulletin_2013/table_0136.csv,other,10,7
extracted_tables/037_Health_Bulletin_2013/table_0178.csv,human_resource,20,3
extracted_tables/037_Health_Bulletin_2013/table_0096.csv,other,2,2
extracted_tables/037_Health_Bulletin_2013/table_0106.csv,other,10,3
extracted_tables/037_Health_Bulletin_2013/table_0028.csv,health_stat,12,3
extracted_tables/037_Health_Bulletin_2013/table_0118.csv,other,2,3
extracted_tables/037_Health_Bulletin_2013/table_0073.csv,other,2,2
extracted_tables/037_Health_Bulletin_2013/table_0081.csv,other,3,3
extracted_tables/037_Health_Bulletin_2013/table_0095.csv,other,2,2
extracted_tables/037_Health_Bulletin_2013/table_0024.csv,health_stat,2,5
extracted_tables/037_Health_Bulletin_2013/table_0146.csv,other,9,15
extracted_tables/037_Health_Bulletin_2013/table_0166.csv,population,2,3
extracted_tables/037_Health_Bulletin_2013/table_0002.csv,population,3,3
extracted_tables/037_Health_Bulletin_2013/table_0005.csv,other,4,3
extracted_tables/037_Health_Bulletin_2013/table_0110.csv,other,2,3
extracted_tables/037_Health_Bulletin_2013/table_0075.csv,other,2,2
extracted_tables/037_Health_Bulletin_2013/table_0185.csv,other,2,3
extracted_tables/037_Health_Bulletin_2013/table_0173.csv,surgery,3,3
extracted_tables/037_Health_Bulletin_2013/table_0053.csv,other,2,2
extracted_tables/037_Health_Bulletin_2013/table_0144.csv,other,9,13
extracted_tables/037_Health_Bulletin_2013/table_0060.csv,other,2,2
extracted_tables/037_Health_Bulletin_2013/table_0158.csv,other,9,3
extracted_tables/037_Health_Bulletin_2013/table_0085.csv,other,2,5
extracted_tables/037_Health_Bulletin_2013/table_0065.csv,other,2,2
extracted_tables/037_Health_Bulletin_2013/table_0029.csv,health_stat,11,3
extracted_tables/037_Health_Bulletin_2013/table_0104.csv,human_resource,5,5
extracted_tables/037_Health_Bulletin_2013/table_0132.csv,other,9,6
extracted_tables/037_Health_Bulletin_2013/table_0077.csv,other,2,2
extracted_tables/037_Health_Bulletin_2013/table_0212.csv,other,18,5
extracted_tables/037_Health_Bulletin_2013/table_0165.csv,other,6,3
extracted_tables/037_Health_Bulletin_2013/table_0001.csv,other,4,3
extracted_tables/037_Health_Bulletin_2013/table_0154.csv,other,9,3
extracted_tables/037_Health_Bulletin_2013/table_0059.csv,other,2,2
extracted_tables/037_Health_Bulletin_2013/table_0115.csv,other,3,5
extracted_tables/037_Health_Bulletin_2013/table_0056.csv,other,2,2
extracted_tables/037_Health_Bulletin_2013/table_0200.csv,other,5,4
extracted_tables/037_Health_Bulletin_2013/table_0213.csv,health_stat,9,5
extracted_tables/037_Health_Bulletin_2013/table_0067.csv,other,2,2
extracted_tables/037_Health_Bulletin_2013/table_0018.csv,other,2,2
extracted_tables/037_Health_Bulletin_2013/table_0183.csv,health_stat,2,3
extracted_tables/037_Health_Bulletin_2013/table_0130.csv,other,2,7
extracted_tables/037_Health_Bulletin_2013/table_0197.csv,other,4,3
extracted_tables/037_Health_Bulletin_2013/table_0114.csv,other,3,5
extracted_tables/043_Health_Bulletin_2007/table_0168.csv,other,51,5
extracted_tables/043_Health_Bulletin_2007/table_0188.csv,population,14,5
extracted_tables/043_Health_Bulletin_2007/table_0071.csv,other,3,6
extracted_tables/043_Health_Bulletin_2007/table_0040.csv,human_resource,17,6
extracted_tables/043_Health_Bulletin_2007/table_0036.csv,other,13,3
extracted_tables/043_Health_Bulletin_2007/table_0134.csv,other,9,21
extracted_tables/043_Health_Bulletin_2007/table_0131.csv,population,7,2
extracted_tables/043_Health_Bulletin_2007/table_0125.csv,health_stat,9,11
extracted_tables/043_Health_Bulletin_2007/table_0034.csv,other,7,7
extracted_tables/043_Health_Bulletin_2007/table_0079.csv,other,19,8
extracted_tables/043_Health_Bulletin_2007/table_0214.csv,health_stat,16,23
extracted_tables/043_Health_Bulletin_2007/table_0180.csv,population,51,5
extracted_tables/043_Health_Bulletin_2007/table_0171.csv,population,51,5
extracted_tables/043_Health_Bulletin_2007/table_0209.csv,health_stat,21,23
extracted_tables/043_Health_Bulletin_2007/table_0064.csv,other,5,65
extracted_tables/043_Health_Bulletin_2007/table_0129.csv,health_stat,9,21
extracted_tables/043_Health_Bulletin_2007/table_0020.csv,population,9,12
extracted_tables/043_Health_Bulletin_2007/table_0101.csv,population,11,12
extracted_tables/043_Health_Bulletin_2007/table_0186.csv,population,38,5
extracted_tables/043_Health_Bulletin_2007/table_0099.csv,population,10,12
extracted_tables/043_Health_Bulletin_2007/table_0070.csv,health_stat,10,20
extracted_tables/043_Health_Bulletin_2007/table_0207.csv,human_resource,26,6
extracted_tables/043_Health_Bulletin_2007/table_0109.csv,other,9,28
extracted_tables/043_Health_Bulletin_2007/table_0156.csv,population,44,5
extracted_tables/043_Health_Bulletin_2007/table_0089.csv,other,5,6
extracted_tables/043_Health_Bulletin_2007/table_0080.csv,other,16,8
extracted_tables/043_Health_Bulletin_2007/table_0049.csv,human_resource,42,6
extracted_tables/043_Health_Bulletin_2007/table_0199.csv,human_resource,48,6
extracted_tables/043_Health_Bulletin_2007/table_0210.csv,health_stat,14,23
extracted_tables/043_Health_Bulletin_2007/table_0023.csv,population,12,10
extracted_tables/043_Health_Bulletin_2007/table_0160.csv,other,48,4
extracted_tables/043_Health_Bulletin_2007/table_0011.csv,population,4,4
extracted_tables/043_Health_Bulletin_2007/table_0184.csv,population,15,5
extracted_tables/043_Health_Bulletin_2007/table_0224.csv,health_stat,19,24
extracted_tables/043_Health_Bulletin_2007/table_0014.csv,surgery,6,9
extracted_tables/043_Health_Bulletin_2007/table_0102.csv,population,17,12
extracted_tables/043_Health_Bulletin_2007/table_0006.csv,population,40,10
extracted_tables/043_Health_Bulletin_2007/table_0083.csv,population,8,12
extracted_tables/043_Health_Bulletin_2007/table_0127.csv,cancer,11,13
extracted_tables/043_Health_Bulletin_2007/table_0016.csv,health_stat,10,9
extracted_tables/043_Health_Bulletin_2007/table_0051.csv,surgery,20,6
extracted_tables/043_Health_Bulletin_2007/table_0072.csv,other,2,2
extracted_tables/043_Health_Bulletin_2007/table_0194.csv,human_resource,48,6
extracted_tables/043_Health_Bulletin_2007/table_0135.csv,other,9,8
extracted_tables/043_Health_Bulletin_2007/table_0206.csv,human_resource,48,6
extracted_tables/043_Health_Bulletin_2007/table_0013.csv,health_stat,8,4
extracted_tables/043_Health_Bulletin_2007/table_0108.csv,other,7,37
extracted_tables/043_Health_Bulletin_2007/table_0027.csv,other,31,3
extracted_tables/043_Health_Bulletin_2007/table_0126.csv,cancer,18,7
extracted_tables/043_Health_Bulletin_2007/table_0043.csv,health_stat,22,38
extracted_tables/043_Health_Bulletin_2007/table_0045.csv,other,13,32
extracted_tables/043_Health_Bulletin_2007/table_0044.csv,health_stat,16,32
extracted_tables/043_Health_Bulletin_2007/table_0219.csv,other,6,24
extracted_tables/043_Health_Bulletin_2007/table_0111.csv,other,11,8
extracted_tables/043_Health_Bulletin_2007/table_0090.csv,other,5,15
extracted_tables/043_Health_Bulletin_2007/table_0123.csv,other,4,31
extracted_tables/043_Health_Bulletin_2007/table_0172.csv,other,48,5
extracted_tables/043_Health_Bulletin_2007/table_0137.csv,other,28,18
extracted_tables/043_Health_Bulletin_2007/table_0152.csv,other,2,6
extracted_tables/043_Health_Bulletin_2007/table_0122.csv,health_stat,3,12
extracted_tables/043_Health_Bulletin_2007/table_0094.csv,other,2,14
extracted_tables/043_Health_Bulletin_2007/table_0052.csv,health_stat,43,6
extracted_tables/043_Health_Bulletin_2007/table_0140.csv,other,7,13
extracted_tables/043_Health_Bulletin_2007/table_0203.csv,human_resource,48,6
extracted_tables/043_Health_Bulletin_2007/table_0193.csv,human_resource,48,6
extracted_tables/043_Health_Bulletin_2007/table_0032.csv,health_stat,16,8
extracted_tables/043_Health_Bulletin_2007/table_0066.csv,human_resource,5,15
extracted_tables/043_Health_Bulletin_2007/table_0098.csv,population,7,12
extracted_tables/043_Health_Bulletin_2007/table_0103.csv,other,5,8
extracted_tables/043_Health_Bulletin_2007/table_0227.csv,health_stat,31,24
extracted_tables/043_Health_Bulletin_2007/table_0074.csv,other,9,34
extracted_tables/043_Health_Bulletin_2007/table_0031.csv,health_stat,7,8
extracted_tables/043_Health_Bulletin_2007/table_0147.csv,other,3,19
extracted_tables/043_Health_Bulletin_2007/table_0157.csv,other,48,4
extracted_tables/043_Health_Bulletin_2007/table_0225.csv,health_stat,7,24
extracted_tables/043_Health_Bulletin_2007/table_0220.csv,health_stat,13,24
extracted_tables/043_Health_Bulletin_2007/table_0163.csv,population,38,5
extracted_tables/043_Health_Bulletin_2007/table_0190.csv,population,30,10
extracted_tables/043_Health_Bulletin_2007/table_0069.csv,other,7,4
extracted_tables/043_Health_Bulletin_2007/table_0078.csv,other,13,9
extracted_tables/043_Health_Bulletin_2007/table_0195.csv,human_resource,48,6
extracted_tables/043_Health_Bulletin_2007/table_0143.csv,other,9,14
extracted_tables/043_Health_Bulletin_2007/table_0174.csv,other,50,5
extracted_tables/043_Health_Bulletin_2007/table_0022.csv,health_stat,4,4
extracted_tables/043_Health_Bulletin_2007/table_0015.csv,health_stat,32,10
extracted_tables/043_Health_Bulletin_2007/table_0046.csv,surgery,29,17
extracted_tables/043_Health_Bulletin_2007/table_0139.csv,other,7,12
extracted_tables/043_Health_Bulletin_2007/table_0222.csv,health_stat,16,24
extracted_tables/043_Health_Bulletin_2007/table_0201.csv,human_resource,48,6
extracted_tables/043_Health_Bulletin_2007/table_0226.csv,health_stat,21,24
extracted_tables/043_Health_Bulletin_2007/table_0012.csv,other,9,4
extracted_tables/043_Health_Bulletin_2007/table_0061.csv,other,20,11
extracted_tables/043_Health_Bulletin_2007/table_0068.csv,other,10,5
extracted_tables/043_Health_Bulletin_2007/table_0057.csv,health_stat,22,40
extracted_tables/043_Health_Bulletin_2007/table_0121.csv,surgery,9,7
extracted_tables/043_Health_Bulletin_2007/table_0019.csv,health_stat,4,4
extracted_tables/043_Health_Bulletin_2007/table_0217.csv,health_stat,13,24
extracted_tables/043_Health_Bulletin_2007/table_0116.csv,health_stat,12,14
extracted_tables/043_Health_Bulletin_2007/table_0149.csv,other,3,11
extracted_tables/043_Health_Bulletin_2007/table_0124.csv,health_stat,5,6
extracted_tables/043_Health_Bulletin_2007/table_0041.csv,human_resource,34,6
extracted_tables/043_Health_Bulletin_2007/table_0179.csv,population,51,5
extracted_tables/043_Health_Bulletin_2007/table_0128.csv,health_stat,9,4
extracted_tables/043_Health_Bulletin_2007/table_0076.csv,other,13,12
extracted_tables/043_Health_Bulletin_2007/table_0162.csv,population,9,4
extracted_tables/043_Health_Bulletin_2007/table_0047.csv,population,11,6
extracted_tables/043_Health_Bulletin_2007/table_0004.csv,other,47,5
extracted_tables/043_Health_Bulletin_2007/table_0088.csv,population,7,16
extracted_tables/043_Health_Bulletin_2007/table_0062.csv,other,15,31
extracted_tables/043_Health_Bulletin_2007/table_0161.csv,other,19,5
extracted_tables/043_Health_Bulletin_2007/table_0030.csv,health_stat,14,11
extracted_tables/043_Health_Bulletin_2007/table_0196.csv,human_resource,48,6
extracted_tables/043_Health_Bulletin_2007/table_0187.csv,population,19,4
extracted_tables/043_Health_Bulletin_2007/table_0181.csv,population,51,5
extracted_tables/043_Health_Bulletin_2007/table_0205.csv,human_resource,48,6
extracted_tables/043_Health_Bulletin_2007/table_0050.csv,health_stat,22,6
extracted_tables/043_Health_Bulletin_2007/table_0192.csv,human_resource,48,6
extracted_tables/043_Health_Bulletin_2007/table_0037.csv,health_stat,45,3
extracted_tables/043_Health_Bulletin_2007/table_0153.csv,other,2,6
extracted_tables/043_Health_Bulletin_2007/table_0107.csv,health_stat,13,4
extracted_tables/043_Health_Bulletin_2007/table_0223.csv,health_stat,18,24
extracted_tables/043_Health_Bulletin_2007/table_0054.csv,other,8,40
extracted_tables/043_Health_Bulletin_2007/table_0164.csv,population,47,5
extracted_tables/043_Health_Bulletin_2007/table_0026.csv,other,13,4
extracted_tables/043_Health_Bulletin_2007/table_0155.csv,health_stat,11,8
extracted_tables/043_Health_Bulletin_2007/table_0204.csv,human_resource,48,6
extracted_tables/043_Health_Bulletin_2007/table_0086.csv,population,9,11
extracted_tables/043_Health_Bulletin_2007/table_0008.csv,population,11,5
extracted_tables/043_Health_Bulletin_2007/table_0035.csv,population,15,12
extracted_tables/043_Health_Bulletin_2007/table_0058.csv,health_stat,23,42
extracted_tables/043_Health_Bulletin_2007/table_0182.csv,other,50,5
extracted_tables/043_Health_Bulletin_2007/table_0169.csv,other,49,5
extracted_tables/043_Health_Bulletin_2007/table_0113.csv,other,7,8
extracted_tables/043_Health_Bulletin_2007/table_0048.csv,population,40,6
extracted_tables/043_Health_Bulletin_2007/table_0191.csv,human_resource,46,6
extracted_tables/043_Health_Bulletin_2007/table_0105.csv,other,15,15
extracted_tables/043_Health_Bulletin_2007/table_0063.csv,health_stat,26,26
extracted_tables/043_Health_Bulletin_2007/table_0021.csv,health_stat,4,4
extracted_tables/043_Health_Bulletin_2007/table_0100.csv,other,3,2
extracted_tables/043_Health_Bulletin_2007/table_0009.csv,population,8,3
extracted_tables/043_Health_Bulletin_2007/table_0148.csv,other,3,10
extracted_tables/043_Health_Bulletin_2007/table_0092.csv,other,9,6
extracted_tables/043_Health_Bulletin_2007/table_0117.csv,other,4,13
extracted_tables/043_Health_Bulletin_2007/table_0177.csv,population,51,5
extracted_tables/043_Health_Bulletin_2007/table_0007.csv,population,39,10
extracted_tables/043_Health_Bulletin_2007/table_0176.csv,population,51,5
extracted_tables/043_Health_Bulletin_2007/table_0145.csv,other,4,16
extracted_tables/043_Health_Bulletin_2007/table_0087.csv,surgery,5,18
extracted_tables/043_Health_Bulletin_2007/table_0159.csv,other,48,4
extracted_tables/043_Health_Bulletin_2007/table_0170.csv,population,49,5
extracted_tables/043_Health_Bulletin_2007/table_0120.csv,other,10,11
extracted_tables/043_Health_Bulletin_2007/table_0093.csv,other,7,50
extracted_tables/043_Health_Bulletin_2007/table_0042.csv,human_resource,48,6
extracted_tables/043_Health_Bulletin_2007/table_0202.csv,human_resource,48,6
extracted_tables/043_Health_Bulletin_2007/table_0112.csv,other,5,3
extracted_tables/043_Health_Bulletin_2007/table_0097.csv,other,4,3
extracted_tables/043_Health_Bulletin_2007/table_0216.csv,population,38,15
extracted_tables/043_Health_Bulletin_2007/table_0141.csv,other,7,13
extracted_tables/043_Health_Bulletin_2007/table_0138.csv,other,6,8
extracted_tables/043_Health_Bulletin_2007/table_0082.csv,health_stat,9,8
extracted_tables/043_Health_Bulletin_2007/table_0091.csv,population,8,15
extracted_tables/043_Health_Bulletin_2007/table_0038.csv,population,25,3
extracted_tables/043_Health_Bulletin_2007/table_0218.csv,health_stat,13,24
extracted_tables/043_Health_Bulletin_2007/table_0017.csv,surgery,16,4
extracted_tables/043_Health_Bulletin_2007/table_0175.csv,population,51,5
extracted_tables/043_Health_Bulletin_2007/table_0010.csv,other,6,4
extracted_tables/043_Health_Bulletin_2007/table_0055.csv,health_stat,18,39
extracted_tables/043_Health_Bulletin_2007/table_0003.csv,other,37,5
extracted_tables/043_Health_Bulletin_2007/table_0167.csv,population,50,5
extracted_tables/043_Health_Bulletin_2007/table_0033.csv,health_stat,5,4
extracted_tables/043_Health_Bulletin_2007/table_0142.csv,other,9,13
extracted_tables/043_Health_Bulletin_2007/table_0228.csv,health_stat,8,24
extracted_tables/043_Health_Bulletin_2007/table_0208.csv,health_stat,20,23
extracted_tables/043_Health_Bulletin_2007/table_0084.csv,population,23,12
extracted_tables/043_Health_Bulletin_2007/table_0119.csv,other,4,13
extracted_tables/043_Health_Bulletin_2007/table_0229.csv,population,44,21
extracted_tables/043_Health_Bulletin_2007/table_0025.csv,health_stat,31,4
extracted_tables/043_Health_Bulletin_2007/table_0150.csv,other,2,6
extracted_tables/043_Health_Bulletin_2007/table_0039.csv,human_resource,7,18
extracted_tables/043_Health_Bulletin_2007/table_0151.csv,other,2,6
extracted_tables/043_Health_Bulletin_2007/table_0215.csv,population,45,15
extracted_tables/043_Health_Bulletin_2007/table_0198.csv,human_resource,48,6
extracted_tables/043_Health_Bulletin_2007/table_0133.csv,other,22,8
extracted_tables/043_Health_Bulletin_2007/table_0189.csv,population,35,6
extracted_tables/043_Health_Bulletin_2007/table_0211.csv,health_stat,21,23
extracted_tables/043_Health_Bulletin_2007/table_0136.csv,other,4,6
extracted_tables/043_Health_Bulletin_2007/table_0178.csv,population,51,5
extracted_tables/043_Health_Bulletin_2007/table_0096.csv,population,13,12
extracted_tables/043_Health_Bulletin_2007/table_0106.csv,other,8,15
extracted_tables/043_Health_Bulletin_2007/table_0028.csv,other,12,3
extracted_tables/043_Health_Bulletin_2007/table_0118.csv,health_stat,3,12
extracted_tables/043_Health_Bulletin_2007/table_0073.csv,other,3,3
extracted_tables/043_Health_Bulletin_2007/table_0081.csv,other,20,8
extracted_tables/043_Health_Bulletin_2007/table_0095.csv,population,21,21
extracted_tables/043_Health_Bulletin_2007/table_0024.csv,health_stat,46,4
extracted_tables/043_Health_Bulletin_2007/table_0146.csv,other,7,19
extracted_tables/043_Health_Bulletin_2007/table_0166.csv,other,51,5
extracted_tables/043_Health_Bulletin_2007/table_0002.csv,population,42,6
extracted_tables/043_Health_Bulletin_2007/table_0005.csv,health_stat,44,5
extracted_tables/043_Health_Bulletin_2007/table_0110.csv,health_stat,7,12
extracted_tables/043_Health_Bulletin_2007/table_0075.csv,other,11,12
extracted_tables/043_Health_Bulletin_2007/table_0221.csv,health_stat,15,24
extracted_tables/043_Health_Bulletin_2007/table_0185.csv,other,40,6
extracted_tables/043_Health_Bulletin_2007/table_0173.csv,population,51,5
extracted_tables/043_Health_Bulletin_2007/table_0053.csv,health_stat,14,42
extracted_tables/043_Health_Bulletin_2007/table_0144.csv,other,4,14
extracted_tables/043_Health_Bulletin_2007/table_0060.csv,health_stat,39,14
extracted_tables/043_Health_Bulletin_2007/table_0158.csv,other,48,4
extracted_tables/043_Health_Bulletin_2007/table_0085.csv,population,24,12
extracted_tables/043_Health_Bulletin_2007/table_0065.csv,other,5,12
extracted_tables/043_Health_Bulletin_2007/table_0029.csv,health_stat,6,11
extracted_tables/043_Health_Bulletin_2007/table_0104.csv,other,11,12
extracted_tables/043_Health_Bulletin_2007/table_0132.csv,other,9,13
extracted_tables/043_Health_Bulletin_2007/table_0077.csv,other,12,9
extracted_tables/043_Health_Bulletin_2007/table_0212.csv,health_stat,18,23
extracted_tables/043_Health_Bulletin_2007/table_0165.csv,other,51,5
extracted_tables/043_Health_Bulletin_2007/table_0001.csv,population,43,5
extracted_tables/043_Health_Bulletin_2007/table_0154.csv,other,6,6
extracted_tables/043_Health_Bulletin_2007/table_0059.csv,health_stat,10,14
extracted_tables/043_Health_Bulletin_2007/table_0115.csv,other,6,9
extracted_tables/043_Health_Bulletin_2007/table_0056.csv,health_stat,22,44
extracted_tables/043_Health_Bulletin_2007/table_0230.csv,population,39,21
extracted_tables/043_Health_Bulletin_2007/table_0200.csv,human_resource,48,6
extracted_tables/043_Health_Bulletin_2007/table_0213.csv,health_stat,16,23
extracted_tables/043_Health_Bulletin_2007/table_0067.csv,other,4,12
extracted_tables/043_Health_Bulletin_2007/table_0018.csv,surgery,23,4
extracted_tables/043_Health_Bulletin_2007/table_0183.csv,population,51,5
extracted_tables/043_Health_Bulletin_2007/table_0130.csv,other,5,9
extracted_tables/043_Health_Bulletin_2007/table_0197.csv,human_resource,48,6
extracted_tables/043_Health_Bulletin_2007/table_0114.csv,other,6,13
extracted_tables/033_Health_Bulletin_2017/table_0168.csv,other,13,32
extracted_tables/033_Health_Bulletin_2017/table_0188.csv,other,13,32
extracted_tables/033_Health_Bulletin_2017/table_0071.csv,other,15,5
extracted_tables/033_Health_Bulletin_2017/table_0272.csv,population,44,5
extracted_tables/033_Health_Bulletin_2017/table_0040.csv,population,4,11
extracted_tables/033_Health_Bulletin_2017/table_0251.csv,population,24,5
extracted_tables/033_Health_Bulletin_2017/table_0036.csv,health_stat,15,8
extracted_tables/033_Health_Bulletin_2017/table_0134.csv,population,10,6
extracted_tables/033_Health_Bulletin_2017/table_0257.csv,population,23,5
extracted_tables/033_Health_Bulletin_2017/table_0131.csv,other,8,9
extracted_tables/033_Health_Bulletin_2017/table_0125.csv,human_resource,14,4
extracted_tables/033_Health_Bulletin_2017/table_0234.csv,population,33,6
extracted_tables/033_Health_Bulletin_2017/table_0232.csv,health_stat,16,5
extracted_tables/033_Health_Bulletin_2017/table_0034.csv,other,2,2
extracted_tables/033_Health_Bulletin_2017/table_0079.csv,other,41,3
extracted_tables/033_Health_Bulletin_2017/table_0214.csv,other,13,32
extracted_tables/033_Health_Bulletin_2017/table_0180.csv,other,13,32
extracted_tables/033_Health_Bulletin_2017/table_0171.csv,other,13,32
extracted_tables/033_Health_Bulletin_2017/table_0209.csv,other,13,32
extracted_tables/033_Health_Bulletin_2017/table_0249.csv,population,10,4
extracted_tables/033_Health_Bulletin_2017/table_0064.csv,population,16,4
extracted_tables/033_Health_Bulletin_2017/table_0129.csv,population,11,3
extracted_tables/033_Health_Bulletin_2017/table_0237.csv,population,20,6
extracted_tables/033_Health_Bulletin_2017/table_0020.csv,other,4,10
extracted_tables/033_Health_Bulletin_2017/table_0101.csv,other,19,10
extracted_tables/033_Health_Bulletin_2017/table_0186.csv,other,13,32
extracted_tables/033_Health_Bulletin_2017/table_0099.csv,health_stat,18,6
extracted_tables/033_Health_Bulletin_2017/table_0070.csv,other,2,2
extracted_tables/033_Health_Bulletin_2017/table_0207.csv,other,13,32
extracted_tables/033_Health_Bulletin_2017/table_0109.csv,population,11,5
extracted_tables/033_Health_Bulletin_2017/table_0156.csv,population,39,4
extracted_tables/033_Health_Bulletin_2017/table_0089.csv,other,3,4
extracted_tables/033_Health_Bulletin_2017/table_0080.csv,other,40,3
extracted_tables/033_Health_Bulletin_2017/table_0049.csv,other,2,4
extracted_tables/033_Health_Bulletin_2017/table_0199.csv,other,13,15
extracted_tables/033_Health_Bulletin_2017/table_0210.csv,other,13,32
extracted_tables/033_Health_Bulletin_2017/table_0023.csv,health_stat,21,3
extracted_tables/033_Health_Bulletin_2017/table_0160.csv,other,6,3
extracted_tables/033_Health_Bulletin_2017/table_0011.csv,human_resource,6,5
extracted_tables/033_Health_Bulletin_2017/table_0184.csv,other,13,32
extracted_tables/033_Health_Bulletin_2017/table_0224.csv,human_resource,39,5
extracted_tables/033_Health_Bulletin_2017/table_0014.csv,population,10,3
extracted_tables/033_Health_Bulletin_2017/table_0102.csv,other,14,10
extracted_tables/033_Health_Bulletin_2017/table_0273.csv,population,47,5
extracted_tables/033_Health_Bulletin_2017/table_0006.csv,population,10,5
extracted_tables/033_Health_Bulletin_2017/table_0083.csv,other,41,3
extracted_tables/033_Health_Bulletin_2017/table_0127.csv,other,7,3
extracted_tables/033_Health_Bulletin_2017/table_0016.csv,other,2,2
extracted_tables/033_Health_Bulletin_2017/table_0051.csv,other,11,14
extracted_tables/033_Health_Bulletin_2017/table_0072.csv,other,7,9
extracted_tables/033_Health_Bulletin_2017/table_0244.csv,health_stat,23,5
extracted_tables/033_Health_Bulletin_2017/table_0194.csv,other,13,32
extracted_tables/033_Health_Bulletin_2017/table_0135.csv,population,10,4
extracted_tables/033_Health_Bulletin_2017/table_0206.csv,other,13,32
extracted_tables/033_Health_Bulletin_2017/table_0013.csv,health_stat,22,5
extracted_tables/033_Health_Bulletin_2017/table_0108.csv,population,6,3
extracted_tables/033_Health_Bulletin_2017/table_0027.csv,health_stat,15,4
extracted_tables/033_Health_Bulletin_2017/table_0126.csv,other,16,2
extracted_tables/033_Health_Bulletin_2017/table_0240.csv,surgery,27,5
extracted_tables/033_Health_Bulletin_2017/table_0043.csv,population,8,3
extracted_tables/033_Health_Bulletin_2017/table_0045.csv,population,8,6
extracted_tables/033_Health_Bulletin_2017/table_0044.csv,other,8,5
extracted_tables/033_Health_Bulletin_2017/table_0238.csv,human_resource,37,6
extracted_tables/033_Health_Bulletin_2017/table_0219.csv,human_resource,39,5
extracted_tables/033_Health_Bulletin_2017/table_0111.csv,surgery,14,3
extracted_tables/033_Health_Bulletin_2017/table_0233.csv,population,30,6
extracted_tables/033_Health_Bulletin_2017/table_0090.csv,health_stat,5,3
extracted_tables/033_Health_Bulletin_2017/table_0123.csv,other,15,7
extracted_tables/033_Health_Bulletin_2017/table_0172.csv,other,13,32
extracted_tables/033_Health_Bulletin_2017/table_0137.csv,population,6,3
extracted_tables/033_Health_Bulletin_2017/table_0152.csv,other,2,2
extracted_tables/033_Health_Bulletin_2017/table_0267.csv,other,10,17
extracted_tables/033_Health_Bulletin_2017/table_0122.csv,population,20,6
extracted_tables/033_Health_Bulletin_2017/table_0094.csv,other,18,7
extracted_tables/033_Health_Bulletin_2017/table_0052.csv,human_resource,7,5
extracted_tables/033_Health_Bulletin_2017/table_0140.csv,cancer,8,6
extracted_tables/033_Health_Bulletin_2017/table_0203.csv,other,13,32
extracted_tables/033_Health_Bulletin_2017/table_0263.csv,other,7,33
extracted_tables/033_Health_Bulletin_2017/table_0193.csv,other,13,32
extracted_tables/033_Health_Bulletin_2017/table_0247.csv,other,11,4
extracted_tables/033_Health_Bulletin_2017/table_0032.csv,health_stat,15,8
extracted_tables/033_Health_Bulletin_2017/table_0066.csv,other,47,4
extracted_tables/033_Health_Bulletin_2017/table_0098.csv,other,2,2
extracted_tables/033_Health_Bulletin_2017/table_0258.csv,population,22,5
extracted_tables/033_Health_Bulletin_2017/table_0103.csv,other,4,2
extracted_tables/033_Health_Bulletin_2017/table_0227.csv,human_resource,39,5
extracted_tables/033_Health_Bulletin_2017/table_0074.csv,population,8,8
extracted_tables/033_Health_Bulletin_2017/table_0031.csv,other,2,2
extracted_tables/033_Health_Bulletin_2017/table_0147.csv,health_stat,8,9
extracted_tables/033_Health_Bulletin_2017/table_0157.csv,population,11,4
extracted_tables/033_Health_Bulletin_2017/table_0225.csv,human_resource,39,5
extracted_tables/033_Health_Bulletin_2017/table_0220.csv,human_resource,39,5
extracted_tables/033_Health_Bulletin_2017/table_0163.csv,other,2,2
extracted_tables/033_Health_Bulletin_2017/table_0254.csv,population,21,5
extracted_tables/033_Health_Bulletin_2017/table_0190.csv,other,13,32
extracted_tables/033_Health_Bulletin_2017/table_0069.csv,other,2,2
extracted_tables/033_Health_Bulletin_2017/table_0078.csv,other,38,3
extracted_tables/033_Health_Bulletin_2017/table_0195.csv,other,13,32
extracted_tables/033_Health_Bulletin_2017/table_0143.csv,other,2,3
extracted_tables/033_Health_Bulletin_2017/table_0174.csv,other,13,32
extracted_tables/033_Health_Bulletin_2017/table_0022.csv,other,3,3
extracted_tables/033_Health_Bulletin_2017/table_0277.csv,other,20,18
extracted_tables/033_Health_Bulletin_2017/table_0015.csv,other,12,9
extracted_tables/033_Health_Bulletin_2017/table_0046.csv,human_resource,9,9
extracted_tables/033_Health_Bulletin_2017/table_0139.csv,other,14,10
extracted_tables/033_Health_Bulletin_2017/table_0222.csv,human_resource,39,5
extracted_tables/033_Health_Bulletin_2017/table_0201.csv,other,13,32
extracted_tables/033_Health_Bulletin_2017/table_0226.csv,human_resource,39,5
extracted_tables/033_Health_Bulletin_2017/table_0012.csv,population,8,5
extracted_tables/033_Health_Bulletin_2017/table_0061.csv,other,5,3
extracted_tables/033_Health_Bulletin_2017/table_0068.csv,other,2,2
extracted_tables/033_Health_Bulletin_2017/table_0057.csv,human_resource,24,7
extracted_tables/033_Health_Bulletin_2017/table_0121.csv,human_resource,2,2
extracted_tables/033_Health_Bulletin_2017/table_0019.csv,health_stat,10,2
extracted_tables/033_Health_Bulletin_2017/table_0217.csv,other,13,20
extracted_tables/033_Health_Bulletin_2017/table_0116.csv,population,18,6
extracted_tables/033_Health_Bulletin_2017/table_0149.csv,health_stat,13,3
extracted_tables/033_Health_Bulletin_2017/table_0124.csv,other,3,18
extracted_tables/033_Health_Bulletin_2017/table_0041.csv,other,2,2
extracted_tables/033_Health_Bulletin_2017/table_0179.csv,other,13,32
extracted_tables/033_Health_Bulletin_2017/table_0128.csv,other,6,9
extracted_tables/033_Health_Bulletin_2017/table_0076.csv,health_stat,41,3
extracted_tables/033_Health_Bulletin_2017/table_0162.csv,other,3,3
extracted_tables/033_Health_Bulletin_2017/table_0047.csv,other,4,4
extracted_tables/033_Health_Bulletin_2017/table_0004.csv,health_stat,18,2
extracted_tables/033_Health_Bulletin_2017/table_0088.csv,other,2,2
extracted_tables/033_Health_Bulletin_2017/table_0062.csv,surgery,9,8
extracted_tables/033_Health_Bulletin_2017/table_0253.csv,population,22,5
extracted_tables/033_Health_Bulletin_2017/table_0235.csv,population,29,6
extracted_tables/033_Health_Bulletin_2017/table_0161.csv,other,5,3
extracted_tables/033_Health_Bulletin_2017/table_0256.csv,population,24,5
extracted_tables/033_Health_Bulletin_2017/table_0030.csv,other,2,2
extracted_tables/033_Health_Bulletin_2017/table_0260.csv,other,9,29
extracted_tables/033_Health_Bulletin_2017/table_0196.csv,other,13,32
extracted_tables/033_Health_Bulletin_2017/table_0269.csv,other,16,9
extracted_tables/033_Health_Bulletin_2017/table_0187.csv,other,13,32
extracted_tables/033_Health_Bulletin_2017/table_0181.csv,other,13,29
extracted_tables/033_Health_Bulletin_2017/table_0205.csv,other,13,32
extracted_tables/033_Health_Bulletin_2017/table_0050.csv,human_resource,20,6
extracted_tables/033_Health_Bulletin_2017/table_0192.csv,other,13,32
extracted_tables/033_Health_Bulletin_2017/table_0255.csv,population,23,5
extracted_tables/033_Health_Bulletin_2017/table_0037.csv,other,2,2
extracted_tables/033_Health_Bulletin_2017/table_0153.csv,other,2,2
extracted_tables/033_Health_Bulletin_2017/table_0107.csv,other,8,3
extracted_tables/033_Health_Bulletin_2017/table_0274.csv,population,47,5
extracted_tables/033_Health_Bulletin_2017/table_0223.csv,human_resource,39,5
extracted_tables/033_Health_Bulletin_2017/table_0054.csv,human_resource,21,7
extracted_tables/033_Health_Bulletin_2017/table_0164.csv,other,13,28
extracted_tables/033_Health_Bulletin_2017/table_0026.csv,health_stat,15,3
extracted_tables/033_Health_Bulletin_2017/table_0155.csv,other,2,2
extracted_tables/033_Health_Bulletin_2017/table_0204.csv,other,13,32
extracted_tables/033_Health_Bulletin_2017/table_0086.csv,health_stat,38,3
extracted_tables/033_Health_Bulletin_2017/table_0008.csv,population,6,5
extracted_tables/033_Health_Bulletin_2017/table_0275.csv,other,11,4
extracted_tables/033_Health_Bulletin_2017/table_0035.csv,other,2,2
extracted_tables/033_Health_Bulletin_2017/table_0239.csv,human_resource,12,6
extracted_tables/033_Health_Bulletin_2017/table_0058.csv,other,6,3
extracted_tables/033_Health_Bulletin_2017/table_0182.csv,other,13,29
extracted_tables/033_Health_Bulletin_2017/table_0169.csv,other,13,32
extracted_tables/033_Health_Bulletin_2017/table_0261.csv,other,7,32
extracted_tables/033_Health_Bulletin_2017/table_0113.csv,population,5,15
extracted_tables/033_Health_Bulletin_2017/table_0048.csv,other,2,4
extracted_tables/033_Health_Bulletin_2017/table_0191.csv,other,13,32
extracted_tables/033_Health_Bulletin_2017/table_0236.csv,population,26,6
extracted_tables/033_Health_Bulletin_2017/table_0231.csv,population,15,5
extracted_tables/033_Health_Bulletin_2017/table_0105.csv,population,16,4
extracted_tables/033_Health_Bulletin_2017/table_0063.csv,other,15,4
extracted_tables/033_Health_Bulletin_2017/table_0021.csv,population,5,12
extracted_tables/033_Health_Bulletin_2017/table_0100.csv,health_stat,9,6
extracted_tables/033_Health_Bulletin_2017/table_0265.csv,other,9,25
extracted_tables/033_Health_Bulletin_2017/table_0009.csv,population,11,5
extracted_tables/033_Health_Bulletin_2017/table_0148.csv,health_stat,8,9
extracted_tables/033_Health_Bulletin_2017/table_0092.csv,health_stat,7,2
extracted_tables/033_Health_Bulletin_2017/table_0117.csv,other,2,2
extracted_tables/033_Health_Bulletin_2017/table_0177.csv,other,13,32
extracted_tables/033_Health_Bulletin_2017/table_0007.csv,population,9,5
extracted_tables/033_Health_Bulletin_2017/table_0259.csv,population,15,5
extracted_tables/033_Health_Bulletin_2017/table_0176.csv,other,13,32
extracted_tables/033_Health_Bulletin_2017/table_0145.csv,health_stat,5,5
extracted_tables/033_Health_Bulletin_2017/table_0087.csv,other,14,3
extracted_tables/033_Health_Bulletin_2017/table_0159.csv,other,2,2
extracted_tables/033_Health_Bulletin_2017/table_0170.csv,other,13,32
extracted_tables/033_Health_Bulletin_2017/table_0120.csv,other,25,9
extracted_tables/033_Health_Bulletin_2017/table_0093.csv,health_stat,4,2
extracted_tables/033_Health_Bulletin_2017/table_0042.csv,other,2,2
extracted_tables/033_Health_Bulletin_2017/table_0202.csv,other,13,32
extracted_tables/033_Health_Bulletin_2017/table_0266.csv,other,9,10
extracted_tables/033_Health_Bulletin_2017/table_0112.csv,surgery,23,3
extracted_tables/033_Health_Bulletin_2017/table_0097.csv,other,13,20
extracted_tables/033_Health_Bulletin_2017/table_0216.csv,other,13,32
extracted_tables/033_Health_Bulletin_2017/table_0264.csv,other,9,25
extracted_tables/033_Health_Bulletin_2017/table_0262.csv,other,7,32
extracted_tables/033_Health_Bulletin_2017/table_0141.csv,other,4,8
extracted_tables/033_Health_Bulletin_2017/table_0138.csv,human_resource,8,2
extracted_tables/033_Health_Bulletin_2017/table_0082.csv,other,39,3
extracted_tables/033_Health_Bulletin_2017/table_0091.csv,other,3,2
extracted_tables/033_Health_Bulletin_2017/table_0038.csv,other,2,2
extracted_tables/033_Health_Bulletin_2017/table_0218.csv,human_resource,37,5
extracted_tables/033_Health_Bulletin_2017/table_0017.csv,population,10,2
extracted_tables/033_Health_Bulletin_2017/table_0175.csv,other,13,32
extracted_tables/033_Health_Bulletin_2017/table_0010.csv,health_stat,8,5
extracted_tables/033_Health_Bulletin_2017/table_0243.csv,surgery,5,5
extracted_tables/033_Health_Bulletin_2017/table_0055.csv,human_resource,12,7
extracted_tables/033_Health_Bulletin_2017/table_0003.csv,other,2,9
extracted_tables/033_Health_Bulletin_2017/table_0167.csv,other,13,32
extracted_tables/033_Health_Bulletin_2017/table_0033.csv,other,2,2
extracted_tables/033_Health_Bulletin_2017/table_0142.csv,other,3,8
extracted_tables/033_Health_Bulletin_2017/table_0228.csv,human_resource,24,5
extracted_tables/033_Health_Bulletin_2017/table_0208.csv,other,13,32
extracted_tables/033_Health_Bulletin_2017/table_0084.csv,other,40,3
extracted_tables/033_Health_Bulletin_2017/table_0248.csv,other,27,5
extracted_tables/033_Health_Bulletin_2017/table_0119.csv,other,36,12
extracted_tables/033_Health_Bulletin_2017/table_0229.csv,population,10,5
extracted_tables/033_Health_Bulletin_2017/table_0270.csv,other,16,8
extracted_tables/033_Health_Bulletin_2017/table_0025.csv,other,11,6
extracted_tables/033_Health_Bulletin_2017/table_0150.csv,cancer,8,4
extracted_tables/033_Health_Bulletin_2017/table_0039.csv,other,3,3
extracted_tables/033_Health_Bulletin_2017/table_0151.csv,other,2,2
extracted_tables/033_Health_Bulletin_2017/table_0215.csv,other,13,32
extracted_tables/033_Health_Bulletin_2017/table_0198.csv,other,13,32
extracted_tables/033_Health_Bulletin_2017/table_0133.csv,other,12,4
extracted_tables/033_Health_Bulletin_2017/table_0246.csv,health_stat,18,5
extracted_tables/033_Health_Bulletin_2017/table_0189.csv,other,13,32
extracted_tables/033_Health_Bulletin_2017/table_0211.csv,other,13,32
extracted_tables/033_Health_Bulletin_2017/table_0136.csv,population,14,3
extracted_tables/033_Health_Bulletin_2017/table_0178.csv,other,13,32
extracted_tables/033_Health_Bulletin_2017/table_0096.csv,other,29,6
extracted_tables/033_Health_Bulletin_2017/table_0106.csv,population,8,2
extracted_tables/033_Health_Bulletin_2017/table_0028.csv,other,2,2
extracted_tables/033_Health_Bulletin_2017/table_0118.csv,population,23,5
extracted_tables/033_Health_Bulletin_2017/table_0073.csv,other,7,6
extracted_tables/033_Health_Bulletin_2017/table_0081.csv,other,41,3
extracted_tables/033_Health_Bulletin_2017/table_0095.csv,other,8,7
extracted_tables/033_Health_Bulletin_2017/table_0024.csv,other,11,6
extracted_tables/033_Health_Bulletin_2017/table_0146.csv,surgery,4,9
extracted_tables/033_Health_Bulletin_2017/table_0166.csv,other,13,32
extracted_tables/033_Health_Bulletin_2017/table_0241.csv,surgery,23,5
extracted_tables/033_Health_Bulletin_2017/table_0002.csv,population,3,2
extracted_tables/033_Health_Bulletin_2017/table_0005.csv,health_stat,14,2
extracted_tables/033_Health_Bulletin_2017/table_0276.csv,other,10,6
extracted_tables/033_Health_Bulletin_2017/table_0110.csv,population,15,4
extracted_tables/033_Health_Bulletin_2017/table_0075.csv,other,32,3
extracted_tables/033_Health_Bulletin_2017/table_0221.csv,human_resource,39,5
extracted_tables/033_Health_Bulletin_2017/table_0185.csv,other,13,32
extracted_tables/033_Health_Bulletin_2017/table_0242.csv,surgery,12,5
extracted_tables/033_Health_Bulletin_2017/table_0173.csv,other,13,32
extracted_tables/033_Health_Bulletin_2017/table_0053.csv,human_resource,14,7
extracted_tables/033_Health_Bulletin_2017/table_0144.csv,other,2,4
extracted_tables/033_Health_Bulletin_2017/table_0060.csv,other,6,3
extracted_tables/033_Health_Bulletin_2017/table_0158.csv,other,3,3
extracted_tables/033_Health_Bulletin_2017/table_0252.csv,population,23,5
extracted_tables/033_Health_Bulletin_2017/table_0085.csv,other,39,3
extracted_tables/033_Health_Bulletin_2017/table_0065.csv,other,6,9
extracted_tables/033_Health_Bulletin_2017/table_0029.csv,other,2,2
extracted_tables/033_Health_Bulletin_2017/table_0104.csv,human_resource,10,2
extracted_tables/033_Health_Bulletin_2017/table_0132.csv,other,28,7
extracted_tables/033_Health_Bulletin_2017/table_0077.csv,other,36,3
extracted_tables/033_Health_Bulletin_2017/table_0212.csv,other,13,32
extracted_tables/033_Health_Bulletin_2017/table_0165.csv,other,13,32
extracted_tables/033_Health_Bulletin_2017/table_0001.csv,population,13,7
extracted_tables/033_Health_Bulletin_2017/table_0154.csv,other,2,2
extracted_tables/033_Health_Bulletin_2017/table_0059.csv,other,7,3
extracted_tables/033_Health_Bulletin_2017/table_0115.csv,health_stat,14,2
extracted_tables/033_Health_Bulletin_2017/table_0056.csv,human_resource,18,6
extracted_tables/033_Health_Bulletin_2017/table_0230.csv,population,38,5
extracted_tables/033_Health_Bulletin_2017/table_0271.csv,other,10,19
extracted_tables/033_Health_Bulletin_2017/table_0200.csv,other,13,14
extracted_tables/033_Health_Bulletin_2017/table_0213.csv,other,13,32
extracted_tables/033_Health_Bulletin_2017/table_0067.csv,other,2,2
extracted_tables/033_Health_Bulletin_2017/table_0245.csv,other,32,5
extracted_tables/033_Health_Bulletin_2017/table_0250.csv,population,14,5
extracted_tables/033_Health_Bulletin_2017/table_0018.csv,health_stat,20,2
extracted_tables/033_Health_Bulletin_2017/table_0183.csv,other,13,32
extracted_tables/033_Health_Bulletin_2017/table_0130.csv,health_stat,7,5
extracted_tables/033_Health_Bulletin_2017/table_0197.csv,other,13,32
extracted_tables/033_Health_Bulletin_2017/table_0268.csv,other,6,17
extracted_tables/033_Health_Bulletin_2017/table_0114.csv,population,20,9
extracted_tables/069_Covid-19_Health_Bulletin_2020/table_0006.csv,other,3,2
extracted_tables/069_Covid-19_Health_Bulletin_2020/table_0004.csv,other,2,3
extracted_tables/069_Covid-19_Health_Bulletin_2020/table_0007.csv,other,3,2
extracted_tables/069_Covid-19_Health_Bulletin_2020/table_0003.csv,other,5,5
extracted_tables/069_Covid-19_Health_Bulletin_2020/table_0002.csv,other,3,5
extracted_tables/069_Covid-19_Health_Bulletin_2020/table_0005.csv,other,16,13
extracted_tables/069_Covid-19_Health_Bulletin_2020/table_0001.csv,other,14,3
extracted_tables/094_HRH_Data_Sheet_2022_of_HSD/table_002.csv,other,16,4
extracted_tables/094_HRH_Data_Sheet_2022_of_HSD/table_001.csv,other,39,5
extracted_tables/094_HRH_Data_Sheet_2022_of_HSD/table_005.csv,other,14,4
extracted_tables/094_HRH_Data_Sheet_2022_of_HSD/table_003.csv,other,15,2
extracted_tables/094_HRH_Data_Sheet_2022_of_HSD/table_004.csv,other,7,2
extracted_tables/030_Health_Bulletin_2020/table_0168.csv,human_resource,17,4
extracted_tables/030_Health_Bulletin_2020/table_0188.csv,other,8,9
extracted_tables/030_Health_Bulletin_2020/table_0071.csv,population,13,11
extracted_tables/030_Health_Bulletin_2020/table_0040.csv,other,2,3
extracted_tables/030_Health_Bulletin_2020/table_0036.csv,other,4,5
extracted_tables/030_Health_Bulletin_2020/table_0134.csv,other,24,6
extracted_tables/030_Health_Bulletin_2020/table_0131.csv,other,40,5
extracted_tables/030_Health_Bulletin_2020/table_0125.csv,health_stat,16,2
extracted_tables/030_Health_Bulletin_2020/table_0034.csv,health_stat,18,8
extracted_tables/030_Health_Bulletin_2020/table_0079.csv,population,11,6
extracted_tables/030_Health_Bulletin_2020/table_0214.csv,human_resource,5,2
extracted_tables/030_Health_Bulletin_2020/table_0180.csv,other,14,11
extracted_tables/030_Health_Bulletin_2020/table_0171.csv,human_resource,13,7
extracted_tables/030_Health_Bulletin_2020/table_0209.csv,health_stat,7,4
extracted_tables/030_Health_Bulletin_2020/table_0064.csv,surgery,2,4
extracted_tables/030_Health_Bulletin_2020/table_0129.csv,population,28,2
extracted_tables/030_Health_Bulletin_2020/table_0020.csv,other,12,6
extracted_tables/030_Health_Bulletin_2020/table_0101.csv,population,30,5
extracted_tables/030_Health_Bulletin_2020/table_0186.csv,other,6,4
extracted_tables/030_Health_Bulletin_2020/table_0099.csv,other,18,6
extracted_tables/030_Health_Bulletin_2020/table_0070.csv,other,11,5
extracted_tables/030_Health_Bulletin_2020/table_0207.csv,population,12,4
extracted_tables/030_Health_Bulletin_2020/table_0109.csv,health_stat,23,8
extracted_tables/030_Health_Bulletin_2020/table_0156.csv,population,35,3
extracted_tables/030_Health_Bulletin_2020/table_0089.csv,other,7,11
extracted_tables/030_Health_Bulletin_2020/table_0080.csv,population,25,6
extracted_tables/030_Health_Bulletin_2020/table_0049.csv,population,22,8
extracted_tables/030_Health_Bulletin_2020/table_0199.csv,other,4,2
extracted_tables/030_Health_Bulletin_2020/table_0210.csv,other,10,3
extracted_tables/030_Health_Bulletin_2020/table_0023.csv,other,12,6
extracted_tables/030_Health_Bulletin_2020/table_0160.csv,population,24,3
extracted_tables/030_Health_Bulletin_2020/table_0011.csv,human_resource,12,3
extracted_tables/030_Health_Bulletin_2020/table_0184.csv,other,5,5
extracted_tables/030_Health_Bulletin_2020/table_0014.csv,other,15,4
extracted_tables/030_Health_Bulletin_2020/table_0102.csv,other,7,10
extracted_tables/030_Health_Bulletin_2020/table_0006.csv,other,16,5
extracted_tables/030_Health_Bulletin_2020/table_0083.csv,other,13,21
extracted_tables/030_Health_Bulletin_2020/table_0127.csv,population,38,2
extracted_tables/030_Health_Bulletin_2020/table_0016.csv,other,12,5
extracted_tables/030_Health_Bulletin_2020/table_0051.csv,population,5,7
extracted_tables/030_Health_Bulletin_2020/table_0072.csv,other,7,10
extracted_tables/030_Health_Bulletin_2020/table_0194.csv,other,12,5
extracted_tables/030_Health_Bulletin_2020/table_0135.csv,health_stat,8,3
extracted_tables/030_Health_Bulletin_2020/table_0206.csv,population,7,7
extracted_tables/030_Health_Bulletin_2020/table_0013.csv,other,3,2
extracted_tables/030_Health_Bulletin_2020/table_0108.csv,health_stat,23,8
extracted_tables/030_Health_Bulletin_2020/table_0027.csv,population,10,3
extracted_tables/030_Health_Bulletin_2020/table_0126.csv,population,20,2
extracted_tables/030_Health_Bulletin_2020/table_0043.csv,other,12,48
extracted_tables/030_Health_Bulletin_2020/table_0045.csv,population,15,9
extracted_tables/030_Health_Bulletin_2020/table_0044.csv,population,5,4
extracted_tables/030_Health_Bulletin_2020/table_0111.csv,health_stat,23,8
extracted_tables/030_Health_Bulletin_2020/table_0090.csv,other,28,10
extracted_tables/030_Health_Bulletin_2020/table_0123.csv,health_stat,18,2
extracted_tables/030_Health_Bulletin_2020/table_0172.csv,human_resource,26,7
extracted_tables/030_Health_Bulletin_2020/table_0137.csv,health_stat,15,3
extracted_tables/030_Health_Bulletin_2020/table_0152.csv,health_stat,10,3
extracted_tables/030_Health_Bulletin_2020/table_0122.csv,health_stat,18,2
extracted_tables/030_Health_Bulletin_2020/table_0094.csv,other,6,6
extracted_tables/030_Health_Bulletin_2020/table_0052.csv,health_stat,16,49
extracted_tables/030_Health_Bulletin_2020/table_0140.csv,health_stat,17,3
extracted_tables/030_Health_Bulletin_2020/table_0203.csv,other,2,2
extracted_tables/030_Health_Bulletin_2020/table_0193.csv,population,9,8
extracted_tables/030_Health_Bulletin_2020/table_0032.csv,population,2,2
extracted_tables/030_Health_Bulletin_2020/table_0066.csv,human_resource,15,3
extracted_tables/030_Health_Bulletin_2020/table_0098.csv,human_resource,8,2
extracted_tables/030_Health_Bulletin_2020/table_0103.csv,other,12,16
extracted_tables/030_Health_Bulletin_2020/table_0074.csv,cancer,6,12
extracted_tables/030_Health_Bulletin_2020/table_0031.csv,other,21,43
extracted_tables/030_Health_Bulletin_2020/table_0147.csv,other,16,5
extracted_tables/030_Health_Bulletin_2020/table_0157.csv,population,21,3
extracted_tables/030_Health_Bulletin_2020/table_0163.csv,health_stat,7,6
extracted_tables/030_Health_Bulletin_2020/table_0190.csv,other,2,2
extracted_tables/030_Health_Bulletin_2020/table_0069.csv,other,2,2
extracted_tables/030_Health_Bulletin_2020/table_0078.csv,health_stat,15,2
extracted_tables/030_Health_Bulletin_2020/table_0195.csv,population,14,10
extracted_tables/030_Health_Bulletin_2020/table_0143.csv,population,27,3
extracted_tables/030_Health_Bulletin_2020/table_0174.csv,other,7,5
extracted_tables/030_Health_Bulletin_2020/table_0022.csv,other,12,5
extracted_tables/030_Health_Bulletin_2020/table_0015.csv,other,12,5
extracted_tables/030_Health_Bulletin_2020/table_0046.csv,other,16,14
extracted_tables/030_Health_Bulletin_2020/table_0139.csv,health_stat,17,3
extracted_tables/030_Health_Bulletin_2020/table_0201.csv,health_stat,17,11
extracted_tables/030_Health_Bulletin_2020/table_0012.csv,other,2,2
extracted_tables/030_Health_Bulletin_2020/table_0061.csv,other,11,5
extracted_tables/030_Health_Bulletin_2020/table_0068.csv,other,2,2
extracted_tables/030_Health_Bulletin_2020/table_0057.csv,health_stat,11,2
extracted_tables/030_Health_Bulletin_2020/table_0121.csv,other,20,9
extracted_tables/030_Health_Bulletin_2020/table_0019.csv,other,12,6
extracted_tables/030_Health_Bulletin_2020/table_0116.csv,health_stat,15,8
extracted_tables/030_Health_Bulletin_2020/table_0149.csv,other,24,6
extracted_tables/030_Health_Bulletin_2020/table_0124.csv,health_stat,17,2
extracted_tables/030_Health_Bulletin_2020/table_0041.csv,other,2,3
extracted_tables/030_Health_Bulletin_2020/table_0179.csv,other,14,10
extracted_tables/030_Health_Bulletin_2020/table_0128.csv,population,7,2
extracted_tables/030_Health_Bulletin_2020/table_0076.csv,other,11,12
extracted_tables/030_Health_Bulletin_2020/table_0162.csv,health_stat,6,6
extracted_tables/030_Health_Bulletin_2020/table_0047.csv,population,9,4
extracted_tables/030_Health_Bulletin_2020/table_0004.csv,other,5,2
extracted_tables/030_Health_Bulletin_2020/table_0088.csv,other,11,11
extracted_tables/030_Health_Bulletin_2020/table_0062.csv,health_stat,3,4
extracted_tables/030_Health_Bulletin_2020/table_0161.csv,health_stat,6,6
extracted_tables/030_Health_Bulletin_2020/table_0030.csv,other,12,11
extracted_tables/030_Health_Bulletin_2020/table_0196.csv,other,3,5
extracted_tables/030_Health_Bulletin_2020/table_0187.csv,other,4,5
extracted_tables/030_Health_Bulletin_2020/table_0181.csv,other,17,4
extracted_tables/030_Health_Bulletin_2020/table_0205.csv,health_stat,19,7
extracted_tables/030_Health_Bulletin_2020/table_0050.csv,other,15,32
extracted_tables/030_Health_Bulletin_2020/table_0192.csv,other,9,12
extracted_tables/030_Health_Bulletin_2020/table_0037.csv,other,7,5
extracted_tables/030_Health_Bulletin_2020/table_0153.csv,health_stat,17,3
extracted_tables/030_Health_Bulletin_2020/table_0107.csv,health_stat,19,8
extracted_tables/030_Health_Bulletin_2020/table_0054.csv,population,27,6
extracted_tables/030_Health_Bulletin_2020/table_0164.csv,health_stat,7,6
extracted_tables/030_Health_Bulletin_2020/table_0026.csv,other,12,5
extracted_tables/030_Health_Bulletin_2020/table_0155.csv,population,11,3
extracted_tables/030_Health_Bulletin_2020/table_0204.csv,other,10,6
extracted_tables/030_Health_Bulletin_2020/table_0086.csv,population,8,3
extracted_tables/030_Health_Bulletin_2020/table_0008.csv,health_stat,11,2
extracted_tables/030_Health_Bulletin_2020/table_0035.csv,health_stat,9,2
extracted_tables/030_Health_Bulletin_2020/table_0058.csv,other,13,43
extracted_tables/030_Health_Bulletin_2020/table_0182.csv,other,4,4
extracted_tables/030_Health_Bulletin_2020/table_0169.csv,human_resource,10,5
extracted_tables/030_Health_Bulletin_2020/table_0113.csv,health_stat,24,8
extracted_tables/030_Health_Bulletin_2020/table_0048.csv,population,34,8
extracted_tables/030_Health_Bulletin_2020/table_0191.csv,other,2,2
extracted_tables/030_Health_Bulletin_2020/table_0105.csv,health_stat,20,8
extracted_tables/030_Health_Bulletin_2020/table_0063.csv,human_resource,4,4
extracted_tables/030_Health_Bulletin_2020/table_0021.csv,other,12,5
extracted_tables/030_Health_Bulletin_2020/table_0100.csv,health_stat,21,4
extracted_tables/030_Health_Bulletin_2020/table_0009.csv,health_stat,6,2
extracted_tables/030_Health_Bulletin_2020/table_0148.csv,other,40,9
extracted_tables/030_Health_Bulletin_2020/table_0092.csv,other,11,8
extracted_tables/030_Health_Bulletin_2020/table_0117.csv,health_stat,15,8
extracted_tables/030_Health_Bulletin_2020/table_0177.csv,other,8,4
extracted_tables/030_Health_Bulletin_2020/table_0007.csv,population,5,3
extracted_tables/030_Health_Bulletin_2020/table_0176.csv,other,19,5
extracted_tables/030_Health_Bulletin_2020/table_0145.csv,population,31,3
extracted_tables/030_Health_Bulletin_2020/table_0087.csv,other,8,11
extracted_tables/030_Health_Bulletin_2020/table_0159.csv,population,32,3
extracted_tables/030_Health_Bulletin_2020/table_0170.csv,human_resource,7,5
extracted_tables/030_Health_Bulletin_2020/table_0120.csv,other,20,10
extracted_tables/030_Health_Bulletin_2020/table_0093.csv,other,7,6
extracted_tables/030_Health_Bulletin_2020/table_0042.csv,other,2,3
extracted_tables/030_Health_Bulletin_2020/table_0202.csv,other,11,8
extracted_tables/030_Health_Bulletin_2020/table_0112.csv,health_stat,22,8
extracted_tables/030_Health_Bulletin_2020/table_0097.csv,other,21,2
extracted_tables/030_Health_Bulletin_2020/table_0141.csv,population,9,3
extracted_tables/030_Health_Bulletin_2020/table_0138.csv,health_stat,4,3
extracted_tables/030_Health_Bulletin_2020/table_0082.csv,cancer,3,5
extracted_tables/030_Health_Bulletin_2020/table_0091.csv,other,9,3
extracted_tables/030_Health_Bulletin_2020/table_0038.csv,other,2,3
extracted_tables/030_Health_Bulletin_2020/table_0017.csv,other,12,9
extracted_tables/030_Health_Bulletin_2020/table_0175.csv,other,21,5
extracted_tables/030_Health_Bulletin_2020/table_0010.csv,other,3,2
extracted_tables/030_Health_Bulletin_2020/table_0055.csv,health_stat,6,5
extracted_tables/030_Health_Bulletin_2020/table_0003.csv,other,4,3
extracted_tables/030_Health_Bulletin_2020/table_0167.csv,human_resource,8,6
extracted_tables/030_Health_Bulletin_2020/table_0033.csv,other,15,25
extracted_tables/030_Health_Bulletin_2020/table_0142.csv,population,29,3
extracted_tables/030_Health_Bulletin_2020/table_0208.csv,other,9,4
extracted_tables/030_Health_Bulletin_2020/table_0084.csv,population,4,4
extracted_tables/030_Health_Bulletin_2020/table_0119.csv,other,2,3
extracted_tables/030_Health_Bulletin_2020/table_0025.csv,other,12,6
extracted_tables/030_Health_Bulletin_2020/table_0150.csv,health_stat,18,3
extracted_tables/030_Health_Bulletin_2020/table_0039.csv,other,2,3
extracted_tables/030_Health_Bulletin_2020/table_0151.csv,health_stat,9,3
extracted_tables/030_Health_Bulletin_2020/table_0215.csv,other,6,2
extracted_tables/030_Health_Bulletin_2020/table_0198.csv,health_stat,14,4
extracted_tables/030_Health_Bulletin_2020/table_0133.csv,other,40,8
extracted_tables/030_Health_Bulletin_2020/table_0189.csv,other,2,2
extracted_tables/030_Health_Bulletin_2020/table_0211.csv,surgery,13,3
extracted_tables/030_Health_Bulletin_2020/table_0136.csv,health_stat,11,3
extracted_tables/030_Health_Bulletin_2020/table_0178.csv,surgery,6,14
extracted_tables/030_Health_Bulletin_2020/table_0096.csv,other,6,10
extracted_tables/030_Health_Bulletin_2020/table_0106.csv,health_stat,19,8
extracted_tables/030_Health_Bulletin_2020/table_0028.csv,other,13,11
extracted_tables/030_Health_Bulletin_2020/table_0118.csv,other,2,3
extracted_tables/030_Health_Bulletin_2020/table_0073.csv,population,13,12
extracted_tables/030_Health_Bulletin_2020/table_0081.csv,other,7,6
extracted_tables/030_Health_Bulletin_2020/table_0095.csv,other,9,10
extracted_tables/030_Health_Bulletin_2020/table_0024.csv,other,12,6
extracted_tables/030_Health_Bulletin_2020/table_0146.csv,other,40,5
extracted_tables/030_Health_Bulletin_2020/table_0166.csv,health_stat,7,6
extracted_tables/030_Health_Bulletin_2020/table_0002.csv,other,8,2
extracted_tables/030_Health_Bulletin_2020/table_0005.csv,health_stat,7,11
extracted_tables/030_Health_Bulletin_2020/table_0110.csv,health_stat,23,8
extracted_tables/030_Health_Bulletin_2020/table_0075.csv,population,10,12
extracted_tables/030_Health_Bulletin_2020/table_0185.csv,other,13,5
extracted_tables/030_Health_Bulletin_2020/table_0173.csv,surgery,8,8
extracted_tables/030_Health_Bulletin_2020/table_0053.csv,other,16,20
extracted_tables/030_Health_Bulletin_2020/table_0144.csv,population,33,3
extracted_tables/030_Health_Bulletin_2020/table_0060.csv,other,11,5
extracted_tables/030_Health_Bulletin_2020/table_0158.csv,population,11,3
extracted_tables/030_Health_Bulletin_2020/table_0085.csv,other,15,3
extracted_tables/030_Health_Bulletin_2020/table_0065.csv,population,19,3
extracted_tables/030_Health_Bulletin_2020/table_0029.csv,other,10,8
extracted_tables/030_Health_Bulletin_2020/table_0104.csv,health_stat,20,8
extracted_tables/030_Health_Bulletin_2020/table_0132.csv,other,18,6
extracted_tables/030_Health_Bulletin_2020/table_0077.csv,health_stat,10,6
extracted_tables/030_Health_Bulletin_2020/table_0212.csv,other,4,2
extracted_tables/030_Health_Bulletin_2020/table_0165.csv,health_stat,7,6
extracted_tables/030_Health_Bulletin_2020/table_0001.csv,other,5,4
extracted_tables/030_Health_Bulletin_2020/table_0154.csv,health_stat,19,3
extracted_tables/030_Health_Bulletin_2020/table_0059.csv,other,11,28
extracted_tables/030_Health_Bulletin_2020/table_0115.csv,other,6,4
extracted_tables/030_Health_Bulletin_2020/table_0056.csv,other,6,3
extracted_tables/030_Health_Bulletin_2020/table_0200.csv,other,13,12
extracted_tables/030_Health_Bulletin_2020/table_0213.csv,other,7,3
extracted_tables/030_Health_Bulletin_2020/table_0067.csv,other,3,2
extracted_tables/030_Health_Bulletin_2020/table_0018.csv,other,12,7
extracted_tables/030_Health_Bulletin_2020/table_0183.csv,other,13,4
extracted_tables/030_Health_Bulletin_2020/table_0130.csv,population,36,2
extracted_tables/030_Health_Bulletin_2020/table_0197.csv,other,7,3
extracted_tables/030_Health_Bulletin_2020/table_0114.csv,other,8,8
extracted_tables/095__HRH_Data_Sheet_2019_of_HSD/table_006.csv,human_resource,17,4
extracted_tables/095__HRH_Data_Sheet_2019_of_HSD/table_002.csv,other,39,8
extracted_tables/095__HRH_Data_Sheet_2019_of_HSD/table_008.csv,other,8,8
extracted_tables/095__HRH_Data_Sheet_2019_of_HSD/table_007.csv,human_resource,24,4
extracted_tables/095__HRH_Data_Sheet_2019_of_HSD/table_001.csv,human_resource,27,3
extracted_tables/095__HRH_Data_Sheet_2019_of_HSD/table_005.csv,human_resource,30,4
extracted_tables/095__HRH_Data_Sheet_2019_of_HSD/table_003.csv,other,8,6
extracted_tables/095__HRH_Data_Sheet_2019_of_HSD/table_010.csv,human_resource,5,2
extracted_tables/095__HRH_Data_Sheet_2019_of_HSD/table_009.csv,other,13,26
extracted_tables/095__HRH_Data_Sheet_2019_of_HSD/table_004.csv,human_resource,23,8
extracted_tables/104_Yearbook_2023/table_0168.csv,health_stat,2,2
extracted_tables/104_Yearbook_2023/table_0188.csv,health_stat,3,3
extracted_tables/104_Yearbook_2023/table_0071.csv,human_resource,6,3
extracted_tables/104_Yearbook_2023/table_0040.csv,other,15,8
extracted_tables/104_Yearbook_2023/table_0036.csv,human_resource,9,3
extracted_tables/104_Yearbook_2023/table_0134.csv,human_resource,5,3
extracted_tables/104_Yearbook_2023/table_0131.csv,human_resource,7,3
extracted_tables/104_Yearbook_2023/table_0125.csv,cancer,2,2
extracted_tables/104_Yearbook_2023/table_0234.csv,surgery,2,2
extracted_tables/104_Yearbook_2023/table_0232.csv,health_stat,2,2
extracted_tables/104_Yearbook_2023/table_0034.csv,other,16,14
extracted_tables/104_Yearbook_2023/table_0079.csv,human_resource,9,3
extracted_tables/104_Yearbook_2023/table_0214.csv,human_resource,9,3
extracted_tables/104_Yearbook_2023/table_0180.csv,health_stat,3,3
extracted_tables/104_Yearbook_2023/table_0171.csv,human_resource,2,2
extracted_tables/104_Yearbook_2023/table_0209.csv,human_resource,2,2
extracted_tables/104_Yearbook_2023/table_0249.csv,cancer,3,4
extracted_tables/104_Yearbook_2023/table_0064.csv,other,4,4
extracted_tables/104_Yearbook_2023/table_0129.csv,human_resource,8,2
extracted_tables/104_Yearbook_2023/table_0237.csv,human_resource,9,3
extracted_tables/104_Yearbook_2023/table_0020.csv,human_resource,9,3
extracted_tables/104_Yearbook_2023/table_0101.csv,human_resource,9,3
extracted_tables/104_Yearbook_2023/table_0186.csv,other,2,3
extracted_tables/104_Yearbook_2023/table_0099.csv,other,14,10
extracted_tables/104_Yearbook_2023/table_0070.csv,human_resource,9,3
extracted_tables/104_Yearbook_2023/table_0207.csv,human_resource,5,3
extracted_tables/104_Yearbook_2023/table_0109.csv,health_stat,21,15
extracted_tables/104_Yearbook_2023/table_0156.csv,health_stat,2,2
extracted_tables/104_Yearbook_2023/table_0089.csv,other,17,3
extracted_tables/104_Yearbook_2023/table_0080.csv,human_resource,2,2
extracted_tables/104_Yearbook_2023/table_0049.csv,human_resource,4,3
extracted_tables/104_Yearbook_2023/table_0199.csv,human_resource,9,3
extracted_tables/104_Yearbook_2023/table_0210.csv,human_resource,9,3
extracted_tables/104_Yearbook_2023/table_0023.csv,other,3,3
extracted_tables/104_Yearbook_2023/table_0160.csv,other,2,2
extracted_tables/104_Yearbook_2023/table_0011.csv,other,13,7
extracted_tables/104_Yearbook_2023/table_0184.csv,other,2,3
extracted_tables/104_Yearbook_2023/table_0224.csv,health_stat,2,2
extracted_tables/104_Yearbook_2023/table_0014.csv,health_stat,14,8
extracted_tables/104_Yearbook_2023/table_0102.csv,human_resource,4,3
extracted_tables/104_Yearbook_2023/table_0006.csv,health_stat,7,4
extracted_tables/104_Yearbook_2023/table_0083.csv,health_stat,2,2
extracted_tables/104_Yearbook_2023/table_0127.csv,health_stat,4,4
extracted_tables/104_Yearbook_2023/table_0016.csv,surgery,14,8
extracted_tables/104_Yearbook_2023/table_0051.csv,other,6,3
extracted_tables/104_Yearbook_2023/table_0072.csv,health_stat,2,2
extracted_tables/104_Yearbook_2023/table_0244.csv,other,3,5
extracted_tables/104_Yearbook_2023/table_0194.csv,human_resource,3,3
extracted_tables/104_Yearbook_2023/table_0135.csv,human_resource,2,2
extracted_tables/104_Yearbook_2023/table_0206.csv,other,14,5
extracted_tables/104_Yearbook_2023/table_0013.csv,other,15,4
extracted_tables/104_Yearbook_2023/table_0108.csv,human_resource,3,3
extracted_tables/104_Yearbook_2023/table_0027.csv,human_resource,8,3
extracted_tables/104_Yearbook_2023/table_0126.csv,health_stat,5,3
extracted_tables/104_Yearbook_2023/table_0240.csv,other,13,9
extracted_tables/104_Yearbook_2023/table_0043.csv,health_stat,17,7
extracted_tables/104_Yearbook_2023/table_0045.csv,health_stat,2,2
extracted_tables/104_Yearbook_2023/table_0044.csv,human_resource,8,3
extracted_tables/104_Yearbook_2023/table_0238.csv,human_resource,4,3
extracted_tables/104_Yearbook_2023/table_0219.csv,human_resource,10,4
extracted_tables/104_Yearbook_2023/table_0111.csv,other,11,2
extracted_tables/104_Yearbook_2023/table_0233.csv,health_stat,29,7
extracted_tables/104_Yearbook_2023/table_0090.csv,health_stat,2,2
extracted_tables/104_Yearbook_2023/table_0123.csv,cancer,2,2
extracted_tables/104_Yearbook_2023/table_0172.csv,human_resource,10,4
extracted_tables/104_Yearbook_2023/table_0137.csv,human_resource,2,3
extracted_tables/104_Yearbook_2023/table_0152.csv,human_resource,5,3
extracted_tables/104_Yearbook_2023/table_0122.csv,health_stat,13,5
extracted_tables/104_Yearbook_2023/table_0094.csv,human_resource,10,4
extracted_tables/104_Yearbook_2023/table_0052.csv,cancer,5,3
extracted_tables/104_Yearbook_2023/table_0140.csv,human_resource,3,3
extracted_tables/104_Yearbook_2023/table_0203.csv,human_resource,2,2
extracted_tables/104_Yearbook_2023/table_0193.csv,health_stat,14,11
extracted_tables/104_Yearbook_2023/table_0247.csv,surgery,14,4
extracted_tables/104_Yearbook_2023/table_0032.csv,human_resource,2,2
extracted_tables/104_Yearbook_2023/table_0066.csv,health_stat,2,2
extracted_tables/104_Yearbook_2023/table_0098.csv,health_stat,2,2
extracted_tables/104_Yearbook_2023/table_0103.csv,other,14,18
extracted_tables/104_Yearbook_2023/table_0227.csv,other,4,5
extracted_tables/104_Yearbook_2023/table_0074.csv,other,8,5
extracted_tables/104_Yearbook_2023/table_0031.csv,other,2,2
extracted_tables/104_Yearbook_2023/table_0147.csv,cancer,8,6
extracted_tables/104_Yearbook_2023/table_0157.csv,other,3,2
extracted_tables/104_Yearbook_2023/table_0225.csv,health_stat,8,3
extracted_tables/104_Yearbook_2023/table_0220.csv,human_resource,4,3
extracted_tables/104_Yearbook_2023/table_0163.csv,other,3,2
extracted_tables/104_Yearbook_2023/table_0190.csv,other,2,3
extracted_tables/104_Yearbook_2023/table_0069.csv,human_resource,2,2
extracted_tables/104_Yearbook_2023/table_0078.csv,human_resource,9,3
extracted_tables/104_Yearbook_2023/table_0195.csv,human_resource,10,4
extracted_tables/104_Yearbook_2023/table_0143.csv,other,4,3
extracted_tables/104_Yearbook_2023/table_0174.csv,health_stat,2,2
extracted_tables/104_Yearbook_2023/table_0022.csv,surgery,14,9
extracted_tables/104_Yearbook_2023/table_0015.csv,other,14,3
extracted_tables/104_Yearbook_2023/table_0046.csv,health_stat,18,18
extracted_tables/104_Yearbook_2023/table_0139.csv,health_stat,2,2
extracted_tables/104_Yearbook_2023/table_0222.csv,health_stat,2,2
extracted_tables/104_Yearbook_2023/table_0201.csv,human_resource,10,4
extracted_tables/104_Yearbook_2023/table_0226.csv,other,6,6
extracted_tables/104_Yearbook_2023/table_0012.csv,health_stat,3,3
extracted_tables/104_Yearbook_2023/table_0061.csv,health_stat,2,2
extracted_tables/104_Yearbook_2023/table_0068.csv,human_resource,9,3
extracted_tables/104_Yearbook_2023/table_0057.csv,human_resource,2,2
extracted_tables/104_Yearbook_2023/table_0121.csv,health_stat,17,7
extracted_tables/104_Yearbook_2023/table_0019.csv,human_resource,3,3
extracted_tables/104_Yearbook_2023/table_0217.csv,human_resource,9,3
extracted_tables/104_Yearbook_2023/table_0116.csv,human_resource,9,5
extracted_tables/104_Yearbook_2023/table_0149.csv,cancer,2,2
extracted_tables/104_Yearbook_2023/table_0124.csv,cancer,7,5
extracted_tables/104_Yearbook_2023/table_0041.csv,surgery,34,14
extracted_tables/104_Yearbook_2023/table_0179.csv,human_resource,6,3
extracted_tables/104_Yearbook_2023/table_0128.csv,health_stat,8,2
extracted_tables/104_Yearbook_2023/table_0076.csv,other,2,5
extracted_tables/104_Yearbook_2023/table_0162.csv,other,2,2
extracted_tables/104_Yearbook_2023/table_0047.csv,human_resource,8,3
extracted_tables/104_Yearbook_2023/table_0004.csv,health_stat,5,12
extracted_tables/104_Yearbook_2023/table_0088.csv,health_stat,2,2
extracted_tables/104_Yearbook_2023/table_0062.csv,other,2,3
extracted_tables/104_Yearbook_2023/table_0235.csv,other,46,8
extracted_tables/104_Yearbook_2023/table_0161.csv,other,2,3
extracted_tables/104_Yearbook_2023/table_0030.csv,health_stat,2,7
extracted_tables/104_Yearbook_2023/table_0196.csv,human_resource,9,3
extracted_tables/104_Yearbook_2023/table_0187.csv,other,2,3
extracted_tables/104_Yearbook_2023/table_0181.csv,health_stat,6,4
extracted_tables/104_Yearbook_2023/table_0205.csv,human_resource,2,2
extracted_tables/104_Yearbook_2023/table_0050.csv,human_resource,3,3
extracted_tables/104_Yearbook_2023/table_0192.csv,other,2,5
extracted_tables/104_Yearbook_2023/table_0037.csv,human_resource,7,3
extracted_tables/104_Yearbook_2023/table_0153.csv,human_resource,2,2
extracted_tables/104_Yearbook_2023/table_0107.csv,human_resource,2,2
extracted_tables/104_Yearbook_2023/table_0223.csv,health_stat,20,16
extracted_tables/104_Yearbook_2023/table_0054.csv,cancer,2,2
extracted_tables/104_Yearbook_2023/table_0164.csv,other,2,2
extracted_tables/104_Yearbook_2023/table_0026.csv,human_resource,15,3
extracted_tables/104_Yearbook_2023/table_0155.csv,human_resource,6,3
extracted_tables/104_Yearbook_2023/table_0204.csv,other,12,26
extracted_tables/104_Yearbook_2023/table_0086.csv,health_stat,18,4
extracted_tables/104_Yearbook_2023/table_0008.csv,other,7,5
extracted_tables/104_Yearbook_2023/table_0035.csv,human_resource,2,2
extracted_tables/104_Yearbook_2023/table_0239.csv,health_stat,2,2
extracted_tables/104_Yearbook_2023/table_0058.csv,human_resource,9,3
extracted_tables/104_Yearbook_2023/table_0182.csv,other,2,3
extracted_tables/104_Yearbook_2023/table_0169.csv,health_stat,14,3
extracted_tables/104_Yearbook_2023/table_0113.csv,other,2,2
extracted_tables/104_Yearbook_2023/table_0048.csv,human_resource,2,2
extracted_tables/104_Yearbook_2023/table_0191.csv,health_stat,3,3
extracted_tables/104_Yearbook_2023/table_0236.csv,human_resource,2,2
extracted_tables/104_Yearbook_2023/table_0231.csv,health_stat,15,4
extracted_tables/104_Yearbook_2023/table_0105.csv,other,7,3
extracted_tables/104_Yearbook_2023/table_0063.csv,other,2,3
extracted_tables/104_Yearbook_2023/table_0021.csv,human_resource,5,3
extracted_tables/104_Yearbook_2023/table_0100.csv,human_resource,2,2
extracted_tables/104_Yearbook_2023/table_0009.csv,other,7,5
extracted_tables/104_Yearbook_2023/table_0148.csv,cancer,11,4
extracted_tables/104_Yearbook_2023/table_0092.csv,human_resource,9,3
extracted_tables/104_Yearbook_2023/table_0117.csv,health_stat,5,2
extracted_tables/104_Yearbook_2023/table_0177.csv,human_resource,2,2
extracted_tables/104_Yearbook_2023/table_0007.csv,human_resource,8,7
extracted_tables/104_Yearbook_2023/table_0176.csv,other,14,8
extracted_tables/104_Yearbook_2023/table_0145.csv,cancer,7,6
extracted_tables/104_Yearbook_2023/table_0087.csv,health_stat,2,2
extracted_tables/104_Yearbook_2023/table_0159.csv,other,2,3
extracted_tables/104_Yearbook_2023/table_0170.csv,other,12,17
extracted_tables/104_Yearbook_2023/table_0120.csv,health_stat,2,2
extracted_tables/104_Yearbook_2023/table_0093.csv,human_resource,2,2
extracted_tables/104_Yearbook_2023/table_0042.csv,health_stat,2,2
extracted_tables/104_Yearbook_2023/table_0202.csv,human_resource,4,3
extracted_tables/104_Yearbook_2023/table_0112.csv,human_resource,11,3
extracted_tables/104_Yearbook_2023/table_0097.csv,health_stat,2,2
extracted_tables/104_Yearbook_2023/table_0216.csv,human_resource,10,4
extracted_tables/104_Yearbook_2023/table_0141.csv,other,2,13
extracted_tables/104_Yearbook_2023/table_0138.csv,human_resource,6,3
extracted_tables/104_Yearbook_2023/table_0082.csv,health_stat,16,4
extracted_tables/104_Yearbook_2023/table_0091.csv,other,10,3
extracted_tables/104_Yearbook_2023/table_0038.csv,other,2,2
extracted_tables/104_Yearbook_2023/table_0218.csv,human_resource,2,2
extracted_tables/104_Yearbook_2023/table_0017.csv,other,3,3
extracted_tables/104_Yearbook_2023/table_0175.csv,health_stat,3,2
extracted_tables/104_Yearbook_2023/table_0010.csv,other,14,3
extracted_tables/104_Yearbook_2023/table_0243.csv,other,2,2
extracted_tables/104_Yearbook_2023/table_0055.csv,other,2,2
extracted_tables/104_Yearbook_2023/table_0003.csv,health_stat,2,3
extracted_tables/104_Yearbook_2023/table_0167.csv,health_stat,8,16
extracted_tables/104_Yearbook_2023/table_0033.csv,human_resource,8,3
extracted_tables/104_Yearbook_2023/table_0142.csv,health_stat,2,14
extracted_tables/104_Yearbook_2023/table_0228.csv,other,6,2
extracted_tables/104_Yearbook_2023/table_0208.csv,human_resource,9,3
extracted_tables/104_Yearbook_2023/table_0084.csv,health_stat,2,2
extracted_tables/104_Yearbook_2023/table_0248.csv,human_resource,4,3
extracted_tables/104_Yearbook_2023/table_0119.csv,cancer,6,5
extracted_tables/104_Yearbook_2023/table_0229.csv,other,11,3
extracted_tables/104_Yearbook_2023/table_0025.csv,human_resource,2,2
extracted_tables/104_Yearbook_2023/table_0150.csv,cancer,2,2
extracted_tables/104_Yearbook_2023/table_0039.csv,other,16,6
extracted_tables/104_Yearbook_2023/table_0151.csv,cancer,3,6
extracted_tables/104_Yearbook_2023/table_0215.csv,human_resource,2,2
extracted_tables/104_Yearbook_2023/table_0198.csv,human_resource,9,3
extracted_tables/104_Yearbook_2023/table_0133.csv,other,15,12
extracted_tables/104_Yearbook_2023/table_0246.csv,cancer,2,2
extracted_tables/104_Yearbook_2023/table_0189.csv,other,2,2
extracted_tables/104_Yearbook_2023/table_0211.csv,human_resource,5,3
extracted_tables/104_Yearbook_2023/table_0136.csv,human_resource,9,3
extracted_tables/104_Yearbook_2023/table_0178.csv,human_resource,4,5
extracted_tables/104_Yearbook_2023/table_0096.csv,cancer,2,2
extracted_tables/104_Yearbook_2023/table_0106.csv,human_resource,9,3
extracted_tables/104_Yearbook_2023/table_0028.csv,health_stat,2,2
extracted_tables/104_Yearbook_2023/table_0118.csv,other,4,2
extracted_tables/104_Yearbook_2023/table_0073.csv,health_stat,7,3
extracted_tables/104_Yearbook_2023/table_0081.csv,human_resource,10,4
extracted_tables/104_Yearbook_2023/table_0095.csv,human_resource,5,3
extracted_tables/104_Yearbook_2023/table_0024.csv,other,16,5
extracted_tables/104_Yearbook_2023/table_0146.csv,cancer,2,2
extracted_tables/104_Yearbook_2023/table_0166.csv,health_stat,14,4
extracted_tables/104_Yearbook_2023/table_0241.csv,population,2,2
extracted_tables/104_Yearbook_2023/table_0002.csv,cancer,27,3
extracted_tables/104_Yearbook_2023/table_0005.csv,human_resource,3,3
extracted_tables/104_Yearbook_2023/table_0110.csv,other,2,2
extracted_tables/104_Yearbook_2023/table_0075.csv,surgery,2,2
extracted_tables/104_Yearbook_2023/table_0221.csv,human_resource,3,3
extracted_tables/104_Yearbook_2023/table_0185.csv,health_stat,3,3
extracted_tables/104_Yearbook_2023/table_0242.csv,other,2,3
extracted_tables/104_Yearbook_2023/table_0173.csv,human_resource,2,3
extracted_tables/104_Yearbook_2023/table_0053.csv,health_stat,3,6
extracted_tables/104_Yearbook_2023/table_0144.csv,cancer,6,3
extracted_tables/104_Yearbook_2023/table_0060.csv,human_resource,4,3
extracted_tables/104_Yearbook_2023/table_0158.csv,other,2,2
extracted_tables/104_Yearbook_2023/table_0085.csv,health_stat,13,17
extracted_tables/104_Yearbook_2023/table_0065.csv,surgery,2,4
extracted_tables/104_Yearbook_2023/table_0029.csv,cancer,15,8
extracted_tables/104_Yearbook_2023/table_0104.csv,cancer,2,2
extracted_tables/104_Yearbook_2023/table_0132.csv,other,2,2
extracted_tables/104_Yearbook_2023/table_0077.csv,human_resource,2,2
extracted_tables/104_Yearbook_2023/table_0212.csv,other,2,2
extracted_tables/104_Yearbook_2023/table_0165.csv,other,2,3
extracted_tables/104_Yearbook_2023/table_0001.csv,health_stat,3,2
extracted_tables/104_Yearbook_2023/table_0154.csv,human_resource,9,3
extracted_tables/104_Yearbook_2023/table_0059.csv,human_resource,2,3
extracted_tables/104_Yearbook_2023/table_0115.csv,human_resource,2,2
extracted_tables/104_Yearbook_2023/table_0056.csv,other,14,3
extracted_tables/104_Yearbook_2023/table_0230.csv,other,2,2
extracted_tables/104_Yearbook_2023/table_0200.csv,human_resource,3,3
extracted_tables/104_Yearbook_2023/table_0213.csv,other,2,2
extracted_tables/104_Yearbook_2023/table_0067.csv,other,5,4
extracted_tables/104_Yearbook_2023/table_0245.csv,other,2,2
extracted_tables/104_Yearbook_2023/table_0018.csv,other,16,17
extracted_tables/104_Yearbook_2023/table_0183.csv,other,14,7
extracted_tables/104_Yearbook_2023/table_0130.csv,human_resource,2,2
extracted_tables/104_Yearbook_2023/table_0197.csv,human_resource,2,2
extracted_tables/104_Yearbook_2023/table_0114.csv,human_resource,9,3
extracted_tables/039_Health_Bulletin_2011/table_0071.csv,health_stat,54,17
extracted_tables/039_Health_Bulletin_2011/table_0040.csv,other,8,9
extracted_tables/039_Health_Bulletin_2011/table_0036.csv,health_stat,7,6
extracted_tables/039_Health_Bulletin_2011/table_0034.csv,health_stat,14,6
extracted_tables/039_Health_Bulletin_2011/table_0079.csv,health_stat,44,6
extracted_tables/039_Health_Bulletin_2011/table_0064.csv,other,7,6
extracted_tables/039_Health_Bulletin_2011/table_0020.csv,health_stat,14,2
extracted_tables/039_Health_Bulletin_2011/table_0070.csv,health_stat,21,17
extracted_tables/039_Health_Bulletin_2011/table_0089.csv,health_stat,45,6
extracted_tables/039_Health_Bulletin_2011/table_0080.csv,health_stat,39,6
extracted_tables/039_Health_Bulletin_2011/table_0049.csv,other,2,3
extracted_tables/039_Health_Bulletin_2011/table_0023.csv,health_stat,23,7
extracted_tables/039_Health_Bulletin_2011/table_0011.csv,health_stat,12,6
extracted_tables/039_Health_Bulletin_2011/table_0014.csv,health_stat,21,9
extracted_tables/039_Health_Bulletin_2011/table_0006.csv,other,8,2
extracted_tables/039_Health_Bulletin_2011/table_0083.csv,health_stat,14,6
extracted_tables/039_Health_Bulletin_2011/table_0016.csv,population,13,10
extracted_tables/039_Health_Bulletin_2011/table_0051.csv,health_stat,8,3
extracted_tables/039_Health_Bulletin_2011/table_0072.csv,health_stat,77,17
extracted_tables/039_Health_Bulletin_2011/table_0013.csv,other,5,9
extracted_tables/039_Health_Bulletin_2011/table_0027.csv,other,13,9
extracted_tables/039_Health_Bulletin_2011/table_0043.csv,other,6,10
extracted_tables/039_Health_Bulletin_2011/table_0045.csv,other,7,5
extracted_tables/039_Health_Bulletin_2011/table_0044.csv,other,5,7
extracted_tables/039_Health_Bulletin_2011/table_0090.csv,health_stat,34,6
extracted_tables/039_Health_Bulletin_2011/table_0052.csv,human_resource,18,17
extracted_tables/039_Health_Bulletin_2011/table_0032.csv,health_stat,46,12
extracted_tables/039_Health_Bulletin_2011/table_0066.csv,health_stat,74,17
extracted_tables/039_Health_Bulletin_2011/table_0074.csv,health_stat,16,17
extracted_tables/039_Health_Bulletin_2011/table_0031.csv,health_stat,6,12
extracted_tables/039_Health_Bulletin_2011/table_0069.csv,health_stat,81,17
extracted_tables/039_Health_Bulletin_2011/table_0078.csv,health_stat,53,17
extracted_tables/039_Health_Bulletin_2011/table_0022.csv,other,4,6
extracted_tables/039_Health_Bulletin_2011/table_0015.csv,health_stat,21,10
extracted_tables/039_Health_Bulletin_2011/table_0046.csv,other,6,5
extracted_tables/039_Health_Bulletin_2011/table_0012.csv,population,9,9
extracted_tables/039_Health_Bulletin_2011/table_0061.csv,other,14,8
extracted_tables/039_Health_Bulletin_2011/table_0068.csv,health_stat,61,17
extracted_tables/039_Health_Bulletin_2011/table_0057.csv,other,2,2
extracted_tables/039_Health_Bulletin_2011/table_0019.csv,human_resource,12,8
extracted_tables/039_Health_Bulletin_2011/table_0041.csv,other,8,10
extracted_tables/039_Health_Bulletin_2011/table_0076.csv,health_stat,7,17
extracted_tables/039_Health_Bulletin_2011/table_0047.csv,other,3,11
extracted_tables/039_Health_Bulletin_2011/table_0004.csv,population,29,6
extracted_tables/039_Health_Bulletin_2011/table_0088.csv,health_stat,17,6
extracted_tables/039_Health_Bulletin_2011/table_0062.csv,other,13,14
extracted_tables/039_Health_Bulletin_2011/table_0030.csv,other,16,13
extracted_tables/039_Health_Bulletin_2011/table_0050.csv,health_stat,10,3
extracted_tables/039_Health_Bulletin_2011/table_0037.csv,health_stat,6,10
extracted_tables/039_Health_Bulletin_2011/table_0054.csv,population,34,4
extracted_tables/039_Health_Bulletin_2011/table_0026.csv,health_stat,17,20
extracted_tables/039_Health_Bulletin_2011/table_0086.csv,health_stat,51,6
extracted_tables/039_Health_Bulletin_2011/table_0008.csv,other,4,4
extracted_tables/039_Health_Bulletin_2011/table_0035.csv,health_stat,54,6
extracted_tables/039_Health_Bulletin_2011/table_0058.csv,health_stat,22,12
extracted_tables/039_Health_Bulletin_2011/table_0048.csv,other,2,2
extracted_tables/039_Health_Bulletin_2011/table_0063.csv,population,10,4
extracted_tables/039_Health_Bulletin_2011/table_0021.csv,other,4,11
extracted_tables/039_Health_Bulletin_2011/table_0009.csv,population,6,3
extracted_tables/039_Health_Bulletin_2011/table_0092.csv,health_stat,35,6
extracted_tables/039_Health_Bulletin_2011/table_0007.csv,other,3,5
extracted_tables/039_Health_Bulletin_2011/table_0087.csv,health_stat,38,6
extracted_tables/039_Health_Bulletin_2011/table_0093.csv,other,31,6
extracted_tables/039_Health_Bulletin_2011/table_0042.csv,other,2,2
extracted_tables/039_Health_Bulletin_2011/table_0082.csv,health_stat,33,6
extracted_tables/039_Health_Bulletin_2011/table_0091.csv,health_stat,13,6
extracted_tables/039_Health_Bulletin_2011/table_0038.csv,health_stat,10,10
extracted_tables/039_Health_Bulletin_2011/table_0017.csv,population,3,9
extracted_tables/039_Health_Bulletin_2011/table_0010.csv,other,6,3
extracted_tables/039_Health_Bulletin_2011/table_0055.csv,population,22,10
extracted_tables/039_Health_Bulletin_2011/table_0003.csv,human_resource,34,3
extracted_tables/039_Health_Bulletin_2011/table_0033.csv,health_stat,24,12
extracted_tables/039_Health_Bulletin_2011/table_0084.csv,health_stat,49,6
extracted_tables/039_Health_Bulletin_2011/table_0025.csv,health_stat,19,29
extracted_tables/039_Health_Bulletin_2011/table_0039.csv,cancer,12,7
extracted_tables/039_Health_Bulletin_2011/table_0028.csv,health_stat,22,12
extracted_tables/039_Health_Bulletin_2011/table_0073.csv,health_stat,31,17
extracted_tables/039_Health_Bulletin_2011/table_0081.csv,health_stat,38,6
extracted_tables/039_Health_Bulletin_2011/table_0024.csv,health_stat,13,7
extracted_tables/039_Health_Bulletin_2011/table_0002.csv,population,51,5
extracted_tables/039_Health_Bulletin_2011/table_0005.csv,other,14,2
extracted_tables/039_Health_Bulletin_2011/table_0075.csv,health_stat,13,17
extracted_tables/039_Health_Bulletin_2011/table_0053.csv,population,29,10
extracted_tables/039_Health_Bulletin_2011/table_0060.csv,other,13,5
extracted_tables/039_Health_Bulletin_2011/table_0085.csv,health_stat,26,6
extracted_tables/039_Health_Bulletin_2011/table_0065.csv,health_stat,76,17
extracted_tables/039_Health_Bulletin_2011/table_0029.csv,health_stat,8,6
extracted_tables/039_Health_Bulletin_2011/table_0077.csv,health_stat,58,17
extracted_tables/039_Health_Bulletin_2011/table_0001.csv,population,43,4
extracted_tables/039_Health_Bulletin_2011/table_0059.csv,health_stat,12,11
extracted_tables/039_Health_Bulletin_2011/table_0056.csv,population,7,6
extracted_tables/039_Health_Bulletin_2011/table_0067.csv,health_stat,12,17
extracted_tables/039_Health_Bulletin_2011/table_0018.csv,human_resource,3,8
extracted_tables/041_Health_Bulletin_2009/table_0071.csv,other,9,7
extracted_tables/041_Health_Bulletin_2009/table_0040.csv,health_stat,9,13
extracted_tables/041_Health_Bulletin_2009/table_0036.csv,health_stat,12,9
extracted_tables/041_Health_Bulletin_2009/table_0034.csv,other,2,10
extracted_tables/041_Health_Bulletin_2009/table_0079.csv,other,2,15
extracted_tables/041_Health_Bulletin_2009/table_0064.csv,other,5,30
extracted_tables/041_Health_Bulletin_2009/table_0020.csv,health_stat,28,17
extracted_tables/041_Health_Bulletin_2009/table_0101.csv,other,3,3
extracted_tables/041_Health_Bulletin_2009/table_0099.csv,human_resource,27,3
extracted_tables/041_Health_Bulletin_2009/table_0070.csv,other,4,27
extracted_tables/041_Health_Bulletin_2009/table_0109.csv,other,3,9
extracted_tables/041_Health_Bulletin_2009/table_0089.csv,other,14,9
extracted_tables/041_Health_Bulletin_2009/table_0080.csv,other,8,24
extracted_tables/041_Health_Bulletin_2009/table_0049.csv,other,8,6
extracted_tables/041_Health_Bulletin_2009/table_0023.csv,health_stat,12,8
extracted_tables/041_Health_Bulletin_2009/table_0011.csv,health_stat,6,6
extracted_tables/041_Health_Bulletin_2009/table_0014.csv,health_stat,8,17
extracted_tables/041_Health_Bulletin_2009/table_0102.csv,health_stat,31,7
extracted_tables/041_Health_Bulletin_2009/table_0006.csv,population,12,7
extracted_tables/041_Health_Bulletin_2009/table_0083.csv,other,5,26
extracted_tables/041_Health_Bulletin_2009/table_0016.csv,health_stat,13,17
extracted_tables/041_Health_Bulletin_2009/table_0051.csv,other,9,8
extracted_tables/041_Health_Bulletin_2009/table_0072.csv,other,8,16
extracted_tables/041_Health_Bulletin_2009/table_0013.csv,health_stat,20,17
extracted_tables/041_Health_Bulletin_2009/table_0108.csv,human_resource,5,6
extracted_tables/041_Health_Bulletin_2009/table_0027.csv,other,6,9
extracted_tables/041_Health_Bulletin_2009/table_0043.csv,health_stat,11,12
extracted_tables/041_Health_Bulletin_2009/table_0045.csv,other,4,3
extracted_tables/041_Health_Bulletin_2009/table_0044.csv,health_stat,9,5
extracted_tables/041_Health_Bulletin_2009/table_0111.csv,population,4,9
extracted_tables/041_Health_Bulletin_2009/table_0090.csv,other,11,13
extracted_tables/041_Health_Bulletin_2009/table_0094.csv,other,13,4
extracted_tables/041_Health_Bulletin_2009/table_0052.csv,other,5,9
extracted_tables/041_Health_Bulletin_2009/table_0032.csv,other,4,2
extracted_tables/041_Health_Bulletin_2009/table_0066.csv,other,5,28
extracted_tables/041_Health_Bulletin_2009/table_0098.csv,other,19,3
extracted_tables/041_Health_Bulletin_2009/table_0103.csv,other,4,9
extracted_tables/041_Health_Bulletin_2009/table_0074.csv,other,10,12
extracted_tables/041_Health_Bulletin_2009/table_0031.csv,population,10,14
extracted_tables/041_Health_Bulletin_2009/table_0069.csv,other,23,25
extracted_tables/041_Health_Bulletin_2009/table_0078.csv,other,3,20
extracted_tables/041_Health_Bulletin_2009/table_0022.csv,health_stat,12,9
extracted_tables/041_Health_Bulletin_2009/table_0015.csv,health_stat,9,17
extracted_tables/041_Health_Bulletin_2009/table_0046.csv,health_stat,7,8
extracted_tables/041_Health_Bulletin_2009/table_0012.csv,health_stat,16,17
extracted_tables/041_Health_Bulletin_2009/table_0061.csv,population,8,11
extracted_tables/041_Health_Bulletin_2009/table_0068.csv,other,2,19
extracted_tables/041_Health_Bulletin_2009/table_0057.csv,other,3,7
extracted_tables/041_Health_Bulletin_2009/table_0019.csv,health_stat,36,21
extracted_tables/041_Health_Bulletin_2009/table_0041.csv,other,3,14
extracted_tables/041_Health_Bulletin_2009/table_0076.csv,other,9,15
extracted_tables/041_Health_Bulletin_2009/table_0047.csv,population,9,9
extracted_tables/041_Health_Bulletin_2009/table_0004.csv,other,11,9
extracted_tables/041_Health_Bulletin_2009/table_0088.csv,other,6,6
extracted_tables/041_Health_Bulletin_2009/table_0062.csv,population,23,5
extracted_tables/041_Health_Bulletin_2009/table_0030.csv,population,10,17
extracted_tables/041_Health_Bulletin_2009/table_0050.csv,other,6,15
extracted_tables/041_Health_Bulletin_2009/table_0037.csv,health_stat,11,15
extracted_tables/041_Health_Bulletin_2009/table_0107.csv,human_resource,13,24
extracted_tables/041_Health_Bulletin_2009/table_0054.csv,other,12,19
extracted_tables/041_Health_Bulletin_2009/table_0026.csv,population,8,24
extracted_tables/041_Health_Bulletin_2009/table_0086.csv,human_resource,34,8
extracted_tables/041_Health_Bulletin_2009/table_0008.csv,population,15,7
extracted_tables/041_Health_Bulletin_2009/table_0035.csv,health_stat,4,15
extracted_tables/041_Health_Bulletin_2009/table_0058.csv,other,6,12
extracted_tables/041_Health_Bulletin_2009/table_0048.csv,other,11,17
extracted_tables/041_Health_Bulletin_2009/table_0105.csv,population,36,4
extracted_tables/041_Health_Bulletin_2009/table_0063.csv,other,8,2
extracted_tables/041_Health_Bulletin_2009/table_0021.csv,surgery,3,28
extracted_tables/041_Health_Bulletin_2009/table_0100.csv,human_resource,38,6
extracted_tables/041_Health_Bulletin_2009/table_0009.csv,population,32,24
extracted_tables/041_Health_Bulletin_2009/table_0092.csv,health_stat,7,6
extracted_tables/041_Health_Bulletin_2009/table_0007.csv,population,14,6
extracted_tables/041_Health_Bulletin_2009/table_0087.csv,other,20,3
extracted_tables/041_Health_Bulletin_2009/table_0093.csv,population,9,3
extracted_tables/041_Health_Bulletin_2009/table_0042.csv,surgery,6,9
extracted_tables/041_Health_Bulletin_2009/table_0112.csv,health_stat,21,7
extracted_tables/041_Health_Bulletin_2009/table_0097.csv,other,9,6
extracted_tables/041_Health_Bulletin_2009/table_0082.csv,other,2,18
extracted_tables/041_Health_Bulletin_2009/table_0091.csv,health_stat,22,6
extracted_tables/041_Health_Bulletin_2009/table_0038.csv,health_stat,4,4
extracted_tables/041_Health_Bulletin_2009/table_0017.csv,health_stat,9,17
extracted_tables/041_Health_Bulletin_2009/table_0010.csv,other,12,24
extracted_tables/041_Health_Bulletin_2009/table_0055.csv,other,5,10
extracted_tables/041_Health_Bulletin_2009/table_0003.csv,population,12,18
extracted_tables/041_Health_Bulletin_2009/table_0033.csv,health_stat,6,9
extracted_tables/041_Health_Bulletin_2009/table_0084.csv,other,8,31
extracted_tables/041_Health_Bulletin_2009/table_0025.csv,population,9,46
extracted_tables/041_Health_Bulletin_2009/table_0039.csv,health_stat,6,4
extracted_tables/041_Health_Bulletin_2009/table_0096.csv,other,6,3
extracted_tables/041_Health_Bulletin_2009/table_0106.csv,other,8,19
extracted_tables/041_Health_Bulletin_2009/table_0028.csv,other,7,5
extracted_tables/041_Health_Bulletin_2009/table_0073.csv,other,2,14
extracted_tables/041_Health_Bulletin_2009/table_0081.csv,other,2,21
extracted_tables/041_Health_Bulletin_2009/table_0095.csv,other,6,3
extracted_tables/041_Health_Bulletin_2009/table_0024.csv,other,4,3
extracted_tables/041_Health_Bulletin_2009/table_0002.csv,population,33,14
extracted_tables/041_Health_Bulletin_2009/table_0005.csv,population,21,16
extracted_tables/041_Health_Bulletin_2009/table_0110.csv,human_resource,31,7
extracted_tables/041_Health_Bulletin_2009/table_0075.csv,other,10,14
extracted_tables/041_Health_Bulletin_2009/table_0053.csv,other,13,19
extracted_tables/041_Health_Bulletin_2009/table_0060.csv,other,3,7
extracted_tables/041_Health_Bulletin_2009/table_0085.csv,human_resource,9,7
extracted_tables/041_Health_Bulletin_2009/table_0065.csv,other,15,25
extracted_tables/041_Health_Bulletin_2009/table_0029.csv,other,3,19
extracted_tables/041_Health_Bulletin_2009/table_0104.csv,population,17,4
extracted_tables/041_Health_Bulletin_2009/table_0077.csv,other,9,25
extracted_tables/041_Health_Bulletin_2009/table_0001.csv,population,9,4
extracted_tables/041_Health_Bulletin_2009/table_0059.csv,other,3,8
extracted_tables/041_Health_Bulletin_2009/table_0056.csv,other,5,9
extracted_tables/041_Health_Bulletin_2009/table_0067.csv,other,3,19
extracted_tables/041_Health_Bulletin_2009/table_0018.csv,health_stat,12,17
extracted_tables/098_HRD_Data_Sheet_2011_of_MOHFW/table_006.csv,population,8,3
extracted_tables/098_HRD_Data_Sheet_2011_of_MOHFW/table_002.csv,population,17,3
extracted_tables/098_HRD_Data_Sheet_2011_of_MOHFW/table_012.csv,health_stat,12,6
extracted_tables/098_HRD_Data_Sheet_2011_of_MOHFW/table_013.csv,other,7,5
extracted_tables/098_HRD_Data_Sheet_2011_of_MOHFW/table_008.csv,other,7,4
extracted_tables/098_HRD_Data_Sheet_2011_of_MOHFW/table_007.csv,other,8,5
extracted_tables/098_HRD_Data_Sheet_2011_of_MOHFW/table_001.csv,human_resource,19,3
extracted_tables/098_HRD_Data_Sheet_2011_of_MOHFW/table_014.csv,population,12,4
extracted_tables/098_HRD_Data_Sheet_2011_of_MOHFW/table_005.csv,health_stat,9,6
extracted_tables/098_HRD_Data_Sheet_2011_of_MOHFW/table_011.csv,human_resource,10,7
extracted_tables/098_HRD_Data_Sheet_2011_of_MOHFW/table_003.csv,human_resource,11,3
extracted_tables/098_HRD_Data_Sheet_2011_of_MOHFW/table_010.csv,human_resource,13,5
extracted_tables/098_HRD_Data_Sheet_2011_of_MOHFW/table_009.csv,human_resource,7,7
extracted_tables/098_HRD_Data_Sheet_2011_of_MOHFW/table_004.csv,population,22,12
extracted_tables/028_Health_Bulletin_2022/table_0168.csv,population,9,8
extracted_tables/028_Health_Bulletin_2022/table_0188.csv,other,19,7
extracted_tables/028_Health_Bulletin_2022/table_0071.csv,other,8,18
extracted_tables/028_Health_Bulletin_2022/table_0040.csv,other,2,2
extracted_tables/028_Health_Bulletin_2022/table_0036.csv,population,6,12
extracted_tables/028_Health_Bulletin_2022/table_0134.csv,other,14,27
extracted_tables/028_Health_Bulletin_2022/table_0131.csv,other,4,4
extracted_tables/028_Health_Bulletin_2022/table_0125.csv,other,9,2
extracted_tables/028_Health_Bulletin_2022/table_0234.csv,health_stat,9,12
extracted_tables/028_Health_Bulletin_2022/table_0232.csv,other,22,21
extracted_tables/028_Health_Bulletin_2022/table_0034.csv,other,7,5
extracted_tables/028_Health_Bulletin_2022/table_0079.csv,population,8,6
extracted_tables/028_Health_Bulletin_2022/table_0214.csv,other,8,9
extracted_tables/028_Health_Bulletin_2022/table_0180.csv,other,8,5
extracted_tables/028_Health_Bulletin_2022/table_0171.csv,health_stat,8,15
extracted_tables/028_Health_Bulletin_2022/table_0209.csv,other,14,28
extracted_tables/028_Health_Bulletin_2022/table_0064.csv,other,7,9
extracted_tables/028_Health_Bulletin_2022/table_0129.csv,other,3,8
extracted_tables/028_Health_Bulletin_2022/table_0237.csv,other,12,7
extracted_tables/028_Health_Bulletin_2022/table_0020.csv,other,3,2
extracted_tables/028_Health_Bulletin_2022/table_0101.csv,population,3,6
extracted_tables/028_Health_Bulletin_2022/table_0186.csv,other,16,7
extracted_tables/028_Health_Bulletin_2022/table_0099.csv,human_resource,13,6
extracted_tables/028_Health_Bulletin_2022/table_0070.csv,population,22,6
extracted_tables/028_Health_Bulletin_2022/table_0207.csv,human_resource,16,16
extracted_tables/028_Health_Bulletin_2022/table_0109.csv,other,18,15
extracted_tables/028_Health_Bulletin_2022/table_0156.csv,other,33,19
extracted_tables/028_Health_Bulletin_2022/table_0089.csv,other,2,2
extracted_tables/028_Health_Bulletin_2022/table_0080.csv,other,2,2
extracted_tables/028_Health_Bulletin_2022/table_0049.csv,other,2,2
extracted_tables/028_Health_Bulletin_2022/table_0199.csv,human_resource,12,23
extracted_tables/028_Health_Bulletin_2022/table_0210.csv,other,6,12
extracted_tables/028_Health_Bulletin_2022/table_0023.csv,population,9,3
extracted_tables/028_Health_Bulletin_2022/table_0160.csv,other,33,18
extracted_tables/028_Health_Bulletin_2022/table_0011.csv,population,17,4
extracted_tables/028_Health_Bulletin_2022/table_0184.csv,other,2,13
extracted_tables/028_Health_Bulletin_2022/table_0224.csv,population,17,27
extracted_tables/028_Health_Bulletin_2022/table_0014.csv,other,3,4
extracted_tables/028_Health_Bulletin_2022/table_0102.csv,health_stat,12,21
extracted_tables/028_Health_Bulletin_2022/table_0006.csv,population,6,5
extracted_tables/028_Health_Bulletin_2022/table_0083.csv,other,2,2
extracted_tables/028_Health_Bulletin_2022/table_0127.csv,other,9,14
extracted_tables/028_Health_Bulletin_2022/table_0016.csv,other,2,4
extracted_tables/028_Health_Bulletin_2022/table_0051.csv,other,9,3
extracted_tables/028_Health_Bulletin_2022/table_0072.csv,population,5,21
extracted_tables/028_Health_Bulletin_2022/table_0194.csv,other,2,3
extracted_tables/028_Health_Bulletin_2022/table_0135.csv,population,9,15
extracted_tables/028_Health_Bulletin_2022/table_0206.csv,other,9,12
extracted_tables/028_Health_Bulletin_2022/table_0013.csv,other,6,4
extracted_tables/028_Health_Bulletin_2022/table_0108.csv,cancer,16,15
extracted_tables/028_Health_Bulletin_2022/table_0027.csv,population,3,6
extracted_tables/028_Health_Bulletin_2022/table_0126.csv,other,8,2
extracted_tables/028_Health_Bulletin_2022/table_0240.csv,human_resource,5,2
extracted_tables/028_Health_Bulletin_2022/table_0043.csv,other,2,2
extracted_tables/028_Health_Bulletin_2022/table_0045.csv,other,2,2
extracted_tables/028_Health_Bulletin_2022/table_0044.csv,other,2,2
extracted_tables/028_Health_Bulletin_2022/table_0238.csv,surgery,14,6
extracted_tables/028_Health_Bulletin_2022/table_0219.csv,other,20,2
extracted_tables/028_Health_Bulletin_2022/table_0111.csv,other,15,33
extracted_tables/028_Health_Bulletin_2022/table_0233.csv,other,11,24
extracted_tables/028_Health_Bulletin_2022/table_0090.csv,other,2,2
extracted_tables/028_Health_Bulletin_2022/table_0123.csv,other,20,22
extracted_tables/028_Health_Bulletin_2022/table_0172.csv,health_stat,8,15
extracted_tables/028_Health_Bulletin_2022/table_0137.csv,other,28,17
extracted_tables/028_Health_Bulletin_2022/table_0152.csv,other,4,7
extracted_tables/028_Health_Bulletin_2022/table_0122.csv,other,4,5
extracted_tables/028_Health_Bulletin_2022/table_0094.csv,other,2,2
extracted_tables/028_Health_Bulletin_2022/table_0052.csv,health_stat,3,23
extracted_tables/028_Health_Bulletin_2022/table_0140.csv,health_stat,43,2
extracted_tables/028_Health_Bulletin_2022/table_0203.csv,other,10,12
extracted_tables/028_Health_Bulletin_2022/table_0193.csv,health_stat,3,3
extracted_tables/028_Health_Bulletin_2022/table_0032.csv,other,6,9
extracted_tables/028_Health_Bulletin_2022/table_0066.csv,health_stat,4,3
extracted_tables/028_Health_Bulletin_2022/table_0098.csv,other,11,6
extracted_tables/028_Health_Bulletin_2022/table_0103.csv,other,13,16
extracted_tables/028_Health_Bulletin_2022/table_0227.csv,other,6,7
extracted_tables/028_Health_Bulletin_2022/table_0074.csv,population,5,9
extracted_tables/028_Health_Bulletin_2022/table_0031.csv,other,6,6
extracted_tables/028_Health_Bulletin_2022/table_0147.csv,other,13,15
extracted_tables/028_Health_Bulletin_2022/table_0157.csv,other,33,26
extracted_tables/028_Health_Bulletin_2022/table_0225.csv,other,8,9
extracted_tables/028_Health_Bulletin_2022/table_0220.csv,other,4,2
extracted_tables/028_Health_Bulletin_2022/table_0163.csv,health_stat,16,8
extracted_tables/028_Health_Bulletin_2022/table_0190.csv,health_stat,6,2
extracted_tables/028_Health_Bulletin_2022/table_0069.csv,other,6,4
extracted_tables/028_Health_Bulletin_2022/table_0078.csv,health_stat,3,2
extracted_tables/028_Health_Bulletin_2022/table_0195.csv,other,12,9
extracted_tables/028_Health_Bulletin_2022/table_0143.csv,health_stat,24,12
extracted_tables/028_Health_Bulletin_2022/table_0174.csv,other,10,6
extracted_tables/028_Health_Bulletin_2022/table_0022.csv,other,2,12
extracted_tables/028_Health_Bulletin_2022/table_0015.csv,other,4,4
extracted_tables/028_Health_Bulletin_2022/table_0046.csv,other,2,2
extracted_tables/028_Health_Bulletin_2022/table_0139.csv,other,25,42
extracted_tables/028_Health_Bulletin_2022/table_0222.csv,other,9,2
extracted_tables/028_Health_Bulletin_2022/table_0201.csv,human_resource,9,21
extracted_tables/028_Health_Bulletin_2022/table_0226.csv,other,16,35
extracted_tables/028_Health_Bulletin_2022/table_0012.csv,other,4,4
extracted_tables/028_Health_Bulletin_2022/table_0061.csv,other,3,3
extracted_tables/028_Health_Bulletin_2022/table_0068.csv,other,3,3
extracted_tables/028_Health_Bulletin_2022/table_0057.csv,health_stat,5,3
extracted_tables/028_Health_Bulletin_2022/table_0121.csv,other,9,18
extracted_tables/028_Health_Bulletin_2022/table_0019.csv,human_resource,12,3
extracted_tables/028_Health_Bulletin_2022/table_0217.csv,other,38,5
extracted_tables/028_Health_Bulletin_2022/table_0116.csv,other,11,7
extracted_tables/028_Health_Bulletin_2022/table_0149.csv,other,4,7
extracted_tables/028_Health_Bulletin_2022/table_0124.csv,other,4,9
extracted_tables/028_Health_Bulletin_2022/table_0041.csv,other,2,2
extracted_tables/028_Health_Bulletin_2022/table_0179.csv,other,11,6
extracted_tables/028_Health_Bulletin_2022/table_0128.csv,other,3,9
extracted_tables/028_Health_Bulletin_2022/table_0076.csv,human_resource,7,9
extracted_tables/028_Health_Bulletin_2022/table_0162.csv,other,8,12
extracted_tables/028_Health_Bulletin_2022/table_0047.csv,other,2,2
extracted_tables/028_Health_Bulletin_2022/table_0004.csv,other,2,2
extracted_tables/028_Health_Bulletin_2022/table_0088.csv,other,2,2
extracted_tables/028_Health_Bulletin_2022/table_0062.csv,other,4,3
extracted_tables/028_Health_Bulletin_2022/table_0235.csv,health_stat,13,18
extracted_tables/028_Health_Bulletin_2022/table_0161.csv,other,36,15
extracted_tables/028_Health_Bulletin_2022/table_0030.csv,other,8,15
extracted_tables/028_Health_Bulletin_2022/table_0196.csv,other,9,11
extracted_tables/028_Health_Bulletin_2022/table_0187.csv,health_stat,6,2
extracted_tables/028_Health_Bulletin_2022/table_0181.csv,other,13,6
extracted_tables/028_Health_Bulletin_2022/table_0205.csv,other,9,11
extracted_tables/028_Health_Bulletin_2022/table_0050.csv,other,2,3
extracted_tables/028_Health_Bulletin_2022/table_0192.csv,other,2,7
extracted_tables/028_Health_Bulletin_2022/table_0037.csv,population,4,12
extracted_tables/028_Health_Bulletin_2022/table_0153.csv,other,33,15
extracted_tables/028_Health_Bulletin_2022/table_0107.csv,other,6,9
extracted_tables/028_Health_Bulletin_2022/table_0223.csv,human_resource,4,6
extracted_tables/028_Health_Bulletin_2022/table_0054.csv,other,10,12
extracted_tables/028_Health_Bulletin_2022/table_0164.csv,health_stat,23,9
extracted_tables/028_Health_Bulletin_2022/table_0026.csv,other,12,39
extracted_tables/028_Health_Bulletin_2022/table_0155.csv,other,33,21
extracted_tables/028_Health_Bulletin_2022/table_0204.csv,other,39,12
extracted_tables/028_Health_Bulletin_2022/table_0086.csv,other,2,2
extracted_tables/028_Health_Bulletin_2022/table_0008.csv,population,29,4
extracted_tables/028_Health_Bulletin_2022/table_0035.csv,other,9,3
extracted_tables/028_Health_Bulletin_2022/table_0239.csv,population,14,6
extracted_tables/028_Health_Bulletin_2022/table_0058.csv,other,3,3
extracted_tables/028_Health_Bulletin_2022/table_0182.csv,other,15,6
extracted_tables/028_Health_Bulletin_2022/table_0169.csv,health_stat,6,11
extracted_tables/028_Health_Bulletin_2022/table_0113.csv,other,21,21
extracted_tables/028_Health_Bulletin_2022/table_0048.csv,other,2,2
extracted_tables/028_Health_Bulletin_2022/table_0191.csv,health_stat,6,2
extracted_tables/028_Health_Bulletin_2022/table_0236.csv,population,13,12
extracted_tables/028_Health_Bulletin_2022/table_0231.csv,other,7,18
extracted_tables/028_Health_Bulletin_2022/table_0105.csv,other,9,2
extracted_tables/028_Health_Bulletin_2022/table_0063.csv,health_stat,5,15
extracted_tables/028_Health_Bulletin_2022/table_0021.csv,other,16,14
extracted_tables/028_Health_Bulletin_2022/table_0100.csv,health_stat,9,3
extracted_tables/028_Health_Bulletin_2022/table_0009.csv,other,22,5
extracted_tables/028_Health_Bulletin_2022/table_0148.csv,other,9,11
extracted_tables/028_Health_Bulletin_2022/table_0092.csv,other,2,2
extracted_tables/028_Health_Bulletin_2022/table_0117.csv,other,14,9
extracted_tables/028_Health_Bulletin_2022/table_0177.csv,other,10,7
extracted_tables/028_Health_Bulletin_2022/table_0007.csv,other,18,15
extracted_tables/028_Health_Bulletin_2022/table_0176.csv,other,3,4
extracted_tables/028_Health_Bulletin_2022/table_0145.csv,health_stat,35,13
extracted_tables/028_Health_Bulletin_2022/table_0087.csv,other,2,2
extracted_tables/028_Health_Bulletin_2022/table_0159.csv,other,33,26
extracted_tables/028_Health_Bulletin_2022/table_0170.csv,surgery,8,5
extracted_tables/028_Health_Bulletin_2022/table_0120.csv,other,8,6
extracted_tables/028_Health_Bulletin_2022/table_0093.csv,other,2,2
extracted_tables/028_Health_Bulletin_2022/table_0042.csv,other,2,2
extracted_tables/028_Health_Bulletin_2022/table_0202.csv,human_resource,14,18
extracted_tables/028_Health_Bulletin_2022/table_0112.csv,other,15,33
extracted_tables/028_Health_Bulletin_2022/table_0097.csv,other,2,2
extracted_tables/028_Health_Bulletin_2022/table_0216.csv,surgery,2,2
extracted_tables/028_Health_Bulletin_2022/table_0141.csv,health_stat,5,12
extracted_tables/028_Health_Bulletin_2022/table_0138.csv,cancer,4,12
extracted_tables/028_Health_Bulletin_2022/table_0082.csv,other,2,2
extracted_tables/028_Health_Bulletin_2022/table_0091.csv,other,2,2
extracted_tables/028_Health_Bulletin_2022/table_0038.csv,other,2,2
extracted_tables/028_Health_Bulletin_2022/table_0218.csv,population,41,3
extracted_tables/028_Health_Bulletin_2022/table_0017.csv,other,28,4
extracted_tables/028_Health_Bulletin_2022/table_0175.csv,other,9,6
extracted_tables/028_Health_Bulletin_2022/table_0010.csv,other,29,4
extracted_tables/028_Health_Bulletin_2022/table_0243.csv,other,9,3
extracted_tables/028_Health_Bulletin_2022/table_0055.csv,population,17,17
extracted_tables/028_Health_Bulletin_2022/table_0003.csv,population,12,6
extracted_tables/028_Health_Bulletin_2022/table_0167.csv,surgery,7,9
extracted_tables/028_Health_Bulletin_2022/table_0033.csv,other,3,15
extracted_tables/028_Health_Bulletin_2022/table_0142.csv,other,9,7
extracted_tables/028_Health_Bulletin_2022/table_0228.csv,other,10,13
extracted_tables/028_Health_Bulletin_2022/table_0208.csv,other,13,46
extracted_tables/028_Health_Bulletin_2022/table_0084.csv,other,4,4
extracted_tables/028_Health_Bulletin_2022/table_0119.csv,health_stat,7,12
extracted_tables/028_Health_Bulletin_2022/table_0229.csv,other,8,3
extracted_tables/028_Health_Bulletin_2022/table_0025.csv,other,2,2
extracted_tables/028_Health_Bulletin_2022/table_0150.csv,other,5,8
extracted_tables/028_Health_Bulletin_2022/table_0039.csv,other,2,2
extracted_tables/028_Health_Bulletin_2022/table_0151.csv,other,4,7
extracted_tables/028_Health_Bulletin_2022/table_0215.csv,other,15,10
extracted_tables/028_Health_Bulletin_2022/table_0198.csv,other,11,7
extracted_tables/028_Health_Bulletin_2022/table_0133.csv,other,5,13
extracted_tables/028_Health_Bulletin_2022/table_0189.csv,other,4,4
extracted_tables/028_Health_Bulletin_2022/table_0211.csv,other,20,12
extracted_tables/028_Health_Bulletin_2022/table_0136.csv,other,51,6
extracted_tables/028_Health_Bulletin_2022/table_0178.csv,other,17,5
extracted_tables/028_Health_Bulletin_2022/table_0096.csv,other,2,2
extracted_tables/028_Health_Bulletin_2022/table_0106.csv,other,5,12
extracted_tables/028_Health_Bulletin_2022/table_0028.csv,population,7,5
extracted_tables/028_Health_Bulletin_2022/table_0118.csv,other,8,10
extracted_tables/028_Health_Bulletin_2022/table_0073.csv,population,10,9
extracted_tables/028_Health_Bulletin_2022/table_0081.csv,other,2,2
extracted_tables/028_Health_Bulletin_2022/table_0095.csv,other,2,2
extracted_tables/028_Health_Bulletin_2022/table_0024.csv,other,2,2
extracted_tables/028_Health_Bulletin_2022/table_0146.csv,other,12,15
extracted_tables/028_Health_Bulletin_2022/table_0166.csv,population,30,9
extracted_tables/028_Health_Bulletin_2022/table_0241.csv,other,13,9
extracted_tables/028_Health_Bulletin_2022/table_0002.csv,other,2,3
extracted_tables/028_Health_Bulletin_2022/table_0005.csv,other,2,2
extracted_tables/028_Health_Bulletin_2022/table_0110.csv,other,18,18
extracted_tables/028_Health_Bulletin_2022/table_0075.csv,health_stat,7,9
extracted_tables/028_Health_Bulletin_2022/table_0221.csv,other,39,10
extracted_tables/028_Health_Bulletin_2022/table_0185.csv,other,15,7
extracted_tables/028_Health_Bulletin_2022/table_0242.csv,other,2,2
extracted_tables/028_Health_Bulletin_2022/table_0173.csv,health_stat,8,15
extracted_tables/028_Health_Bulletin_2022/table_0053.csv,other,12,25
extracted_tables/028_Health_Bulletin_2022/table_0144.csv,health_stat,20,12
extracted_tables/028_Health_Bulletin_2022/table_0060.csv,health_stat,5,3
extracted_tables/028_Health_Bulletin_2022/table_0158.csv,other,33,27
extracted_tables/028_Health_Bulletin_2022/table_0085.csv,other,2,2
extracted_tables/028_Health_Bulletin_2022/table_0065.csv,health_stat,11,6
extracted_tables/028_Health_Bulletin_2022/table_0029.csv,other,5,15
extracted_tables/028_Health_Bulletin_2022/table_0104.csv,other,30,2
extracted_tables/028_Health_Bulletin_2022/table_0132.csv,other,9,12
extracted_tables/028_Health_Bulletin_2022/table_0077.csv,health_stat,2,2
extracted_tables/028_Health_Bulletin_2022/table_0212.csv,other,6,15
extracted_tables/028_Health_Bulletin_2022/table_0165.csv,population,37,9
extracted_tables/028_Health_Bulletin_2022/table_0001.csv,other,2,3
extracted_tables/028_Health_Bulletin_2022/table_0154.csv,other,11,6
extracted_tables/028_Health_Bulletin_2022/table_0059.csv,population,4,3
extracted_tables/028_Health_Bulletin_2022/table_0115.csv,other,9,36
extracted_tables/028_Health_Bulletin_2022/table_0056.csv,health_stat,7,3
extracted_tables/028_Health_Bulletin_2022/table_0230.csv,other,5,15
extracted_tables/028_Health_Bulletin_2022/table_0200.csv,human_resource,20,21
extracted_tables/028_Health_Bulletin_2022/table_0213.csv,other,13,12
extracted_tables/028_Health_Bulletin_2022/table_0067.csv,other,5,3
extracted_tables/028_Health_Bulletin_2022/table_0018.csv,population,21,4
extracted_tables/028_Health_Bulletin_2022/table_0183.csv,other,35,23
extracted_tables/028_Health_Bulletin_2022/table_0130.csv,other,8,7
extracted_tables/028_Health_Bulletin_2022/table_0197.csv,other,10,6
extracted_tables/028_Health_Bulletin_2022/table_0114.csv,cancer,20,21
extracted_tables/092__HRH_Data_Sheet_2023/table_002.csv,other,34,3
extracted_tables/092__HRH_Data_Sheet_2023/table_001.csv,other,43,5
extracted_tables/032_Health_Bulletin_2018/table_0168.csv,other,3,3
extracted_tables/032_Health_Bulletin_2018/table_0188.csv,other,3,3
extracted_tables/032_Health_Bulletin_2018/table_0071.csv,other,4,5
extracted_tables/032_Health_Bulletin_2018/table_0040.csv,other,7,4
extracted_tables/032_Health_Bulletin_2018/table_0251.csv,other,5,4
extracted_tables/032_Health_Bulletin_2018/table_0036.csv,health_stat,13,2
extracted_tables/032_Health_Bulletin_2018/table_0134.csv,health_stat,16,3
extracted_tables/032_Health_Bulletin_2018/table_0257.csv,health_stat,4,3
extracted_tables/032_Health_Bulletin_2018/table_0131.csv,population,13,2
extracted_tables/032_Health_Bulletin_2018/table_0125.csv,health_stat,14,2
extracted_tables/032_Health_Bulletin_2018/table_0234.csv,health_stat,11,5
extracted_tables/032_Health_Bulletin_2018/table_0232.csv,other,8,5
extracted_tables/032_Health_Bulletin_2018/table_0034.csv,population,13,3
extracted_tables/032_Health_Bulletin_2018/table_0079.csv,other,2,3
extracted_tables/032_Health_Bulletin_2018/table_0214.csv,health_stat,13,2
extracted_tables/032_Health_Bulletin_2018/table_0180.csv,other,13,2
extracted_tables/032_Health_Bulletin_2018/table_0171.csv,human_resource,13,2
extracted_tables/032_Health_Bulletin_2018/table_0209.csv,other,2,2
extracted_tables/032_Health_Bulletin_2018/table_0249.csv,population,13,2
extracted_tables/032_Health_Bulletin_2018/table_0064.csv,population,5,5
extracted_tables/032_Health_Bulletin_2018/table_0129.csv,health_stat,16,3
extracted_tables/032_Health_Bulletin_2018/table_0237.csv,other,3,3
extracted_tables/032_Health_Bulletin_2018/table_0020.csv,other,2,2
extracted_tables/032_Health_Bulletin_2018/table_0101.csv,other,19,2
extracted_tables/032_Health_Bulletin_2018/table_0186.csv,other,4,3
extracted_tables/032_Health_Bulletin_2018/table_0099.csv,other,13,3
extracted_tables/032_Health_Bulletin_2018/table_0070.csv,other,3,5
extracted_tables/032_Health_Bulletin_2018/table_0207.csv,population,13,2
extracted_tables/032_Health_Bulletin_2018/table_0109.csv,health_stat,12,2
extracted_tables/032_Health_Bulletin_2018/table_0156.csv,other,3,3
extracted_tables/032_Health_Bulletin_2018/table_0089.csv,other,7,5
extracted_tables/032_Health_Bulletin_2018/table_0080.csv,other,6,2
extracted_tables/032_Health_Bulletin_2018/table_0049.csv,human_resource,10,5
extracted_tables/032_Health_Bulletin_2018/table_0199.csv,health_stat,13,2
extracted_tables/032_Health_Bulletin_2018/table_0210.csv,other,2,2
extracted_tables/032_Health_Bulletin_2018/table_0023.csv,other,2,2
extracted_tables/032_Health_Bulletin_2018/table_0160.csv,human_resource,13,2
extracted_tables/032_Health_Bulletin_2018/table_0011.csv,population,13,3
extracted_tables/032_Health_Bulletin_2018/table_0184.csv,other,13,2
extracted_tables/032_Health_Bulletin_2018/table_0224.csv,health_stat,13,2
extracted_tables/032_Health_Bulletin_2018/table_0014.csv,other,2,2
extracted_tables/032_Health_Bulletin_2018/table_0102.csv,population,13,2
extracted_tables/032_Health_Bulletin_2018/table_0006.csv,population,13,2
extracted_tables/032_Health_Bulletin_2018/table_0083.csv,other,2,4
extracted_tables/032_Health_Bulletin_2018/table_0127.csv,health_stat,13,2
extracted_tables/032_Health_Bulletin_2018/table_0016.csv,population,2,2
extracted_tables/032_Health_Bulletin_2018/table_0051.csv,other,10,6
extracted_tables/032_Health_Bulletin_2018/table_0072.csv,other,4,8
extracted_tables/032_Health_Bulletin_2018/table_0244.csv,population,16,4
extracted_tables/032_Health_Bulletin_2018/table_0194.csv,surgery,13,3
extracted_tables/032_Health_Bulletin_2018/table_0135.csv,population,13,2
extracted_tables/032_Health_Bulletin_2018/table_0206.csv,other,2,2
extracted_tables/032_Health_Bulletin_2018/table_0013.csv,other,2,2
extracted_tables/032_Health_Bulletin_2018/table_0108.csv,health_stat,13,2
extracted_tables/032_Health_Bulletin_2018/table_0027.csv,other,2,13
extracted_tables/032_Health_Bulletin_2018/table_0126.csv,health_stat,13,2
extracted_tables/032_Health_Bulletin_2018/table_0240.csv,other,2,2
extracted_tables/032_Health_Bulletin_2018/table_0043.csv,other,13,2
extracted_tables/032_Health_Bulletin_2018/table_0045.csv,other,2,5
extracted_tables/032_Health_Bulletin_2018/table_0044.csv,other,11,13
extracted_tables/032_Health_Bulletin_2018/table_0238.csv,health_stat,13,2
extracted_tables/032_Health_Bulletin_2018/table_0219.csv,surgery,13,2
extracted_tables/032_Health_Bulletin_2018/table_0111.csv,other,14,2
extracted_tables/032_Health_Bulletin_2018/table_0233.csv,health_stat,13,2
extracted_tables/032_Health_Bulletin_2018/table_0090.csv,other,5,5
extracted_tables/032_Health_Bulletin_2018/table_0123.csv,other,3,5
extracted_tables/032_Health_Bulletin_2018/table_0172.csv,human_resource,26,7
extracted_tables/032_Health_Bulletin_2018/table_0137.csv,health_stat,31,3
extracted_tables/032_Health_Bulletin_2018/table_0152.csv,human_resource,13,3
extracted_tables/032_Health_Bulletin_2018/table_0267.csv,other,5,2
extracted_tables/032_Health_Bulletin_2018/table_0122.csv,other,7,6
extracted_tables/032_Health_Bulletin_2018/table_0094.csv,other,5,3
extracted_tables/032_Health_Bulletin_2018/table_0052.csv,cancer,13,2
extracted_tables/032_Health_Bulletin_2018/table_0140.csv,health_stat,3,5
extracted_tables/032_Health_Bulletin_2018/table_0203.csv,other,2,2
extracted_tables/032_Health_Bulletin_2018/table_0263.csv,other,9,2
extracted_tables/032_Health_Bulletin_2018/table_0193.csv,other,13,5
extracted_tables/032_Health_Bulletin_2018/table_0247.csv,population,13,3
extracted_tables/032_Health_Bulletin_2018/table_0032.csv,health_stat,13,2
extracted_tables/032_Health_Bulletin_2018/table_0066.csv,population,23,5
extracted_tables/032_Health_Bulletin_2018/table_0098.csv,other,9,5
extracted_tables/032_Health_Bulletin_2018/table_0258.csv,health_stat,11,9
extracted_tables/032_Health_Bulletin_2018/table_0103.csv,population,13,2
extracted_tables/032_Health_Bulletin_2018/table_0227.csv,population,13,3
extracted_tables/032_Health_Bulletin_2018/table_0074.csv,other,2,4
extracted_tables/032_Health_Bulletin_2018/table_0031.csv,health_stat,13,2
extracted_tables/032_Health_Bulletin_2018/table_0147.csv,health_stat,13,2
extracted_tables/032_Health_Bulletin_2018/table_0157.csv,other,3,3
extracted_tables/032_Health_Bulletin_2018/table_0225.csv,health_stat,13,2
extracted_tables/032_Health_Bulletin_2018/table_0220.csv,other,5,3
extracted_tables/032_Health_Bulletin_2018/table_0163.csv,other,3,3
extracted_tables/032_Health_Bulletin_2018/table_0254.csv,other,5,2
extracted_tables/032_Health_Bulletin_2018/table_0190.csv,other,3,3
extracted_tables/032_Health_Bulletin_2018/table_0069.csv,health_stat,2,5
extracted_tables/032_Health_Bulletin_2018/table_0078.csv,health_stat,5,3
extracted_tables/032_Health_Bulletin_2018/table_0195.csv,health_stat,13,2
extracted_tables/032_Health_Bulletin_2018/table_0143.csv,health_stat,13,2
extracted_tables/032_Health_Bulletin_2018/table_0174.csv,other,10,2
extracted_tables/032_Health_Bulletin_2018/table_0022.csv,other,2,2
extracted_tables/032_Health_Bulletin_2018/table_0015.csv,population,13,2
extracted_tables/032_Health_Bulletin_2018/table_0046.csv,population,13,2
extracted_tables/032_Health_Bulletin_2018/table_0139.csv,health_stat,6,5
extracted_tables/032_Health_Bulletin_2018/table_0222.csv,health_stat,13,2
extracted_tables/032_Health_Bulletin_2018/table_0201.csv,other,3,3
extracted_tables/032_Health_Bulletin_2018/table_0226.csv,health_stat,13,2
extracted_tables/032_Health_Bulletin_2018/table_0012.csv,health_stat,13,2
extracted_tables/032_Health_Bulletin_2018/table_0061.csv,other,3,9
extracted_tables/032_Health_Bulletin_2018/table_0068.csv,population,11,2
extracted_tables/032_Health_Bulletin_2018/table_0057.csv,other,13,2
extracted_tables/032_Health_Bulletin_2018/table_0121.csv,health_stat,12,7
extracted_tables/032_Health_Bulletin_2018/table_0019.csv,population,2,2
extracted_tables/032_Health_Bulletin_2018/table_0217.csv,health_stat,13,2
extracted_tables/032_Health_Bulletin_2018/table_0116.csv,health_stat,15,2
extracted_tables/032_Health_Bulletin_2018/table_0149.csv,health_stat,12,2
extracted_tables/032_Health_Bulletin_2018/table_0124.csv,health_stat,16,2
extracted_tables/032_Health_Bulletin_2018/table_0041.csv,population,13,2
extracted_tables/032_Health_Bulletin_2018/table_0179.csv,health_stat,13,2
extracted_tables/032_Health_Bulletin_2018/table_0128.csv,health_stat,13,2
extracted_tables/032_Health_Bulletin_2018/table_0076.csv,other,5,3
extracted_tables/032_Health_Bulletin_2018/table_0162.csv,human_resource,6,4
extracted_tables/032_Health_Bulletin_2018/table_0047.csv,other,16,5
extracted_tables/032_Health_Bulletin_2018/table_0004.csv,other,5,3
extracted_tables/032_Health_Bulletin_2018/table_0088.csv,health_stat,17,5
extracted_tables/032_Health_Bulletin_2018/table_0062.csv,population,4,11
extracted_tables/032_Health_Bulletin_2018/table_0253.csv,surgery,5,2
extracted_tables/032_Health_Bulletin_2018/table_0235.csv,other,2,2
extracted_tables/032_Health_Bulletin_2018/table_0161.csv,human_resource,10,4
extracted_tables/032_Health_Bulletin_2018/table_0256.csv,health_stat,13,2
extracted_tables/032_Health_Bulletin_2018/table_0030.csv,health_stat,13,2
extracted_tables/032_Health_Bulletin_2018/table_0260.csv,other,6,2
extracted_tables/032_Health_Bulletin_2018/table_0196.csv,other,3,3
extracted_tables/032_Health_Bulletin_2018/table_0269.csv,other,4,3
extracted_tables/032_Health_Bulletin_2018/table_0187.csv,other,5,9
extracted_tables/032_Health_Bulletin_2018/table_0181.csv,other,4,3
extracted_tables/032_Health_Bulletin_2018/table_0205.csv,other,2,2
extracted_tables/032_Health_Bulletin_2018/table_0050.csv,population,13,2
extracted_tables/032_Health_Bulletin_2018/table_0192.csv,other,5,3
extracted_tables/032_Health_Bulletin_2018/table_0255.csv,population,4,2
extracted_tables/032_Health_Bulletin_2018/table_0037.csv,health_stat,13,2
extracted_tables/032_Health_Bulletin_2018/table_0153.csv,human_resource,13,2
extracted_tables/032_Health_Bulletin_2018/table_0107.csv,health_stat,17,4
extracted_tables/032_Health_Bulletin_2018/table_0223.csv,population,13,3
extracted_tables/032_Health_Bulletin_2018/table_0054.csv,other,3,3
extracted_tables/032_Health_Bulletin_2018/table_0164.csv,other,3,3
extracted_tables/032_Health_Bulletin_2018/table_0026.csv,health_stat,2,13
extracted_tables/032_Health_Bulletin_2018/table_0155.csv,human_resource,16,4
extracted_tables/032_Health_Bulletin_2018/table_0204.csv,other,2,2
extracted_tables/032_Health_Bulletin_2018/table_0086.csv,other,14,4
extracted_tables/032_Health_Bulletin_2018/table_0008.csv,population,13,2
extracted_tables/032_Health_Bulletin_2018/table_0035.csv,population,13,2
extracted_tables/032_Health_Bulletin_2018/table_0239.csv,other,2,2
extracted_tables/032_Health_Bulletin_2018/table_0058.csv,other,9,8
extracted_tables/032_Health_Bulletin_2018/table_0182.csv,other,5,3
extracted_tables/032_Health_Bulletin_2018/table_0169.csv,other,2,2
extracted_tables/032_Health_Bulletin_2018/table_0261.csv,surgery,12,2
extracted_tables/032_Health_Bulletin_2018/table_0113.csv,health_stat,15,2
extracted_tables/032_Health_Bulletin_2018/table_0048.csv,population,13,2
extracted_tables/032_Health_Bulletin_2018/table_0191.csv,other,5,2
extracted_tables/032_Health_Bulletin_2018/table_0236.csv,other,3,3
extracted_tables/032_Health_Bulletin_2018/table_0231.csv,other,2,3
extracted_tables/032_Health_Bulletin_2018/table_0105.csv,other,13,4
extracted_tables/032_Health_Bulletin_2018/table_0063.csv,population,14,5
extracted_tables/032_Health_Bulletin_2018/table_0021.csv,other,13,2
extracted_tables/032_Health_Bulletin_2018/table_0100.csv,health_stat,13,2
extracted_tables/032_Health_Bulletin_2018/table_0265.csv,other,9,2
extracted_tables/032_Health_Bulletin_2018/table_0009.csv,other,11,3
extracted_tables/032_Health_Bulletin_2018/table_0148.csv,health_stat,15,4
extracted_tables/032_Health_Bulletin_2018/table_0092.csv,other,2,5
extracted_tables/032_Health_Bulletin_2018/table_0117.csv,health_stat,16,2
extracted_tables/032_Health_Bulletin_2018/table_0177.csv,cancer,13,2
extracted_tables/032_Health_Bulletin_2018/table_0007.csv,other,15,3
extracted_tables/032_Health_Bulletin_2018/table_0259.csv,other,6,2
extracted_tables/032_Health_Bulletin_2018/table_0176.csv,cancer,13,2
extracted_tables/032_Health_Bulletin_2018/table_0145.csv,health_stat,3,5
extracted_tables/032_Health_Bulletin_2018/table_0087.csv,other,7,4
extracted_tables/032_Health_Bulletin_2018/table_0159.csv,human_resource,2,4
extracted_tables/032_Health_Bulletin_2018/table_0170.csv,human_resource,14,7
extracted_tables/032_Health_Bulletin_2018/table_0120.csv,other,13,4
extracted_tables/032_Health_Bulletin_2018/table_0093.csv,other,3,5
extracted_tables/032_Health_Bulletin_2018/table_0042.csv,population,13,2
extracted_tables/032_Health_Bulletin_2018/table_0202.csv,health_stat,13,2
extracted_tables/032_Health_Bulletin_2018/table_0266.csv,human_resource,13,2
extracted_tables/032_Health_Bulletin_2018/table_0112.csv,health_stat,16,2
extracted_tables/032_Health_Bulletin_2018/table_0097.csv,other,9,5
extracted_tables/032_Health_Bulletin_2018/table_0216.csv,population,13,2
extracted_tables/032_Health_Bulletin_2018/table_0264.csv,other,13,2
extracted_tables/032_Health_Bulletin_2018/table_0262.csv,surgery,12,2
extracted_tables/032_Health_Bulletin_2018/table_0141.csv,health_stat,3,5
extracted_tables/032_Health_Bulletin_2018/table_0138.csv,health_stat,13,2
extracted_tables/032_Health_Bulletin_2018/table_0082.csv,other,3,5
extracted_tables/032_Health_Bulletin_2018/table_0091.csv,health_stat,3,5
extracted_tables/032_Health_Bulletin_2018/table_0038.csv,other,9,4
extracted_tables/032_Health_Bulletin_2018/table_0218.csv,health_stat,11,5
extracted_tables/032_Health_Bulletin_2018/table_0017.csv,other,2,2
extracted_tables/032_Health_Bulletin_2018/table_0175.csv,other,4,5
extracted_tables/032_Health_Bulletin_2018/table_0010.csv,health_stat,13,2
extracted_tables/032_Health_Bulletin_2018/table_0243.csv,health_stat,21,6
extracted_tables/032_Health_Bulletin_2018/table_0055.csv,health_stat,13,2
extracted_tables/032_Health_Bulletin_2018/table_0003.csv,population,13,2
extracted_tables/032_Health_Bulletin_2018/table_0167.csv,human_resource,13,2
extracted_tables/032_Health_Bulletin_2018/table_0033.csv,health_stat,13,2
extracted_tables/032_Health_Bulletin_2018/table_0142.csv,health_stat,6,5
extracted_tables/032_Health_Bulletin_2018/table_0228.csv,surgery,14,2
extracted_tables/032_Health_Bulletin_2018/table_0208.csv,other,2,2
extracted_tables/032_Health_Bulletin_2018/table_0084.csv,other,4,2
extracted_tables/032_Health_Bulletin_2018/table_0248.csv,population,8,2
extracted_tables/032_Health_Bulletin_2018/table_0119.csv,other,11,6
extracted_tables/032_Health_Bulletin_2018/table_0229.csv,other,2,3
extracted_tables/032_Health_Bulletin_2018/table_0270.csv,other,6,2
extracted_tables/032_Health_Bulletin_2018/table_0025.csv,other,2,4
extracted_tables/032_Health_Bulletin_2018/table_0150.csv,health_stat,12,2
extracted_tables/032_Health_Bulletin_2018/table_0039.csv,population,13,2
extracted_tables/032_Health_Bulletin_2018/table_0151.csv,other,13,2
extracted_tables/032_Health_Bulletin_2018/table_0215.csv,other,5,15
extracted_tables/032_Health_Bulletin_2018/table_0198.csv,cancer,13,2
extracted_tables/032_Health_Bulletin_2018/table_0133.csv,health_stat,8,3
extracted_tables/032_Health_Bulletin_2018/table_0246.csv,other,13,3
extracted_tables/032_Health_Bulletin_2018/table_0189.csv,other,4,2
extracted_tables/032_Health_Bulletin_2018/table_0211.csv,population,13,2
extracted_tables/032_Health_Bulletin_2018/table_0136.csv,health_stat,32,3
extracted_tables/032_Health_Bulletin_2018/table_0178.csv,human_resource,13,3
extracted_tables/032_Health_Bulletin_2018/table_0096.csv,other,7,2
extracted_tables/032_Health_Bulletin_2018/table_0106.csv,health_stat,13,2
extracted_tables/032_Health_Bulletin_2018/table_0028.csv,population,13,2
extracted_tables/032_Health_Bulletin_2018/table_0118.csv,health_stat,13,2
extracted_tables/032_Health_Bulletin_2018/table_0073.csv,other,4,4
extracted_tables/032_Health_Bulletin_2018/table_0081.csv,other,4,3
extracted_tables/032_Health_Bulletin_2018/table_0095.csv,other,4,3
extracted_tables/032_Health_Bulletin_2018/table_0024.csv,health_stat,13,2
extracted_tables/032_Health_Bulletin_2018/table_0146.csv,health_stat,12,4
extracted_tables/032_Health_Bulletin_2018/table_0166.csv,other,2,2
extracted_tables/032_Health_Bulletin_2018/table_0241.csv,health_stat,7,5
extracted_tables/032_Health_Bulletin_2018/table_0002.csv,population,13,3
extracted_tables/032_Health_Bulletin_2018/table_0005.csv,health_stat,13,2
extracted_tables/032_Health_Bulletin_2018/table_0110.csv,health_stat,13,2
extracted_tables/032_Health_Bulletin_2018/table_0075.csv,other,2,2
extracted_tables/032_Health_Bulletin_2018/table_0221.csv,health_stat,13,2
extracted_tables/032_Health_Bulletin_2018/table_0185.csv,other,14,4
extracted_tables/032_Health_Bulletin_2018/table_0242.csv,health_stat,13,2
extracted_tables/032_Health_Bulletin_2018/table_0173.csv,human_resource,13,2
extracted_tables/032_Health_Bulletin_2018/table_0053.csv,health_stat,13,2
extracted_tables/032_Health_Bulletin_2018/table_0144.csv,health_stat,3,5
extracted_tables/032_Health_Bulletin_2018/table_0060.csv,other,2,12
extracted_tables/032_Health_Bulletin_2018/table_0158.csv,other,3,3
extracted_tables/032_Health_Bulletin_2018/table_0252.csv,health_stat,4,2
extracted_tables/032_Health_Bulletin_2018/table_0085.csv,other,2,2
extracted_tables/032_Health_Bulletin_2018/table_0065.csv,health_stat,21,4
extracted_tables/032_Health_Bulletin_2018/table_0029.csv,population,13,2
extracted_tables/032_Health_Bulletin_2018/table_0104.csv,population,13,2
extracted_tables/032_Health_Bulletin_2018/table_0132.csv,health_stat,13,2
extracted_tables/032_Health_Bulletin_2018/table_0077.csv,other,7,3
extracted_tables/032_Health_Bulletin_2018/table_0212.csv,other,3,3
extracted_tables/032_Health_Bulletin_2018/table_0165.csv,other,2,2
extracted_tables/032_Health_Bulletin_2018/table_0001.csv,other,3,5
extracted_tables/032_Health_Bulletin_2018/table_0154.csv,human_resource,7,6
extracted_tables/032_Health_Bulletin_2018/table_0059.csv,other,4,3
extracted_tables/032_Health_Bulletin_2018/table_0115.csv,health_stat,13,2
extracted_tables/032_Health_Bulletin_2018/table_0056.csv,population,13,3
extracted_tables/032_Health_Bulletin_2018/table_0230.csv,other,2,3
extracted_tables/032_Health_Bulletin_2018/table_0200.csv,population,13,2
extracted_tables/032_Health_Bulletin_2018/table_0213.csv,other,3,3
extracted_tables/032_Health_Bulletin_2018/table_0067.csv,population,10,2
extracted_tables/032_Health_Bulletin_2018/table_0245.csv,other,13,2
extracted_tables/032_Health_Bulletin_2018/table_0250.csv,population,6,2
extracted_tables/032_Health_Bulletin_2018/table_0018.csv,population,13,2
extracted_tables/032_Health_Bulletin_2018/table_0183.csv,other,6,2
extracted_tables/032_Health_Bulletin_2018/table_0130.csv,health_stat,14,3
extracted_tables/032_Health_Bulletin_2018/table_0197.csv,human_resource,13,2
extracted_tables/032_Health_Bulletin_2018/table_0268.csv,human_resource,4,2
extracted_tables/032_Health_Bulletin_2018/table_0114.csv,health_stat,9,2
extracted_tables/036_Health_Bulletin_2014/table_0168.csv,other,9,3
extracted_tables/036_Health_Bulletin_2014/table_0188.csv,other,3,5
extracted_tables/036_Health_Bulletin_2014/table_0071.csv,other,2,4
extracted_tables/036_Health_Bulletin_2014/table_0040.csv,health_stat,8,3
extracted_tables/036_Health_Bulletin_2014/table_0036.csv,other,2,2
extracted_tables/036_Health_Bulletin_2014/table_0134.csv,other,6,3
extracted_tables/036_Health_Bulletin_2014/table_0131.csv,other,3,3
extracted_tables/036_Health_Bulletin_2014/table_0125.csv,other,2,5
extracted_tables/036_Health_Bulletin_2014/table_0034.csv,other,2,2
extracted_tables/036_Health_Bulletin_2014/table_0079.csv,other,2,2
extracted_tables/036_Health_Bulletin_2014/table_0214.csv,other,4,3
extracted_tables/036_Health_Bulletin_2014/table_0180.csv,population,2,3
extracted_tables/036_Health_Bulletin_2014/table_0171.csv,other,9,3
extracted_tables/036_Health_Bulletin_2014/table_0209.csv,other,3,3
extracted_tables/036_Health_Bulletin_2014/table_0064.csv,other,2,2
extracted_tables/036_Health_Bulletin_2014/table_0129.csv,other,3,3
extracted_tables/036_Health_Bulletin_2014/table_0020.csv,other,4,9
extracted_tables/036_Health_Bulletin_2014/table_0101.csv,other,2,3
extracted_tables/036_Health_Bulletin_2014/table_0186.csv,other,2,11
extracted_tables/036_Health_Bulletin_2014/table_0099.csv,other,2,5
extracted_tables/036_Health_Bulletin_2014/table_0070.csv,other,2,4
extracted_tables/036_Health_Bulletin_2014/table_0207.csv,health_stat,17,3
extracted_tables/036_Health_Bulletin_2014/table_0109.csv,human_resource,3,3
extracted_tables/036_Health_Bulletin_2014/table_0156.csv,other,9,15
extracted_tables/036_Health_Bulletin_2014/table_0089.csv,other,2,2
extracted_tables/036_Health_Bulletin_2014/table_0080.csv,other,2,2
extracted_tables/036_Health_Bulletin_2014/table_0049.csv,population,3,3
extracted_tables/036_Health_Bulletin_2014/table_0199.csv,health_stat,2,3
extracted_tables/036_Health_Bulletin_2014/table_0210.csv,health_stat,6,3
extracted_tables/036_Health_Bulletin_2014/table_0023.csv,other,2,3
extracted_tables/036_Health_Bulletin_2014/table_0160.csv,other,9,13
extracted_tables/036_Health_Bulletin_2014/table_0011.csv,other,3,3
extracted_tables/036_Health_Bulletin_2014/table_0184.csv,health_stat,3,3
extracted_tables/036_Health_Bulletin_2014/table_0224.csv,other,8,6
extracted_tables/036_Health_Bulletin_2014/table_0014.csv,other,2,2
extracted_tables/036_Health_Bulletin_2014/table_0102.csv,human_resource,8,3
extracted_tables/036_Health_Bulletin_2014/table_0006.csv,other,5,3
extracted_tables/036_Health_Bulletin_2014/table_0083.csv,other,3,3
extracted_tables/036_Health_Bulletin_2014/table_0127.csv,other,2,3
extracted_tables/036_Health_Bulletin_2014/table_0016.csv,other,2,2
extracted_tables/036_Health_Bulletin_2014/table_0051.csv,other,11,24
extracted_tables/036_Health_Bulletin_2014/table_0072.csv,other,4,6
extracted_tables/036_Health_Bulletin_2014/table_0194.csv,other,5,9
extracted_tables/036_Health_Bulletin_2014/table_0135.csv,other,2,3
extracted_tables/036_Health_Bulletin_2014/table_0206.csv,health_stat,4,3
extracted_tables/036_Health_Bulletin_2014/table_0013.csv,other,2,2
extracted_tables/036_Health_Bulletin_2014/table_0108.csv,other,2,3
extracted_tables/036_Health_Bulletin_2014/table_0027.csv,health_stat,2,7
extracted_tables/036_Health_Bulletin_2014/table_0126.csv,other,2,2
extracted_tables/036_Health_Bulletin_2014/table_0043.csv,health_stat,3,3
extracted_tables/036_Health_Bulletin_2014/table_0045.csv,health_stat,2,3
extracted_tables/036_Health_Bulletin_2014/table_0044.csv,health_stat,2,3
extracted_tables/036_Health_Bulletin_2014/table_0219.csv,other,2,7
extracted_tables/036_Health_Bulletin_2014/table_0111.csv,human_resource,4,9
extracted_tables/036_Health_Bulletin_2014/table_0090.csv,other,2,2
extracted_tables/036_Health_Bulletin_2014/table_0123.csv,other,4,9
extracted_tables/036_Health_Bulletin_2014/table_0172.csv,other,9,3
extracted_tables/036_Health_Bulletin_2014/table_0137.csv,other,2,7
extracted_tables/036_Health_Bulletin_2014/table_0152.csv,other,9,13
extracted_tables/036_Health_Bulletin_2014/table_0122.csv,other,2,3
extracted_tables/036_Health_Bulletin_2014/table_0094.csv,other,11,5
extracted_tables/036_Health_Bulletin_2014/table_0052.csv,other,3,9
extracted_tables/036_Health_Bulletin_2014/table_0140.csv,other,2,7
extracted_tables/036_Health_Bulletin_2014/table_0203.csv,health_stat,12,4
extracted_tables/036_Health_Bulletin_2014/table_0193.csv,human_resource,9,3
extracted_tables/036_Health_Bulletin_2014/table_0032.csv,other,2,2
extracted_tables/036_Health_Bulletin_2014/table_0066.csv,other,2,2
extracted_tables/036_Health_Bulletin_2014/table_0098.csv,other,2,5
extracted_tables/036_Health_Bulletin_2014/table_0103.csv,other,3,3
extracted_tables/036_Health_Bulletin_2014/table_0227.csv,other,3,4
extracted_tables/036_Health_Bulletin_2014/table_0074.csv,other,2,2
extracted_tables/036_Health_Bulletin_2014/table_0031.csv,other,2,2
extracted_tables/036_Health_Bulletin_2014/table_0147.csv,other,9,6
extracted_tables/036_Health_Bulletin_2014/table_0157.csv,other,9,13
extracted_tables/036_Health_Bulletin_2014/table_0225.csv,population,3,4
extracted_tables/036_Health_Bulletin_2014/table_0220.csv,other,5,7
extracted_tables/036_Health_Bulletin_2014/table_0163.csv,other,9,3
extracted_tables/036_Health_Bulletin_2014/table_0190.csv,other,3,5
extracted_tables/036_Health_Bulletin_2014/table_0069.csv,other,2,2
extracted_tables/036_Health_Bulletin_2014/table_0078.csv,other,2,2
extracted_tables/036_Health_Bulletin_2014/table_0195.csv,other,6,9
extracted_tables/036_Health_Bulletin_2014/table_0143.csv,other,9,6
extracted_tables/036_Health_Bulletin_2014/table_0174.csv,other,2,5
extracted_tables/036_Health_Bulletin_2014/table_0022.csv,other,2,2
extracted_tables/036_Health_Bulletin_2014/table_0015.csv,other,2,2
extracted_tables/036_Health_Bulletin_2014/table_0046.csv,health_stat,2,3
extracted_tables/036_Health_Bulletin_2014/table_0139.csv,other,15,9
extracted_tables/036_Health_Bulletin_2014/table_0222.csv,other,9,4
extracted_tables/036_Health_Bulletin_2014/table_0201.csv,other,2,3
extracted_tables/036_Health_Bulletin_2014/table_0226.csv,other,3,4
extracted_tables/036_Health_Bulletin_2014/table_0012.csv,other,3,3
extracted_tables/036_Health_Bulletin_2014/table_0061.csv,other,2,2
extracted_tables/036_Health_Bulletin_2014/table_0068.csv,other,2,2
extracted_tables/036_Health_Bulletin_2014/table_0057.csv,other,2,2
extracted_tables/036_Health_Bulletin_2014/table_0121.csv,other,8,3
extracted_tables/036_Health_Bulletin_2014/table_0019.csv,population,3,3
extracted_tables/036_Health_Bulletin_2014/table_0217.csv,health_stat,4,8
extracted_tables/036_Health_Bulletin_2014/table_0116.csv,human_resource,5,5
extracted_tables/036_Health_Bulletin_2014/table_0149.csv,other,9,9
extracted_tables/036_Health_Bulletin_2014/table_0124.csv,other,8,3
extracted_tables/036_Health_Bulletin_2014/table_0041.csv,health_stat,4,3
extracted_tables/036_Health_Bulletin_2014/table_0179.csv,other,6,3
extracted_tables/036_Health_Bulletin_2014/table_0128.csv,other,2,3
extracted_tables/036_Health_Bulletin_2014/table_0076.csv,other,2,2
extracted_tables/036_Health_Bulletin_2014/table_0162.csv,other,9,3
extracted_tables/036_Health_Bulletin_2014/table_0047.csv,health_stat,2,3
extracted_tables/036_Health_Bulletin_2014/table_0004.csv,population,3,3
extracted_tables/036_Health_Bulletin_2014/table_0088.csv,other,2,2
extracted_tables/036_Health_Bulletin_2014/table_0062.csv,other,2,2
extracted_tables/036_Health_Bulletin_2014/table_0161.csv,other,9,5
extracted_tables/036_Health_Bulletin_2014/table_0030.csv,health_stat,11,3
extracted_tables/036_Health_Bulletin_2014/table_0196.csv,other,2,3
extracted_tables/036_Health_Bulletin_2014/table_0187.csv,surgery,3,3
extracted_tables/036_Health_Bulletin_2014/table_0181.csv,population,11,3
extracted_tables/036_Health_Bulletin_2014/table_0205.csv,health_stat,6,3
extracted_tables/036_Health_Bulletin_2014/table_0050.csv,other,2,3
extracted_tables/036_Health_Bulletin_2014/table_0192.csv,human_resource,20,3
extracted_tables/036_Health_Bulletin_2014/table_0037.csv,health_stat,11,3
extracted_tables/036_Health_Bulletin_2014/table_0153.csv,other,9,13
extracted_tables/036_Health_Bulletin_2014/table_0107.csv,other,2,3
extracted_tables/036_Health_Bulletin_2014/table_0223.csv,other,8,5
extracted_tables/036_Health_Bulletin_2014/table_0054.csv,other,2,2
extracted_tables/036_Health_Bulletin_2014/table_0164.csv,other,9,3
extracted_tables/036_Health_Bulletin_2014/table_0026.csv,other,2,7
extracted_tables/036_Health_Bulletin_2014/table_0155.csv,other,9,13
extracted_tables/036_Health_Bulletin_2014/table_0204.csv,other,4,4
extracted_tables/036_Health_Bulletin_2014/table_0086.csv,other,2,2
extracted_tables/036_Health_Bulletin_2014/table_0008.csv,population,11,3
extracted_tables/036_Health_Bulletin_2014/table_0035.csv,other,2,2
extracted_tables/036_Health_Bulletin_2014/table_0058.csv,other,2,2
extracted_tables/036_Health_Bulletin_2014/table_0182.csv,population,9,3
extracted_tables/036_Health_Bulletin_2014/table_0169.csv,other,9,3
extracted_tables/036_Health_Bulletin_2014/table_0113.csv,human_resource,3,3
extracted_tables/036_Health_Bulletin_2014/table_0048.csv,health_stat,2,3
extracted_tables/036_Health_Bulletin_2014/table_0191.csv,health_stat,8,3
extracted_tables/036_Health_Bulletin_2014/table_0105.csv,other,2,2
extracted_tables/036_Health_Bulletin_2014/table_0063.csv,other,2,2
extracted_tables/036_Health_Bulletin_2014/table_0021.csv,other,2,2
extracted_tables/036_Health_Bulletin_2014/table_0100.csv,other,2,5
extracted_tables/036_Health_Bulletin_2014/table_0009.csv,population,3,3
extracted_tables/036_Health_Bulletin_2014/table_0148.csv,other,9,13
extracted_tables/036_Health_Bulletin_2014/table_0092.csv,other,2,2
extracted_tables/036_Health_Bulletin_2014/table_0117.csv,human_resource,5,5
extracted_tables/036_Health_Bulletin_2014/table_0177.csv,population,8,3
extracted_tables/036_Health_Bulletin_2014/table_0007.csv,other,4,3
extracted_tables/036_Health_Bulletin_2014/table_0176.csv,population,2,5
extracted_tables/036_Health_Bulletin_2014/table_0145.csv,other,9,8
extracted_tables/036_Health_Bulletin_2014/table_0087.csv,other,2,2
extracted_tables/036_Health_Bulletin_2014/table_0159.csv,other,9,13
extracted_tables/036_Health_Bulletin_2014/table_0170.csv,other,9,3
extracted_tables/036_Health_Bulletin_2014/table_0120.csv,population,4,3
extracted_tables/036_Health_Bulletin_2014/table_0093.csv,other,9,5
extracted_tables/036_Health_Bulletin_2014/table_0042.csv,health_stat,11,3
extracted_tables/036_Health_Bulletin_2014/table_0202.csv,other,2,3
extracted_tables/036_Health_Bulletin_2014/table_0112.csv,human_resource,4,5
extracted_tables/036_Health_Bulletin_2014/table_0097.csv,other,3,3
extracted_tables/036_Health_Bulletin_2014/table_0216.csv,other,6,4
extracted_tables/036_Health_Bulletin_2014/table_0141.csv,other,4,6
extracted_tables/036_Health_Bulletin_2014/table_0138.csv,population,3,9
extracted_tables/036_Health_Bulletin_2014/table_0082.csv,other,2,2
extracted_tables/036_Health_Bulletin_2014/table_0091.csv,other,2,2
extracted_tables/036_Health_Bulletin_2014/table_0038.csv,health_stat,11,3
extracted_tables/036_Health_Bulletin_2014/table_0218.csv,other,4,6
extracted_tables/036_Health_Bulletin_2014/table_0017.csv,other,2,5
extracted_tables/036_Health_Bulletin_2014/table_0175.csv,population,4,7
extracted_tables/036_Health_Bulletin_2014/table_0010.csv,health_stat,15,3
extracted_tables/036_Health_Bulletin_2014/table_0055.csv,other,2,2
extracted_tables/036_Health_Bulletin_2014/table_0003.csv,other,4,3
extracted_tables/036_Health_Bulletin_2014/table_0167.csv,other,9,3
extracted_tables/036_Health_Bulletin_2014/table_0033.csv,other,2,2
extracted_tables/036_Health_Bulletin_2014/table_0142.csv,other,9,6
extracted_tables/036_Health_Bulletin_2014/table_0228.csv,other,3,4
extracted_tables/036_Health_Bulletin_2014/table_0208.csv,population,4,3
extracted_tables/036_Health_Bulletin_2014/table_0084.csv,other,2,3
extracted_tables/036_Health_Bulletin_2014/table_0119.csv,other,16,3
extracted_tables/036_Health_Bulletin_2014/table_0229.csv,other,5,6
extracted_tables/036_Health_Bulletin_2014/table_0025.csv,other,2,5
extracted_tables/036_Health_Bulletin_2014/table_0150.csv,other,9,10
extracted_tables/036_Health_Bulletin_2014/table_0039.csv,health_stat,11,3
extracted_tables/036_Health_Bulletin_2014/table_0151.csv,other,9,13
extracted_tables/036_Health_Bulletin_2014/table_0215.csv,other,4,3
extracted_tables/036_Health_Bulletin_2014/table_0198.csv,other,2,3
extracted_tables/036_Health_Bulletin_2014/table_0133.csv,other,2,3
extracted_tables/036_Health_Bulletin_2014/table_0189.csv,other,3,5
extracted_tables/036_Health_Bulletin_2014/table_0211.csv,other,3,3
extracted_tables/036_Health_Bulletin_2014/table_0136.csv,other,3,5
extracted_tables/036_Health_Bulletin_2014/table_0178.csv,other,5,3
extracted_tables/036_Health_Bulletin_2014/table_0096.csv,other,2,5
extracted_tables/036_Health_Bulletin_2014/table_0106.csv,other,2,2
extracted_tables/036_Health_Bulletin_2014/table_0028.csv,health_stat,12,3
extracted_tables/036_Health_Bulletin_2014/table_0118.csv,surgery,2,7
extracted_tables/036_Health_Bulletin_2014/table_0073.csv,other,2,2
extracted_tables/036_Health_Bulletin_2014/table_0081.csv,other,2,2
extracted_tables/036_Health_Bulletin_2014/table_0095.csv,other,2,5
extracted_tables/036_Health_Bulletin_2014/table_0024.csv,health_stat,2,5
extracted_tables/036_Health_Bulletin_2014/table_0146.csv,other,9,7
extracted_tables/036_Health_Bulletin_2014/table_0166.csv,other,9,3
extracted_tables/036_Health_Bulletin_2014/table_0002.csv,other,4,4
extracted_tables/036_Health_Bulletin_2014/table_0005.csv,other,4,3
extracted_tables/036_Health_Bulletin_2014/table_0110.csv,human_resource,3,3
extracted_tables/036_Health_Bulletin_2014/table_0075.csv,other,2,3
extracted_tables/036_Health_Bulletin_2014/table_0221.csv,other,2,3
extracted_tables/036_Health_Bulletin_2014/table_0185.csv,other,2,3
extracted_tables/036_Health_Bulletin_2014/table_0173.csv,other,3,3
extracted_tables/036_Health_Bulletin_2014/table_0053.csv,other,2,9
extracted_tables/036_Health_Bulletin_2014/table_0144.csv,other,7,3
extracted_tables/036_Health_Bulletin_2014/table_0060.csv,other,2,2
extracted_tables/036_Health_Bulletin_2014/table_0158.csv,other,9,9
extracted_tables/036_Health_Bulletin_2014/table_0085.csv,other,2,3
extracted_tables/036_Health_Bulletin_2014/table_0065.csv,other,2,2
extracted_tables/036_Health_Bulletin_2014/table_0029.csv,health_stat,11,3
extracted_tables/036_Health_Bulletin_2014/table_0104.csv,other,2,2
extracted_tables/036_Health_Bulletin_2014/table_0132.csv,other,2,3
extracted_tables/036_Health_Bulletin_2014/table_0077.csv,other,2,2
extracted_tables/036_Health_Bulletin_2014/table_0212.csv,other,10,3
extracted_tables/036_Health_Bulletin_2014/table_0165.csv,other,9,3
extracted_tables/036_Health_Bulletin_2014/table_0001.csv,other,7,8
extracted_tables/036_Health_Bulletin_2014/table_0154.csv,other,9,13
extracted_tables/036_Health_Bulletin_2014/table_0059.csv,other,2,2
extracted_tables/036_Health_Bulletin_2014/table_0115.csv,human_resource,13,5
extracted_tables/036_Health_Bulletin_2014/table_0056.csv,other,2,2
extracted_tables/036_Health_Bulletin_2014/table_0200.csv,other,2,3
extracted_tables/036_Health_Bulletin_2014/table_0213.csv,other,3,3
extracted_tables/036_Health_Bulletin_2014/table_0067.csv,other,3,5
extracted_tables/036_Health_Bulletin_2014/table_0018.csv,other,2,9
extracted_tables/036_Health_Bulletin_2014/table_0183.csv,other,3,3
extracted_tables/036_Health_Bulletin_2014/table_0130.csv,other,2,3
extracted_tables/036_Health_Bulletin_2014/table_0197.csv,other,2,3
extracted_tables/036_Health_Bulletin_2014/table_0114.csv,human_resource,5,5
extracted_tables/035_Health_Bulletin_2015/table_0040.csv,other,2,2
extracted_tables/035_Health_Bulletin_2015/table_0036.csv,other,2,2
extracted_tables/035_Health_Bulletin_2015/table_0034.csv,other,4,13
extracted_tables/035_Health_Bulletin_2015/table_0020.csv,other,2,2
extracted_tables/035_Health_Bulletin_2015/table_0049.csv,other,3,4
extracted_tables/035_Health_Bulletin_2015/table_0023.csv,other,2,2
extracted_tables/035_Health_Bulletin_2015/table_0011.csv,other,2,2
extracted_tables/035_Health_Bulletin_2015/table_0014.csv,other,3,3
extracted_tables/035_Health_Bulletin_2015/table_0006.csv,other,2,2
extracted_tables/035_Health_Bulletin_2015/table_0016.csv,other,2,2
extracted_tables/035_Health_Bulletin_2015/table_0051.csv,other,3,4
extracted_tables/035_Health_Bulletin_2015/table_0013.csv,other,3,3
extracted_tables/035_Health_Bulletin_2015/table_0027.csv,other,3,7
extracted_tables/035_Health_Bulletin_2015/table_0043.csv,other,2,2
extracted_tables/035_Health_Bulletin_2015/table_0045.csv,other,2,2
extracted_tables/035_Health_Bulletin_2015/table_0044.csv,other,2,2
extracted_tables/035_Health_Bulletin_2015/table_0052.csv,other,3,2
extracted_tables/035_Health_Bulletin_2015/table_0032.csv,other,6,11
extracted_tables/035_Health_Bulletin_2015/table_0031.csv,other,4,17
extracted_tables/035_Health_Bulletin_2015/table_0022.csv,other,2,2
extracted_tables/035_Health_Bulletin_2015/table_0015.csv,other,2,2
extracted_tables/035_Health_Bulletin_2015/table_0046.csv,other,4,3
extracted_tables/035_Health_Bulletin_2015/table_0012.csv,other,3,3
extracted_tables/035_Health_Bulletin_2015/table_0019.csv,other,2,2
extracted_tables/035_Health_Bulletin_2015/table_0041.csv,other,2,2
extracted_tables/035_Health_Bulletin_2015/table_0047.csv,other,4,5
extracted_tables/035_Health_Bulletin_2015/table_0004.csv,other,5,24
extracted_tables/035_Health_Bulletin_2015/table_0030.csv,other,6,7
extracted_tables/035_Health_Bulletin_2015/table_0050.csv,other,2,2
extracted_tables/035_Health_Bulletin_2015/table_0037.csv,other,2,2
extracted_tables/035_Health_Bulletin_2015/table_0026.csv,other,5,7
extracted_tables/035_Health_Bulletin_2015/table_0008.csv,other,2,2
extracted_tables/035_Health_Bulletin_2015/table_0035.csv,other,2,2
extracted_tables/035_Health_Bulletin_2015/table_0048.csv,other,2,2
extracted_tables/035_Health_Bulletin_2015/table_0021.csv,other,2,2
extracted_tables/035_Health_Bulletin_2015/table_0009.csv,other,2,2
extracted_tables/035_Health_Bulletin_2015/table_0007.csv,other,2,2
extracted_tables/035_Health_Bulletin_2015/table_0042.csv,other,2,2
extracted_tables/035_Health_Bulletin_2015/table_0038.csv,other,2,2
extracted_tables/035_Health_Bulletin_2015/table_0017.csv,other,2,2
extracted_tables/035_Health_Bulletin_2015/table_0010.csv,other,2,2
extracted_tables/035_Health_Bulletin_2015/table_0003.csv,other,2,2
extracted_tables/035_Health_Bulletin_2015/table_0033.csv,other,7,7
extracted_tables/035_Health_Bulletin_2015/table_0025.csv,other,4,7
extracted_tables/035_Health_Bulletin_2015/table_0039.csv,other,2,2
extracted_tables/035_Health_Bulletin_2015/table_0028.csv,other,2,6
extracted_tables/035_Health_Bulletin_2015/table_0024.csv,other,2,2
extracted_tables/035_Health_Bulletin_2015/table_0002.csv,other,2,2
extracted_tables/035_Health_Bulletin_2015/table_0005.csv,other,8,8
extracted_tables/035_Health_Bulletin_2015/table_0053.csv,other,2,3
extracted_tables/035_Health_Bulletin_2015/table_0029.csv,other,11,14
extracted_tables/035_Health_Bulletin_2015/table_0001.csv,other,3,5
extracted_tables/035_Health_Bulletin_2015/table_0018.csv,other,2,2
extracted_tables/075_Hospital_Cancer_Registry_Report_2015-2017/table_023.csv,cancer,6,4
extracted_tables/075_Hospital_Cancer_Registry_Report_2015-2017/table_058.csv,cancer,32,12
extracted_tables/075_Hospital_Cancer_Registry_Report_2015-2017/table_015.csv,cancer,29,4
extracted_tables/075_Hospital_Cancer_Registry_Report_2015-2017/table_033.csv,cancer,45,8
extracted_tables/075_Hospital_Cancer_Registry_Report_2015-2017/table_065.csv,cancer,40,8
extracted_tables/075_Hospital_Cancer_Registry_Report_2015-2017/table_097.csv,cancer,45,8
extracted_tables/075_Hospital_Cancer_Registry_Report_2015-2017/table_021.csv,other,8,10
extracted_tables/075_Hospital_Cancer_Registry_Report_2015-2017/table_006.csv,cancer,20,4
extracted_tables/075_Hospital_Cancer_Registry_Report_2015-2017/table_090.csv,cancer,35,12
extracted_tables/075_Hospital_Cancer_Registry_Report_2015-2017/table_073.csv,cancer,12,4
extracted_tables/075_Hospital_Cancer_Registry_Report_2015-2017/table_095.csv,cancer,48,8
extracted_tables/075_Hospital_Cancer_Registry_Report_2015-2017/table_076.csv,cancer,12,4
extracted_tables/075_Hospital_Cancer_Registry_Report_2015-2017/table_018.csv,cancer,22,4
extracted_tables/075_Hospital_Cancer_Registry_Report_2015-2017/table_017.csv,other,8,4
extracted_tables/075_Hospital_Cancer_Registry_Report_2015-2017/table_057.csv,cancer,35,12
extracted_tables/075_Hospital_Cancer_Registry_Report_2015-2017/table_037.csv,cancer,11,4
extracted_tables/075_Hospital_Cancer_Registry_Report_2015-2017/table_098.csv,cancer,41,8
extracted_tables/075_Hospital_Cancer_Registry_Report_2015-2017/table_043.csv,cancer,12,4
extracted_tables/075_Hospital_Cancer_Registry_Report_2015-2017/table_063.csv,cancer,47,8
extracted_tables/075_Hospital_Cancer_Registry_Report_2015-2017/table_062.csv,cancer,29,12
extracted_tables/075_Hospital_Cancer_Registry_Report_2015-2017/table_002.csv,cancer,12,3
extracted_tables/075_Hospital_Cancer_Registry_Report_2015-2017/table_077.csv,cancer,12,4
extracted_tables/075_Hospital_Cancer_Registry_Report_2015-2017/table_059.csv,cancer,31,12
extracted_tables/075_Hospital_Cancer_Registry_Report_2015-2017/table_044.csv,cancer,26,6
extracted_tables/075_Hospital_Cancer_Registry_Report_2015-2017/table_049.csv,cancer,11,3
extracted_tables/075_Hospital_Cancer_Registry_Report_2015-2017/table_012.csv,other,12,4
extracted_tables/075_Hospital_Cancer_Registry_Report_2015-2017/table_013.csv,cancer,12,4
extracted_tables/075_Hospital_Cancer_Registry_Report_2015-2017/table_032.csv,cancer,46,8
extracted_tables/075_Hospital_Cancer_Registry_Report_2015-2017/table_083.csv,other,6,3
extracted_tables/075_Hospital_Cancer_Registry_Report_2015-2017/table_041.csv,other,12,4
extracted_tables/075_Hospital_Cancer_Registry_Report_2015-2017/table_056.csv,other,7,10
extracted_tables/075_Hospital_Cancer_Registry_Report_2015-2017/table_068.csv,cancer,40,8
extracted_tables/075_Hospital_Cancer_Registry_Report_2015-2017/table_092.csv,cancer,36,12
extracted_tables/075_Hospital_Cancer_Registry_Report_2015-2017/table_054.csv,other,12,17
extracted_tables/075_Hospital_Cancer_Registry_Report_2015-2017/table_070.csv,other,29,4
extracted_tables/075_Hospital_Cancer_Registry_Report_2015-2017/table_026.csv,cancer,30,11
extracted_tables/075_Hospital_Cancer_Registry_Report_2015-2017/table_060.csv,cancer,35,12
extracted_tables/075_Hospital_Cancer_Registry_Report_2015-2017/table_008.csv,cancer,11,4
extracted_tables/075_Hospital_Cancer_Registry_Report_2015-2017/table_089.csv,cancer,18,12
extracted_tables/075_Hospital_Cancer_Registry_Report_2015-2017/table_051.csv,other,9,12
extracted_tables/075_Hospital_Cancer_Registry_Report_2015-2017/table_088.csv,cancer,31,12
extracted_tables/075_Hospital_Cancer_Registry_Report_2015-2017/table_093.csv,cancer,45,8
extracted_tables/075_Hospital_Cancer_Registry_Report_2015-2017/table_042.csv,cancer,12,4
extracted_tables/075_Hospital_Cancer_Registry_Report_2015-2017/table_007.csv,other,29,4
extracted_tables/075_Hospital_Cancer_Registry_Report_2015-2017/table_061.csv,cancer,31,12
extracted_tables/075_Hospital_Cancer_Registry_Report_2015-2017/table_040.csv,cancer,12,4
extracted_tables/075_Hospital_Cancer_Registry_Report_2015-2017/table_072.csv,cancer,11,4
extracted_tables/075_Hospital_Cancer_Registry_Report_2015-2017/table_067.csv,cancer,42,8
extracted_tables/075_Hospital_Cancer_Registry_Report_2015-2017/table_079.csv,cancer,12,4
extracted_tables/075_Hospital_Cancer_Registry_Report_2015-2017/table_053.csv,cancer,6,4
extracted_tables/075_Hospital_Cancer_Registry_Report_2015-2017/table_025.csv,cancer,35,11
extracted_tables/075_Hospital_Cancer_Registry_Report_2015-2017/table_038.csv,cancer,11,4
extracted_tables/075_Hospital_Cancer_Registry_Report_2015-2017/table_078.csv,cancer,29,4
extracted_tables/075_Hospital_Cancer_Registry_Report_2015-2017/table_087.csv,cancer,31,12
extracted_tables/075_Hospital_Cancer_Registry_Report_2015-2017/table_064.csv,cancer,47,8
extracted_tables/075_Hospital_Cancer_Registry_Report_2015-2017/table_036.csv,other,29,4
extracted_tables/075_Hospital_Cancer_Registry_Report_2015-2017/table_050.csv,other,6,3
extracted_tables/075_Hospital_Cancer_Registry_Report_2015-2017/table_086.csv,cancer,35,12
extracted_tables/075_Hospital_Cancer_Registry_Report_2015-2017/table_001.csv,cancer,12,3
extracted_tables/075_Hospital_Cancer_Registry_Report_2015-2017/table_066.csv,cancer,42,8
extracted_tables/075_Hospital_Cancer_Registry_Report_2015-2017/table_046.csv,cancer,9,4
extracted_tables/075_Hospital_Cancer_Registry_Report_2015-2017/table_085.csv,cancer,5,4
extracted_tables/075_Hospital_Cancer_Registry_Report_2015-2017/table_039.csv,cancer,12,4
extracted_tables/075_Hospital_Cancer_Registry_Report_2015-2017/table_048.csv,other,9,13
extracted_tables/075_Hospital_Cancer_Registry_Report_2015-2017/table_075.csv,other,12,4
extracted_tables/075_Hospital_Cancer_Registry_Report_2015-2017/table_094.csv,cancer,46,8
extracted_tables/075_Hospital_Cancer_Registry_Report_2015-2017/table_016.csv,cancer,15,4
extracted_tables/075_Hospital_Cancer_Registry_Report_2015-2017/table_082.csv,cancer,10,3
extracted_tables/075_Hospital_Cancer_Registry_Report_2015-2017/table_014.csv,cancer,12,4
extracted_tables/075_Hospital_Cancer_Registry_Report_2015-2017/table_029.csv,cancer,33,11
extracted_tables/075_Hospital_Cancer_Registry_Report_2015-2017/table_052.csv,cancer,6,3
extracted_tables/075_Hospital_Cancer_Registry_Report_2015-2017/table_055.csv,other,6,6
extracted_tables/075_Hospital_Cancer_Registry_Report_2015-2017/table_091.csv,cancer,33,12
extracted_tables/075_Hospital_Cancer_Registry_Report_2015-2017/table_005.csv,surgery,14,3
extracted_tables/075_Hospital_Cancer_Registry_Report_2015-2017/table_031.csv,cancer,33,11
extracted_tables/075_Hospital_Cancer_Registry_Report_2015-2017/table_080.csv,other,7,4
extracted_tables/075_Hospital_Cancer_Registry_Report_2015-2017/table_096.csv,cancer,45,8
extracted_tables/075_Hospital_Cancer_Registry_Report_2015-2017/table_069.csv,cancer,21,4
extracted_tables/075_Hospital_Cancer_Registry_Report_2015-2017/table_011.csv,cancer,12,4
extracted_tables/075_Hospital_Cancer_Registry_Report_2015-2017/table_030.csv,other,36,13
extracted_tables/075_Hospital_Cancer_Registry_Report_2015-2017/table_045.csv,cancer,12,4
extracted_tables/075_Hospital_Cancer_Registry_Report_2015-2017/table_022.csv,cancer,6,3
extracted_tables/075_Hospital_Cancer_Registry_Report_2015-2017/table_003.csv,cancer,12,3
extracted_tables/075_Hospital_Cancer_Registry_Report_2015-2017/table_019.csv,cancer,11,5
extracted_tables/075_Hospital_Cancer_Registry_Report_2015-2017/table_024.csv,cancer,38,11
extracted_tables/075_Hospital_Cancer_Registry_Report_2015-2017/table_047.csv,cancer,22,4
extracted_tables/075_Hospital_Cancer_Registry_Report_2015-2017/table_084.csv,cancer,6,3
extracted_tables/075_Hospital_Cancer_Registry_Report_2015-2017/table_010.csv,cancer,12,4
extracted_tables/075_Hospital_Cancer_Registry_Report_2015-2017/table_009.csv,cancer,11,4
extracted_tables/075_Hospital_Cancer_Registry_Report_2015-2017/table_028.csv,cancer,38,11
extracted_tables/075_Hospital_Cancer_Registry_Report_2015-2017/table_020.csv,other,6,3
extracted_tables/075_Hospital_Cancer_Registry_Report_2015-2017/table_027.csv,cancer,37,11
extracted_tables/075_Hospital_Cancer_Registry_Report_2015-2017/table_035.csv,cancer,19,4
extracted_tables/075_Hospital_Cancer_Registry_Report_2015-2017/table_081.csv,cancer,27,4
extracted_tables/075_Hospital_Cancer_Registry_Report_2015-2017/table_071.csv,cancer,11,4
extracted_tables/075_Hospital_Cancer_Registry_Report_2015-2017/table_074.csv,cancer,12,4
extracted_tables/075_Hospital_Cancer_Registry_Report_2015-2017/table_004.csv,surgery,15,3
extracted_tables/075_Hospital_Cancer_Registry_Report_2015-2017/table_034.csv,cancer,47,8
extracted_tables/029_Health_Bulletin_2021/table_0168.csv,population,11,24
extracted_tables/029_Health_Bulletin_2021/table_0188.csv,human_resource,5,2
extracted_tables/029_Health_Bulletin_2021/table_0071.csv,other,2,2
extracted_tables/029_Health_Bulletin_2021/table_0040.csv,other,12,4
extracted_tables/029_Health_Bulletin_2021/table_0036.csv,population,7,9
extracted_tables/029_Health_Bulletin_2021/table_0134.csv,other,2,2
extracted_tables/029_Health_Bulletin_2021/table_0131.csv,other,15,7
extracted_tables/029_Health_Bulletin_2021/table_0125.csv,other,17,9
extracted_tables/029_Health_Bulletin_2021/table_0034.csv,other,3,2
extracted_tables/029_Health_Bulletin_2021/table_0079.csv,other,14,25
extracted_tables/029_Health_Bulletin_2021/table_0180.csv,other,3,4
extracted_tables/029_Health_Bulletin_2021/table_0171.csv,other,2,3
extracted_tables/029_Health_Bulletin_2021/table_0064.csv,other,8,10
extracted_tables/029_Health_Bulletin_2021/table_0129.csv,other,19,5
extracted_tables/029_Health_Bulletin_2021/table_0020.csv,other,17,26
extracted_tables/029_Health_Bulletin_2021/table_0101.csv,health_stat,16,6
extracted_tables/029_Health_Bulletin_2021/table_0186.csv,surgery,13,4
extracted_tables/029_Health_Bulletin_2021/table_0099.csv,population,30,33
extracted_tables/029_Health_Bulletin_2021/table_0070.csv,other,4,3
extracted_tables/029_Health_Bulletin_2021/table_0109.csv,health_stat,7,17
extracted_tables/029_Health_Bulletin_2021/table_0156.csv,other,8,9
extracted_tables/029_Health_Bulletin_2021/table_0089.csv,health_stat,4,7
extracted_tables/029_Health_Bulletin_2021/table_0080.csv,other,13,11
extracted_tables/029_Health_Bulletin_2021/table_0049.csv,other,3,8
extracted_tables/029_Health_Bulletin_2021/table_0023.csv,other,2,4
extracted_tables/029_Health_Bulletin_2021/table_0160.csv,other,11,3
extracted_tables/029_Health_Bulletin_2021/table_0011.csv,other,2,2
extracted_tables/029_Health_Bulletin_2021/table_0184.csv,other,8,3
extracted_tables/029_Health_Bulletin_2021/table_0014.csv,other,5,9
extracted_tables/029_Health_Bulletin_2021/table_0102.csv,health_stat,19,5
extracted_tables/029_Health_Bulletin_2021/table_0006.csv,population,9,9
extracted_tables/029_Health_Bulletin_2021/table_0083.csv,human_resource,8,6
extracted_tables/029_Health_Bulletin_2021/table_0127.csv,other,10,5
extracted_tables/029_Health_Bulletin_2021/table_0016.csv,other,6,4
extracted_tables/029_Health_Bulletin_2021/table_0051.csv,other,19,7
extracted_tables/029_Health_Bulletin_2021/table_0072.csv,other,9,13
extracted_tables/029_Health_Bulletin_2021/table_0135.csv,health_stat,11,5
extracted_tables/029_Health_Bulletin_2021/table_0013.csv,other,2,2
extracted_tables/029_Health_Bulletin_2021/table_0108.csv,other,5,2
extracted_tables/029_Health_Bulletin_2021/table_0027.csv,health_stat,8,15
extracted_tables/029_Health_Bulletin_2021/table_0126.csv,other,19,8
extracted_tables/029_Health_Bulletin_2021/table_0043.csv,other,12,4
extracted_tables/029_Health_Bulletin_2021/table_0045.csv,other,37,2
extracted_tables/029_Health_Bulletin_2021/table_0044.csv,population,8,2
extracted_tables/029_Health_Bulletin_2021/table_0111.csv,health_stat,7,13
extracted_tables/029_Health_Bulletin_2021/table_0090.csv,other,14,16
extracted_tables/029_Health_Bulletin_2021/table_0123.csv,other,9,5
extracted_tables/029_Health_Bulletin_2021/table_0172.csv,other,3,3
extracted_tables/029_Health_Bulletin_2021/table_0137.csv,human_resource,13,10
extracted_tables/029_Health_Bulletin_2021/table_0152.csv,other,5,11
extracted_tables/029_Health_Bulletin_2021/table_0122.csv,other,15,8
extracted_tables/029_Health_Bulletin_2021/table_0094.csv,health_stat,13,7
extracted_tables/029_Health_Bulletin_2021/table_0052.csv,other,6,8
extracted_tables/029_Health_Bulletin_2021/table_0140.csv,human_resource,12,18
extracted_tables/029_Health_Bulletin_2021/table_0032.csv,population,22,2
extracted_tables/029_Health_Bulletin_2021/table_0066.csv,other,6,4
extracted_tables/029_Health_Bulletin_2021/table_0098.csv,health_stat,34,25
extracted_tables/029_Health_Bulletin_2021/table_0103.csv,population,53,9
extracted_tables/029_Health_Bulletin_2021/table_0074.csv,other,15,6
extracted_tables/029_Health_Bulletin_2021/table_0031.csv,other,11,31
extracted_tables/029_Health_Bulletin_2021/table_0147.csv,other,10,36
extracted_tables/029_Health_Bulletin_2021/table_0157.csv,other,5,2
extracted_tables/029_Health_Bulletin_2021/table_0163.csv,other,2,2
extracted_tables/029_Health_Bulletin_2021/table_0190.csv,other,10,9
extracted_tables/029_Health_Bulletin_2021/table_0069.csv,other,2,2
extracted_tables/029_Health_Bulletin_2021/table_0078.csv,other,3,2
extracted_tables/029_Health_Bulletin_2021/table_0143.csv,other,28,4
extracted_tables/029_Health_Bulletin_2021/table_0174.csv,other,10,13
extracted_tables/029_Health_Bulletin_2021/table_0022.csv,other,18,46
extracted_tables/029_Health_Bulletin_2021/table_0015.csv,other,7,13
extracted_tables/029_Health_Bulletin_2021/table_0046.csv,other,22,10
extracted_tables/029_Health_Bulletin_2021/table_0139.csv,human_resource,7,17
extracted_tables/029_Health_Bulletin_2021/table_0012.csv,population,7,6
extracted_tables/029_Health_Bulletin_2021/table_0061.csv,other,7,3
extracted_tables/029_Health_Bulletin_2021/table_0068.csv,other,2,4
extracted_tables/029_Health_Bulletin_2021/table_0057.csv,health_stat,12,8
extracted_tables/029_Health_Bulletin_2021/table_0121.csv,other,2,3
extracted_tables/029_Health_Bulletin_2021/table_0019.csv,health_stat,4,2
extracted_tables/029_Health_Bulletin_2021/table_0116.csv,other,10,19
extracted_tables/029_Health_Bulletin_2021/table_0149.csv,other,22,42
extracted_tables/029_Health_Bulletin_2021/table_0124.csv,other,13,8
extracted_tables/029_Health_Bulletin_2021/table_0041.csv,health_stat,5,7
extracted_tables/029_Health_Bulletin_2021/table_0179.csv,other,2,2
extracted_tables/029_Health_Bulletin_2021/table_0128.csv,other,19,8
extracted_tables/029_Health_Bulletin_2021/table_0076.csv,other,7,5
extracted_tables/029_Health_Bulletin_2021/table_0162.csv,other,2,2
extracted_tables/029_Health_Bulletin_2021/table_0047.csv,other,5,6
extracted_tables/029_Health_Bulletin_2021/table_0004.csv,other,9,10
extracted_tables/029_Health_Bulletin_2021/table_0088.csv,cancer,4,6
extracted_tables/029_Health_Bulletin_2021/table_0062.csv,other,10,10
extracted_tables/029_Health_Bulletin_2021/table_0161.csv,other,8,2
extracted_tables/029_Health_Bulletin_2021/table_0030.csv,other,12,45
extracted_tables/029_Health_Bulletin_2021/table_0187.csv,population,14,6
extracted_tables/029_Health_Bulletin_2021/table_0181.csv,other,25,6
extracted_tables/029_Health_Bulletin_2021/table_0050.csv,other,5,10
extracted_tables/029_Health_Bulletin_2021/table_0037.csv,other,5,2
extracted_tables/029_Health_Bulletin_2021/table_0153.csv,other,13,4
extracted_tables/029_Health_Bulletin_2021/table_0107.csv,health_stat,5,6
extracted_tables/029_Health_Bulletin_2021/table_0054.csv,other,16,11
extracted_tables/029_Health_Bulletin_2021/table_0164.csv,other,2,2
extracted_tables/029_Health_Bulletin_2021/table_0026.csv,other,9,2
extracted_tables/029_Health_Bulletin_2021/table_0155.csv,other,4,14
extracted_tables/029_Health_Bulletin_2021/table_0086.csv,health_stat,9,6
extracted_tables/029_Health_Bulletin_2021/table_0008.csv,other,12,7
extracted_tables/029_Health_Bulletin_2021/table_0035.csv,other,4,4
extracted_tables/029_Health_Bulletin_2021/table_0058.csv,other,9,13
extracted_tables/029_Health_Bulletin_2021/table_0182.csv,other,2,9
extracted_tables/029_Health_Bulletin_2021/table_0169.csv,surgery,13,7
extracted_tables/029_Health_Bulletin_2021/table_0113.csv,other,2,3
extracted_tables/029_Health_Bulletin_2021/table_0048.csv,other,8,8
extracted_tables/029_Health_Bulletin_2021/table_0191.csv,other,14,11
extracted_tables/029_Health_Bulletin_2021/table_0105.csv,surgery,2,8
extracted_tables/029_Health_Bulletin_2021/table_0063.csv,other,26,9
extracted_tables/029_Health_Bulletin_2021/table_0021.csv,other,2,2
extracted_tables/029_Health_Bulletin_2021/table_0100.csv,population,8,19
extracted_tables/029_Health_Bulletin_2021/table_0009.csv,health_stat,15,33
extracted_tables/029_Health_Bulletin_2021/table_0148.csv,other,17,31
extracted_tables/029_Health_Bulletin_2021/table_0092.csv,other,10,8
extracted_tables/029_Health_Bulletin_2021/table_0117.csv,other,2,2
extracted_tables/029_Health_Bulletin_2021/table_0177.csv,other,6,15
extracted_tables/029_Health_Bulletin_2021/table_0007.csv,other,3,2
extracted_tables/029_Health_Bulletin_2021/table_0176.csv,other,4,11
extracted_tables/029_Health_Bulletin_2021/table_0145.csv,other,6,4
extracted_tables/029_Health_Bulletin_2021/table_0087.csv,other,4,6
extracted_tables/029_Health_Bulletin_2021/table_0159.csv,other,11,4
extracted_tables/029_Health_Bulletin_2021/table_0170.csv,other,10,32
extracted_tables/029_Health_Bulletin_2021/table_0120.csv,other,10,19
extracted_tables/029_Health_Bulletin_2021/table_0093.csv,health_stat,22,10
extracted_tables/029_Health_Bulletin_2021/table_0042.csv,human_resource,5,7
extracted_tables/029_Health_Bulletin_2021/table_0112.csv,other,9,15
extracted_tables/029_Health_Bulletin_2021/table_0097.csv,health_stat,21,33
extracted_tables/029_Health_Bulletin_2021/table_0141.csv,other,7,12
extracted_tables/029_Health_Bulletin_2021/table_0138.csv,other,5,7
extracted_tables/029_Health_Bulletin_2021/table_0082.csv,other,13,10
extracted_tables/029_Health_Bulletin_2021/table_0091.csv,health_stat,13,16
extracted_tables/029_Health_Bulletin_2021/table_0038.csv,other,13,11
extracted_tables/029_Health_Bulletin_2021/table_0017.csv,other,3,7
extracted_tables/029_Health_Bulletin_2021/table_0175.csv,other,9,7
extracted_tables/029_Health_Bulletin_2021/table_0010.csv,population,2,2
extracted_tables/029_Health_Bulletin_2021/table_0055.csv,other,13,13
extracted_tables/029_Health_Bulletin_2021/table_0003.csv,other,3,2
extracted_tables/029_Health_Bulletin_2021/table_0167.csv,cancer,4,2
extracted_tables/029_Health_Bulletin_2021/table_0033.csv,other,8,2
extracted_tables/029_Health_Bulletin_2021/table_0142.csv,other,11,4
extracted_tables/029_Health_Bulletin_2021/table_0084.csv,health_stat,12,6
extracted_tables/029_Health_Bulletin_2021/table_0119.csv,other,3,2
extracted_tables/029_Health_Bulletin_2021/table_0025.csv,population,12,18
extracted_tables/029_Health_Bulletin_2021/table_0150.csv,other,4,3
extracted_tables/029_Health_Bulletin_2021/table_0039.csv,population,6,5
extracted_tables/029_Health_Bulletin_2021/table_0151.csv,other,18,4
extracted_tables/029_Health_Bulletin_2021/table_0133.csv,health_stat,13,2
extracted_tables/029_Health_Bulletin_2021/table_0189.csv,other,7,4
extracted_tables/029_Health_Bulletin_2021/table_0136.csv,human_resource,9,24
extracted_tables/029_Health_Bulletin_2021/table_0178.csv,other,6,2
extracted_tables/029_Health_Bulletin_2021/table_0096.csv,health_stat,21,33
extracted_tables/029_Health_Bulletin_2021/table_0106.csv,population,5,3
extracted_tables/029_Health_Bulletin_2021/table_0028.csv,other,6,9
extracted_tables/029_Health_Bulletin_2021/table_0118.csv,other,10,19
extracted_tables/029_Health_Bulletin_2021/table_0073.csv,other,3,9
extracted_tables/029_Health_Bulletin_2021/table_0081.csv,other,2,26
extracted_tables/029_Health_Bulletin_2021/table_0095.csv,population,23,15
extracted_tables/029_Health_Bulletin_2021/table_0024.csv,other,2,3
extracted_tables/029_Health_Bulletin_2021/table_0146.csv,human_resource,16,17
extracted_tables/029_Health_Bulletin_2021/table_0166.csv,human_resource,4,2
extracted_tables/029_Health_Bulletin_2021/table_0002.csv,other,12,3
extracted_tables/029_Health_Bulletin_2021/table_0005.csv,population,7,6
extracted_tables/029_Health_Bulletin_2021/table_0110.csv,health_stat,6,13
extracted_tables/029_Health_Bulletin_2021/table_0075.csv,other,8,7
extracted_tables/029_Health_Bulletin_2021/table_0185.csv,other,10,2
extracted_tables/029_Health_Bulletin_2021/table_0173.csv,other,2,3
extracted_tables/029_Health_Bulletin_2021/table_0053.csv,health_stat,13,12
extracted_tables/029_Health_Bulletin_2021/table_0144.csv,other,8,12
extracted_tables/029_Health_Bulletin_2021/table_0060.csv,other,5,9
extracted_tables/029_Health_Bulletin_2021/table_0158.csv,other,3,2
extracted_tables/029_Health_Bulletin_2021/table_0085.csv,other,13,18
extracted_tables/029_Health_Bulletin_2021/table_0065.csv,health_stat,3,4
extracted_tables/029_Health_Bulletin_2021/table_0029.csv,health_stat,11,2
extracted_tables/029_Health_Bulletin_2021/table_0104.csv,population,10,3
extracted_tables/029_Health_Bulletin_2021/table_0132.csv,other,4,8
extracted_tables/029_Health_Bulletin_2021/table_0077.csv,other,4,4
extracted_tables/029_Health_Bulletin_2021/table_0165.csv,other,5,5
extracted_tables/029_Health_Bulletin_2021/table_0001.csv,other,4,2
extracted_tables/029_Health_Bulletin_2021/table_0154.csv,other,7,9
extracted_tables/029_Health_Bulletin_2021/table_0059.csv,other,4,12
extracted_tables/029_Health_Bulletin_2021/table_0115.csv,other,6,9
extracted_tables/029_Health_Bulletin_2021/table_0056.csv,other,11,10
extracted_tables/029_Health_Bulletin_2021/table_0067.csv,other,4,5
extracted_tables/029_Health_Bulletin_2021/table_0018.csv,other,16,10
extracted_tables/029_Health_Bulletin_2021/table_0183.csv,population,11,12
extracted_tables/029_Health_Bulletin_2021/table_0130.csv,other,19,7
extracted_tables/029_Health_Bulletin_2021/table_0114.csv,other,17,19
extracted_tables/074_Hospital_Cancer_Registry_Report_2014/table_023.csv,cancer,11,4
extracted_tables/074_Hospital_Cancer_Registry_Report_2014/table_015.csv,cancer,11,4
extracted_tables/074_Hospital_Cancer_Registry_Report_2014/table_033.csv,cancer,47,8
extracted_tables/074_Hospital_Cancer_Registry_Report_2014/table_021.csv,other,5,3
extracted_tables/074_Hospital_Cancer_Registry_Report_2014/table_006.csv,other,37,7
extracted_tables/074_Hospital_Cancer_Registry_Report_2014/table_018.csv,other,8,4
extracted_tables/074_Hospital_Cancer_Registry_Report_2014/table_017.csv,other,20,4
extracted_tables/074_Hospital_Cancer_Registry_Report_2014/table_002.csv,cancer,19,2
extracted_tables/074_Hospital_Cancer_Registry_Report_2014/table_012.csv,cancer,11,4
extracted_tables/074_Hospital_Cancer_Registry_Report_2014/table_013.csv,cancer,11,4
extracted_tables/074_Hospital_Cancer_Registry_Report_2014/table_032.csv,other,22,11
extracted_tables/074_Hospital_Cancer_Registry_Report_2014/table_026.csv,other,51,11
extracted_tables/074_Hospital_Cancer_Registry_Report_2014/table_008.csv,other,29,4
extracted_tables/074_Hospital_Cancer_Registry_Report_2014/table_007.csv,cancer,60,10
extracted_tables/074_Hospital_Cancer_Registry_Report_2014/table_025.csv,cancer,44,11
extracted_tables/074_Hospital_Cancer_Registry_Report_2014/table_001.csv,cancer,27,2
extracted_tables/074_Hospital_Cancer_Registry_Report_2014/table_016.csv,cancer,30,4
extracted_tables/074_Hospital_Cancer_Registry_Report_2014/table_014.csv,cancer,11,4
extracted_tables/074_Hospital_Cancer_Registry_Report_2014/table_029.csv,other,42,11
extracted_tables/074_Hospital_Cancer_Registry_Report_2014/table_005.csv,other,7,3
extracted_tables/074_Hospital_Cancer_Registry_Report_2014/table_031.csv,other,57,11
extracted_tables/074_Hospital_Cancer_Registry_Report_2014/table_011.csv,cancer,11,4
extracted_tables/074_Hospital_Cancer_Registry_Report_2014/table_030.csv,other,56,11
extracted_tables/074_Hospital_Cancer_Registry_Report_2014/table_022.csv,cancer,7,3
extracted_tables/074_Hospital_Cancer_Registry_Report_2014/table_003.csv,cancer,29,2
extracted_tables/074_Hospital_Cancer_Registry_Report_2014/table_019.csv,cancer,30,4
extracted_tables/074_Hospital_Cancer_Registry_Report_2014/table_024.csv,other,10,13
extracted_tables/074_Hospital_Cancer_Registry_Report_2014/table_010.csv,cancer,11,4
extracted_tables/074_Hospital_Cancer_Registry_Report_2014/table_009.csv,cancer,11,4
extracted_tables/074_Hospital_Cancer_Registry_Report_2014/table_028.csv,other,35,11
extracted_tables/074_Hospital_Cancer_Registry_Report_2014/table_020.csv,cancer,10,3
extracted_tables/074_Hospital_Cancer_Registry_Report_2014/table_027.csv,other,59,11
extracted_tables/074_Hospital_Cancer_Registry_Report_2014/table_035.csv,cancer,48,8
extracted_tables/074_Hospital_Cancer_Registry_Report_2014/table_004.csv,health_stat,11,2
extracted_tables/074_Hospital_Cancer_Registry_Report_2014/table_034.csv,cancer,47,8
