file,rows,cols
extracted_tables/042_Health_Bulletin_2008/table_023.csv,5,23
extracted_tables/042_Health_Bulletin_2008/table_104.csv,5,6
extracted_tables/042_Health_Bulletin_2008/table_058.csv,5,9
extracted_tables/042_Health_Bulletin_2008/table_015.csv,5,13
extracted_tables/042_Health_Bulletin_2008/table_033.csv,5,56
extracted_tables/042_Health_Bulletin_2008/table_065.csv,5,9
extracted_tables/042_Health_Bulletin_2008/table_097.csv,5,3
extracted_tables/042_Health_Bulletin_2008/table_105.csv,5,6
extracted_tables/042_Health_Bulletin_2008/table_021.csv,5,20
extracted_tables/042_Health_Bulletin_2008/table_006.csv,5,18
extracted_tables/042_Health_Bulletin_2008/table_121.csv,5,2
extracted_tables/042_Health_Bulletin_2008/table_099.csv,5,6
extracted_tables/042_Health_Bulletin_2008/table_090.csv,5,12
extracted_tables/042_Health_Bulletin_2008/table_073.csv,5,29
extracted_tables/042_Health_Bulletin_2008/table_095.csv,5,7
extracted_tables/042_Health_Bulletin_2008/table_103.csv,5,6
extracted_tables/042_Health_Bulletin_2008/table_113.csv,5,6
extracted_tables/042_Health_Bulletin_2008/table_076.csv,5,9
extracted_tables/042_Health_Bulletin_2008/table_018.csv,5,15
extracted_tables/042_Health_Bulletin_2008/table_017.csv,5,36
extracted_tables/042_Health_Bulletin_2008/table_109.csv,5,6
extracted_tables/042_Health_Bulletin_2008/table_057.csv,5,2
extracted_tables/042_Health_Bulletin_2008/table_037.csv,5,4
extracted_tables/042_Health_Bulletin_2008/table_098.csv,5,6
extracted_tables/042_Health_Bulletin_2008/table_043.csv,5,15
extracted_tables/042_Health_Bulletin_2008/table_063.csv,5,9
extracted_tables/042_Health_Bulletin_2008/table_062.csv,5,9
extracted_tables/042_Health_Bulletin_2008/table_002.csv,5,27
extracted_tables/042_Health_Bulletin_2008/table_077.csv,5,17
extracted_tables/042_Health_Bulletin_2008/table_059.csv,5,9
extracted_tables/042_Health_Bulletin_2008/table_044.csv,5,8
extracted_tables/042_Health_Bulletin_2008/table_049.csv,5,9
extracted_tables/042_Health_Bulletin_2008/table_114.csv,5,6
extracted_tables/042_Health_Bulletin_2008/table_012.csv,5,15
extracted_tables/042_Health_Bulletin_2008/table_013.csv,5,27
extracted_tables/042_Health_Bulletin_2008/table_032.csv,5,8
extracted_tables/042_Health_Bulletin_2008/table_083.csv,5,22
extracted_tables/042_Health_Bulletin_2008/table_041.csv,5,4
extracted_tables/042_Health_Bulletin_2008/table_127.csv,5,2
extracted_tables/042_Health_Bulletin_2008/table_102.csv,5,6
extracted_tables/042_Health_Bulletin_2008/table_129.csv,5,12
extracted_tables/042_Health_Bulletin_2008/table_056.csv,5,4
extracted_tables/042_Health_Bulletin_2008/table_068.csv,5,6
extracted_tables/042_Health_Bulletin_2008/table_092.csv,5,12
extracted_tables/042_Health_Bulletin_2008/table_054.csv,5,15
extracted_tables/042_Health_Bulletin_2008/table_070.csv,5,2
extracted_tables/042_Health_Bulletin_2008/table_026.csv,5,30
extracted_tables/042_Health_Bulletin_2008/table_110.csv,5,6
extracted_tables/042_Health_Bulletin_2008/table_060.csv,5,9
extracted_tables/042_Health_Bulletin_2008/table_008.csv,5,22
extracted_tables/042_Health_Bulletin_2008/table_089.csv,5,9
extracted_tables/042_Health_Bulletin_2008/table_051.csv,5,9
extracted_tables/042_Health_Bulletin_2008/table_108.csv,5,6
extracted_tables/042_Health_Bulletin_2008/table_126.csv,5,53
extracted_tables/042_Health_Bulletin_2008/table_088.csv,5,28
extracted_tables/042_Health_Bulletin_2008/table_093.csv,5,12
extracted_tables/042_Health_Bulletin_2008/table_101.csv,5,6
extracted_tables/042_Health_Bulletin_2008/table_042.csv,5,11
extracted_tables/042_Health_Bulletin_2008/table_007.csv,5,21
extracted_tables/042_Health_Bulletin_2008/table_061.csv,5,9
extracted_tables/042_Health_Bulletin_2008/table_040.csv,5,30
extracted_tables/042_Health_Bulletin_2008/table_072.csv,5,10
extracted_tables/042_Health_Bulletin_2008/table_067.csv,5,9
extracted_tables/042_Health_Bulletin_2008/table_079.csv,5,17
extracted_tables/042_Health_Bulletin_2008/table_053.csv,5,12
extracted_tables/042_Health_Bulletin_2008/table_025.csv,5,45
extracted_tables/042_Health_Bulletin_2008/table_038.csv,5,9
extracted_tables/042_Health_Bulletin_2008/table_078.csv,5,16
extracted_tables/042_Health_Bulletin_2008/table_087.csv,5,10
extracted_tables/042_Health_Bulletin_2008/table_120.csv,5,2
extracted_tables/042_Health_Bulletin_2008/table_064.csv,5,7
extracted_tables/042_Health_Bulletin_2008/table_036.csv,5,4
extracted_tables/042_Health_Bulletin_2008/table_116.csv,5,6
extracted_tables/042_Health_Bulletin_2008/table_112.csv,5,6
extracted_tables/042_Health_Bulletin_2008/table_050.csv,5,15
extracted_tables/042_Health_Bulletin_2008/table_125.csv,5,53
extracted_tables/042_Health_Bulletin_2008/table_111.csv,5,6
extracted_tables/042_Health_Bulletin_2008/table_086.csv,5,6
extracted_tables/042_Health_Bulletin_2008/table_001.csv,5,3
extracted_tables/042_Health_Bulletin_2008/table_066.csv,5,9
extracted_tables/042_Health_Bulletin_2008/table_046.csv,5,7
extracted_tables/042_Health_Bulletin_2008/table_085.csv,5,5
extracted_tables/042_Health_Bulletin_2008/table_039.csv,5,6
extracted_tables/042_Health_Bulletin_2008/table_048.csv,5,11
extracted_tables/042_Health_Bulletin_2008/table_075.csv,5,23
extracted_tables/042_Health_Bulletin_2008/table_094.csv,5,2
extracted_tables/042_Health_Bulletin_2008/table_016.csv,5,13
extracted_tables/042_Health_Bulletin_2008/table_082.csv,5,12
extracted_tables/042_Health_Bulletin_2008/table_014.csv,5,26
extracted_tables/042_Health_Bulletin_2008/table_119.csv,5,6
extracted_tables/042_Health_Bulletin_2008/table_029.csv,5,5
extracted_tables/042_Health_Bulletin_2008/table_052.csv,5,9
extracted_tables/042_Health_Bulletin_2008/table_055.csv,5,15
extracted_tables/042_Health_Bulletin_2008/table_091.csv,5,9
extracted_tables/042_Health_Bulletin_2008/table_005.csv,5,3
extracted_tables/042_Health_Bulletin_2008/table_100.csv,5,2
extracted_tables/042_Health_Bulletin_2008/table_031.csv,5,4
extracted_tables/042_Health_Bulletin_2008/table_080.csv,5,16
extracted_tables/042_Health_Bulletin_2008/table_096.csv,5,13
extracted_tables/042_Health_Bulletin_2008/table_123.csv,5,2
extracted_tables/042_Health_Bulletin_2008/table_069.csv,5,30
extracted_tables/042_Health_Bulletin_2008/table_011.csv,5,18
extracted_tables/042_Health_Bulletin_2008/table_030.csv,5,4
extracted_tables/042_Health_Bulletin_2008/table_045.csv,5,9
extracted_tables/042_Health_Bulletin_2008/table_128.csv,5,21
extracted_tables/042_Health_Bulletin_2008/table_106.csv,5,6
extracted_tables/042_Health_Bulletin_2008/table_022.csv,5,24
extracted_tables/042_Health_Bulletin_2008/table_003.csv,5,25
extracted_tables/042_Health_Bulletin_2008/table_117.csv,5,6
extracted_tables/042_Health_Bulletin_2008/table_019.csv,5,27
extracted_tables/042_Health_Bulletin_2008/table_024.csv,5,41
extracted_tables/042_Health_Bulletin_2008/table_047.csv,5,7
extracted_tables/042_Health_Bulletin_2008/table_118.csv,5,2
extracted_tables/042_Health_Bulletin_2008/table_122.csv,5,2
extracted_tables/042_Health_Bulletin_2008/table_084.csv,5,5
extracted_tables/042_Health_Bulletin_2008/table_010.csv,5,18
extracted_tables/042_Health_Bulletin_2008/table_115.csv,5,6
extracted_tables/042_Health_Bulletin_2008/table_009.csv,5,21
extracted_tables/042_Health_Bulletin_2008/table_028.csv,5,57
extracted_tables/042_Health_Bulletin_2008/table_020.csv,5,15
extracted_tables/042_Health_Bulletin_2008/table_027.csv,5,55
extracted_tables/042_Health_Bulletin_2008/table_035.csv,5,4
extracted_tables/042_Health_Bulletin_2008/table_124.csv,5,2
extracted_tables/042_Health_Bulletin_2008/table_081.csv,5,21
extracted_tables/042_Health_Bulletin_2008/table_071.csv,5,2
extracted_tables/042_Health_Bulletin_2008/table_130.csv,5,12
extracted_tables/042_Health_Bulletin_2008/table_074.csv,5,7
extracted_tables/042_Health_Bulletin_2008/table_004.csv,5,9
extracted_tables/042_Health_Bulletin_2008/table_034.csv,5,3
extracted_tables/042_Health_Bulletin_2008/table_107.csv,5,6
extracted_tables/054_Environmental_Management_Plan_Medical_Gas_System_CMCH/table_006.csv,5,13
extracted_tables/054_Environmental_Management_Plan_Medical_Gas_System_CMCH/table_002.csv,5,4
extracted_tables/054_Environmental_Management_Plan_Medical_Gas_System_CMCH/table_008.csv,5,13
extracted_tables/054_Environmental_Management_Plan_Medical_Gas_System_CMCH/table_007.csv,5,14
extracted_tables/054_Environmental_Management_Plan_Medical_Gas_System_CMCH/table_001.csv,5,4
extracted_tables/054_Environmental_Management_Plan_Medical_Gas_System_CMCH/table_005.csv,5,2
extracted_tables/054_Environmental_Management_Plan_Medical_Gas_System_CMCH/table_003.csv,5,2
extracted_tables/054_Environmental_Management_Plan_Medical_Gas_System_CMCH/table_009.csv,5,15
extracted_tables/054_Environmental_Management_Plan_Medical_Gas_System_CMCH/table_004.csv,5,2
extracted_tables/027_Health_Bulletin_2023/table_0168.csv,5,8
extracted_tables/027_Health_Bulletin_2023/table_0071.csv,5,2
extracted_tables/027_Health_Bulletin_2023/table_0040.csv,4,3
extracted_tables/027_Health_Bulletin_2023/table_0036.csv,4,4
extracted_tables/027_Health_Bulletin_2023/table_0134.csv,5,3
extracted_tables/027_Health_Bulletin_2023/table_0131.csv,4,3
extracted_tables/027_Health_Bulletin_2023/table_0125.csv,5,3
extracted_tables/027_Health_Bulletin_2023/table_0034.csv,5,6
extracted_tables/027_Health_Bulletin_2023/table_0079.csv,5,9
extracted_tables/027_Health_Bulletin_2023/table_0180.csv,5,5
extracted_tables/027_Health_Bulletin_2023/table_0171.csv,5,6
extracted_tables/027_Health_Bulletin_2023/table_0064.csv,5,2
extracted_tables/027_Health_Bulletin_2023/table_0129.csv,5,3
extracted_tables/027_Health_Bulletin_2023/table_0020.csv,5,2
extracted_tables/027_Health_Bulletin_2023/table_0101.csv,5,2
extracted_tables/027_Health_Bulletin_2023/table_0186.csv,5,5
extracted_tables/027_Health_Bulletin_2023/table_0099.csv,5,9
extracted_tables/027_Health_Bulletin_2023/table_0070.csv,5,4
extracted_tables/027_Health_Bulletin_2023/table_0109.csv,5,3
extracted_tables/027_Health_Bulletin_2023/table_0156.csv,5,4
extracted_tables/027_Health_Bulletin_2023/table_0089.csv,5,4
extracted_tables/027_Health_Bulletin_2023/table_0080.csv,5,3
extracted_tables/027_Health_Bulletin_2023/table_0049.csv,5,2
extracted_tables/027_Health_Bulletin_2023/table_0023.csv,5,2
extracted_tables/027_Health_Bulletin_2023/table_0160.csv,5,21
extracted_tables/027_Health_Bulletin_2023/table_0011.csv,5,5
extracted_tables/027_Health_Bulletin_2023/table_0184.csv,5,5
extracted_tables/027_Health_Bulletin_2023/table_0014.csv,5,5
extracted_tables/027_Health_Bulletin_2023/table_0102.csv,5,6
extracted_tables/027_Health_Bulletin_2023/table_0006.csv,5,5
extracted_tables/027_Health_Bulletin_2023/table_0083.csv,5,5
extracted_tables/027_Health_Bulletin_2023/table_0127.csv,5,3
extracted_tables/027_Health_Bulletin_2023/table_0016.csv,5,5
extracted_tables/027_Health_Bulletin_2023/table_0051.csv,5,5
extracted_tables/027_Health_Bulletin_2023/table_0072.csv,5,2
extracted_tables/027_Health_Bulletin_2023/table_0135.csv,5,4
extracted_tables/027_Health_Bulletin_2023/table_0013.csv,5,5
extracted_tables/027_Health_Bulletin_2023/table_0108.csv,5,5
extracted_tables/027_Health_Bulletin_2023/table_0027.csv,4,2
extracted_tables/027_Health_Bulletin_2023/table_0126.csv,5,3
extracted_tables/027_Health_Bulletin_2023/table_0043.csv,5,8
extracted_tables/027_Health_Bulletin_2023/table_0045.csv,4,3
extracted_tables/027_Health_Bulletin_2023/table_0044.csv,4,3
extracted_tables/027_Health_Bulletin_2023/table_0111.csv,5,4
extracted_tables/027_Health_Bulletin_2023/table_0090.csv,5,4
extracted_tables/027_Health_Bulletin_2023/table_0123.csv,5,11
extracted_tables/027_Health_Bulletin_2023/table_0172.csv,5,4
extracted_tables/027_Health_Bulletin_2023/table_0137.csv,5,6
extracted_tables/027_Health_Bulletin_2023/table_0152.csv,5,7
extracted_tables/027_Health_Bulletin_2023/table_0122.csv,5,11
extracted_tables/027_Health_Bulletin_2023/table_0094.csv,5,6
extracted_tables/027_Health_Bulletin_2023/table_0052.csv,5,2
extracted_tables/027_Health_Bulletin_2023/table_0140.csv,3,5
extracted_tables/027_Health_Bulletin_2023/table_0032.csv,5,5
extracted_tables/027_Health_Bulletin_2023/table_0066.csv,5,76
extracted_tables/027_Health_Bulletin_2023/table_0098.csv,5,4
extracted_tables/027_Health_Bulletin_2023/table_0103.csv,5,6
extracted_tables/027_Health_Bulletin_2023/table_0074.csv,4,2
extracted_tables/027_Health_Bulletin_2023/table_0031.csv,3,2
extracted_tables/027_Health_Bulletin_2023/table_0147.csv,5,4
extracted_tables/027_Health_Bulletin_2023/table_0157.csv,5,4
extracted_tables/027_Health_Bulletin_2023/table_0163.csv,5,9
extracted_tables/027_Health_Bulletin_2023/table_0069.csv,5,3
extracted_tables/027_Health_Bulletin_2023/table_0078.csv,5,5
extracted_tables/027_Health_Bulletin_2023/table_0143.csv,5,20
extracted_tables/027_Health_Bulletin_2023/table_0174.csv,5,3
extracted_tables/027_Health_Bulletin_2023/table_0022.csv,5,4
extracted_tables/027_Health_Bulletin_2023/table_0015.csv,5,5
extracted_tables/027_Health_Bulletin_2023/table_0046.csv,4,3
extracted_tables/027_Health_Bulletin_2023/table_0139.csv,5,7
extracted_tables/027_Health_Bulletin_2023/table_0012.csv,5,5
extracted_tables/027_Health_Bulletin_2023/table_0061.csv,5,5
extracted_tables/027_Health_Bulletin_2023/table_0068.csv,5,3
extracted_tables/027_Health_Bulletin_2023/table_0057.csv,5,59
extracted_tables/027_Health_Bulletin_2023/table_0121.csv,5,11
extracted_tables/027_Health_Bulletin_2023/table_0019.csv,4,5
extracted_tables/027_Health_Bulletin_2023/table_0116.csv,5,11
extracted_tables/027_Health_Bulletin_2023/table_0149.csv,5,4
extracted_tables/027_Health_Bulletin_2023/table_0124.csv,5,11
extracted_tables/027_Health_Bulletin_2023/table_0041.csv,5,8
extracted_tables/027_Health_Bulletin_2023/table_0179.csv,5,2
extracted_tables/027_Health_Bulletin_2023/table_0128.csv,5,3
extracted_tables/027_Health_Bulletin_2023/table_0076.csv,5,18
extracted_tables/027_Health_Bulletin_2023/table_0162.csv,5,16
extracted_tables/027_Health_Bulletin_2023/table_0047.csv,5,8
extracted_tables/027_Health_Bulletin_2023/table_0004.csv,5,13
extracted_tables/027_Health_Bulletin_2023/table_0088.csv,5,4
extracted_tables/027_Health_Bulletin_2023/table_0062.csv,5,5
extracted_tables/027_Health_Bulletin_2023/table_0161.csv,5,27
extracted_tables/027_Health_Bulletin_2023/table_0030.csv,5,5
extracted_tables/027_Health_Bulletin_2023/table_0181.csv,5,5
extracted_tables/027_Health_Bulletin_2023/table_0050.csv,5,2
extracted_tables/027_Health_Bulletin_2023/table_0037.csv,5,6
extracted_tables/027_Health_Bulletin_2023/table_0153.csv,5,17
extracted_tables/027_Health_Bulletin_2023/table_0107.csv,5,16
extracted_tables/027_Health_Bulletin_2023/table_0054.csv,5,9
extracted_tables/027_Health_Bulletin_2023/table_0164.csv,5,5
extracted_tables/027_Health_Bulletin_2023/table_0026.csv,5,17
extracted_tables/027_Health_Bulletin_2023/table_0155.csv,5,4
extracted_tables/027_Health_Bulletin_2023/table_0086.csv,5,6
extracted_tables/027_Health_Bulletin_2023/table_0008.csv,5,2
extracted_tables/027_Health_Bulletin_2023/table_0035.csv,5,6
extracted_tables/027_Health_Bulletin_2023/table_0058.csv,5,4
extracted_tables/027_Health_Bulletin_2023/table_0182.csv,5,5
extracted_tables/027_Health_Bulletin_2023/table_0169.csv,5,8
extracted_tables/027_Health_Bulletin_2023/table_0113.csv,5,11
extracted_tables/027_Health_Bulletin_2023/table_0048.csv,5,5
extracted_tables/027_Health_Bulletin_2023/table_0105.csv,5,17
extracted_tables/027_Health_Bulletin_2023/table_0063.csv,5,3
extracted_tables/027_Health_Bulletin_2023/table_0021.csv,5,4
extracted_tables/027_Health_Bulletin_2023/table_0100.csv,5,5
extracted_tables/027_Health_Bulletin_2023/table_0009.csv,5,5
extracted_tables/027_Health_Bulletin_2023/table_0148.csv,5,4
extracted_tables/027_Health_Bulletin_2023/table_0092.csv,5,4
extracted_tables/027_Health_Bulletin_2023/table_0117.csv,5,11
extracted_tables/027_Health_Bulletin_2023/table_0177.csv,5,13
extracted_tables/027_Health_Bulletin_2023/table_0007.csv,5,5
extracted_tables/027_Health_Bulletin_2023/table_0176.csv,5,6
extracted_tables/027_Health_Bulletin_2023/table_0145.csv,5,7
extracted_tables/027_Health_Bulletin_2023/table_0087.csv,5,11
extracted_tables/027_Health_Bulletin_2023/table_0159.csv,5,4
extracted_tables/027_Health_Bulletin_2023/table_0170.csv,5,6
extracted_tables/027_Health_Bulletin_2023/table_0120.csv,5,11
extracted_tables/027_Health_Bulletin_2023/table_0093.csv,5,2
extracted_tables/027_Health_Bulletin_2023/table_0042.csv,5,17
extracted_tables/027_Health_Bulletin_2023/table_0112.csv,5,4
extracted_tables/027_Health_Bulletin_2023/table_0097.csv,5,3
extracted_tables/027_Health_Bulletin_2023/table_0141.csv,5,48
extracted_tables/027_Health_Bulletin_2023/table_0138.csv,5,6
extracted_tables/027_Health_Bulletin_2023/table_0082.csv,4,4
extracted_tables/027_Health_Bulletin_2023/table_0091.csv,5,4
extracted_tables/027_Health_Bulletin_2023/table_0038.csv,3,2
extracted_tables/027_Health_Bulletin_2023/table_0017.csv,5,3
extracted_tables/027_Health_Bulletin_2023/table_0175.csv,5,4
extracted_tables/027_Health_Bulletin_2023/table_0010.csv,5,2
extracted_tables/027_Health_Bulletin_2023/table_0055.csv,4,2
extracted_tables/027_Health_Bulletin_2023/table_0003.csv,5,5
extracted_tables/027_Health_Bulletin_2023/table_0167.csv,5,54
extracted_tables/027_Health_Bulletin_2023/table_0033.csv,3,2
extracted_tables/027_Health_Bulletin_2023/table_0142.csv,5,3
extracted_tables/027_Health_Bulletin_2023/table_0084.csv,5,5
extracted_tables/027_Health_Bulletin_2023/table_0119.csv,5,11
extracted_tables/027_Health_Bulletin_2023/table_0025.csv,3,2
extracted_tables/027_Health_Bulletin_2023/table_0150.csv,5,4
extracted_tables/027_Health_Bulletin_2023/table_0039.csv,3,2
extracted_tables/027_Health_Bulletin_2023/table_0151.csv,5,6
extracted_tables/027_Health_Bulletin_2023/table_0133.csv,5,2
extracted_tables/027_Health_Bulletin_2023/table_0136.csv,5,6
extracted_tables/027_Health_Bulletin_2023/table_0178.csv,5,2
extracted_tables/027_Health_Bulletin_2023/table_0096.csv,5,2
extracted_tables/027_Health_Bulletin_2023/table_0106.csv,5,5
extracted_tables/027_Health_Bulletin_2023/table_0028.csv,3,2
extracted_tables/027_Health_Bulletin_2023/table_0118.csv,5,11
extracted_tables/027_Health_Bulletin_2023/table_0073.csv,5,2
extracted_tables/027_Health_Bulletin_2023/table_0081.csv,5,3
extracted_tables/027_Health_Bulletin_2023/table_0095.csv,4,3
extracted_tables/027_Health_Bulletin_2023/table_0024.csv,3,2
extracted_tables/027_Health_Bulletin_2023/table_0146.csv,5,4
extracted_tables/027_Health_Bulletin_2023/table_0166.csv,5,6
extracted_tables/027_Health_Bulletin_2023/table_0002.csv,5,4
extracted_tables/027_Health_Bulletin_2023/table_0005.csv,5,5
extracted_tables/027_Health_Bulletin_2023/table_0110.csv,5,4
extracted_tables/027_Health_Bulletin_2023/table_0075.csv,5,4
extracted_tables/027_Health_Bulletin_2023/table_0185.csv,5,5
extracted_tables/027_Health_Bulletin_2023/table_0173.csv,5,7
extracted_tables/027_Health_Bulletin_2023/table_0053.csv,4,5
extracted_tables/027_Health_Bulletin_2023/table_0144.csv,5,7
extracted_tables/027_Health_Bulletin_2023/table_0060.csv,5,34
extracted_tables/027_Health_Bulletin_2023/table_0158.csv,5,5
extracted_tables/027_Health_Bulletin_2023/table_0085.csv,5,6
extracted_tables/027_Health_Bulletin_2023/table_0065.csv,5,49
extracted_tables/027_Health_Bulletin_2023/table_0029.csv,5,2
extracted_tables/027_Health_Bulletin_2023/table_0104.csv,5,4
extracted_tables/027_Health_Bulletin_2023/table_0132.csv,5,8
extracted_tables/027_Health_Bulletin_2023/table_0077.csv,5,9
extracted_tables/027_Health_Bulletin_2023/table_0165.csv,5,7
extracted_tables/027_Health_Bulletin_2023/table_0001.csv,3,3
extracted_tables/027_Health_Bulletin_2023/table_0154.csv,5,16
extracted_tables/027_Health_Bulletin_2023/table_0059.csv,5,7
extracted_tables/027_Health_Bulletin_2023/table_0115.csv,5,11
extracted_tables/027_Health_Bulletin_2023/table_0056.csv,4,4
extracted_tables/027_Health_Bulletin_2023/table_0067.csv,5,2
extracted_tables/027_Health_Bulletin_2023/table_0018.csv,3,2
extracted_tables/027_Health_Bulletin_2023/table_0183.csv,5,5
extracted_tables/027_Health_Bulletin_2023/table_0130.csv,5,3
extracted_tables/027_Health_Bulletin_2023/table_0114.csv,5,11
extracted_tables/031_Health_Bulletin_2019/table_0071.csv,5,8
extracted_tables/031_Health_Bulletin_2019/table_0040.csv,3,2
extracted_tables/031_Health_Bulletin_2019/table_0036.csv,5,14
extracted_tables/031_Health_Bulletin_2019/table_0034.csv,3,2
extracted_tables/031_Health_Bulletin_2019/table_0064.csv,3,3
extracted_tables/031_Health_Bulletin_2019/table_0020.csv,3,2
extracted_tables/031_Health_Bulletin_2019/table_0070.csv,5,6
extracted_tables/031_Health_Bulletin_2019/table_0049.csv,3,4
extracted_tables/031_Health_Bulletin_2019/table_0023.csv,3,7
extracted_tables/031_Health_Bulletin_2019/table_0011.csv,3,2
extracted_tables/031_Health_Bulletin_2019/table_0014.csv,3,2
extracted_tables/031_Health_Bulletin_2019/table_0006.csv,5,4
extracted_tables/031_Health_Bulletin_2019/table_0016.csv,4,3
extracted_tables/031_Health_Bulletin_2019/table_0051.csv,3,6
extracted_tables/031_Health_Bulletin_2019/table_0072.csv,5,2
extracted_tables/031_Health_Bulletin_2019/table_0013.csv,5,11
extracted_tables/031_Health_Bulletin_2019/table_0027.csv,5,2
extracted_tables/031_Health_Bulletin_2019/table_0043.csv,3,2
extracted_tables/031_Health_Bulletin_2019/table_0045.csv,3,2
extracted_tables/031_Health_Bulletin_2019/table_0044.csv,3,2
extracted_tables/031_Health_Bulletin_2019/table_0052.csv,3,6
extracted_tables/031_Health_Bulletin_2019/table_0032.csv,5,26
extracted_tables/031_Health_Bulletin_2019/table_0066.csv,5,12
extracted_tables/031_Health_Bulletin_2019/table_0031.csv,5,39
extracted_tables/031_Health_Bulletin_2019/table_0069.csv,5,41
extracted_tables/031_Health_Bulletin_2019/table_0022.csv,5,15
extracted_tables/031_Health_Bulletin_2019/table_0015.csv,3,2
extracted_tables/031_Health_Bulletin_2019/table_0046.csv,3,2
extracted_tables/031_Health_Bulletin_2019/table_0012.csv,5,2
extracted_tables/031_Health_Bulletin_2019/table_0061.csv,4,3
extracted_tables/031_Health_Bulletin_2019/table_0068.csv,5,2
extracted_tables/031_Health_Bulletin_2019/table_0057.csv,3,2
extracted_tables/031_Health_Bulletin_2019/table_0019.csv,3,2
extracted_tables/031_Health_Bulletin_2019/table_0041.csv,3,2
extracted_tables/031_Health_Bulletin_2019/table_0047.csv,3,2
extracted_tables/031_Health_Bulletin_2019/table_0004.csv,3,2
extracted_tables/031_Health_Bulletin_2019/table_0062.csv,3,2
extracted_tables/031_Health_Bulletin_2019/table_0030.csv,5,9
extracted_tables/031_Health_Bulletin_2019/table_0050.csv,3,4
extracted_tables/031_Health_Bulletin_2019/table_0037.csv,3,2
extracted_tables/031_Health_Bulletin_2019/table_0054.csv,3,6
extracted_tables/031_Health_Bulletin_2019/table_0026.csv,3,6
extracted_tables/031_Health_Bulletin_2019/table_0008.csv,5,4
extracted_tables/031_Health_Bulletin_2019/table_0035.csv,5,2
extracted_tables/031_Health_Bulletin_2019/table_0058.csv,3,6
extracted_tables/031_Health_Bulletin_2019/table_0048.csv,3,2
extracted_tables/031_Health_Bulletin_2019/table_0063.csv,3,3
extracted_tables/031_Health_Bulletin_2019/table_0021.csv,3,2
extracted_tables/031_Health_Bulletin_2019/table_0009.csv,5,4
extracted_tables/031_Health_Bulletin_2019/table_0007.csv,5,4
extracted_tables/031_Health_Bulletin_2019/table_0042.csv,3,2
extracted_tables/031_Health_Bulletin_2019/table_0038.csv,3,2
extracted_tables/031_Health_Bulletin_2019/table_0017.csv,3,2
extracted_tables/031_Health_Bulletin_2019/table_0010.csv,3,2
extracted_tables/031_Health_Bulletin_2019/table_0055.csv,3,6
extracted_tables/031_Health_Bulletin_2019/table_0003.csv,3,2
extracted_tables/031_Health_Bulletin_2019/table_0033.csv,3,2
extracted_tables/031_Health_Bulletin_2019/table_0025.csv,3,6
extracted_tables/031_Health_Bulletin_2019/table_0039.csv,3,2
extracted_tables/031_Health_Bulletin_2019/table_0028.csv,5,3
extracted_tables/031_Health_Bulletin_2019/table_0024.csv,5,12
extracted_tables/031_Health_Bulletin_2019/table_0002.csv,3,4
extracted_tables/031_Health_Bulletin_2019/table_0005.csv,5,4
extracted_tables/031_Health_Bulletin_2019/table_0053.csv,3,6
extracted_tables/031_Health_Bulletin_2019/table_0060.csv,3,5
extracted_tables/031_Health_Bulletin_2019/table_0065.csv,3,7
extracted_tables/031_Health_Bulletin_2019/table_0029.csv,5,18
extracted_tables/031_Health_Bulletin_2019/table_0001.csv,3,2
extracted_tables/031_Health_Bulletin_2019/table_0059.csv,4,3
extracted_tables/031_Health_Bulletin_2019/table_0056.csv,3,6
extracted_tables/031_Health_Bulletin_2019/table_0067.csv,5,2
extracted_tables/031_Health_Bulletin_2019/table_0018.csv,3,2
extracted_tables/056_Environmental_Management_Plan_Medical_Gas_System_DMCH/table_002.csv,5,13
extracted_tables/056_Environmental_Management_Plan_Medical_Gas_System_DMCH/table_001.csv,5,14
extracted_tables/056_Environmental_Management_Plan_Medical_Gas_System_DMCH/table_005.csv,5,16
extracted_tables/056_Environmental_Management_Plan_Medical_Gas_System_DMCH/table_003.csv,5,14
extracted_tables/056_Environmental_Management_Plan_Medical_Gas_System_DMCH/table_004.csv,5,13
extracted_tables/023_nan/table_002.csv,5,10
extracted_tables/023_nan/table_001.csv,5,5
extracted_tables/023_nan/table_003.csv,5,7
extracted_tables/067_Information_on_Corona_hospitals_beds_and_others_/table_002.csv,5,17
extracted_tables/067_Information_on_Corona_hospitals_beds_and_others_/table_001.csv,5,17
extracted_tables/067_Information_on_Corona_hospitals_beds_and_others_/table_005.csv,5,17
extracted_tables/067_Information_on_Corona_hospitals_beds_and_others_/table_003.csv,5,17
extracted_tables/067_Information_on_Corona_hospitals_beds_and_others_/table_004.csv,5,17
extracted_tables/091__/table_006.csv,5,3
extracted_tables/091__/table_002.csv,5,2
extracted_tables/091__/table_007.csv,5,2
extracted_tables/091__/table_001.csv,5,5
extracted_tables/091__/table_005.csv,5,3
extracted_tables/091__/table_003.csv,5,2
extracted_tables/091__/table_004.csv,5,2
extracted_tables/045_EMP_for_50_Bed_Isolation_and_10_Bed_ICU_SSKMCH/table_006.csv,5,14
extracted_tables/045_EMP_for_50_Bed_Isolation_and_10_Bed_ICU_SSKMCH/table_002.csv,5,2
extracted_tables/045_EMP_for_50_Bed_Isolation_and_10_Bed_ICU_SSKMCH/table_007.csv,5,15
extracted_tables/045_EMP_for_50_Bed_Isolation_and_10_Bed_ICU_SSKMCH/table_001.csv,5,2
extracted_tables/045_EMP_for_50_Bed_Isolation_and_10_Bed_ICU_SSKMCH/table_005.csv,5,13
extracted_tables/045_EMP_for_50_Bed_Isolation_and_10_Bed_ICU_SSKMCH/table_003.csv,5,2
extracted_tables/045_EMP_for_50_Bed_Isolation_and_10_Bed_ICU_SSKMCH/table_004.csv,5,14
extracted_tables/034_Health_Bulletin_2016/table_0168.csv,5,5
extracted_tables/034_Health_Bulletin_2016/table_0188.csv,5,23
extracted_tables/034_Health_Bulletin_2016/table_0071.csv,5,9
extracted_tables/034_Health_Bulletin_2016/table_0272.csv,5,4
extracted_tables/034_Health_Bulletin_2016/table_0040.csv,5,3
extracted_tables/034_Health_Bulletin_2016/table_0251.csv,5,4
extracted_tables/034_Health_Bulletin_2016/table_0036.csv,5,4
extracted_tables/034_Health_Bulletin_2016/table_0134.csv,4,3
extracted_tables/034_Health_Bulletin_2016/table_0257.csv,5,4
extracted_tables/034_Health_Bulletin_2016/table_0131.csv,3,2
extracted_tables/034_Health_Bulletin_2016/table_0125.csv,3,2
extracted_tables/034_Health_Bulletin_2016/table_0234.csv,5,35
extracted_tables/034_Health_Bulletin_2016/table_0232.csv,5,35
extracted_tables/034_Health_Bulletin_2016/table_0034.csv,5,4
extracted_tables/034_Health_Bulletin_2016/table_0079.csv,5,30
extracted_tables/034_Health_Bulletin_2016/table_0214.csv,5,6
extracted_tables/034_Health_Bulletin_2016/table_0180.csv,5,8
extracted_tables/034_Health_Bulletin_2016/table_0171.csv,5,7
extracted_tables/034_Health_Bulletin_2016/table_0209.csv,5,33
extracted_tables/034_Health_Bulletin_2016/table_0249.csv,5,9
extracted_tables/034_Health_Bulletin_2016/table_0064.csv,5,3
extracted_tables/034_Health_Bulletin_2016/table_0129.csv,3,2
extracted_tables/034_Health_Bulletin_2016/table_0237.csv,5,39
extracted_tables/034_Health_Bulletin_2016/table_0020.csv,5,5
extracted_tables/034_Health_Bulletin_2016/table_0101.csv,5,12
extracted_tables/034_Health_Bulletin_2016/table_0186.csv,5,7
extracted_tables/034_Health_Bulletin_2016/table_0099.csv,5,3
extracted_tables/034_Health_Bulletin_2016/table_0283.csv,5,4
extracted_tables/034_Health_Bulletin_2016/table_0070.csv,5,10
extracted_tables/034_Health_Bulletin_2016/table_0207.csv,5,34
extracted_tables/034_Health_Bulletin_2016/table_0109.csv,3,2
extracted_tables/034_Health_Bulletin_2016/table_0156.csv,5,7
extracted_tables/034_Health_Bulletin_2016/table_0089.csv,5,4
extracted_tables/034_Health_Bulletin_2016/table_0080.csv,5,9
extracted_tables/034_Health_Bulletin_2016/table_0049.csv,5,3
extracted_tables/034_Health_Bulletin_2016/table_0199.csv,5,36
extracted_tables/034_Health_Bulletin_2016/table_0210.csv,5,6
extracted_tables/034_Health_Bulletin_2016/table_0023.csv,5,8
extracted_tables/034_Health_Bulletin_2016/table_0160.csv,5,10
extracted_tables/034_Health_Bulletin_2016/table_0011.csv,4,2
extracted_tables/034_Health_Bulletin_2016/table_0288.csv,5,46
extracted_tables/034_Health_Bulletin_2016/table_0184.csv,5,7
extracted_tables/034_Health_Bulletin_2016/table_0224.csv,5,7
extracted_tables/034_Health_Bulletin_2016/table_0014.csv,5,7
extracted_tables/034_Health_Bulletin_2016/table_0102.csv,4,3
extracted_tables/034_Health_Bulletin_2016/table_0273.csv,5,12
extracted_tables/034_Health_Bulletin_2016/table_0006.csv,4,2
extracted_tables/034_Health_Bulletin_2016/table_0083.csv,3,2
extracted_tables/034_Health_Bulletin_2016/table_0127.csv,3,2
extracted_tables/034_Health_Bulletin_2016/table_0016.csv,5,11
extracted_tables/034_Health_Bulletin_2016/table_0051.csv,5,5
extracted_tables/034_Health_Bulletin_2016/table_0072.csv,5,4
extracted_tables/034_Health_Bulletin_2016/table_0244.csv,5,39
extracted_tables/034_Health_Bulletin_2016/table_0194.csv,5,26
extracted_tables/034_Health_Bulletin_2016/table_0135.csv,5,5
extracted_tables/034_Health_Bulletin_2016/table_0206.csv,5,37
extracted_tables/034_Health_Bulletin_2016/table_0013.csv,5,12
extracted_tables/034_Health_Bulletin_2016/table_0279.csv,5,8
extracted_tables/034_Health_Bulletin_2016/table_0108.csv,3,2
extracted_tables/034_Health_Bulletin_2016/table_0281.csv,5,4
extracted_tables/034_Health_Bulletin_2016/table_0027.csv,5,10
extracted_tables/034_Health_Bulletin_2016/table_0126.csv,3,2
extracted_tables/034_Health_Bulletin_2016/table_0240.csv,5,39
extracted_tables/034_Health_Bulletin_2016/table_0043.csv,5,3
extracted_tables/034_Health_Bulletin_2016/table_0045.csv,5,3
extracted_tables/034_Health_Bulletin_2016/table_0044.csv,5,3
extracted_tables/034_Health_Bulletin_2016/table_0238.csv,5,39
extracted_tables/034_Health_Bulletin_2016/table_0219.csv,5,23
extracted_tables/034_Health_Bulletin_2016/table_0111.csv,3,2
extracted_tables/034_Health_Bulletin_2016/table_0233.csv,5,36
extracted_tables/034_Health_Bulletin_2016/table_0090.csv,5,14
extracted_tables/034_Health_Bulletin_2016/table_0123.csv,3,2
extracted_tables/034_Health_Bulletin_2016/table_0172.csv,4,5
extracted_tables/034_Health_Bulletin_2016/table_0137.csv,3,3
extracted_tables/034_Health_Bulletin_2016/table_0152.csv,3,3
extracted_tables/034_Health_Bulletin_2016/table_0267.csv,5,3
extracted_tables/034_Health_Bulletin_2016/table_0122.csv,3,2
extracted_tables/034_Health_Bulletin_2016/table_0094.csv,5,11
extracted_tables/034_Health_Bulletin_2016/table_0052.csv,5,3
extracted_tables/034_Health_Bulletin_2016/table_0140.csv,5,7
extracted_tables/034_Health_Bulletin_2016/table_0203.csv,5,36
extracted_tables/034_Health_Bulletin_2016/table_0263.csv,5,3
extracted_tables/034_Health_Bulletin_2016/table_0193.csv,5,7
extracted_tables/034_Health_Bulletin_2016/table_0247.csv,5,10
extracted_tables/034_Health_Bulletin_2016/table_0032.csv,5,3
extracted_tables/034_Health_Bulletin_2016/table_0066.csv,5,3
extracted_tables/034_Health_Bulletin_2016/table_0098.csv,5,3
extracted_tables/034_Health_Bulletin_2016/table_0258.csv,5,4
extracted_tables/034_Health_Bulletin_2016/table_0103.csv,5,7
extracted_tables/034_Health_Bulletin_2016/table_0227.csv,5,7
extracted_tables/034_Health_Bulletin_2016/table_0074.csv,5,6
extracted_tables/034_Health_Bulletin_2016/table_0031.csv,5,11
extracted_tables/034_Health_Bulletin_2016/table_0147.csv,5,5
extracted_tables/034_Health_Bulletin_2016/table_0157.csv,5,7
extracted_tables/034_Health_Bulletin_2016/table_0225.csv,5,7
extracted_tables/034_Health_Bulletin_2016/table_0220.csv,5,15
extracted_tables/034_Health_Bulletin_2016/table_0163.csv,5,8
extracted_tables/034_Health_Bulletin_2016/table_0254.csv,5,5
extracted_tables/034_Health_Bulletin_2016/table_0190.csv,5,9
extracted_tables/034_Health_Bulletin_2016/table_0069.csv,5,3
extracted_tables/034_Health_Bulletin_2016/table_0078.csv,5,5
extracted_tables/034_Health_Bulletin_2016/table_0195.csv,5,36
extracted_tables/034_Health_Bulletin_2016/table_0143.csv,5,6
extracted_tables/034_Health_Bulletin_2016/table_0174.csv,4,2
extracted_tables/034_Health_Bulletin_2016/table_0022.csv,5,10
extracted_tables/034_Health_Bulletin_2016/table_0277.csv,5,11
extracted_tables/034_Health_Bulletin_2016/table_0015.csv,5,6
extracted_tables/034_Health_Bulletin_2016/table_0046.csv,5,3
extracted_tables/034_Health_Bulletin_2016/table_0139.csv,3,3
extracted_tables/034_Health_Bulletin_2016/table_0222.csv,5,7
extracted_tables/034_Health_Bulletin_2016/table_0201.csv,5,36
extracted_tables/034_Health_Bulletin_2016/table_0226.csv,5,7
extracted_tables/034_Health_Bulletin_2016/table_0012.csv,5,4
extracted_tables/034_Health_Bulletin_2016/table_0061.csv,5,3
extracted_tables/034_Health_Bulletin_2016/table_0068.csv,5,3
extracted_tables/034_Health_Bulletin_2016/table_0057.csv,5,3
extracted_tables/034_Health_Bulletin_2016/table_0121.csv,3,2
extracted_tables/034_Health_Bulletin_2016/table_0019.csv,5,8
extracted_tables/034_Health_Bulletin_2016/table_0217.csv,5,6
extracted_tables/034_Health_Bulletin_2016/table_0116.csv,3,2
extracted_tables/034_Health_Bulletin_2016/table_0149.csv,5,9
extracted_tables/034_Health_Bulletin_2016/table_0124.csv,3,2
extracted_tables/034_Health_Bulletin_2016/table_0041.csv,5,3
extracted_tables/034_Health_Bulletin_2016/table_0179.csv,5,6
extracted_tables/034_Health_Bulletin_2016/table_0128.csv,3,2
extracted_tables/034_Health_Bulletin_2016/table_0076.csv,5,4
extracted_tables/034_Health_Bulletin_2016/table_0285.csv,5,36
extracted_tables/034_Health_Bulletin_2016/table_0162.csv,5,3
extracted_tables/034_Health_Bulletin_2016/table_0047.csv,5,3
extracted_tables/034_Health_Bulletin_2016/table_0289.csv,5,41
extracted_tables/034_Health_Bulletin_2016/table_0004.csv,5,3
extracted_tables/034_Health_Bulletin_2016/table_0088.csv,5,6
extracted_tables/034_Health_Bulletin_2016/table_0062.csv,5,3
extracted_tables/034_Health_Bulletin_2016/table_0253.csv,5,5
extracted_tables/034_Health_Bulletin_2016/table_0235.csv,5,38
extracted_tables/034_Health_Bulletin_2016/table_0161.csv,5,3
extracted_tables/034_Health_Bulletin_2016/table_0256.csv,5,5
extracted_tables/034_Health_Bulletin_2016/table_0030.csv,5,3
extracted_tables/034_Health_Bulletin_2016/table_0260.csv,5,3
extracted_tables/034_Health_Bulletin_2016/table_0196.csv,5,36
extracted_tables/034_Health_Bulletin_2016/table_0269.csv,5,4
extracted_tables/034_Health_Bulletin_2016/table_0187.csv,5,7
extracted_tables/034_Health_Bulletin_2016/table_0181.csv,5,4
extracted_tables/034_Health_Bulletin_2016/table_0205.csv,5,37
extracted_tables/034_Health_Bulletin_2016/table_0050.csv,5,4
extracted_tables/034_Health_Bulletin_2016/table_0192.csv,5,31
extracted_tables/034_Health_Bulletin_2016/table_0255.csv,5,4
extracted_tables/034_Health_Bulletin_2016/table_0037.csv,5,9
extracted_tables/034_Health_Bulletin_2016/table_0153.csv,5,6
extracted_tables/034_Health_Bulletin_2016/table_0107.csv,4,3
extracted_tables/034_Health_Bulletin_2016/table_0274.csv,5,11
extracted_tables/034_Health_Bulletin_2016/table_0223.csv,5,7
extracted_tables/034_Health_Bulletin_2016/table_0054.csv,5,3
extracted_tables/034_Health_Bulletin_2016/table_0164.csv,5,5
extracted_tables/034_Health_Bulletin_2016/table_0278.csv,5,9
extracted_tables/034_Health_Bulletin_2016/table_0026.csv,5,2
extracted_tables/034_Health_Bulletin_2016/table_0155.csv,5,5
extracted_tables/034_Health_Bulletin_2016/table_0204.csv,5,36
extracted_tables/034_Health_Bulletin_2016/table_0086.csv,3,2
extracted_tables/034_Health_Bulletin_2016/table_0008.csv,5,6
extracted_tables/034_Health_Bulletin_2016/table_0275.csv,5,11
extracted_tables/034_Health_Bulletin_2016/table_0035.csv,5,7
extracted_tables/034_Health_Bulletin_2016/table_0239.csv,5,39
extracted_tables/034_Health_Bulletin_2016/table_0058.csv,5,3
extracted_tables/034_Health_Bulletin_2016/table_0182.csv,5,4
extracted_tables/034_Health_Bulletin_2016/table_0169.csv,5,4
extracted_tables/034_Health_Bulletin_2016/table_0261.csv,5,3
extracted_tables/034_Health_Bulletin_2016/table_0113.csv,3,2
extracted_tables/034_Health_Bulletin_2016/table_0048.csv,5,3
extracted_tables/034_Health_Bulletin_2016/table_0191.csv,5,30
extracted_tables/034_Health_Bulletin_2016/table_0236.csv,5,38
extracted_tables/034_Health_Bulletin_2016/table_0231.csv,5,7
extracted_tables/034_Health_Bulletin_2016/table_0105.csv,5,7
extracted_tables/034_Health_Bulletin_2016/table_0063.csv,5,3
extracted_tables/034_Health_Bulletin_2016/table_0021.csv,5,3
extracted_tables/034_Health_Bulletin_2016/table_0100.csv,5,4
extracted_tables/034_Health_Bulletin_2016/table_0265.csv,5,3
extracted_tables/034_Health_Bulletin_2016/table_0009.csv,4,2
extracted_tables/034_Health_Bulletin_2016/table_0148.csv,4,5
extracted_tables/034_Health_Bulletin_2016/table_0092.csv,5,2
extracted_tables/034_Health_Bulletin_2016/table_0117.csv,3,2
extracted_tables/034_Health_Bulletin_2016/table_0177.csv,5,11
extracted_tables/034_Health_Bulletin_2016/table_0007.csv,3,9
extracted_tables/034_Health_Bulletin_2016/table_0259.csv,5,3
extracted_tables/034_Health_Bulletin_2016/table_0176.csv,4,2
extracted_tables/034_Health_Bulletin_2016/table_0145.csv,5,6
extracted_tables/034_Health_Bulletin_2016/table_0087.csv,3,2
extracted_tables/034_Health_Bulletin_2016/table_0159.csv,5,9
extracted_tables/034_Health_Bulletin_2016/table_0170.csv,5,4
extracted_tables/034_Health_Bulletin_2016/table_0120.csv,3,2
extracted_tables/034_Health_Bulletin_2016/table_0093.csv,5,3
extracted_tables/034_Health_Bulletin_2016/table_0042.csv,5,3
extracted_tables/034_Health_Bulletin_2016/table_0202.csv,5,36
extracted_tables/034_Health_Bulletin_2016/table_0266.csv,5,3
extracted_tables/034_Health_Bulletin_2016/table_0112.csv,3,2
extracted_tables/034_Health_Bulletin_2016/table_0097.csv,5,9
extracted_tables/034_Health_Bulletin_2016/table_0216.csv,5,6
extracted_tables/034_Health_Bulletin_2016/table_0264.csv,5,3
extracted_tables/034_Health_Bulletin_2016/table_0262.csv,5,3
extracted_tables/034_Health_Bulletin_2016/table_0141.csv,5,7
extracted_tables/034_Health_Bulletin_2016/table_0138.csv,3,3
extracted_tables/034_Health_Bulletin_2016/table_0082.csv,5,4
extracted_tables/034_Health_Bulletin_2016/table_0091.csv,5,16
extracted_tables/034_Health_Bulletin_2016/table_0038.csv,5,3
extracted_tables/034_Health_Bulletin_2016/table_0218.csv,5,6
extracted_tables/034_Health_Bulletin_2016/table_0017.csv,5,8
extracted_tables/034_Health_Bulletin_2016/table_0175.csv,5,2
extracted_tables/034_Health_Bulletin_2016/table_0010.csv,4,2
extracted_tables/034_Health_Bulletin_2016/table_0243.csv,5,39
extracted_tables/034_Health_Bulletin_2016/table_0055.csv,5,3
extracted_tables/034_Health_Bulletin_2016/table_0003.csv,5,2
extracted_tables/034_Health_Bulletin_2016/table_0167.csv,5,3
extracted_tables/034_Health_Bulletin_2016/table_0033.csv,5,4
extracted_tables/034_Health_Bulletin_2016/table_0142.csv,5,6
extracted_tables/034_Health_Bulletin_2016/table_0228.csv,5,7
extracted_tables/034_Health_Bulletin_2016/table_0208.csv,5,34
extracted_tables/034_Health_Bulletin_2016/table_0084.csv,3,2
extracted_tables/034_Health_Bulletin_2016/table_0248.csv,5,10
extracted_tables/034_Health_Bulletin_2016/table_0119.csv,3,2
extracted_tables/034_Health_Bulletin_2016/table_0280.csv,5,9
extracted_tables/034_Health_Bulletin_2016/table_0229.csv,5,7
extracted_tables/034_Health_Bulletin_2016/table_0270.csv,5,4
extracted_tables/034_Health_Bulletin_2016/table_0025.csv,5,2
extracted_tables/034_Health_Bulletin_2016/table_0150.csv,3,2
extracted_tables/034_Health_Bulletin_2016/table_0287.csv,5,45
extracted_tables/034_Health_Bulletin_2016/table_0039.csv,5,3
extracted_tables/034_Health_Bulletin_2016/table_0151.csv,4,3
extracted_tables/034_Health_Bulletin_2016/table_0215.csv,5,6
extracted_tables/034_Health_Bulletin_2016/table_0198.csv,5,36
extracted_tables/034_Health_Bulletin_2016/table_0133.csv,4,3
extracted_tables/034_Health_Bulletin_2016/table_0246.csv,5,26
extracted_tables/034_Health_Bulletin_2016/table_0189.csv,5,16
extracted_tables/034_Health_Bulletin_2016/table_0211.csv,5,6
extracted_tables/034_Health_Bulletin_2016/table_0136.csv,4,3
extracted_tables/034_Health_Bulletin_2016/table_0282.csv,5,4
extracted_tables/034_Health_Bulletin_2016/table_0178.csv,5,6
extracted_tables/034_Health_Bulletin_2016/table_0096.csv,5,9
extracted_tables/034_Health_Bulletin_2016/table_0106.csv,4,3
extracted_tables/034_Health_Bulletin_2016/table_0028.csv,5,12
extracted_tables/034_Health_Bulletin_2016/table_0118.csv,3,2
extracted_tables/034_Health_Bulletin_2016/table_0073.csv,5,6
extracted_tables/034_Health_Bulletin_2016/table_0081.csv,5,7
extracted_tables/034_Health_Bulletin_2016/table_0095.csv,4,3
extracted_tables/034_Health_Bulletin_2016/table_0024.csv,5,6
extracted_tables/034_Health_Bulletin_2016/table_0146.csv,5,6
extracted_tables/034_Health_Bulletin_2016/table_0166.csv,5,4
extracted_tables/034_Health_Bulletin_2016/table_0241.csv,5,39
extracted_tables/034_Health_Bulletin_2016/table_0002.csv,5,4
extracted_tables/034_Health_Bulletin_2016/table_0005.csv,5,4
extracted_tables/034_Health_Bulletin_2016/table_0276.csv,5,11
extracted_tables/034_Health_Bulletin_2016/table_0110.csv,3,2
extracted_tables/034_Health_Bulletin_2016/table_0075.csv,5,2
extracted_tables/034_Health_Bulletin_2016/table_0221.csv,5,7
extracted_tables/034_Health_Bulletin_2016/table_0185.csv,5,7
extracted_tables/034_Health_Bulletin_2016/table_0242.csv,5,39
extracted_tables/034_Health_Bulletin_2016/table_0173.csv,4,3
extracted_tables/034_Health_Bulletin_2016/table_0053.csv,5,3
extracted_tables/034_Health_Bulletin_2016/table_0144.csv,5,6
extracted_tables/034_Health_Bulletin_2016/table_0060.csv,5,3
extracted_tables/034_Health_Bulletin_2016/table_0158.csv,5,7
extracted_tables/034_Health_Bulletin_2016/table_0252.csv,5,5
extracted_tables/034_Health_Bulletin_2016/table_0085.csv,3,2
extracted_tables/034_Health_Bulletin_2016/table_0065.csv,5,3
extracted_tables/034_Health_Bulletin_2016/table_0029.csv,5,4
extracted_tables/034_Health_Bulletin_2016/table_0104.csv,5,7
extracted_tables/034_Health_Bulletin_2016/table_0132.csv,4,3
extracted_tables/034_Health_Bulletin_2016/table_0077.csv,5,7
extracted_tables/034_Health_Bulletin_2016/table_0212.csv,5,6
extracted_tables/034_Health_Bulletin_2016/table_0165.csv,5,4
extracted_tables/034_Health_Bulletin_2016/table_0001.csv,5,7
extracted_tables/034_Health_Bulletin_2016/table_0154.csv,5,11
extracted_tables/034_Health_Bulletin_2016/table_0059.csv,5,3
extracted_tables/034_Health_Bulletin_2016/table_0115.csv,3,2
extracted_tables/034_Health_Bulletin_2016/table_0056.csv,5,3
extracted_tables/034_Health_Bulletin_2016/table_0230.csv,5,7
extracted_tables/034_Health_Bulletin_2016/table_0286.csv,5,46
extracted_tables/034_Health_Bulletin_2016/table_0271.csv,5,4
extracted_tables/034_Health_Bulletin_2016/table_0200.csv,5,36
extracted_tables/034_Health_Bulletin_2016/table_0213.csv,5,6
extracted_tables/034_Health_Bulletin_2016/table_0067.csv,5,3
extracted_tables/034_Health_Bulletin_2016/table_0284.csv,5,24
extracted_tables/034_Health_Bulletin_2016/table_0245.csv,5,39
extracted_tables/034_Health_Bulletin_2016/table_0250.csv,5,3
extracted_tables/034_Health_Bulletin_2016/table_0018.csv,5,6
extracted_tables/034_Health_Bulletin_2016/table_0183.csv,5,10
extracted_tables/034_Health_Bulletin_2016/table_0130.csv,3,2
extracted_tables/034_Health_Bulletin_2016/table_0197.csv,5,36
extracted_tables/034_Health_Bulletin_2016/table_0268.csv,5,3
extracted_tables/034_Health_Bulletin_2016/table_0114.csv,3,2
extracted_tables/081__-_/table_006.csv,5,4
extracted_tables/081__-_/table_002.csv,5,2
extracted_tables/081__-_/table_012.csv,5,2
extracted_tables/081__-_/table_013.csv,5,4
extracted_tables/081__-_/table_008.csv,5,10
extracted_tables/081__-_/table_007.csv,5,3
extracted_tables/081__-_/table_001.csv,5,2
extracted_tables/081__-_/table_005.csv,5,11
extracted_tables/081__-_/table_011.csv,5,22
extracted_tables/081__-_/table_003.csv,5,2
extracted_tables/081__-_/table_010.csv,5,16
extracted_tables/081__-_/table_009.csv,5,4
extracted_tables/081__-_/table_004.csv,5,2
extracted_tables/037_Health_Bulletin_2013/table_0168.csv,5,3
extracted_tables/037_Health_Bulletin_2013/table_0188.csv,5,4
extracted_tables/037_Health_Bulletin_2013/table_0071.csv,3,2
extracted_tables/037_Health_Bulletin_2013/table_0040.csv,3,2
extracted_tables/037_Health_Bulletin_2013/table_0036.csv,4,4
extracted_tables/037_Health_Bulletin_2013/table_0134.csv,5,6
extracted_tables/037_Health_Bulletin_2013/table_0131.csv,5,6
extracted_tables/037_Health_Bulletin_2013/table_0125.csv,4,5
extracted_tables/037_Health_Bulletin_2013/table_0034.csv,3,3
extracted_tables/037_Health_Bulletin_2013/table_0079.csv,3,2
extracted_tables/037_Health_Bulletin_2013/table_0214.csv,3,5
extracted_tables/037_Health_Bulletin_2013/table_0180.csv,5,9
extracted_tables/037_Health_Bulletin_2013/table_0171.csv,3,3
extracted_tables/037_Health_Bulletin_2013/table_0209.csv,4,4
extracted_tables/037_Health_Bulletin_2013/table_0064.csv,3,2
extracted_tables/037_Health_Bulletin_2013/table_0129.csv,3,7
extracted_tables/037_Health_Bulletin_2013/table_0020.csv,3,2
extracted_tables/037_Health_Bulletin_2013/table_0101.csv,4,3
extracted_tables/037_Health_Bulletin_2013/table_0186.csv,3,3
extracted_tables/037_Health_Bulletin_2013/table_0099.csv,5,7
extracted_tables/037_Health_Bulletin_2013/table_0070.csv,3,2
extracted_tables/037_Health_Bulletin_2013/table_0207.csv,4,4
extracted_tables/037_Health_Bulletin_2013/table_0109.csv,5,3
extracted_tables/037_Health_Bulletin_2013/table_0156.csv,5,3
extracted_tables/037_Health_Bulletin_2013/table_0089.csv,3,5
extracted_tables/037_Health_Bulletin_2013/table_0080.csv,3,2
extracted_tables/037_Health_Bulletin_2013/table_0049.csv,3,2
extracted_tables/037_Health_Bulletin_2013/table_0199.csv,5,3
extracted_tables/037_Health_Bulletin_2013/table_0210.csv,4,4
extracted_tables/037_Health_Bulletin_2013/table_0023.csv,3,3
extracted_tables/037_Health_Bulletin_2013/table_0160.csv,3,5
extracted_tables/037_Health_Bulletin_2013/table_0011.csv,3,2
extracted_tables/037_Health_Bulletin_2013/table_0184.csv,3,3
extracted_tables/037_Health_Bulletin_2013/table_0014.csv,3,5
extracted_tables/037_Health_Bulletin_2013/table_0102.csv,5,5
extracted_tables/037_Health_Bulletin_2013/table_0006.csv,5,3
extracted_tables/037_Health_Bulletin_2013/table_0083.csv,3,5
extracted_tables/037_Health_Bulletin_2013/table_0127.csv,4,9
extracted_tables/037_Health_Bulletin_2013/table_0016.csv,4,3
extracted_tables/037_Health_Bulletin_2013/table_0051.csv,3,2
extracted_tables/037_Health_Bulletin_2013/table_0072.csv,3,2
extracted_tables/037_Health_Bulletin_2013/table_0194.csv,4,3
extracted_tables/037_Health_Bulletin_2013/table_0135.csv,5,8
extracted_tables/037_Health_Bulletin_2013/table_0206.csv,4,5
extracted_tables/037_Health_Bulletin_2013/table_0013.csv,3,2
extracted_tables/037_Health_Bulletin_2013/table_0108.csv,5,3
extracted_tables/037_Health_Bulletin_2013/table_0027.csv,3,7
extracted_tables/037_Health_Bulletin_2013/table_0126.csv,3,7
extracted_tables/037_Health_Bulletin_2013/table_0043.csv,3,9
extracted_tables/037_Health_Bulletin_2013/table_0045.csv,3,2
extracted_tables/037_Health_Bulletin_2013/table_0044.csv,3,2
extracted_tables/037_Health_Bulletin_2013/table_0111.csv,5,9
extracted_tables/037_Health_Bulletin_2013/table_0090.csv,3,5
extracted_tables/037_Health_Bulletin_2013/table_0123.csv,5,3
extracted_tables/037_Health_Bulletin_2013/table_0172.csv,3,9
extracted_tables/037_Health_Bulletin_2013/table_0137.csv,5,6
extracted_tables/037_Health_Bulletin_2013/table_0152.csv,5,3
extracted_tables/037_Health_Bulletin_2013/table_0122.csv,3,3
extracted_tables/037_Health_Bulletin_2013/table_0094.csv,3,2
extracted_tables/037_Health_Bulletin_2013/table_0052.csv,3,2
extracted_tables/037_Health_Bulletin_2013/table_0140.csv,5,11
extracted_tables/037_Health_Bulletin_2013/table_0203.csv,5,7
extracted_tables/037_Health_Bulletin_2013/table_0193.csv,5,3
extracted_tables/037_Health_Bulletin_2013/table_0032.csv,3,3
extracted_tables/037_Health_Bulletin_2013/table_0066.csv,3,2
extracted_tables/037_Health_Bulletin_2013/table_0098.csv,4,3
extracted_tables/037_Health_Bulletin_2013/table_0103.csv,5,5
extracted_tables/037_Health_Bulletin_2013/table_0074.csv,5,5
extracted_tables/037_Health_Bulletin_2013/table_0031.csv,3,3
extracted_tables/037_Health_Bulletin_2013/table_0147.csv,5,13
extracted_tables/037_Health_Bulletin_2013/table_0157.csv,5,3
extracted_tables/037_Health_Bulletin_2013/table_0163.csv,5,3
extracted_tables/037_Health_Bulletin_2013/table_0190.csv,5,3
extracted_tables/037_Health_Bulletin_2013/table_0069.csv,5,7
extracted_tables/037_Health_Bulletin_2013/table_0078.csv,3,2
extracted_tables/037_Health_Bulletin_2013/table_0195.csv,5,3
extracted_tables/037_Health_Bulletin_2013/table_0143.csv,5,13
extracted_tables/037_Health_Bulletin_2013/table_0174.csv,4,5
extracted_tables/037_Health_Bulletin_2013/table_0022.csv,3,2
extracted_tables/037_Health_Bulletin_2013/table_0015.csv,3,9
extracted_tables/037_Health_Bulletin_2013/table_0046.csv,3,11
extracted_tables/037_Health_Bulletin_2013/table_0139.csv,5,11
extracted_tables/037_Health_Bulletin_2013/table_0201.csv,5,8
extracted_tables/037_Health_Bulletin_2013/table_0012.csv,3,2
extracted_tables/037_Health_Bulletin_2013/table_0061.csv,4,5
extracted_tables/037_Health_Bulletin_2013/table_0068.csv,3,2
extracted_tables/037_Health_Bulletin_2013/table_0057.csv,3,2
extracted_tables/037_Health_Bulletin_2013/table_0121.csv,3,3
extracted_tables/037_Health_Bulletin_2013/table_0019.csv,3,2
extracted_tables/037_Health_Bulletin_2013/table_0217.csv,5,4
extracted_tables/037_Health_Bulletin_2013/table_0116.csv,3,3
extracted_tables/037_Health_Bulletin_2013/table_0149.csv,5,14
extracted_tables/037_Health_Bulletin_2013/table_0124.csv,3,3
extracted_tables/037_Health_Bulletin_2013/table_0041.csv,3,2
extracted_tables/037_Health_Bulletin_2013/table_0179.csv,5,3
extracted_tables/037_Health_Bulletin_2013/table_0128.csv,5,9
extracted_tables/037_Health_Bulletin_2013/table_0076.csv,3,2
extracted_tables/037_Health_Bulletin_2013/table_0162.csv,3,5
extracted_tables/037_Health_Bulletin_2013/table_0047.csv,3,11
extracted_tables/037_Health_Bulletin_2013/table_0004.csv,5,3
extracted_tables/037_Health_Bulletin_2013/table_0088.csv,3,5
extracted_tables/037_Health_Bulletin_2013/table_0062.csv,5,3
extracted_tables/037_Health_Bulletin_2013/table_0161.csv,5,7
extracted_tables/037_Health_Bulletin_2013/table_0030.csv,5,3
extracted_tables/037_Health_Bulletin_2013/table_0196.csv,5,3
extracted_tables/037_Health_Bulletin_2013/table_0187.csv,3,3
extracted_tables/037_Health_Bulletin_2013/table_0181.csv,5,9
extracted_tables/037_Health_Bulletin_2013/table_0205.csv,5,3
extracted_tables/037_Health_Bulletin_2013/table_0050.csv,3,2
extracted_tables/037_Health_Bulletin_2013/table_0192.csv,5,3
extracted_tables/037_Health_Bulletin_2013/table_0037.csv,4,4
extracted_tables/037_Health_Bulletin_2013/table_0153.csv,5,3
extracted_tables/037_Health_Bulletin_2013/table_0107.csv,5,3
extracted_tables/037_Health_Bulletin_2013/table_0054.csv,3,2
extracted_tables/037_Health_Bulletin_2013/table_0164.csv,5,3
extracted_tables/037_Health_Bulletin_2013/table_0026.csv,3,7
extracted_tables/037_Health_Bulletin_2013/table_0155.csv,5,3
extracted_tables/037_Health_Bulletin_2013/table_0204.csv,5,4
extracted_tables/037_Health_Bulletin_2013/table_0086.csv,4,3
extracted_tables/037_Health_Bulletin_2013/table_0008.csv,5,3
extracted_tables/037_Health_Bulletin_2013/table_0035.csv,4,4
extracted_tables/037_Health_Bulletin_2013/table_0058.csv,3,2
extracted_tables/037_Health_Bulletin_2013/table_0182.csv,3,3
extracted_tables/037_Health_Bulletin_2013/table_0169.csv,4,3
extracted_tables/037_Health_Bulletin_2013/table_0113.csv,3,5
extracted_tables/037_Health_Bulletin_2013/table_0048.csv,3,2
extracted_tables/037_Health_Bulletin_2013/table_0191.csv,5,3
extracted_tables/037_Health_Bulletin_2013/table_0105.csv,3,7
extracted_tables/037_Health_Bulletin_2013/table_0063.csv,5,7
extracted_tables/037_Health_Bulletin_2013/table_0021.csv,3,2
extracted_tables/037_Health_Bulletin_2013/table_0100.csv,5,5
extracted_tables/037_Health_Bulletin_2013/table_0009.csv,4,3
extracted_tables/037_Health_Bulletin_2013/table_0148.csv,5,9
extracted_tables/037_Health_Bulletin_2013/table_0092.csv,3,2
extracted_tables/037_Health_Bulletin_2013/table_0117.csv,3,3
extracted_tables/037_Health_Bulletin_2013/table_0177.csv,5,3
extracted_tables/037_Health_Bulletin_2013/table_0007.csv,4,3
extracted_tables/037_Health_Bulletin_2013/table_0176.csv,4,3
extracted_tables/037_Health_Bulletin_2013/table_0145.csv,5,13
extracted_tables/037_Health_Bulletin_2013/table_0087.csv,3,5
extracted_tables/037_Health_Bulletin_2013/table_0159.csv,4,3
extracted_tables/037_Health_Bulletin_2013/table_0170.csv,4,3
extracted_tables/037_Health_Bulletin_2013/table_0120.csv,4,3
extracted_tables/037_Health_Bulletin_2013/table_0093.csv,3,2
extracted_tables/037_Health_Bulletin_2013/table_0042.csv,4,9
extracted_tables/037_Health_Bulletin_2013/table_0202.csv,5,6
extracted_tables/037_Health_Bulletin_2013/table_0112.csv,5,3
extracted_tables/037_Health_Bulletin_2013/table_0097.csv,3,2
extracted_tables/037_Health_Bulletin_2013/table_0216.csv,4,4
extracted_tables/037_Health_Bulletin_2013/table_0141.csv,5,12
extracted_tables/037_Health_Bulletin_2013/table_0138.csv,5,13
extracted_tables/037_Health_Bulletin_2013/table_0082.csv,5,5
extracted_tables/037_Health_Bulletin_2013/table_0091.csv,5,3
extracted_tables/037_Health_Bulletin_2013/table_0038.csv,4,4
extracted_tables/037_Health_Bulletin_2013/table_0218.csv,5,4
extracted_tables/037_Health_Bulletin_2013/table_0017.csv,5,9
extracted_tables/037_Health_Bulletin_2013/table_0175.csv,4,5
extracted_tables/037_Health_Bulletin_2013/table_0010.csv,3,2
extracted_tables/037_Health_Bulletin_2013/table_0055.csv,3,2
extracted_tables/037_Health_Bulletin_2013/table_0003.csv,5,3
extracted_tables/037_Health_Bulletin_2013/table_0167.csv,5,3
extracted_tables/037_Health_Bulletin_2013/table_0033.csv,3,3
extracted_tables/037_Health_Bulletin_2013/table_0142.csv,5,13
extracted_tables/037_Health_Bulletin_2013/table_0208.csv,4,4
extracted_tables/037_Health_Bulletin_2013/table_0084.csv,3,5
extracted_tables/037_Health_Bulletin_2013/table_0119.csv,4,3
extracted_tables/037_Health_Bulletin_2013/table_0025.csv,3,5
extracted_tables/037_Health_Bulletin_2013/table_0150.csv,5,11
extracted_tables/037_Health_Bulletin_2013/table_0039.csv,3,3
extracted_tables/037_Health_Bulletin_2013/table_0151.csv,5,2
extracted_tables/037_Health_Bulletin_2013/table_0215.csv,5,5
extracted_tables/037_Health_Bulletin_2013/table_0198.csv,4,3
extracted_tables/037_Health_Bulletin_2013/table_0133.csv,5,7
extracted_tables/037_Health_Bulletin_2013/table_0189.csv,5,4
extracted_tables/037_Health_Bulletin_2013/table_0211.csv,5,5
extracted_tables/037_Health_Bulletin_2013/table_0136.csv,5,7
extracted_tables/037_Health_Bulletin_2013/table_0178.csv,5,3
extracted_tables/037_Health_Bulletin_2013/table_0096.csv,3,2
extracted_tables/037_Health_Bulletin_2013/table_0106.csv,5,3
extracted_tables/037_Health_Bulletin_2013/table_0028.csv,5,3
extracted_tables/037_Health_Bulletin_2013/table_0118.csv,3,3
extracted_tables/037_Health_Bulletin_2013/table_0073.csv,3,2
extracted_tables/037_Health_Bulletin_2013/table_0081.csv,4,3
extracted_tables/037_Health_Bulletin_2013/table_0095.csv,3,2
extracted_tables/037_Health_Bulletin_2013/table_0024.csv,3,5
extracted_tables/037_Health_Bulletin_2013/table_0146.csv,5,15
extracted_tables/037_Health_Bulletin_2013/table_0166.csv,3,3
extracted_tables/037_Health_Bulletin_2013/table_0002.csv,4,3
extracted_tables/037_Health_Bulletin_2013/table_0005.csv,5,3
extracted_tables/037_Health_Bulletin_2013/table_0110.csv,3,3
extracted_tables/037_Health_Bulletin_2013/table_0075.csv,3,2
extracted_tables/037_Health_Bulletin_2013/table_0185.csv,3,3
extracted_tables/037_Health_Bulletin_2013/table_0173.csv,4,3
extracted_tables/037_Health_Bulletin_2013/table_0053.csv,3,2
extracted_tables/037_Health_Bulletin_2013/table_0144.csv,5,13
extracted_tables/037_Health_Bulletin_2013/table_0060.csv,3,2
extracted_tables/037_Health_Bulletin_2013/table_0158.csv,5,3
extracted_tables/037_Health_Bulletin_2013/table_0085.csv,3,5
extracted_tables/037_Health_Bulletin_2013/table_0065.csv,3,2
extracted_tables/037_Health_Bulletin_2013/table_0029.csv,5,3
extracted_tables/037_Health_Bulletin_2013/table_0104.csv,5,5
extracted_tables/037_Health_Bulletin_2013/table_0132.csv,5,6
extracted_tables/037_Health_Bulletin_2013/table_0077.csv,3,2
extracted_tables/037_Health_Bulletin_2013/table_0212.csv,5,5
extracted_tables/037_Health_Bulletin_2013/table_0165.csv,5,3
extracted_tables/037_Health_Bulletin_2013/table_0001.csv,5,3
extracted_tables/037_Health_Bulletin_2013/table_0154.csv,5,3
extracted_tables/037_Health_Bulletin_2013/table_0059.csv,3,2
extracted_tables/037_Health_Bulletin_2013/table_0115.csv,4,5
extracted_tables/037_Health_Bulletin_2013/table_0056.csv,3,2
extracted_tables/037_Health_Bulletin_2013/table_0200.csv,5,4
extracted_tables/037_Health_Bulletin_2013/table_0213.csv,5,5
extracted_tables/037_Health_Bulletin_2013/table_0067.csv,3,2
extracted_tables/037_Health_Bulletin_2013/table_0018.csv,3,2
extracted_tables/037_Health_Bulletin_2013/table_0183.csv,3,3
extracted_tables/037_Health_Bulletin_2013/table_0130.csv,3,7
extracted_tables/037_Health_Bulletin_2013/table_0197.csv,5,3
extracted_tables/037_Health_Bulletin_2013/table_0114.csv,4,5
extracted_tables/100_Pregnancy_History_Information/table_002.csv,5,2
extracted_tables/100_Pregnancy_History_Information/table_001.csv,5,2
extracted_tables/100_Pregnancy_History_Information/table_003.csv,5,2
extracted_tables/100_Pregnancy_History_Information/table_004.csv,5,2
extracted_tables/110_Cancer_J_Bangladesh_Vol_2_No_1_January_2021/table_002.csv,5,6
extracted_tables/110_Cancer_J_Bangladesh_Vol_2_No_1_January_2021/table_001.csv,5,9
extracted_tables/078_Research_Abstract_of_Planning_Monitoring_and_Research_Operational_Plan_2021-2022/table_002.csv,5,5
extracted_tables/078_Research_Abstract_of_Planning_Monitoring_and_Research_Operational_Plan_2021-2022/table_001.csv,5,5
extracted_tables/048_Semi-annual_Environmental_Monitoring_Report_July-December-2020/table_006.csv,5,8
extracted_tables/048_Semi-annual_Environmental_Monitoring_Report_July-December-2020/table_002.csv,5,4
extracted_tables/048_Semi-annual_Environmental_Monitoring_Report_July-December-2020/table_012.csv,5,9
extracted_tables/048_Semi-annual_Environmental_Monitoring_Report_July-December-2020/table_008.csv,5,3
extracted_tables/048_Semi-annual_Environmental_Monitoring_Report_July-December-2020/table_007.csv,5,8
extracted_tables/048_Semi-annual_Environmental_Monitoring_Report_July-December-2020/table_001.csv,5,4
extracted_tables/048_Semi-annual_Environmental_Monitoring_Report_July-December-2020/table_005.csv,5,8
extracted_tables/048_Semi-annual_Environmental_Monitoring_Report_July-December-2020/table_011.csv,5,9
extracted_tables/048_Semi-annual_Environmental_Monitoring_Report_July-December-2020/table_003.csv,5,4
extracted_tables/048_Semi-annual_Environmental_Monitoring_Report_July-December-2020/table_010.csv,5,9
extracted_tables/048_Semi-annual_Environmental_Monitoring_Report_July-December-2020/table_009.csv,5,9
extracted_tables/048_Semi-annual_Environmental_Monitoring_Report_July-December-2020/table_004.csv,5,12
extracted_tables/043_Health_Bulletin_2007/table_0168.csv,5,5
extracted_tables/043_Health_Bulletin_2007/table_0188.csv,5,5
extracted_tables/043_Health_Bulletin_2007/table_0071.csv,4,6
extracted_tables/043_Health_Bulletin_2007/table_0040.csv,5,6
extracted_tables/043_Health_Bulletin_2007/table_0036.csv,5,3
extracted_tables/043_Health_Bulletin_2007/table_0134.csv,5,21
extracted_tables/043_Health_Bulletin_2007/table_0131.csv,5,2
extracted_tables/043_Health_Bulletin_2007/table_0125.csv,5,11
extracted_tables/043_Health_Bulletin_2007/table_0034.csv,5,7
extracted_tables/043_Health_Bulletin_2007/table_0079.csv,5,8
extracted_tables/043_Health_Bulletin_2007/table_0214.csv,5,23
extracted_tables/043_Health_Bulletin_2007/table_0180.csv,5,5
extracted_tables/043_Health_Bulletin_2007/table_0171.csv,5,5
extracted_tables/043_Health_Bulletin_2007/table_0209.csv,5,23
extracted_tables/043_Health_Bulletin_2007/table_0064.csv,5,65
extracted_tables/043_Health_Bulletin_2007/table_0129.csv,5,21
extracted_tables/043_Health_Bulletin_2007/table_0020.csv,5,12
extracted_tables/043_Health_Bulletin_2007/table_0101.csv,5,12
extracted_tables/043_Health_Bulletin_2007/table_0186.csv,5,5
extracted_tables/043_Health_Bulletin_2007/table_0099.csv,5,12
extracted_tables/043_Health_Bulletin_2007/table_0070.csv,5,20
extracted_tables/043_Health_Bulletin_2007/table_0207.csv,5,6
extracted_tables/043_Health_Bulletin_2007/table_0109.csv,5,28
extracted_tables/043_Health_Bulletin_2007/table_0156.csv,5,5
extracted_tables/043_Health_Bulletin_2007/table_0089.csv,5,6
extracted_tables/043_Health_Bulletin_2007/table_0080.csv,5,8
extracted_tables/043_Health_Bulletin_2007/table_0049.csv,5,6
extracted_tables/043_Health_Bulletin_2007/table_0199.csv,5,6
extracted_tables/043_Health_Bulletin_2007/table_0210.csv,5,23
extracted_tables/043_Health_Bulletin_2007/table_0023.csv,5,10
extracted_tables/043_Health_Bulletin_2007/table_0160.csv,5,4
extracted_tables/043_Health_Bulletin_2007/table_0011.csv,5,4
extracted_tables/043_Health_Bulletin_2007/table_0184.csv,5,5
extracted_tables/043_Health_Bulletin_2007/table_0224.csv,5,24
extracted_tables/043_Health_Bulletin_2007/table_0014.csv,5,9
extracted_tables/043_Health_Bulletin_2007/table_0102.csv,5,12
extracted_tables/043_Health_Bulletin_2007/table_0006.csv,5,10
extracted_tables/043_Health_Bulletin_2007/table_0083.csv,5,12
extracted_tables/043_Health_Bulletin_2007/table_0127.csv,5,13
extracted_tables/043_Health_Bulletin_2007/table_0016.csv,5,9
extracted_tables/043_Health_Bulletin_2007/table_0051.csv,5,6
extracted_tables/043_Health_Bulletin_2007/table_0072.csv,3,2
extracted_tables/043_Health_Bulletin_2007/table_0194.csv,5,6
extracted_tables/043_Health_Bulletin_2007/table_0135.csv,5,8
extracted_tables/043_Health_Bulletin_2007/table_0206.csv,5,6
extracted_tables/043_Health_Bulletin_2007/table_0013.csv,5,4
extracted_tables/043_Health_Bulletin_2007/table_0108.csv,5,37
extracted_tables/043_Health_Bulletin_2007/table_0027.csv,5,3
extracted_tables/043_Health_Bulletin_2007/table_0126.csv,5,7
extracted_tables/043_Health_Bulletin_2007/table_0043.csv,5,38
extracted_tables/043_Health_Bulletin_2007/table_0045.csv,5,32
extracted_tables/043_Health_Bulletin_2007/table_0044.csv,5,32
extracted_tables/043_Health_Bulletin_2007/table_0219.csv,5,24
extracted_tables/043_Health_Bulletin_2007/table_0111.csv,5,8
extracted_tables/043_Health_Bulletin_2007/table_0090.csv,5,15
extracted_tables/043_Health_Bulletin_2007/table_0123.csv,5,31
extracted_tables/043_Health_Bulletin_2007/table_0172.csv,5,5
extracted_tables/043_Health_Bulletin_2007/table_0137.csv,5,18
extracted_tables/043_Health_Bulletin_2007/table_0152.csv,3,6
extracted_tables/043_Health_Bulletin_2007/table_0122.csv,4,12
extracted_tables/043_Health_Bulletin_2007/table_0094.csv,3,14
extracted_tables/043_Health_Bulletin_2007/table_0052.csv,5,6
extracted_tables/043_Health_Bulletin_2007/table_0140.csv,5,13
extracted_tables/043_Health_Bulletin_2007/table_0203.csv,5,6
extracted_tables/043_Health_Bulletin_2007/table_0193.csv,5,6
extracted_tables/043_Health_Bulletin_2007/table_0032.csv,5,8
extracted_tables/043_Health_Bulletin_2007/table_0066.csv,5,15
extracted_tables/043_Health_Bulletin_2007/table_0098.csv,5,12
extracted_tables/043_Health_Bulletin_2007/table_0103.csv,5,8
extracted_tables/043_Health_Bulletin_2007/table_0227.csv,5,24
extracted_tables/043_Health_Bulletin_2007/table_0074.csv,5,34
extracted_tables/043_Health_Bulletin_2007/table_0031.csv,5,8
extracted_tables/043_Health_Bulletin_2007/table_0147.csv,4,19
extracted_tables/043_Health_Bulletin_2007/table_0157.csv,5,4
extracted_tables/043_Health_Bulletin_2007/table_0225.csv,5,24
extracted_tables/043_Health_Bulletin_2007/table_0220.csv,5,24
extracted_tables/043_Health_Bulletin_2007/table_0163.csv,5,5
extracted_tables/043_Health_Bulletin_2007/table_0190.csv,5,10
extracted_tables/043_Health_Bulletin_2007/table_0069.csv,5,4
extracted_tables/043_Health_Bulletin_2007/table_0078.csv,5,9
extracted_tables/043_Health_Bulletin_2007/table_0195.csv,5,6
extracted_tables/043_Health_Bulletin_2007/table_0143.csv,5,14
extracted_tables/043_Health_Bulletin_2007/table_0174.csv,5,5
extracted_tables/043_Health_Bulletin_2007/table_0022.csv,5,4
extracted_tables/043_Health_Bulletin_2007/table_0015.csv,5,10
extracted_tables/043_Health_Bulletin_2007/table_0046.csv,5,17
extracted_tables/043_Health_Bulletin_2007/table_0139.csv,5,12
extracted_tables/043_Health_Bulletin_2007/table_0222.csv,5,24
extracted_tables/043_Health_Bulletin_2007/table_0201.csv,5,6
extracted_tables/043_Health_Bulletin_2007/table_0226.csv,5,24
extracted_tables/043_Health_Bulletin_2007/table_0012.csv,5,4
extracted_tables/043_Health_Bulletin_2007/table_0061.csv,5,11
extracted_tables/043_Health_Bulletin_2007/table_0068.csv,5,5
extracted_tables/043_Health_Bulletin_2007/table_0057.csv,5,40
extracted_tables/043_Health_Bulletin_2007/table_0121.csv,5,7
extracted_tables/043_Health_Bulletin_2007/table_0019.csv,5,4
extracted_tables/043_Health_Bulletin_2007/table_0217.csv,5,24
extracted_tables/043_Health_Bulletin_2007/table_0116.csv,5,14
extracted_tables/043_Health_Bulletin_2007/table_0149.csv,4,11
extracted_tables/043_Health_Bulletin_2007/table_0124.csv,5,6
extracted_tables/043_Health_Bulletin_2007/table_0041.csv,5,6
extracted_tables/043_Health_Bulletin_2007/table_0179.csv,5,5
extracted_tables/043_Health_Bulletin_2007/table_0128.csv,5,4
extracted_tables/043_Health_Bulletin_2007/table_0076.csv,5,12
extracted_tables/043_Health_Bulletin_2007/table_0162.csv,5,4
extracted_tables/043_Health_Bulletin_2007/table_0047.csv,5,6
extracted_tables/043_Health_Bulletin_2007/table_0004.csv,5,5
extracted_tables/043_Health_Bulletin_2007/table_0088.csv,5,16
extracted_tables/043_Health_Bulletin_2007/table_0062.csv,5,31
extracted_tables/043_Health_Bulletin_2007/table_0161.csv,5,5
extracted_tables/043_Health_Bulletin_2007/table_0030.csv,5,11
extracted_tables/043_Health_Bulletin_2007/table_0196.csv,5,6
extracted_tables/043_Health_Bulletin_2007/table_0187.csv,5,4
extracted_tables/043_Health_Bulletin_2007/table_0181.csv,5,5
extracted_tables/043_Health_Bulletin_2007/table_0205.csv,5,6
extracted_tables/043_Health_Bulletin_2007/table_0050.csv,5,6
extracted_tables/043_Health_Bulletin_2007/table_0192.csv,5,6
extracted_tables/043_Health_Bulletin_2007/table_0037.csv,5,3
extracted_tables/043_Health_Bulletin_2007/table_0153.csv,3,6
extracted_tables/043_Health_Bulletin_2007/table_0107.csv,5,4
extracted_tables/043_Health_Bulletin_2007/table_0223.csv,5,24
extracted_tables/043_Health_Bulletin_2007/table_0054.csv,5,40
extracted_tables/043_Health_Bulletin_2007/table_0164.csv,5,5
extracted_tables/043_Health_Bulletin_2007/table_0026.csv,5,4
extracted_tables/043_Health_Bulletin_2007/table_0155.csv,5,8
extracted_tables/043_Health_Bulletin_2007/table_0204.csv,5,6
extracted_tables/043_Health_Bulletin_2007/table_0086.csv,5,11
extracted_tables/043_Health_Bulletin_2007/table_0008.csv,5,5
extracted_tables/043_Health_Bulletin_2007/table_0035.csv,5,12
extracted_tables/043_Health_Bulletin_2007/table_0058.csv,5,42
extracted_tables/043_Health_Bulletin_2007/table_0182.csv,5,5
extracted_tables/043_Health_Bulletin_2007/table_0169.csv,5,5
extracted_tables/043_Health_Bulletin_2007/table_0113.csv,5,8
extracted_tables/043_Health_Bulletin_2007/table_0048.csv,5,6
extracted_tables/043_Health_Bulletin_2007/table_0191.csv,5,6
extracted_tables/043_Health_Bulletin_2007/table_0105.csv,5,15
extracted_tables/043_Health_Bulletin_2007/table_0063.csv,5,26
extracted_tables/043_Health_Bulletin_2007/table_0021.csv,5,4
extracted_tables/043_Health_Bulletin_2007/table_0100.csv,4,2
extracted_tables/043_Health_Bulletin_2007/table_0009.csv,5,3
extracted_tables/043_Health_Bulletin_2007/table_0148.csv,4,10
extracted_tables/043_Health_Bulletin_2007/table_0092.csv,5,6
extracted_tables/043_Health_Bulletin_2007/table_0117.csv,5,13
extracted_tables/043_Health_Bulletin_2007/table_0177.csv,5,5
extracted_tables/043_Health_Bulletin_2007/table_0007.csv,5,10
extracted_tables/043_Health_Bulletin_2007/table_0176.csv,5,5
extracted_tables/043_Health_Bulletin_2007/table_0145.csv,5,16
extracted_tables/043_Health_Bulletin_2007/table_0087.csv,5,18
extracted_tables/043_Health_Bulletin_2007/table_0159.csv,5,4
extracted_tables/043_Health_Bulletin_2007/table_0170.csv,5,5
extracted_tables/043_Health_Bulletin_2007/table_0120.csv,5,11
extracted_tables/043_Health_Bulletin_2007/table_0093.csv,5,50
extracted_tables/043_Health_Bulletin_2007/table_0042.csv,5,6
extracted_tables/043_Health_Bulletin_2007/table_0202.csv,5,6
extracted_tables/043_Health_Bulletin_2007/table_0112.csv,5,3
extracted_tables/043_Health_Bulletin_2007/table_0097.csv,5,3
extracted_tables/043_Health_Bulletin_2007/table_0216.csv,5,15
extracted_tables/043_Health_Bulletin_2007/table_0141.csv,5,13
extracted_tables/043_Health_Bulletin_2007/table_0138.csv,5,8
extracted_tables/043_Health_Bulletin_2007/table_0082.csv,5,8
extracted_tables/043_Health_Bulletin_2007/table_0091.csv,5,15
extracted_tables/043_Health_Bulletin_2007/table_0038.csv,5,3
extracted_tables/043_Health_Bulletin_2007/table_0218.csv,5,24
extracted_tables/043_Health_Bulletin_2007/table_0017.csv,5,4
extracted_tables/043_Health_Bulletin_2007/table_0175.csv,5,5
extracted_tables/043_Health_Bulletin_2007/table_0010.csv,5,4
extracted_tables/043_Health_Bulletin_2007/table_0055.csv,5,39
extracted_tables/043_Health_Bulletin_2007/table_0003.csv,5,5
extracted_tables/043_Health_Bulletin_2007/table_0167.csv,5,5
extracted_tables/043_Health_Bulletin_2007/table_0033.csv,5,4
extracted_tables/043_Health_Bulletin_2007/table_0142.csv,5,13
extracted_tables/043_Health_Bulletin_2007/table_0228.csv,5,24
extracted_tables/043_Health_Bulletin_2007/table_0208.csv,5,23
extracted_tables/043_Health_Bulletin_2007/table_0084.csv,5,12
extracted_tables/043_Health_Bulletin_2007/table_0119.csv,5,13
extracted_tables/043_Health_Bulletin_2007/table_0229.csv,5,21
extracted_tables/043_Health_Bulletin_2007/table_0025.csv,5,4
extracted_tables/043_Health_Bulletin_2007/table_0150.csv,3,6
extracted_tables/043_Health_Bulletin_2007/table_0039.csv,5,18
extracted_tables/043_Health_Bulletin_2007/table_0151.csv,3,6
extracted_tables/043_Health_Bulletin_2007/table_0215.csv,5,15
extracted_tables/043_Health_Bulletin_2007/table_0198.csv,5,6
extracted_tables/043_Health_Bulletin_2007/table_0133.csv,5,8
extracted_tables/043_Health_Bulletin_2007/table_0189.csv,5,6
extracted_tables/043_Health_Bulletin_2007/table_0211.csv,5,23
extracted_tables/043_Health_Bulletin_2007/table_0136.csv,5,6
extracted_tables/043_Health_Bulletin_2007/table_0178.csv,5,5
extracted_tables/043_Health_Bulletin_2007/table_0096.csv,5,12
extracted_tables/043_Health_Bulletin_2007/table_0106.csv,5,15
extracted_tables/043_Health_Bulletin_2007/table_0028.csv,5,3
extracted_tables/043_Health_Bulletin_2007/table_0118.csv,4,12
extracted_tables/043_Health_Bulletin_2007/table_0073.csv,4,3
extracted_tables/043_Health_Bulletin_2007/table_0081.csv,5,8
extracted_tables/043_Health_Bulletin_2007/table_0095.csv,5,21
extracted_tables/043_Health_Bulletin_2007/table_0024.csv,5,4
extracted_tables/043_Health_Bulletin_2007/table_0146.csv,5,19
extracted_tables/043_Health_Bulletin_2007/table_0166.csv,5,5
extracted_tables/043_Health_Bulletin_2007/table_0002.csv,5,6
extracted_tables/043_Health_Bulletin_2007/table_0005.csv,5,5
extracted_tables/043_Health_Bulletin_2007/table_0110.csv,5,12
extracted_tables/043_Health_Bulletin_2007/table_0075.csv,5,12
extracted_tables/043_Health_Bulletin_2007/table_0221.csv,5,24
extracted_tables/043_Health_Bulletin_2007/table_0185.csv,5,6
extracted_tables/043_Health_Bulletin_2007/table_0173.csv,5,5
extracted_tables/043_Health_Bulletin_2007/table_0053.csv,5,42
extracted_tables/043_Health_Bulletin_2007/table_0144.csv,5,14
extracted_tables/043_Health_Bulletin_2007/table_0060.csv,5,14
extracted_tables/043_Health_Bulletin_2007/table_0158.csv,5,4
extracted_tables/043_Health_Bulletin_2007/table_0085.csv,5,12
extracted_tables/043_Health_Bulletin_2007/table_0065.csv,5,12
extracted_tables/043_Health_Bulletin_2007/table_0029.csv,5,11
extracted_tables/043_Health_Bulletin_2007/table_0104.csv,5,12
extracted_tables/043_Health_Bulletin_2007/table_0132.csv,5,13
extracted_tables/043_Health_Bulletin_2007/table_0077.csv,5,9
extracted_tables/043_Health_Bulletin_2007/table_0212.csv,5,23
extracted_tables/043_Health_Bulletin_2007/table_0165.csv,5,5
extracted_tables/043_Health_Bulletin_2007/table_0001.csv,5,5
extracted_tables/043_Health_Bulletin_2007/table_0154.csv,5,6
extracted_tables/043_Health_Bulletin_2007/table_0059.csv,5,14
extracted_tables/043_Health_Bulletin_2007/table_0115.csv,5,9
extracted_tables/043_Health_Bulletin_2007/table_0056.csv,5,44
extracted_tables/043_Health_Bulletin_2007/table_0230.csv,5,21
extracted_tables/043_Health_Bulletin_2007/table_0200.csv,5,6
extracted_tables/043_Health_Bulletin_2007/table_0213.csv,5,23
extracted_tables/043_Health_Bulletin_2007/table_0067.csv,5,12
extracted_tables/043_Health_Bulletin_2007/table_0018.csv,5,4
extracted_tables/043_Health_Bulletin_2007/table_0183.csv,5,5
extracted_tables/043_Health_Bulletin_2007/table_0130.csv,5,9
extracted_tables/043_Health_Bulletin_2007/table_0197.csv,5,6
extracted_tables/043_Health_Bulletin_2007/table_0114.csv,5,13
extracted_tables/033_Health_Bulletin_2017/table_0168.csv,5,32
extracted_tables/033_Health_Bulletin_2017/table_0188.csv,5,32
extracted_tables/033_Health_Bulletin_2017/table_0071.csv,5,5
extracted_tables/033_Health_Bulletin_2017/table_0272.csv,5,5
extracted_tables/033_Health_Bulletin_2017/table_0040.csv,5,11
extracted_tables/033_Health_Bulletin_2017/table_0251.csv,5,5
extracted_tables/033_Health_Bulletin_2017/table_0036.csv,5,8
extracted_tables/033_Health_Bulletin_2017/table_0134.csv,5,6
extracted_tables/033_Health_Bulletin_2017/table_0257.csv,5,5
extracted_tables/033_Health_Bulletin_2017/table_0131.csv,5,9
extracted_tables/033_Health_Bulletin_2017/table_0125.csv,5,4
extracted_tables/033_Health_Bulletin_2017/table_0234.csv,5,6
extracted_tables/033_Health_Bulletin_2017/table_0232.csv,5,5
extracted_tables/033_Health_Bulletin_2017/table_0034.csv,3,2
extracted_tables/033_Health_Bulletin_2017/table_0079.csv,5,3
extracted_tables/033_Health_Bulletin_2017/table_0214.csv,5,32
extracted_tables/033_Health_Bulletin_2017/table_0180.csv,5,32
extracted_tables/033_Health_Bulletin_2017/table_0171.csv,5,32
extracted_tables/033_Health_Bulletin_2017/table_0209.csv,5,32
extracted_tables/033_Health_Bulletin_2017/table_0249.csv,5,4
extracted_tables/033_Health_Bulletin_2017/table_0064.csv,5,4
extracted_tables/033_Health_Bulletin_2017/table_0129.csv,5,3
extracted_tables/033_Health_Bulletin_2017/table_0237.csv,5,6
extracted_tables/033_Health_Bulletin_2017/table_0020.csv,5,10
extracted_tables/033_Health_Bulletin_2017/table_0101.csv,5,10
extracted_tables/033_Health_Bulletin_2017/table_0186.csv,5,32
extracted_tables/033_Health_Bulletin_2017/table_0099.csv,5,6
extracted_tables/033_Health_Bulletin_2017/table_0070.csv,3,2
extracted_tables/033_Health_Bulletin_2017/table_0207.csv,5,32
extracted_tables/033_Health_Bulletin_2017/table_0109.csv,5,5
extracted_tables/033_Health_Bulletin_2017/table_0156.csv,5,4
extracted_tables/033_Health_Bulletin_2017/table_0089.csv,4,4
extracted_tables/033_Health_Bulletin_2017/table_0080.csv,5,3
extracted_tables/033_Health_Bulletin_2017/table_0049.csv,3,4
extracted_tables/033_Health_Bulletin_2017/table_0199.csv,5,15
extracted_tables/033_Health_Bulletin_2017/table_0210.csv,5,32
extracted_tables/033_Health_Bulletin_2017/table_0023.csv,5,3
extracted_tables/033_Health_Bulletin_2017/table_0160.csv,5,3
extracted_tables/033_Health_Bulletin_2017/table_0011.csv,5,5
extracted_tables/033_Health_Bulletin_2017/table_0184.csv,5,32
extracted_tables/033_Health_Bulletin_2017/table_0224.csv,5,5
extracted_tables/033_Health_Bulletin_2017/table_0014.csv,5,3
extracted_tables/033_Health_Bulletin_2017/table_0102.csv,5,10
extracted_tables/033_Health_Bulletin_2017/table_0273.csv,5,5
extracted_tables/033_Health_Bulletin_2017/table_0006.csv,5,5
extracted_tables/033_Health_Bulletin_2017/table_0083.csv,5,3
extracted_tables/033_Health_Bulletin_2017/table_0127.csv,5,3
extracted_tables/033_Health_Bulletin_2017/table_0016.csv,3,2
extracted_tables/033_Health_Bulletin_2017/table_0051.csv,5,14
extracted_tables/033_Health_Bulletin_2017/table_0072.csv,5,9
extracted_tables/033_Health_Bulletin_2017/table_0244.csv,5,5
extracted_tables/033_Health_Bulletin_2017/table_0194.csv,5,32
extracted_tables/033_Health_Bulletin_2017/table_0135.csv,5,4
extracted_tables/033_Health_Bulletin_2017/table_0206.csv,5,32
extracted_tables/033_Health_Bulletin_2017/table_0013.csv,5,5
extracted_tables/033_Health_Bulletin_2017/table_0108.csv,5,3
extracted_tables/033_Health_Bulletin_2017/table_0027.csv,5,4
extracted_tables/033_Health_Bulletin_2017/table_0126.csv,5,2
extracted_tables/033_Health_Bulletin_2017/table_0240.csv,5,5
extracted_tables/033_Health_Bulletin_2017/table_0043.csv,5,3
extracted_tables/033_Health_Bulletin_2017/table_0045.csv,5,6
extracted_tables/033_Health_Bulletin_2017/table_0044.csv,5,5
extracted_tables/033_Health_Bulletin_2017/table_0238.csv,5,6
extracted_tables/033_Health_Bulletin_2017/table_0219.csv,5,5
extracted_tables/033_Health_Bulletin_2017/table_0111.csv,5,3
extracted_tables/033_Health_Bulletin_2017/table_0233.csv,5,6
extracted_tables/033_Health_Bulletin_2017/table_0090.csv,5,3
extracted_tables/033_Health_Bulletin_2017/table_0123.csv,5,7
extracted_tables/033_Health_Bulletin_2017/table_0172.csv,5,32
extracted_tables/033_Health_Bulletin_2017/table_0137.csv,5,3
extracted_tables/033_Health_Bulletin_2017/table_0152.csv,3,2
extracted_tables/033_Health_Bulletin_2017/table_0267.csv,5,17
extracted_tables/033_Health_Bulletin_2017/table_0122.csv,5,6
extracted_tables/033_Health_Bulletin_2017/table_0094.csv,5,7
extracted_tables/033_Health_Bulletin_2017/table_0052.csv,5,5
extracted_tables/033_Health_Bulletin_2017/table_0140.csv,5,6
extracted_tables/033_Health_Bulletin_2017/table_0203.csv,5,32
extracted_tables/033_Health_Bulletin_2017/table_0263.csv,5,33
extracted_tables/033_Health_Bulletin_2017/table_0193.csv,5,32
extracted_tables/033_Health_Bulletin_2017/table_0247.csv,5,4
extracted_tables/033_Health_Bulletin_2017/table_0032.csv,5,8
extracted_tables/033_Health_Bulletin_2017/table_0066.csv,5,4
extracted_tables/033_Health_Bulletin_2017/table_0098.csv,3,2
extracted_tables/033_Health_Bulletin_2017/table_0258.csv,5,5
extracted_tables/033_Health_Bulletin_2017/table_0103.csv,5,2
extracted_tables/033_Health_Bulletin_2017/table_0227.csv,5,5
extracted_tables/033_Health_Bulletin_2017/table_0074.csv,5,8
extracted_tables/033_Health_Bulletin_2017/table_0031.csv,3,2
extracted_tables/033_Health_Bulletin_2017/table_0147.csv,5,9
extracted_tables/033_Health_Bulletin_2017/table_0157.csv,5,4
extracted_tables/033_Health_Bulletin_2017/table_0225.csv,5,5
extracted_tables/033_Health_Bulletin_2017/table_0220.csv,5,5
extracted_tables/033_Health_Bulletin_2017/table_0163.csv,3,2
extracted_tables/033_Health_Bulletin_2017/table_0254.csv,5,5
extracted_tables/033_Health_Bulletin_2017/table_0190.csv,5,32
extracted_tables/033_Health_Bulletin_2017/table_0069.csv,3,2
extracted_tables/033_Health_Bulletin_2017/table_0078.csv,5,3
extracted_tables/033_Health_Bulletin_2017/table_0195.csv,5,32
extracted_tables/033_Health_Bulletin_2017/table_0143.csv,3,3
extracted_tables/033_Health_Bulletin_2017/table_0174.csv,5,32
extracted_tables/033_Health_Bulletin_2017/table_0022.csv,4,3
extracted_tables/033_Health_Bulletin_2017/table_0277.csv,5,18
extracted_tables/033_Health_Bulletin_2017/table_0015.csv,5,9
extracted_tables/033_Health_Bulletin_2017/table_0046.csv,5,9
extracted_tables/033_Health_Bulletin_2017/table_0139.csv,5,10
extracted_tables/033_Health_Bulletin_2017/table_0222.csv,5,5
extracted_tables/033_Health_Bulletin_2017/table_0201.csv,5,32
extracted_tables/033_Health_Bulletin_2017/table_0226.csv,5,5
extracted_tables/033_Health_Bulletin_2017/table_0012.csv,5,5
extracted_tables/033_Health_Bulletin_2017/table_0061.csv,5,3
extracted_tables/033_Health_Bulletin_2017/table_0068.csv,3,2
extracted_tables/033_Health_Bulletin_2017/table_0057.csv,5,7
extracted_tables/033_Health_Bulletin_2017/table_0121.csv,3,2
extracted_tables/033_Health_Bulletin_2017/table_0019.csv,5,2
extracted_tables/033_Health_Bulletin_2017/table_0217.csv,5,20
extracted_tables/033_Health_Bulletin_2017/table_0116.csv,5,6
extracted_tables/033_Health_Bulletin_2017/table_0149.csv,5,3
extracted_tables/033_Health_Bulletin_2017/table_0124.csv,4,18
extracted_tables/033_Health_Bulletin_2017/table_0041.csv,3,2
extracted_tables/033_Health_Bulletin_2017/table_0179.csv,5,32
extracted_tables/033_Health_Bulletin_2017/table_0128.csv,5,9
extracted_tables/033_Health_Bulletin_2017/table_0076.csv,5,3
extracted_tables/033_Health_Bulletin_2017/table_0162.csv,4,3
extracted_tables/033_Health_Bulletin_2017/table_0047.csv,5,4
extracted_tables/033_Health_Bulletin_2017/table_0004.csv,5,2
extracted_tables/033_Health_Bulletin_2017/table_0088.csv,3,2
extracted_tables/033_Health_Bulletin_2017/table_0062.csv,5,8
extracted_tables/033_Health_Bulletin_2017/table_0253.csv,5,5
extracted_tables/033_Health_Bulletin_2017/table_0235.csv,5,6
extracted_tables/033_Health_Bulletin_2017/table_0161.csv,5,3
extracted_tables/033_Health_Bulletin_2017/table_0256.csv,5,5
extracted_tables/033_Health_Bulletin_2017/table_0030.csv,3,2
extracted_tables/033_Health_Bulletin_2017/table_0260.csv,5,29
extracted_tables/033_Health_Bulletin_2017/table_0196.csv,5,32
extracted_tables/033_Health_Bulletin_2017/table_0269.csv,5,9
extracted_tables/033_Health_Bulletin_2017/table_0187.csv,5,32
extracted_tables/033_Health_Bulletin_2017/table_0181.csv,5,29
extracted_tables/033_Health_Bulletin_2017/table_0205.csv,5,32
extracted_tables/033_Health_Bulletin_2017/table_0050.csv,5,6
extracted_tables/033_Health_Bulletin_2017/table_0192.csv,5,32
extracted_tables/033_Health_Bulletin_2017/table_0255.csv,5,5
extracted_tables/033_Health_Bulletin_2017/table_0037.csv,3,2
extracted_tables/033_Health_Bulletin_2017/table_0153.csv,3,2
extracted_tables/033_Health_Bulletin_2017/table_0107.csv,5,3
extracted_tables/033_Health_Bulletin_2017/table_0274.csv,5,5
extracted_tables/033_Health_Bulletin_2017/table_0223.csv,5,5
extracted_tables/033_Health_Bulletin_2017/table_0054.csv,5,7
extracted_tables/033_Health_Bulletin_2017/table_0164.csv,5,28
extracted_tables/033_Health_Bulletin_2017/table_0026.csv,5,3
extracted_tables/033_Health_Bulletin_2017/table_0155.csv,3,2
extracted_tables/033_Health_Bulletin_2017/table_0204.csv,5,32
extracted_tables/033_Health_Bulletin_2017/table_0086.csv,5,3
extracted_tables/033_Health_Bulletin_2017/table_0008.csv,5,5
extracted_tables/033_Health_Bulletin_2017/table_0275.csv,5,4
extracted_tables/033_Health_Bulletin_2017/table_0035.csv,3,2
extracted_tables/033_Health_Bulletin_2017/table_0239.csv,5,6
extracted_tables/033_Health_Bulletin_2017/table_0058.csv,5,3
extracted_tables/033_Health_Bulletin_2017/table_0182.csv,5,29
extracted_tables/033_Health_Bulletin_2017/table_0169.csv,5,32
extracted_tables/033_Health_Bulletin_2017/table_0261.csv,5,32
extracted_tables/033_Health_Bulletin_2017/table_0113.csv,5,15
extracted_tables/033_Health_Bulletin_2017/table_0048.csv,3,4
extracted_tables/033_Health_Bulletin_2017/table_0191.csv,5,32
extracted_tables/033_Health_Bulletin_2017/table_0236.csv,5,6
extracted_tables/033_Health_Bulletin_2017/table_0231.csv,5,5
extracted_tables/033_Health_Bulletin_2017/table_0105.csv,5,4
extracted_tables/033_Health_Bulletin_2017/table_0063.csv,5,4
extracted_tables/033_Health_Bulletin_2017/table_0021.csv,5,12
extracted_tables/033_Health_Bulletin_2017/table_0100.csv,5,6
extracted_tables/033_Health_Bulletin_2017/table_0265.csv,5,25
extracted_tables/033_Health_Bulletin_2017/table_0009.csv,5,5
extracted_tables/033_Health_Bulletin_2017/table_0148.csv,5,9
extracted_tables/033_Health_Bulletin_2017/table_0092.csv,5,2
extracted_tables/033_Health_Bulletin_2017/table_0117.csv,3,2
extracted_tables/033_Health_Bulletin_2017/table_0177.csv,5,32
extracted_tables/033_Health_Bulletin_2017/table_0007.csv,5,5
extracted_tables/033_Health_Bulletin_2017/table_0259.csv,5,5
extracted_tables/033_Health_Bulletin_2017/table_0176.csv,5,32
extracted_tables/033_Health_Bulletin_2017/table_0145.csv,5,5
extracted_tables/033_Health_Bulletin_2017/table_0087.csv,5,3
extracted_tables/033_Health_Bulletin_2017/table_0159.csv,3,2
extracted_tables/033_Health_Bulletin_2017/table_0170.csv,5,32
extracted_tables/033_Health_Bulletin_2017/table_0120.csv,5,9
extracted_tables/033_Health_Bulletin_2017/table_0093.csv,5,2
extracted_tables/033_Health_Bulletin_2017/table_0042.csv,3,2
extracted_tables/033_Health_Bulletin_2017/table_0202.csv,5,32
extracted_tables/033_Health_Bulletin_2017/table_0266.csv,5,10
extracted_tables/033_Health_Bulletin_2017/table_0112.csv,5,3
extracted_tables/033_Health_Bulletin_2017/table_0097.csv,5,20
extracted_tables/033_Health_Bulletin_2017/table_0216.csv,5,32
extracted_tables/033_Health_Bulletin_2017/table_0264.csv,5,25
extracted_tables/033_Health_Bulletin_2017/table_0262.csv,5,32
extracted_tables/033_Health_Bulletin_2017/table_0141.csv,5,8
extracted_tables/033_Health_Bulletin_2017/table_0138.csv,5,2
extracted_tables/033_Health_Bulletin_2017/table_0082.csv,5,3
extracted_tables/033_Health_Bulletin_2017/table_0091.csv,4,2
extracted_tables/033_Health_Bulletin_2017/table_0038.csv,3,2
extracted_tables/033_Health_Bulletin_2017/table_0218.csv,5,5
extracted_tables/033_Health_Bulletin_2017/table_0017.csv,5,2
extracted_tables/033_Health_Bulletin_2017/table_0175.csv,5,32
extracted_tables/033_Health_Bulletin_2017/table_0010.csv,5,5
extracted_tables/033_Health_Bulletin_2017/table_0243.csv,5,5
extracted_tables/033_Health_Bulletin_2017/table_0055.csv,5,7
extracted_tables/033_Health_Bulletin_2017/table_0003.csv,3,9
extracted_tables/033_Health_Bulletin_2017/table_0167.csv,5,32
extracted_tables/033_Health_Bulletin_2017/table_0033.csv,3,2
extracted_tables/033_Health_Bulletin_2017/table_0142.csv,4,8
extracted_tables/033_Health_Bulletin_2017/table_0228.csv,5,5
extracted_tables/033_Health_Bulletin_2017/table_0208.csv,5,32
extracted_tables/033_Health_Bulletin_2017/table_0084.csv,5,3
extracted_tables/033_Health_Bulletin_2017/table_0248.csv,5,5
extracted_tables/033_Health_Bulletin_2017/table_0119.csv,5,12
extracted_tables/033_Health_Bulletin_2017/table_0229.csv,5,5
extracted_tables/033_Health_Bulletin_2017/table_0270.csv,5,8
extracted_tables/033_Health_Bulletin_2017/table_0025.csv,5,6
extracted_tables/033_Health_Bulletin_2017/table_0150.csv,5,4
extracted_tables/033_Health_Bulletin_2017/table_0039.csv,4,3
extracted_tables/033_Health_Bulletin_2017/table_0151.csv,3,2
extracted_tables/033_Health_Bulletin_2017/table_0215.csv,5,32
extracted_tables/033_Health_Bulletin_2017/table_0198.csv,5,32
extracted_tables/033_Health_Bulletin_2017/table_0133.csv,5,4
extracted_tables/033_Health_Bulletin_2017/table_0246.csv,5,5
extracted_tables/033_Health_Bulletin_2017/table_0189.csv,5,32
extracted_tables/033_Health_Bulletin_2017/table_0211.csv,5,32
extracted_tables/033_Health_Bulletin_2017/table_0136.csv,5,3
extracted_tables/033_Health_Bulletin_2017/table_0178.csv,5,32
extracted_tables/033_Health_Bulletin_2017/table_0096.csv,5,6
extracted_tables/033_Health_Bulletin_2017/table_0106.csv,5,2
extracted_tables/033_Health_Bulletin_2017/table_0028.csv,3,2
extracted_tables/033_Health_Bulletin_2017/table_0118.csv,5,5
extracted_tables/033_Health_Bulletin_2017/table_0073.csv,5,6
extracted_tables/033_Health_Bulletin_2017/table_0081.csv,5,3
extracted_tables/033_Health_Bulletin_2017/table_0095.csv,5,7
extracted_tables/033_Health_Bulletin_2017/table_0024.csv,5,6
extracted_tables/033_Health_Bulletin_2017/table_0146.csv,5,9
extracted_tables/033_Health_Bulletin_2017/table_0166.csv,5,32
extracted_tables/033_Health_Bulletin_2017/table_0241.csv,5,5
extracted_tables/033_Health_Bulletin_2017/table_0002.csv,4,2
extracted_tables/033_Health_Bulletin_2017/table_0005.csv,5,2
extracted_tables/033_Health_Bulletin_2017/table_0276.csv,5,6
extracted_tables/033_Health_Bulletin_2017/table_0110.csv,5,4
extracted_tables/033_Health_Bulletin_2017/table_0075.csv,5,3
extracted_tables/033_Health_Bulletin_2017/table_0221.csv,5,5
extracted_tables/033_Health_Bulletin_2017/table_0185.csv,5,32
extracted_tables/033_Health_Bulletin_2017/table_0242.csv,5,5
extracted_tables/033_Health_Bulletin_2017/table_0173.csv,5,32
extracted_tables/033_Health_Bulletin_2017/table_0053.csv,5,7
extracted_tables/033_Health_Bulletin_2017/table_0144.csv,3,4
extracted_tables/033_Health_Bulletin_2017/table_0060.csv,5,3
extracted_tables/033_Health_Bulletin_2017/table_0158.csv,4,3
extracted_tables/033_Health_Bulletin_2017/table_0252.csv,5,5
extracted_tables/033_Health_Bulletin_2017/table_0085.csv,5,3
extracted_tables/033_Health_Bulletin_2017/table_0065.csv,5,9
extracted_tables/033_Health_Bulletin_2017/table_0029.csv,3,2
extracted_tables/033_Health_Bulletin_2017/table_0104.csv,5,2
extracted_tables/033_Health_Bulletin_2017/table_0132.csv,5,7
extracted_tables/033_Health_Bulletin_2017/table_0077.csv,5,3
extracted_tables/033_Health_Bulletin_2017/table_0212.csv,5,32
extracted_tables/033_Health_Bulletin_2017/table_0165.csv,5,32
extracted_tables/033_Health_Bulletin_2017/table_0001.csv,5,7
extracted_tables/033_Health_Bulletin_2017/table_0154.csv,3,2
extracted_tables/033_Health_Bulletin_2017/table_0059.csv,5,3
extracted_tables/033_Health_Bulletin_2017/table_0115.csv,5,2
extracted_tables/033_Health_Bulletin_2017/table_0056.csv,5,6
extracted_tables/033_Health_Bulletin_2017/table_0230.csv,5,5
extracted_tables/033_Health_Bulletin_2017/table_0271.csv,5,19
extracted_tables/033_Health_Bulletin_2017/table_0200.csv,5,14
extracted_tables/033_Health_Bulletin_2017/table_0213.csv,5,32
extracted_tables/033_Health_Bulletin_2017/table_0067.csv,3,2
extracted_tables/033_Health_Bulletin_2017/table_0245.csv,5,5
extracted_tables/033_Health_Bulletin_2017/table_0250.csv,5,5
extracted_tables/033_Health_Bulletin_2017/table_0018.csv,5,2
extracted_tables/033_Health_Bulletin_2017/table_0183.csv,5,32
extracted_tables/033_Health_Bulletin_2017/table_0130.csv,5,5
extracted_tables/033_Health_Bulletin_2017/table_0197.csv,5,32
extracted_tables/033_Health_Bulletin_2017/table_0268.csv,5,17
extracted_tables/033_Health_Bulletin_2017/table_0114.csv,5,9
extracted_tables/058_Environmental_Management_Plan_Medical_Gas_System_MMCH/table_002.csv,5,14
extracted_tables/058_Environmental_Management_Plan_Medical_Gas_System_MMCH/table_001.csv,5,14
extracted_tables/058_Environmental_Management_Plan_Medical_Gas_System_MMCH/table_005.csv,5,15
extracted_tables/058_Environmental_Management_Plan_Medical_Gas_System_MMCH/table_003.csv,5,13
extracted_tables/058_Environmental_Management_Plan_Medical_Gas_System_MMCH/table_004.csv,5,13
extracted_tables/050_Semi-annual_Environmental_Monitoring_Report_July_to_December_2021/table_015.csv,5,2
extracted_tables/050_Semi-annual_Environmental_Monitoring_Report_July_to_December_2021/table_006.csv,5,5
extracted_tables/050_Semi-annual_Environmental_Monitoring_Report_July_to_December_2021/table_002.csv,5,11
extracted_tables/050_Semi-annual_Environmental_Monitoring_Report_July_to_December_2021/table_012.csv,5,14
extracted_tables/050_Semi-annual_Environmental_Monitoring_Report_July_to_December_2021/table_013.csv,5,13
extracted_tables/050_Semi-annual_Environmental_Monitoring_Report_July_to_December_2021/table_008.csv,5,4
extracted_tables/050_Semi-annual_Environmental_Monitoring_Report_July_to_December_2021/table_007.csv,5,7
extracted_tables/050_Semi-annual_Environmental_Monitoring_Report_July_to_December_2021/table_001.csv,5,11
extracted_tables/050_Semi-annual_Environmental_Monitoring_Report_July_to_December_2021/table_014.csv,5,2
extracted_tables/050_Semi-annual_Environmental_Monitoring_Report_July_to_December_2021/table_005.csv,5,7
extracted_tables/050_Semi-annual_Environmental_Monitoring_Report_July_to_December_2021/table_011.csv,5,13
extracted_tables/050_Semi-annual_Environmental_Monitoring_Report_July_to_December_2021/table_003.csv,5,11
extracted_tables/050_Semi-annual_Environmental_Monitoring_Report_July_to_December_2021/table_010.csv,5,4
extracted_tables/050_Semi-annual_Environmental_Monitoring_Report_July_to_December_2021/table_009.csv,5,4
extracted_tables/050_Semi-annual_Environmental_Monitoring_Report_July_to_December_2021/table_004.csv,5,11
extracted_tables/105_Cancer_J_Bangladesh_Vol_4_No_2/table_002.csv,5,6
extracted_tables/105_Cancer_J_Bangladesh_Vol_4_No_2/table_001.csv,5,7
extracted_tables/105_Cancer_J_Bangladesh_Vol_4_No_2/table_003.csv,5,11
extracted_tables/105_Cancer_J_Bangladesh_Vol_4_No_2/table_004.csv,5,9
extracted_tables/069_Covid-19_Health_Bulletin_2020/table_0006.csv,4,2
extracted_tables/069_Covid-19_Health_Bulletin_2020/table_0004.csv,3,3
extracted_tables/069_Covid-19_Health_Bulletin_2020/table_0007.csv,4,2
extracted_tables/069_Covid-19_Health_Bulletin_2020/table_0003.csv,5,5
extracted_tables/069_Covid-19_Health_Bulletin_2020/table_0002.csv,4,5
extracted_tables/069_Covid-19_Health_Bulletin_2020/table_0005.csv,5,13
extracted_tables/069_Covid-19_Health_Bulletin_2020/table_0001.csv,5,3
extracted_tables/094_HRH_Data_Sheet_2022_of_HSD/table_002.csv,5,4
extracted_tables/094_HRH_Data_Sheet_2022_of_HSD/table_001.csv,5,5
extracted_tables/094_HRH_Data_Sheet_2022_of_HSD/table_005.csv,5,4
extracted_tables/094_HRH_Data_Sheet_2022_of_HSD/table_003.csv,5,2
extracted_tables/094_HRH_Data_Sheet_2022_of_HSD/table_004.csv,5,2
extracted_tables/030_Health_Bulletin_2020/table_0168.csv,5,4
extracted_tables/030_Health_Bulletin_2020/table_0188.csv,5,9
extracted_tables/030_Health_Bulletin_2020/table_0071.csv,5,11
extracted_tables/030_Health_Bulletin_2020/table_0040.csv,3,3
extracted_tables/030_Health_Bulletin_2020/table_0036.csv,5,5
extracted_tables/030_Health_Bulletin_2020/table_0134.csv,5,6
extracted_tables/030_Health_Bulletin_2020/table_0131.csv,5,5
extracted_tables/030_Health_Bulletin_2020/table_0125.csv,5,2
extracted_tables/030_Health_Bulletin_2020/table_0034.csv,5,8
extracted_tables/030_Health_Bulletin_2020/table_0079.csv,5,6
extracted_tables/030_Health_Bulletin_2020/table_0214.csv,5,2
extracted_tables/030_Health_Bulletin_2020/table_0180.csv,5,11
extracted_tables/030_Health_Bulletin_2020/table_0171.csv,5,7
extracted_tables/030_Health_Bulletin_2020/table_0209.csv,5,4
extracted_tables/030_Health_Bulletin_2020/table_0064.csv,3,4
extracted_tables/030_Health_Bulletin_2020/table_0129.csv,5,2
extracted_tables/030_Health_Bulletin_2020/table_0020.csv,5,6
extracted_tables/030_Health_Bulletin_2020/table_0101.csv,5,5
extracted_tables/030_Health_Bulletin_2020/table_0186.csv,5,4
extracted_tables/030_Health_Bulletin_2020/table_0099.csv,5,6
extracted_tables/030_Health_Bulletin_2020/table_0070.csv,5,5
extracted_tables/030_Health_Bulletin_2020/table_0207.csv,5,4
extracted_tables/030_Health_Bulletin_2020/table_0109.csv,5,8
extracted_tables/030_Health_Bulletin_2020/table_0156.csv,5,3
extracted_tables/030_Health_Bulletin_2020/table_0089.csv,5,11
extracted_tables/030_Health_Bulletin_2020/table_0080.csv,5,6
extracted_tables/030_Health_Bulletin_2020/table_0049.csv,5,8
extracted_tables/030_Health_Bulletin_2020/table_0199.csv,5,2
extracted_tables/030_Health_Bulletin_2020/table_0210.csv,5,3
extracted_tables/030_Health_Bulletin_2020/table_0023.csv,5,6
extracted_tables/030_Health_Bulletin_2020/table_0160.csv,5,3
extracted_tables/030_Health_Bulletin_2020/table_0011.csv,5,3
extracted_tables/030_Health_Bulletin_2020/table_0184.csv,5,5
extracted_tables/030_Health_Bulletin_2020/table_0014.csv,5,4
extracted_tables/030_Health_Bulletin_2020/table_0102.csv,5,10
extracted_tables/030_Health_Bulletin_2020/table_0006.csv,5,5
extracted_tables/030_Health_Bulletin_2020/table_0083.csv,5,21
extracted_tables/030_Health_Bulletin_2020/table_0127.csv,5,2
extracted_tables/030_Health_Bulletin_2020/table_0016.csv,5,5
extracted_tables/030_Health_Bulletin_2020/table_0051.csv,5,7
extracted_tables/030_Health_Bulletin_2020/table_0072.csv,5,10
extracted_tables/030_Health_Bulletin_2020/table_0194.csv,5,5
extracted_tables/030_Health_Bulletin_2020/table_0135.csv,5,3
extracted_tables/030_Health_Bulletin_2020/table_0206.csv,5,7
extracted_tables/030_Health_Bulletin_2020/table_0013.csv,4,2
extracted_tables/030_Health_Bulletin_2020/table_0108.csv,5,8
extracted_tables/030_Health_Bulletin_2020/table_0027.csv,5,3
extracted_tables/030_Health_Bulletin_2020/table_0126.csv,5,2
extracted_tables/030_Health_Bulletin_2020/table_0043.csv,5,48
extracted_tables/030_Health_Bulletin_2020/table_0045.csv,5,9
extracted_tables/030_Health_Bulletin_2020/table_0044.csv,5,4
extracted_tables/030_Health_Bulletin_2020/table_0111.csv,5,8
extracted_tables/030_Health_Bulletin_2020/table_0090.csv,5,10
extracted_tables/030_Health_Bulletin_2020/table_0123.csv,5,2
extracted_tables/030_Health_Bulletin_2020/table_0172.csv,5,7
extracted_tables/030_Health_Bulletin_2020/table_0137.csv,5,3
extracted_tables/030_Health_Bulletin_2020/table_0152.csv,5,3
extracted_tables/030_Health_Bulletin_2020/table_0122.csv,5,2
extracted_tables/030_Health_Bulletin_2020/table_0094.csv,5,6
extracted_tables/030_Health_Bulletin_2020/table_0052.csv,5,49
extracted_tables/030_Health_Bulletin_2020/table_0140.csv,5,3
extracted_tables/030_Health_Bulletin_2020/table_0203.csv,3,2
extracted_tables/030_Health_Bulletin_2020/table_0193.csv,5,8
extracted_tables/030_Health_Bulletin_2020/table_0032.csv,3,2
extracted_tables/030_Health_Bulletin_2020/table_0066.csv,5,3
extracted_tables/030_Health_Bulletin_2020/table_0098.csv,5,2
extracted_tables/030_Health_Bulletin_2020/table_0103.csv,5,16
extracted_tables/030_Health_Bulletin_2020/table_0074.csv,5,12
extracted_tables/030_Health_Bulletin_2020/table_0031.csv,5,43
extracted_tables/030_Health_Bulletin_2020/table_0147.csv,5,5
extracted_tables/030_Health_Bulletin_2020/table_0157.csv,5,3
extracted_tables/030_Health_Bulletin_2020/table_0163.csv,5,6
extracted_tables/030_Health_Bulletin_2020/table_0190.csv,3,2
extracted_tables/030_Health_Bulletin_2020/table_0069.csv,3,2
extracted_tables/030_Health_Bulletin_2020/table_0078.csv,5,2
extracted_tables/030_Health_Bulletin_2020/table_0195.csv,5,10
extracted_tables/030_Health_Bulletin_2020/table_0143.csv,5,3
extracted_tables/030_Health_Bulletin_2020/table_0174.csv,5,5
extracted_tables/030_Health_Bulletin_2020/table_0022.csv,5,5
extracted_tables/030_Health_Bulletin_2020/table_0015.csv,5,5
extracted_tables/030_Health_Bulletin_2020/table_0046.csv,5,14
extracted_tables/030_Health_Bulletin_2020/table_0139.csv,5,3
extracted_tables/030_Health_Bulletin_2020/table_0201.csv,5,11
extracted_tables/030_Health_Bulletin_2020/table_0012.csv,3,2
extracted_tables/030_Health_Bulletin_2020/table_0061.csv,5,5
extracted_tables/030_Health_Bulletin_2020/table_0068.csv,3,2
extracted_tables/030_Health_Bulletin_2020/table_0057.csv,5,2
extracted_tables/030_Health_Bulletin_2020/table_0121.csv,5,9
extracted_tables/030_Health_Bulletin_2020/table_0019.csv,5,6
extracted_tables/030_Health_Bulletin_2020/table_0116.csv,5,8
extracted_tables/030_Health_Bulletin_2020/table_0149.csv,5,6
extracted_tables/030_Health_Bulletin_2020/table_0124.csv,5,2
extracted_tables/030_Health_Bulletin_2020/table_0041.csv,3,3
extracted_tables/030_Health_Bulletin_2020/table_0179.csv,5,10
extracted_tables/030_Health_Bulletin_2020/table_0128.csv,5,2
extracted_tables/030_Health_Bulletin_2020/table_0076.csv,5,12
extracted_tables/030_Health_Bulletin_2020/table_0162.csv,5,6
extracted_tables/030_Health_Bulletin_2020/table_0047.csv,5,4
extracted_tables/030_Health_Bulletin_2020/table_0004.csv,5,2
extracted_tables/030_Health_Bulletin_2020/table_0088.csv,5,11
extracted_tables/030_Health_Bulletin_2020/table_0062.csv,4,4
extracted_tables/030_Health_Bulletin_2020/table_0161.csv,5,6
extracted_tables/030_Health_Bulletin_2020/table_0030.csv,5,11
extracted_tables/030_Health_Bulletin_2020/table_0196.csv,4,5
extracted_tables/030_Health_Bulletin_2020/table_0187.csv,5,5
extracted_tables/030_Health_Bulletin_2020/table_0181.csv,5,4
extracted_tables/030_Health_Bulletin_2020/table_0205.csv,5,7
extracted_tables/030_Health_Bulletin_2020/table_0050.csv,5,32
extracted_tables/030_Health_Bulletin_2020/table_0192.csv,5,12
extracted_tables/030_Health_Bulletin_2020/table_0037.csv,5,5
extracted_tables/030_Health_Bulletin_2020/table_0153.csv,5,3
extracted_tables/030_Health_Bulletin_2020/table_0107.csv,5,8
extracted_tables/030_Health_Bulletin_2020/table_0054.csv,5,6
extracted_tables/030_Health_Bulletin_2020/table_0164.csv,5,6
extracted_tables/030_Health_Bulletin_2020/table_0026.csv,5,5
extracted_tables/030_Health_Bulletin_2020/table_0155.csv,5,3
extracted_tables/030_Health_Bulletin_2020/table_0204.csv,5,6
extracted_tables/030_Health_Bulletin_2020/table_0086.csv,5,3
extracted_tables/030_Health_Bulletin_2020/table_0008.csv,5,2
extracted_tables/030_Health_Bulletin_2020/table_0035.csv,5,2
extracted_tables/030_Health_Bulletin_2020/table_0058.csv,5,43
extracted_tables/030_Health_Bulletin_2020/table_0182.csv,5,4
extracted_tables/030_Health_Bulletin_2020/table_0169.csv,5,5
extracted_tables/030_Health_Bulletin_2020/table_0113.csv,5,8
extracted_tables/030_Health_Bulletin_2020/table_0048.csv,5,8
extracted_tables/030_Health_Bulletin_2020/table_0191.csv,3,2
extracted_tables/030_Health_Bulletin_2020/table_0105.csv,5,8
extracted_tables/030_Health_Bulletin_2020/table_0063.csv,5,4
extracted_tables/030_Health_Bulletin_2020/table_0021.csv,5,5
extracted_tables/030_Health_Bulletin_2020/table_0100.csv,5,4
extracted_tables/030_Health_Bulletin_2020/table_0009.csv,5,2
extracted_tables/030_Health_Bulletin_2020/table_0148.csv,5,9
extracted_tables/030_Health_Bulletin_2020/table_0092.csv,5,8
extracted_tables/030_Health_Bulletin_2020/table_0117.csv,5,8
extracted_tables/030_Health_Bulletin_2020/table_0177.csv,5,4
extracted_tables/030_Health_Bulletin_2020/table_0007.csv,5,3
extracted_tables/030_Health_Bulletin_2020/table_0176.csv,5,5
extracted_tables/030_Health_Bulletin_2020/table_0145.csv,5,3
extracted_tables/030_Health_Bulletin_2020/table_0087.csv,5,11
extracted_tables/030_Health_Bulletin_2020/table_0159.csv,5,3
extracted_tables/030_Health_Bulletin_2020/table_0170.csv,5,5
extracted_tables/030_Health_Bulletin_2020/table_0120.csv,5,10
extracted_tables/030_Health_Bulletin_2020/table_0093.csv,5,6
extracted_tables/030_Health_Bulletin_2020/table_0042.csv,3,3
extracted_tables/030_Health_Bulletin_2020/table_0202.csv,5,8
extracted_tables/030_Health_Bulletin_2020/table_0112.csv,5,8
extracted_tables/030_Health_Bulletin_2020/table_0097.csv,5,2
extracted_tables/030_Health_Bulletin_2020/table_0141.csv,5,3
extracted_tables/030_Health_Bulletin_2020/table_0138.csv,5,3
extracted_tables/030_Health_Bulletin_2020/table_0082.csv,4,5
extracted_tables/030_Health_Bulletin_2020/table_0091.csv,5,3
extracted_tables/030_Health_Bulletin_2020/table_0038.csv,3,3
extracted_tables/030_Health_Bulletin_2020/table_0017.csv,5,9
extracted_tables/030_Health_Bulletin_2020/table_0175.csv,5,5
extracted_tables/030_Health_Bulletin_2020/table_0010.csv,4,2
extracted_tables/030_Health_Bulletin_2020/table_0055.csv,5,5
extracted_tables/030_Health_Bulletin_2020/table_0003.csv,5,3
extracted_tables/030_Health_Bulletin_2020/table_0167.csv,5,6
extracted_tables/030_Health_Bulletin_2020/table_0033.csv,5,25
extracted_tables/030_Health_Bulletin_2020/table_0142.csv,5,3
extracted_tables/030_Health_Bulletin_2020/table_0208.csv,5,4
extracted_tables/030_Health_Bulletin_2020/table_0084.csv,5,4
extracted_tables/030_Health_Bulletin_2020/table_0119.csv,3,3
extracted_tables/030_Health_Bulletin_2020/table_0025.csv,5,6
extracted_tables/030_Health_Bulletin_2020/table_0150.csv,5,3
extracted_tables/030_Health_Bulletin_2020/table_0039.csv,3,3
extracted_tables/030_Health_Bulletin_2020/table_0151.csv,5,3
extracted_tables/030_Health_Bulletin_2020/table_0215.csv,5,2
extracted_tables/030_Health_Bulletin_2020/table_0198.csv,5,4
extracted_tables/030_Health_Bulletin_2020/table_0133.csv,5,8
extracted_tables/030_Health_Bulletin_2020/table_0189.csv,3,2
extracted_tables/030_Health_Bulletin_2020/table_0211.csv,5,3
extracted_tables/030_Health_Bulletin_2020/table_0136.csv,5,3
extracted_tables/030_Health_Bulletin_2020/table_0178.csv,5,14
extracted_tables/030_Health_Bulletin_2020/table_0096.csv,5,10
extracted_tables/030_Health_Bulletin_2020/table_0106.csv,5,8
extracted_tables/030_Health_Bulletin_2020/table_0028.csv,5,11
extracted_tables/030_Health_Bulletin_2020/table_0118.csv,3,3
extracted_tables/030_Health_Bulletin_2020/table_0073.csv,5,12
extracted_tables/030_Health_Bulletin_2020/table_0081.csv,5,6
extracted_tables/030_Health_Bulletin_2020/table_0095.csv,5,10
extracted_tables/030_Health_Bulletin_2020/table_0024.csv,5,6
extracted_tables/030_Health_Bulletin_2020/table_0146.csv,5,5
extracted_tables/030_Health_Bulletin_2020/table_0166.csv,5,6
extracted_tables/030_Health_Bulletin_2020/table_0002.csv,5,2
extracted_tables/030_Health_Bulletin_2020/table_0005.csv,5,11
extracted_tables/030_Health_Bulletin_2020/table_0110.csv,5,8
extracted_tables/030_Health_Bulletin_2020/table_0075.csv,5,12
extracted_tables/030_Health_Bulletin_2020/table_0185.csv,5,5
extracted_tables/030_Health_Bulletin_2020/table_0173.csv,5,8
extracted_tables/030_Health_Bulletin_2020/table_0053.csv,5,20
extracted_tables/030_Health_Bulletin_2020/table_0144.csv,5,3
extracted_tables/030_Health_Bulletin_2020/table_0060.csv,5,5
extracted_tables/030_Health_Bulletin_2020/table_0158.csv,5,3
extracted_tables/030_Health_Bulletin_2020/table_0085.csv,5,3
extracted_tables/030_Health_Bulletin_2020/table_0065.csv,5,3
extracted_tables/030_Health_Bulletin_2020/table_0029.csv,5,8
extracted_tables/030_Health_Bulletin_2020/table_0104.csv,5,8
extracted_tables/030_Health_Bulletin_2020/table_0132.csv,5,6
extracted_tables/030_Health_Bulletin_2020/table_0077.csv,5,6
extracted_tables/030_Health_Bulletin_2020/table_0212.csv,5,2
extracted_tables/030_Health_Bulletin_2020/table_0165.csv,5,6
extracted_tables/030_Health_Bulletin_2020/table_0001.csv,5,4
extracted_tables/030_Health_Bulletin_2020/table_0154.csv,5,3
extracted_tables/030_Health_Bulletin_2020/table_0059.csv,5,28
extracted_tables/030_Health_Bulletin_2020/table_0115.csv,5,4
extracted_tables/030_Health_Bulletin_2020/table_0056.csv,5,3
extracted_tables/030_Health_Bulletin_2020/table_0200.csv,5,12
extracted_tables/030_Health_Bulletin_2020/table_0213.csv,5,3
extracted_tables/030_Health_Bulletin_2020/table_0067.csv,4,2
extracted_tables/030_Health_Bulletin_2020/table_0018.csv,5,7
extracted_tables/030_Health_Bulletin_2020/table_0183.csv,5,4
extracted_tables/030_Health_Bulletin_2020/table_0130.csv,5,2
extracted_tables/030_Health_Bulletin_2020/table_0197.csv,5,3
extracted_tables/030_Health_Bulletin_2020/table_0114.csv,5,8
extracted_tables/057_Environmental_Management_Plan_Medical_Gas_System_KMCH/table_006.csv,5,15
extracted_tables/057_Environmental_Management_Plan_Medical_Gas_System_KMCH/table_002.csv,5,2
extracted_tables/057_Environmental_Management_Plan_Medical_Gas_System_KMCH/table_001.csv,5,2
extracted_tables/057_Environmental_Management_Plan_Medical_Gas_System_KMCH/table_005.csv,5,13
extracted_tables/057_Environmental_Management_Plan_Medical_Gas_System_KMCH/table_003.csv,5,13
extracted_tables/057_Environmental_Management_Plan_Medical_Gas_System_KMCH/table_004.csv,5,14
extracted_tables/063_Environmental_Management_Plan_PCR_Lab_NIPSOM/table_002.csv,5,14
extracted_tables/063_Environmental_Management_Plan_PCR_Lab_NIPSOM/table_001.csv,5,14
extracted_tables/063_Environmental_Management_Plan_PCR_Lab_NIPSOM/table_005.csv,5,16
extracted_tables/063_Environmental_Management_Plan_PCR_Lab_NIPSOM/table_003.csv,5,13
extracted_tables/063_Environmental_Management_Plan_PCR_Lab_NIPSOM/table_004.csv,5,15
extracted_tables/102_Cancer_J_Bangladesh_Vol_5_No_2/table_001.csv,5,7
extracted_tables/095__HRH_Data_Sheet_2019_of_HSD/table_006.csv,5,4
extracted_tables/095__HRH_Data_Sheet_2019_of_HSD/table_002.csv,5,8
extracted_tables/095__HRH_Data_Sheet_2019_of_HSD/table_008.csv,5,8
extracted_tables/095__HRH_Data_Sheet_2019_of_HSD/table_007.csv,5,4
extracted_tables/095__HRH_Data_Sheet_2019_of_HSD/table_001.csv,5,3
extracted_tables/095__HRH_Data_Sheet_2019_of_HSD/table_005.csv,5,4
extracted_tables/095__HRH_Data_Sheet_2019_of_HSD/table_003.csv,5,6
extracted_tables/095__HRH_Data_Sheet_2019_of_HSD/table_010.csv,5,2
extracted_tables/095__HRH_Data_Sheet_2019_of_HSD/table_009.csv,5,26
extracted_tables/095__HRH_Data_Sheet_2019_of_HSD/table_004.csv,5,8
extracted_tables/104_Yearbook_2023/table_0168.csv,3,2
extracted_tables/104_Yearbook_2023/table_0188.csv,4,3
extracted_tables/104_Yearbook_2023/table_0071.csv,5,3
extracted_tables/104_Yearbook_2023/table_0040.csv,5,8
extracted_tables/104_Yearbook_2023/table_0036.csv,5,3
extracted_tables/104_Yearbook_2023/table_0134.csv,5,3
extracted_tables/104_Yearbook_2023/table_0131.csv,5,3
extracted_tables/104_Yearbook_2023/table_0125.csv,3,2
extracted_tables/104_Yearbook_2023/table_0234.csv,3,2
extracted_tables/104_Yearbook_2023/table_0232.csv,3,2
extracted_tables/104_Yearbook_2023/table_0034.csv,5,14
extracted_tables/104_Yearbook_2023/table_0079.csv,5,3
extracted_tables/104_Yearbook_2023/table_0214.csv,5,3
extracted_tables/104_Yearbook_2023/table_0180.csv,4,3
extracted_tables/104_Yearbook_2023/table_0171.csv,3,2
extracted_tables/104_Yearbook_2023/table_0209.csv,3,2
extracted_tables/104_Yearbook_2023/table_0249.csv,4,4
extracted_tables/104_Yearbook_2023/table_0064.csv,5,4
extracted_tables/104_Yearbook_2023/table_0129.csv,5,2
extracted_tables/104_Yearbook_2023/table_0237.csv,5,3
extracted_tables/104_Yearbook_2023/table_0020.csv,5,3
extracted_tables/104_Yearbook_2023/table_0101.csv,5,3
extracted_tables/104_Yearbook_2023/table_0186.csv,3,3
extracted_tables/104_Yearbook_2023/table_0099.csv,5,10
extracted_tables/104_Yearbook_2023/table_0070.csv,5,3
extracted_tables/104_Yearbook_2023/table_0207.csv,5,3
extracted_tables/104_Yearbook_2023/table_0109.csv,5,15
extracted_tables/104_Yearbook_2023/table_0156.csv,3,2
extracted_tables/104_Yearbook_2023/table_0089.csv,5,3
extracted_tables/104_Yearbook_2023/table_0080.csv,3,2
extracted_tables/104_Yearbook_2023/table_0049.csv,5,3
extracted_tables/104_Yearbook_2023/table_0199.csv,5,3
extracted_tables/104_Yearbook_2023/table_0210.csv,5,3
extracted_tables/104_Yearbook_2023/table_0023.csv,4,3
extracted_tables/104_Yearbook_2023/table_0160.csv,3,2
extracted_tables/104_Yearbook_2023/table_0011.csv,5,7
extracted_tables/104_Yearbook_2023/table_0184.csv,3,3
extracted_tables/104_Yearbook_2023/table_0224.csv,3,2
extracted_tables/104_Yearbook_2023/table_0014.csv,5,8
extracted_tables/104_Yearbook_2023/table_0102.csv,5,3
extracted_tables/104_Yearbook_2023/table_0006.csv,5,4
extracted_tables/104_Yearbook_2023/table_0083.csv,3,2
extracted_tables/104_Yearbook_2023/table_0127.csv,5,4
extracted_tables/104_Yearbook_2023/table_0016.csv,5,8
extracted_tables/104_Yearbook_2023/table_0051.csv,5,3
extracted_tables/104_Yearbook_2023/table_0072.csv,3,2
extracted_tables/104_Yearbook_2023/table_0244.csv,4,5
extracted_tables/104_Yearbook_2023/table_0194.csv,4,3
extracted_tables/104_Yearbook_2023/table_0135.csv,3,2
extracted_tables/104_Yearbook_2023/table_0206.csv,5,5
extracted_tables/104_Yearbook_2023/table_0013.csv,5,4
extracted_tables/104_Yearbook_2023/table_0108.csv,4,3
extracted_tables/104_Yearbook_2023/table_0027.csv,5,3
extracted_tables/104_Yearbook_2023/table_0126.csv,5,3
extracted_tables/104_Yearbook_2023/table_0240.csv,5,9
extracted_tables/104_Yearbook_2023/table_0043.csv,5,7
extracted_tables/104_Yearbook_2023/table_0045.csv,3,2
extracted_tables/104_Yearbook_2023/table_0044.csv,5,3
extracted_tables/104_Yearbook_2023/table_0238.csv,5,3
extracted_tables/104_Yearbook_2023/table_0219.csv,5,4
extracted_tables/104_Yearbook_2023/table_0111.csv,5,2
extracted_tables/104_Yearbook_2023/table_0233.csv,5,7
extracted_tables/104_Yearbook_2023/table_0090.csv,3,2
extracted_tables/104_Yearbook_2023/table_0123.csv,3,2
extracted_tables/104_Yearbook_2023/table_0172.csv,5,4
extracted_tables/104_Yearbook_2023/table_0137.csv,3,3
extracted_tables/104_Yearbook_2023/table_0152.csv,5,3
extracted_tables/104_Yearbook_2023/table_0122.csv,5,5
extracted_tables/104_Yearbook_2023/table_0094.csv,5,4
extracted_tables/104_Yearbook_2023/table_0052.csv,5,3
extracted_tables/104_Yearbook_2023/table_0140.csv,4,3
extracted_tables/104_Yearbook_2023/table_0203.csv,3,2
extracted_tables/104_Yearbook_2023/table_0193.csv,5,11
extracted_tables/104_Yearbook_2023/table_0247.csv,5,4
extracted_tables/104_Yearbook_2023/table_0032.csv,3,2
extracted_tables/104_Yearbook_2023/table_0066.csv,3,2
extracted_tables/104_Yearbook_2023/table_0098.csv,3,2
extracted_tables/104_Yearbook_2023/table_0103.csv,5,18
extracted_tables/104_Yearbook_2023/table_0227.csv,5,5
extracted_tables/104_Yearbook_2023/table_0074.csv,5,5
extracted_tables/104_Yearbook_2023/table_0031.csv,3,2
extracted_tables/104_Yearbook_2023/table_0147.csv,5,6
extracted_tables/104_Yearbook_2023/table_0157.csv,4,2
extracted_tables/104_Yearbook_2023/table_0225.csv,5,3
extracted_tables/104_Yearbook_2023/table_0220.csv,5,3
extracted_tables/104_Yearbook_2023/table_0163.csv,4,2
extracted_tables/104_Yearbook_2023/table_0190.csv,3,3
extracted_tables/104_Yearbook_2023/table_0069.csv,3,2
extracted_tables/104_Yearbook_2023/table_0078.csv,5,3
extracted_tables/104_Yearbook_2023/table_0195.csv,5,4
extracted_tables/104_Yearbook_2023/table_0143.csv,5,3
extracted_tables/104_Yearbook_2023/table_0174.csv,3,2
extracted_tables/104_Yearbook_2023/table_0022.csv,5,9
extracted_tables/104_Yearbook_2023/table_0015.csv,5,3
extracted_tables/104_Yearbook_2023/table_0046.csv,5,18
extracted_tables/104_Yearbook_2023/table_0139.csv,3,2
extracted_tables/104_Yearbook_2023/table_0222.csv,3,2
extracted_tables/104_Yearbook_2023/table_0201.csv,5,4
extracted_tables/104_Yearbook_2023/table_0226.csv,5,6
extracted_tables/104_Yearbook_2023/table_0012.csv,4,3
extracted_tables/104_Yearbook_2023/table_0061.csv,3,2
extracted_tables/104_Yearbook_2023/table_0068.csv,5,3
extracted_tables/104_Yearbook_2023/table_0057.csv,3,2
extracted_tables/104_Yearbook_2023/table_0121.csv,5,7
extracted_tables/104_Yearbook_2023/table_0019.csv,4,3
extracted_tables/104_Yearbook_2023/table_0217.csv,5,3
extracted_tables/104_Yearbook_2023/table_0116.csv,5,5
extracted_tables/104_Yearbook_2023/table_0149.csv,3,2
extracted_tables/104_Yearbook_2023/table_0124.csv,5,5
extracted_tables/104_Yearbook_2023/table_0041.csv,5,14
extracted_tables/104_Yearbook_2023/table_0179.csv,5,3
extracted_tables/104_Yearbook_2023/table_0128.csv,5,2
extracted_tables/104_Yearbook_2023/table_0076.csv,3,5
extracted_tables/104_Yearbook_2023/table_0162.csv,3,2
extracted_tables/104_Yearbook_2023/table_0047.csv,5,3
extracted_tables/104_Yearbook_2023/table_0004.csv,5,12
extracted_tables/104_Yearbook_2023/table_0088.csv,3,2
extracted_tables/104_Yearbook_2023/table_0062.csv,3,3
extracted_tables/104_Yearbook_2023/table_0235.csv,5,8
extracted_tables/104_Yearbook_2023/table_0161.csv,3,3
extracted_tables/104_Yearbook_2023/table_0030.csv,3,7
extracted_tables/104_Yearbook_2023/table_0196.csv,5,3
extracted_tables/104_Yearbook_2023/table_0187.csv,3,3
extracted_tables/104_Yearbook_2023/table_0181.csv,5,4
extracted_tables/104_Yearbook_2023/table_0205.csv,3,2
extracted_tables/104_Yearbook_2023/table_0050.csv,4,3
extracted_tables/104_Yearbook_2023/table_0192.csv,3,5
extracted_tables/104_Yearbook_2023/table_0037.csv,5,3
extracted_tables/104_Yearbook_2023/table_0153.csv,3,2
extracted_tables/104_Yearbook_2023/table_0107.csv,3,2
extracted_tables/104_Yearbook_2023/table_0223.csv,5,16
extracted_tables/104_Yearbook_2023/table_0054.csv,3,2
extracted_tables/104_Yearbook_2023/table_0164.csv,3,2
extracted_tables/104_Yearbook_2023/table_0026.csv,5,3
extracted_tables/104_Yearbook_2023/table_0155.csv,5,3
extracted_tables/104_Yearbook_2023/table_0204.csv,5,26
extracted_tables/104_Yearbook_2023/table_0086.csv,5,4
extracted_tables/104_Yearbook_2023/table_0008.csv,5,5
extracted_tables/104_Yearbook_2023/table_0035.csv,3,2
extracted_tables/104_Yearbook_2023/table_0239.csv,3,2
extracted_tables/104_Yearbook_2023/table_0058.csv,5,3
extracted_tables/104_Yearbook_2023/table_0182.csv,3,3
extracted_tables/104_Yearbook_2023/table_0169.csv,5,3
extracted_tables/104_Yearbook_2023/table_0113.csv,3,2
extracted_tables/104_Yearbook_2023/table_0048.csv,3,2
extracted_tables/104_Yearbook_2023/table_0191.csv,4,3
extracted_tables/104_Yearbook_2023/table_0236.csv,3,2
extracted_tables/104_Yearbook_2023/table_0231.csv,5,4
extracted_tables/104_Yearbook_2023/table_0105.csv,5,3
extracted_tables/104_Yearbook_2023/table_0063.csv,3,3
extracted_tables/104_Yearbook_2023/table_0021.csv,5,3
extracted_tables/104_Yearbook_2023/table_0100.csv,3,2
extracted_tables/104_Yearbook_2023/table_0009.csv,5,5
extracted_tables/104_Yearbook_2023/table_0148.csv,5,4
extracted_tables/104_Yearbook_2023/table_0092.csv,5,3
extracted_tables/104_Yearbook_2023/table_0117.csv,5,2
extracted_tables/104_Yearbook_2023/table_0177.csv,3,2
extracted_tables/104_Yearbook_2023/table_0007.csv,5,7
extracted_tables/104_Yearbook_2023/table_0176.csv,5,8
extracted_tables/104_Yearbook_2023/table_0145.csv,5,6
extracted_tables/104_Yearbook_2023/table_0087.csv,3,2
extracted_tables/104_Yearbook_2023/table_0159.csv,3,3
extracted_tables/104_Yearbook_2023/table_0170.csv,5,17
extracted_tables/104_Yearbook_2023/table_0120.csv,3,2
extracted_tables/104_Yearbook_2023/table_0093.csv,3,2
extracted_tables/104_Yearbook_2023/table_0042.csv,3,2
extracted_tables/104_Yearbook_2023/table_0202.csv,5,3
extracted_tables/104_Yearbook_2023/table_0112.csv,5,3
extracted_tables/104_Yearbook_2023/table_0097.csv,3,2
extracted_tables/104_Yearbook_2023/table_0216.csv,5,4
extracted_tables/104_Yearbook_2023/table_0141.csv,3,13
extracted_tables/104_Yearbook_2023/table_0138.csv,5,3
extracted_tables/104_Yearbook_2023/table_0082.csv,5,4
extracted_tables/104_Yearbook_2023/table_0091.csv,5,3
extracted_tables/104_Yearbook_2023/table_0038.csv,3,2
extracted_tables/104_Yearbook_2023/table_0218.csv,3,2
extracted_tables/104_Yearbook_2023/table_0017.csv,4,3
extracted_tables/104_Yearbook_2023/table_0175.csv,4,2
extracted_tables/104_Yearbook_2023/table_0010.csv,5,3
extracted_tables/104_Yearbook_2023/table_0243.csv,3,2
extracted_tables/104_Yearbook_2023/table_0055.csv,3,2
extracted_tables/104_Yearbook_2023/table_0003.csv,3,3
extracted_tables/104_Yearbook_2023/table_0167.csv,5,16
extracted_tables/104_Yearbook_2023/table_0033.csv,5,3
extracted_tables/104_Yearbook_2023/table_0142.csv,3,14
extracted_tables/104_Yearbook_2023/table_0228.csv,5,2
extracted_tables/104_Yearbook_2023/table_0208.csv,5,3
extracted_tables/104_Yearbook_2023/table_0084.csv,3,2
extracted_tables/104_Yearbook_2023/table_0248.csv,5,3
extracted_tables/104_Yearbook_2023/table_0119.csv,5,5
extracted_tables/104_Yearbook_2023/table_0229.csv,5,3
extracted_tables/104_Yearbook_2023/table_0025.csv,3,2
extracted_tables/104_Yearbook_2023/table_0150.csv,3,2
extracted_tables/104_Yearbook_2023/table_0039.csv,5,6
extracted_tables/104_Yearbook_2023/table_0151.csv,4,6
extracted_tables/104_Yearbook_2023/table_0215.csv,3,2
extracted_tables/104_Yearbook_2023/table_0198.csv,5,3
extracted_tables/104_Yearbook_2023/table_0133.csv,5,12
extracted_tables/104_Yearbook_2023/table_0246.csv,3,2
extracted_tables/104_Yearbook_2023/table_0189.csv,3,2
extracted_tables/104_Yearbook_2023/table_0211.csv,5,3
extracted_tables/104_Yearbook_2023/table_0136.csv,5,3
extracted_tables/104_Yearbook_2023/table_0178.csv,5,5
extracted_tables/104_Yearbook_2023/table_0096.csv,3,2
extracted_tables/104_Yearbook_2023/table_0106.csv,5,3
extracted_tables/104_Yearbook_2023/table_0028.csv,3,2
extracted_tables/104_Yearbook_2023/table_0118.csv,5,2
extracted_tables/104_Yearbook_2023/table_0073.csv,5,3
extracted_tables/104_Yearbook_2023/table_0081.csv,5,4
extracted_tables/104_Yearbook_2023/table_0095.csv,5,3
extracted_tables/104_Yearbook_2023/table_0024.csv,5,5
extracted_tables/104_Yearbook_2023/table_0146.csv,3,2
extracted_tables/104_Yearbook_2023/table_0166.csv,5,4
extracted_tables/104_Yearbook_2023/table_0241.csv,3,2
extracted_tables/104_Yearbook_2023/table_0002.csv,5,3
extracted_tables/104_Yearbook_2023/table_0005.csv,4,3
extracted_tables/104_Yearbook_2023/table_0110.csv,3,2
extracted_tables/104_Yearbook_2023/table_0075.csv,3,2
extracted_tables/104_Yearbook_2023/table_0221.csv,4,3
extracted_tables/104_Yearbook_2023/table_0185.csv,4,3
extracted_tables/104_Yearbook_2023/table_0242.csv,3,3
extracted_tables/104_Yearbook_2023/table_0173.csv,3,3
extracted_tables/104_Yearbook_2023/table_0053.csv,4,6
extracted_tables/104_Yearbook_2023/table_0144.csv,5,3
extracted_tables/104_Yearbook_2023/table_0060.csv,5,3
extracted_tables/104_Yearbook_2023/table_0158.csv,3,2
extracted_tables/104_Yearbook_2023/table_0085.csv,5,17
extracted_tables/104_Yearbook_2023/table_0065.csv,3,4
extracted_tables/104_Yearbook_2023/table_0029.csv,5,8
extracted_tables/104_Yearbook_2023/table_0104.csv,3,2
extracted_tables/104_Yearbook_2023/table_0132.csv,3,2
extracted_tables/104_Yearbook_2023/table_0077.csv,3,2
extracted_tables/104_Yearbook_2023/table_0212.csv,3,2
extracted_tables/104_Yearbook_2023/table_0165.csv,3,3
extracted_tables/104_Yearbook_2023/table_0001.csv,4,2
extracted_tables/104_Yearbook_2023/table_0154.csv,5,3
extracted_tables/104_Yearbook_2023/table_0059.csv,3,3
extracted_tables/104_Yearbook_2023/table_0115.csv,3,2
extracted_tables/104_Yearbook_2023/table_0056.csv,5,3
extracted_tables/104_Yearbook_2023/table_0230.csv,3,2
extracted_tables/104_Yearbook_2023/table_0200.csv,4,3
extracted_tables/104_Yearbook_2023/table_0213.csv,3,2
extracted_tables/104_Yearbook_2023/table_0067.csv,5,4
extracted_tables/104_Yearbook_2023/table_0245.csv,3,2
extracted_tables/104_Yearbook_2023/table_0018.csv,5,17
extracted_tables/104_Yearbook_2023/table_0183.csv,5,7
extracted_tables/104_Yearbook_2023/table_0130.csv,3,2
extracted_tables/104_Yearbook_2023/table_0197.csv,3,2
extracted_tables/104_Yearbook_2023/table_0114.csv,5,3
extracted_tables/046_Semi-Annual_Environmental_Monitoring_Report_for_CREAP_July_-_December_2023/table_023.csv,5,5
extracted_tables/046_Semi-Annual_Environmental_Monitoring_Report_for_CREAP_July_-_December_2023/table_015.csv,5,14
extracted_tables/046_Semi-Annual_Environmental_Monitoring_Report_for_CREAP_July_-_December_2023/table_033.csv,5,4
extracted_tables/046_Semi-Annual_Environmental_Monitoring_Report_for_CREAP_July_-_December_2023/table_021.csv,5,4
extracted_tables/046_Semi-Annual_Environmental_Monitoring_Report_for_CREAP_July_-_December_2023/table_006.csv,5,4
extracted_tables/046_Semi-Annual_Environmental_Monitoring_Report_for_CREAP_July_-_December_2023/table_018.csv,5,16
extracted_tables/046_Semi-Annual_Environmental_Monitoring_Report_for_CREAP_July_-_December_2023/table_017.csv,5,16
extracted_tables/046_Semi-Annual_Environmental_Monitoring_Report_for_CREAP_July_-_December_2023/table_037.csv,5,13
extracted_tables/046_Semi-Annual_Environmental_Monitoring_Report_for_CREAP_July_-_December_2023/table_043.csv,5,13
extracted_tables/046_Semi-Annual_Environmental_Monitoring_Report_for_CREAP_July_-_December_2023/table_002.csv,5,14
extracted_tables/046_Semi-Annual_Environmental_Monitoring_Report_for_CREAP_July_-_December_2023/table_044.csv,5,13
extracted_tables/046_Semi-Annual_Environmental_Monitoring_Report_for_CREAP_July_-_December_2023/table_049.csv,5,12
extracted_tables/046_Semi-Annual_Environmental_Monitoring_Report_for_CREAP_July_-_December_2023/table_012.csv,5,16
extracted_tables/046_Semi-Annual_Environmental_Monitoring_Report_for_CREAP_July_-_December_2023/table_013.csv,5,14
extracted_tables/046_Semi-Annual_Environmental_Monitoring_Report_for_CREAP_July_-_December_2023/table_032.csv,5,3
extracted_tables/046_Semi-Annual_Environmental_Monitoring_Report_for_CREAP_July_-_December_2023/table_041.csv,5,14
extracted_tables/046_Semi-Annual_Environmental_Monitoring_Report_for_CREAP_July_-_December_2023/table_056.csv,5,3
extracted_tables/046_Semi-Annual_Environmental_Monitoring_Report_for_CREAP_July_-_December_2023/table_054.csv,5,2
extracted_tables/046_Semi-Annual_Environmental_Monitoring_Report_for_CREAP_July_-_December_2023/table_026.csv,5,5
extracted_tables/046_Semi-Annual_Environmental_Monitoring_Report_for_CREAP_July_-_December_2023/table_008.csv,5,5
extracted_tables/046_Semi-Annual_Environmental_Monitoring_Report_for_CREAP_July_-_December_2023/table_051.csv,5,5
extracted_tables/046_Semi-Annual_Environmental_Monitoring_Report_for_CREAP_July_-_December_2023/table_042.csv,5,13
extracted_tables/046_Semi-Annual_Environmental_Monitoring_Report_for_CREAP_July_-_December_2023/table_007.csv,5,4
extracted_tables/046_Semi-Annual_Environmental_Monitoring_Report_for_CREAP_July_-_December_2023/table_040.csv,5,13
extracted_tables/046_Semi-Annual_Environmental_Monitoring_Report_for_CREAP_July_-_December_2023/table_053.csv,5,2
extracted_tables/046_Semi-Annual_Environmental_Monitoring_Report_for_CREAP_July_-_December_2023/table_025.csv,5,3
extracted_tables/046_Semi-Annual_Environmental_Monitoring_Report_for_CREAP_July_-_December_2023/table_038.csv,5,14
extracted_tables/046_Semi-Annual_Environmental_Monitoring_Report_for_CREAP_July_-_December_2023/table_036.csv,5,7
extracted_tables/046_Semi-Annual_Environmental_Monitoring_Report_for_CREAP_July_-_December_2023/table_050.csv,5,5
extracted_tables/046_Semi-Annual_Environmental_Monitoring_Report_for_CREAP_July_-_December_2023/table_001.csv,5,14
extracted_tables/046_Semi-Annual_Environmental_Monitoring_Report_for_CREAP_July_-_December_2023/table_046.csv,5,12
extracted_tables/046_Semi-Annual_Environmental_Monitoring_Report_for_CREAP_July_-_December_2023/table_039.csv,5,13
extracted_tables/046_Semi-Annual_Environmental_Monitoring_Report_for_CREAP_July_-_December_2023/table_048.csv,5,12
extracted_tables/046_Semi-Annual_Environmental_Monitoring_Report_for_CREAP_July_-_December_2023/table_016.csv,5,17
extracted_tables/046_Semi-Annual_Environmental_Monitoring_Report_for_CREAP_July_-_December_2023/table_014.csv,5,17
extracted_tables/046_Semi-Annual_Environmental_Monitoring_Report_for_CREAP_July_-_December_2023/table_029.csv,5,19
extracted_tables/046_Semi-Annual_Environmental_Monitoring_Report_for_CREAP_July_-_December_2023/table_052.csv,5,2
extracted_tables/046_Semi-Annual_Environmental_Monitoring_Report_for_CREAP_July_-_December_2023/table_055.csv,5,2
extracted_tables/046_Semi-Annual_Environmental_Monitoring_Report_for_CREAP_July_-_December_2023/table_005.csv,5,7
extracted_tables/046_Semi-Annual_Environmental_Monitoring_Report_for_CREAP_July_-_December_2023/table_031.csv,5,2
extracted_tables/046_Semi-Annual_Environmental_Monitoring_Report_for_CREAP_July_-_December_2023/table_011.csv,5,5
extracted_tables/046_Semi-Annual_Environmental_Monitoring_Report_for_CREAP_July_-_December_2023/table_030.csv,5,8
extracted_tables/046_Semi-Annual_Environmental_Monitoring_Report_for_CREAP_July_-_December_2023/table_045.csv,5,12
extracted_tables/046_Semi-Annual_Environmental_Monitoring_Report_for_CREAP_July_-_December_2023/table_022.csv,5,2
extracted_tables/046_Semi-Annual_Environmental_Monitoring_Report_for_CREAP_July_-_December_2023/table_003.csv,5,7
extracted_tables/046_Semi-Annual_Environmental_Monitoring_Report_for_CREAP_July_-_December_2023/table_019.csv,5,16
extracted_tables/046_Semi-Annual_Environmental_Monitoring_Report_for_CREAP_July_-_December_2023/table_024.csv,5,5
extracted_tables/046_Semi-Annual_Environmental_Monitoring_Report_for_CREAP_July_-_December_2023/table_047.csv,5,13
extracted_tables/046_Semi-Annual_Environmental_Monitoring_Report_for_CREAP_July_-_December_2023/table_010.csv,5,5
extracted_tables/046_Semi-Annual_Environmental_Monitoring_Report_for_CREAP_July_-_December_2023/table_009.csv,5,5
extracted_tables/046_Semi-Annual_Environmental_Monitoring_Report_for_CREAP_July_-_December_2023/table_028.csv,5,19
extracted_tables/046_Semi-Annual_Environmental_Monitoring_Report_for_CREAP_July_-_December_2023/table_020.csv,5,16
extracted_tables/046_Semi-Annual_Environmental_Monitoring_Report_for_CREAP_July_-_December_2023/table_027.csv,5,19
extracted_tables/046_Semi-Annual_Environmental_Monitoring_Report_for_CREAP_July_-_December_2023/table_035.csv,5,7
extracted_tables/046_Semi-Annual_Environmental_Monitoring_Report_for_CREAP_July_-_December_2023/table_004.csv,5,5
extracted_tables/046_Semi-Annual_Environmental_Monitoring_Report_for_CREAP_July_-_December_2023/table_034.csv,5,5
extracted_tables/107_Cancer_J_Bangladesh_Vol_3_No_1/table_002.csv,5,8
extracted_tables/107_Cancer_J_Bangladesh_Vol_3_No_1/table_001.csv,5,3
extracted_tables/107_Cancer_J_Bangladesh_Vol_3_No_1/table_003.csv,5,12
extracted_tables/083_MR_Bulletin_Volume_1/table_006.csv,5,5
extracted_tables/083_MR_Bulletin_Volume_1/table_002.csv,5,15
extracted_tables/083_MR_Bulletin_Volume_1/table_012.csv,5,15
extracted_tables/083_MR_Bulletin_Volume_1/table_008.csv,5,18
extracted_tables/083_MR_Bulletin_Volume_1/table_007.csv,5,18
extracted_tables/083_MR_Bulletin_Volume_1/table_001.csv,5,15
extracted_tables/083_MR_Bulletin_Volume_1/table_005.csv,5,4
extracted_tables/083_MR_Bulletin_Volume_1/table_011.csv,5,15
extracted_tables/083_MR_Bulletin_Volume_1/table_003.csv,5,3
extracted_tables/083_MR_Bulletin_Volume_1/table_010.csv,5,21
extracted_tables/083_MR_Bulletin_Volume_1/table_009.csv,5,21
extracted_tables/083_MR_Bulletin_Volume_1/table_004.csv,5,28
extracted_tables/039_Health_Bulletin_2011/table_0071.csv,5,17
extracted_tables/039_Health_Bulletin_2011/table_0040.csv,5,9
extracted_tables/039_Health_Bulletin_2011/table_0036.csv,5,6
extracted_tables/039_Health_Bulletin_2011/table_0034.csv,5,6
extracted_tables/039_Health_Bulletin_2011/table_0079.csv,5,6
extracted_tables/039_Health_Bulletin_2011/table_0064.csv,5,6
extracted_tables/039_Health_Bulletin_2011/table_0020.csv,5,2
extracted_tables/039_Health_Bulletin_2011/table_0070.csv,5,17
extracted_tables/039_Health_Bulletin_2011/table_0089.csv,5,6
extracted_tables/039_Health_Bulletin_2011/table_0080.csv,5,6
extracted_tables/039_Health_Bulletin_2011/table_0049.csv,3,3
extracted_tables/039_Health_Bulletin_2011/table_0023.csv,5,7
extracted_tables/039_Health_Bulletin_2011/table_0011.csv,5,6
extracted_tables/039_Health_Bulletin_2011/table_0014.csv,5,9
extracted_tables/039_Health_Bulletin_2011/table_0006.csv,5,2
extracted_tables/039_Health_Bulletin_2011/table_0083.csv,5,6
extracted_tables/039_Health_Bulletin_2011/table_0016.csv,5,10
extracted_tables/039_Health_Bulletin_2011/table_0051.csv,5,3
extracted_tables/039_Health_Bulletin_2011/table_0072.csv,5,17
extracted_tables/039_Health_Bulletin_2011/table_0013.csv,5,9
extracted_tables/039_Health_Bulletin_2011/table_0027.csv,5,9
extracted_tables/039_Health_Bulletin_2011/table_0043.csv,5,10
extracted_tables/039_Health_Bulletin_2011/table_0045.csv,5,5
extracted_tables/039_Health_Bulletin_2011/table_0044.csv,5,7
extracted_tables/039_Health_Bulletin_2011/table_0090.csv,5,6
extracted_tables/039_Health_Bulletin_2011/table_0052.csv,5,17
extracted_tables/039_Health_Bulletin_2011/table_0032.csv,5,12
extracted_tables/039_Health_Bulletin_2011/table_0066.csv,5,17
extracted_tables/039_Health_Bulletin_2011/table_0074.csv,5,17
extracted_tables/039_Health_Bulletin_2011/table_0031.csv,5,12
extracted_tables/039_Health_Bulletin_2011/table_0069.csv,5,17
extracted_tables/039_Health_Bulletin_2011/table_0078.csv,5,17
extracted_tables/039_Health_Bulletin_2011/table_0022.csv,5,6
extracted_tables/039_Health_Bulletin_2011/table_0015.csv,5,10
extracted_tables/039_Health_Bulletin_2011/table_0046.csv,5,5
extracted_tables/039_Health_Bulletin_2011/table_0012.csv,5,9
extracted_tables/039_Health_Bulletin_2011/table_0061.csv,5,8
extracted_tables/039_Health_Bulletin_2011/table_0068.csv,5,17
extracted_tables/039_Health_Bulletin_2011/table_0057.csv,3,2
extracted_tables/039_Health_Bulletin_2011/table_0019.csv,5,8
extracted_tables/039_Health_Bulletin_2011/table_0041.csv,5,10
extracted_tables/039_Health_Bulletin_2011/table_0076.csv,5,17
extracted_tables/039_Health_Bulletin_2011/table_0047.csv,4,11
extracted_tables/039_Health_Bulletin_2011/table_0004.csv,5,6
extracted_tables/039_Health_Bulletin_2011/table_0088.csv,5,6
extracted_tables/039_Health_Bulletin_2011/table_0062.csv,5,14
extracted_tables/039_Health_Bulletin_2011/table_0030.csv,5,13
extracted_tables/039_Health_Bulletin_2011/table_0050.csv,5,3
extracted_tables/039_Health_Bulletin_2011/table_0037.csv,5,10
extracted_tables/039_Health_Bulletin_2011/table_0054.csv,5,4
extracted_tables/039_Health_Bulletin_2011/table_0026.csv,5,20
extracted_tables/039_Health_Bulletin_2011/table_0086.csv,5,6
extracted_tables/039_Health_Bulletin_2011/table_0008.csv,5,4
extracted_tables/039_Health_Bulletin_2011/table_0035.csv,5,6
extracted_tables/039_Health_Bulletin_2011/table_0058.csv,5,12
extracted_tables/039_Health_Bulletin_2011/table_0048.csv,3,2
extracted_tables/039_Health_Bulletin_2011/table_0063.csv,5,4
extracted_tables/039_Health_Bulletin_2011/table_0021.csv,5,11
extracted_tables/039_Health_Bulletin_2011/table_0009.csv,5,3
extracted_tables/039_Health_Bulletin_2011/table_0092.csv,5,6
extracted_tables/039_Health_Bulletin_2011/table_0007.csv,4,5
extracted_tables/039_Health_Bulletin_2011/table_0087.csv,5,6
extracted_tables/039_Health_Bulletin_2011/table_0093.csv,5,6
extracted_tables/039_Health_Bulletin_2011/table_0042.csv,3,2
extracted_tables/039_Health_Bulletin_2011/table_0082.csv,5,6
extracted_tables/039_Health_Bulletin_2011/table_0091.csv,5,6
extracted_tables/039_Health_Bulletin_2011/table_0038.csv,5,10
extracted_tables/039_Health_Bulletin_2011/table_0017.csv,4,9
extracted_tables/039_Health_Bulletin_2011/table_0010.csv,5,3
extracted_tables/039_Health_Bulletin_2011/table_0055.csv,5,10
extracted_tables/039_Health_Bulletin_2011/table_0003.csv,5,3
extracted_tables/039_Health_Bulletin_2011/table_0033.csv,5,12
extracted_tables/039_Health_Bulletin_2011/table_0084.csv,5,6
extracted_tables/039_Health_Bulletin_2011/table_0025.csv,5,29
extracted_tables/039_Health_Bulletin_2011/table_0039.csv,5,7
extracted_tables/039_Health_Bulletin_2011/table_0028.csv,5,12
extracted_tables/039_Health_Bulletin_2011/table_0073.csv,5,17
extracted_tables/039_Health_Bulletin_2011/table_0081.csv,5,6
extracted_tables/039_Health_Bulletin_2011/table_0024.csv,5,7
extracted_tables/039_Health_Bulletin_2011/table_0002.csv,5,5
extracted_tables/039_Health_Bulletin_2011/table_0005.csv,5,2
extracted_tables/039_Health_Bulletin_2011/table_0075.csv,5,17
extracted_tables/039_Health_Bulletin_2011/table_0053.csv,5,10
extracted_tables/039_Health_Bulletin_2011/table_0060.csv,5,5
extracted_tables/039_Health_Bulletin_2011/table_0085.csv,5,6
extracted_tables/039_Health_Bulletin_2011/table_0065.csv,5,17
extracted_tables/039_Health_Bulletin_2011/table_0029.csv,5,6
extracted_tables/039_Health_Bulletin_2011/table_0077.csv,5,17
extracted_tables/039_Health_Bulletin_2011/table_0001.csv,5,4
extracted_tables/039_Health_Bulletin_2011/table_0059.csv,5,11
extracted_tables/039_Health_Bulletin_2011/table_0056.csv,5,6
extracted_tables/039_Health_Bulletin_2011/table_0067.csv,5,17
extracted_tables/039_Health_Bulletin_2011/table_0018.csv,4,8
extracted_tables/062_Environmental_Management_Plan_PCR_Lab_DNCC/table_002.csv,5,14
extracted_tables/062_Environmental_Management_Plan_PCR_Lab_DNCC/table_001.csv,5,14
extracted_tables/062_Environmental_Management_Plan_PCR_Lab_DNCC/table_005.csv,5,16
extracted_tables/062_Environmental_Management_Plan_PCR_Lab_DNCC/table_003.csv,5,13
extracted_tables/062_Environmental_Management_Plan_PCR_Lab_DNCC/table_004.csv,5,15
extracted_tables/085_MR_Bulletin_Volume_3/table_006.csv,5,18
extracted_tables/085_MR_Bulletin_Volume_3/table_002.csv,5,13
extracted_tables/085_MR_Bulletin_Volume_3/table_012.csv,5,8
extracted_tables/085_MR_Bulletin_Volume_3/table_008.csv,5,15
extracted_tables/085_MR_Bulletin_Volume_3/table_007.csv,5,18
extracted_tables/085_MR_Bulletin_Volume_3/table_001.csv,5,13
extracted_tables/085_MR_Bulletin_Volume_3/table_005.csv,5,4
extracted_tables/085_MR_Bulletin_Volume_3/table_011.csv,5,15
extracted_tables/085_MR_Bulletin_Volume_3/table_003.csv,5,3
extracted_tables/085_MR_Bulletin_Volume_3/table_010.csv,5,15
extracted_tables/085_MR_Bulletin_Volume_3/table_009.csv,5,15
extracted_tables/085_MR_Bulletin_Volume_3/table_004.csv,5,2
extracted_tables/068_Press-release-of-02-05-2026_pdf/table_006.csv,5,5
extracted_tables/068_Press-release-of-02-05-2026_pdf/table_002.csv,5,7
extracted_tables/068_Press-release-of-02-05-2026_pdf/table_012.csv,5,4
extracted_tables/068_Press-release-of-02-05-2026_pdf/table_008.csv,5,6
extracted_tables/068_Press-release-of-02-05-2026_pdf/table_007.csv,5,6
extracted_tables/068_Press-release-of-02-05-2026_pdf/table_001.csv,5,9
extracted_tables/068_Press-release-of-02-05-2026_pdf/table_005.csv,5,9
extracted_tables/068_Press-release-of-02-05-2026_pdf/table_011.csv,5,4
extracted_tables/068_Press-release-of-02-05-2026_pdf/table_003.csv,5,8
extracted_tables/068_Press-release-of-02-05-2026_pdf/table_010.csv,5,6
extracted_tables/068_Press-release-of-02-05-2026_pdf/table_009.csv,5,6
extracted_tables/068_Press-release-of-02-05-2026_pdf/table_004.csv,5,9
extracted_tables/060_Environmental_Management_Plan_Medical_Gas_System_SSMCH/table_006.csv,5,16
extracted_tables/060_Environmental_Management_Plan_Medical_Gas_System_SSMCH/table_002.csv,5,14
extracted_tables/060_Environmental_Management_Plan_Medical_Gas_System_SSMCH/table_001.csv,5,14
extracted_tables/060_Environmental_Management_Plan_Medical_Gas_System_SSMCH/table_005.csv,5,15
extracted_tables/060_Environmental_Management_Plan_Medical_Gas_System_SSMCH/table_003.csv,5,13
extracted_tables/060_Environmental_Management_Plan_Medical_Gas_System_SSMCH/table_004.csv,5,13
extracted_tables/071_Other_information_including_vacant_beds_in_Corona_hospitals/table_002.csv,5,17
extracted_tables/071_Other_information_including_vacant_beds_in_Corona_hospitals/table_001.csv,5,17
extracted_tables/071_Other_information_including_vacant_beds_in_Corona_hospitals/table_005.csv,5,17
extracted_tables/071_Other_information_including_vacant_beds_in_Corona_hospitals/table_003.csv,5,17
extracted_tables/071_Other_information_including_vacant_beds_in_Corona_hospitals/table_004.csv,5,17
extracted_tables/022_United_Nations_Populations_fund/table_002.csv,5,8
extracted_tables/022_United_Nations_Populations_fund/table_001.csv,5,5
extracted_tables/022_United_Nations_Populations_fund/table_003.csv,5,8
extracted_tables/022_United_Nations_Populations_fund/table_004.csv,5,8
extracted_tables/093_Health_Labour_Market_Analysis_in_Bangladesh_2021/table_023.csv,5,7
extracted_tables/093_Health_Labour_Market_Analysis_in_Bangladesh_2021/table_104.csv,5,9
extracted_tables/093_Health_Labour_Market_Analysis_in_Bangladesh_2021/table_058.csv,5,9
extracted_tables/093_Health_Labour_Market_Analysis_in_Bangladesh_2021/table_015.csv,5,4
extracted_tables/093_Health_Labour_Market_Analysis_in_Bangladesh_2021/table_033.csv,5,11
extracted_tables/093_Health_Labour_Market_Analysis_in_Bangladesh_2021/table_065.csv,5,16
extracted_tables/093_Health_Labour_Market_Analysis_in_Bangladesh_2021/table_097.csv,5,10
extracted_tables/093_Health_Labour_Market_Analysis_in_Bangladesh_2021/table_105.csv,5,9
extracted_tables/093_Health_Labour_Market_Analysis_in_Bangladesh_2021/table_021.csv,5,4
extracted_tables/093_Health_Labour_Market_Analysis_in_Bangladesh_2021/table_006.csv,5,3
extracted_tables/093_Health_Labour_Market_Analysis_in_Bangladesh_2021/table_121.csv,5,9
extracted_tables/093_Health_Labour_Market_Analysis_in_Bangladesh_2021/table_099.csv,5,9
extracted_tables/093_Health_Labour_Market_Analysis_in_Bangladesh_2021/table_090.csv,5,9
extracted_tables/093_Health_Labour_Market_Analysis_in_Bangladesh_2021/table_073.csv,5,9
extracted_tables/093_Health_Labour_Market_Analysis_in_Bangladesh_2021/table_095.csv,5,9
extracted_tables/093_Health_Labour_Market_Analysis_in_Bangladesh_2021/table_103.csv,5,9
extracted_tables/093_Health_Labour_Market_Analysis_in_Bangladesh_2021/table_113.csv,5,9
extracted_tables/093_Health_Labour_Market_Analysis_in_Bangladesh_2021/table_076.csv,5,9
extracted_tables/093_Health_Labour_Market_Analysis_in_Bangladesh_2021/table_018.csv,5,8
extracted_tables/093_Health_Labour_Market_Analysis_in_Bangladesh_2021/table_017.csv,5,5
extracted_tables/093_Health_Labour_Market_Analysis_in_Bangladesh_2021/table_109.csv,5,9
extracted_tables/093_Health_Labour_Market_Analysis_in_Bangladesh_2021/table_057.csv,5,9
extracted_tables/093_Health_Labour_Market_Analysis_in_Bangladesh_2021/table_037.csv,5,9
extracted_tables/093_Health_Labour_Market_Analysis_in_Bangladesh_2021/table_098.csv,5,9
extracted_tables/093_Health_Labour_Market_Analysis_in_Bangladesh_2021/table_132.csv,5,9
extracted_tables/093_Health_Labour_Market_Analysis_in_Bangladesh_2021/table_043.csv,5,9
extracted_tables/093_Health_Labour_Market_Analysis_in_Bangladesh_2021/table_063.csv,5,9
extracted_tables/093_Health_Labour_Market_Analysis_in_Bangladesh_2021/table_062.csv,5,9
extracted_tables/093_Health_Labour_Market_Analysis_in_Bangladesh_2021/table_002.csv,5,8
extracted_tables/093_Health_Labour_Market_Analysis_in_Bangladesh_2021/table_077.csv,5,9
extracted_tables/093_Health_Labour_Market_Analysis_in_Bangladesh_2021/table_059.csv,5,9
extracted_tables/093_Health_Labour_Market_Analysis_in_Bangladesh_2021/table_044.csv,5,9
extracted_tables/093_Health_Labour_Market_Analysis_in_Bangladesh_2021/table_049.csv,5,9
extracted_tables/093_Health_Labour_Market_Analysis_in_Bangladesh_2021/table_114.csv,5,9
extracted_tables/093_Health_Labour_Market_Analysis_in_Bangladesh_2021/table_012.csv,5,8
extracted_tables/093_Health_Labour_Market_Analysis_in_Bangladesh_2021/table_013.csv,5,8
extracted_tables/093_Health_Labour_Market_Analysis_in_Bangladesh_2021/table_032.csv,5,2
extracted_tables/093_Health_Labour_Market_Analysis_in_Bangladesh_2021/table_083.csv,5,9
extracted_tables/093_Health_Labour_Market_Analysis_in_Bangladesh_2021/table_041.csv,5,9
extracted_tables/093_Health_Labour_Market_Analysis_in_Bangladesh_2021/table_127.csv,5,9
extracted_tables/093_Health_Labour_Market_Analysis_in_Bangladesh_2021/table_102.csv,5,9
extracted_tables/093_Health_Labour_Market_Analysis_in_Bangladesh_2021/table_129.csv,5,9
extracted_tables/093_Health_Labour_Market_Analysis_in_Bangladesh_2021/table_056.csv,5,9
extracted_tables/093_Health_Labour_Market_Analysis_in_Bangladesh_2021/table_068.csv,5,9
extracted_tables/093_Health_Labour_Market_Analysis_in_Bangladesh_2021/table_092.csv,5,9
extracted_tables/093_Health_Labour_Market_Analysis_in_Bangladesh_2021/table_054.csv,5,9
extracted_tables/093_Health_Labour_Market_Analysis_in_Bangladesh_2021/table_070.csv,5,9
extracted_tables/093_Health_Labour_Market_Analysis_in_Bangladesh_2021/table_026.csv,5,7
extracted_tables/093_Health_Labour_Market_Analysis_in_Bangladesh_2021/table_135.csv,5,17
extracted_tables/093_Health_Labour_Market_Analysis_in_Bangladesh_2021/table_110.csv,5,9
extracted_tables/093_Health_Labour_Market_Analysis_in_Bangladesh_2021/table_060.csv,5,9
extracted_tables/093_Health_Labour_Market_Analysis_in_Bangladesh_2021/table_008.csv,5,4
extracted_tables/093_Health_Labour_Market_Analysis_in_Bangladesh_2021/table_089.csv,5,9
extracted_tables/093_Health_Labour_Market_Analysis_in_Bangladesh_2021/table_051.csv,5,9
extracted_tables/093_Health_Labour_Market_Analysis_in_Bangladesh_2021/table_108.csv,5,9
extracted_tables/093_Health_Labour_Market_Analysis_in_Bangladesh_2021/table_126.csv,5,9
extracted_tables/093_Health_Labour_Market_Analysis_in_Bangladesh_2021/table_088.csv,5,9
extracted_tables/093_Health_Labour_Market_Analysis_in_Bangladesh_2021/table_093.csv,5,17
extracted_tables/093_Health_Labour_Market_Analysis_in_Bangladesh_2021/table_101.csv,5,9
extracted_tables/093_Health_Labour_Market_Analysis_in_Bangladesh_2021/table_042.csv,5,9
extracted_tables/093_Health_Labour_Market_Analysis_in_Bangladesh_2021/table_007.csv,5,4
extracted_tables/093_Health_Labour_Market_Analysis_in_Bangladesh_2021/table_061.csv,5,9
extracted_tables/093_Health_Labour_Market_Analysis_in_Bangladesh_2021/table_040.csv,5,9
extracted_tables/093_Health_Labour_Market_Analysis_in_Bangladesh_2021/table_072.csv,5,11
extracted_tables/093_Health_Labour_Market_Analysis_in_Bangladesh_2021/table_067.csv,5,9
extracted_tables/093_Health_Labour_Market_Analysis_in_Bangladesh_2021/table_079.csv,5,16
extracted_tables/093_Health_Labour_Market_Analysis_in_Bangladesh_2021/table_053.csv,5,9
extracted_tables/093_Health_Labour_Market_Analysis_in_Bangladesh_2021/table_025.csv,5,7
extracted_tables/093_Health_Labour_Market_Analysis_in_Bangladesh_2021/table_038.csv,5,9
extracted_tables/093_Health_Labour_Market_Analysis_in_Bangladesh_2021/table_078.csv,5,10
extracted_tables/093_Health_Labour_Market_Analysis_in_Bangladesh_2021/table_087.csv,5,9
extracted_tables/093_Health_Labour_Market_Analysis_in_Bangladesh_2021/table_120.csv,5,11
extracted_tables/093_Health_Labour_Market_Analysis_in_Bangladesh_2021/table_064.csv,5,9
extracted_tables/093_Health_Labour_Market_Analysis_in_Bangladesh_2021/table_036.csv,5,10
extracted_tables/093_Health_Labour_Market_Analysis_in_Bangladesh_2021/table_116.csv,5,9
extracted_tables/093_Health_Labour_Market_Analysis_in_Bangladesh_2021/table_134.csv,5,17
extracted_tables/093_Health_Labour_Market_Analysis_in_Bangladesh_2021/table_112.csv,5,9
extracted_tables/093_Health_Labour_Market_Analysis_in_Bangladesh_2021/table_050.csv,5,9
extracted_tables/093_Health_Labour_Market_Analysis_in_Bangladesh_2021/table_125.csv,5,9
extracted_tables/093_Health_Labour_Market_Analysis_in_Bangladesh_2021/table_111.csv,5,9
extracted_tables/093_Health_Labour_Market_Analysis_in_Bangladesh_2021/table_086.csv,5,9
extracted_tables/093_Health_Labour_Market_Analysis_in_Bangladesh_2021/table_001.csv,5,4
extracted_tables/093_Health_Labour_Market_Analysis_in_Bangladesh_2021/table_066.csv,5,9
extracted_tables/093_Health_Labour_Market_Analysis_in_Bangladesh_2021/table_046.csv,5,17
extracted_tables/093_Health_Labour_Market_Analysis_in_Bangladesh_2021/table_085.csv,5,9
extracted_tables/093_Health_Labour_Market_Analysis_in_Bangladesh_2021/table_039.csv,5,17
extracted_tables/093_Health_Labour_Market_Analysis_in_Bangladesh_2021/table_048.csv,5,9
extracted_tables/093_Health_Labour_Market_Analysis_in_Bangladesh_2021/table_131.csv,5,9
extracted_tables/093_Health_Labour_Market_Analysis_in_Bangladesh_2021/table_075.csv,5,10
extracted_tables/093_Health_Labour_Market_Analysis_in_Bangladesh_2021/table_094.csv,5,10
extracted_tables/093_Health_Labour_Market_Analysis_in_Bangladesh_2021/table_016.csv,5,5
extracted_tables/093_Health_Labour_Market_Analysis_in_Bangladesh_2021/table_082.csv,5,10
extracted_tables/093_Health_Labour_Market_Analysis_in_Bangladesh_2021/table_014.csv,5,4
extracted_tables/093_Health_Labour_Market_Analysis_in_Bangladesh_2021/table_119.csv,5,11
extracted_tables/093_Health_Labour_Market_Analysis_in_Bangladesh_2021/table_029.csv,5,33
extracted_tables/093_Health_Labour_Market_Analysis_in_Bangladesh_2021/table_052.csv,5,9
extracted_tables/093_Health_Labour_Market_Analysis_in_Bangladesh_2021/table_055.csv,5,9
extracted_tables/093_Health_Labour_Market_Analysis_in_Bangladesh_2021/table_091.csv,5,9
extracted_tables/093_Health_Labour_Market_Analysis_in_Bangladesh_2021/table_005.csv,5,4
extracted_tables/093_Health_Labour_Market_Analysis_in_Bangladesh_2021/table_100.csv,5,17
extracted_tables/093_Health_Labour_Market_Analysis_in_Bangladesh_2021/table_031.csv,5,2
extracted_tables/093_Health_Labour_Market_Analysis_in_Bangladesh_2021/table_080.csv,5,16
extracted_tables/093_Health_Labour_Market_Analysis_in_Bangladesh_2021/table_096.csv,5,9
extracted_tables/093_Health_Labour_Market_Analysis_in_Bangladesh_2021/table_123.csv,5,9
extracted_tables/093_Health_Labour_Market_Analysis_in_Bangladesh_2021/table_069.csv,5,9
extracted_tables/093_Health_Labour_Market_Analysis_in_Bangladesh_2021/table_011.csv,5,7
extracted_tables/093_Health_Labour_Market_Analysis_in_Bangladesh_2021/table_030.csv,5,3
extracted_tables/093_Health_Labour_Market_Analysis_in_Bangladesh_2021/table_045.csv,5,9
extracted_tables/093_Health_Labour_Market_Analysis_in_Bangladesh_2021/table_128.csv,5,9
extracted_tables/093_Health_Labour_Market_Analysis_in_Bangladesh_2021/table_133.csv,5,9
extracted_tables/093_Health_Labour_Market_Analysis_in_Bangladesh_2021/table_106.csv,5,9
extracted_tables/093_Health_Labour_Market_Analysis_in_Bangladesh_2021/table_022.csv,5,4
extracted_tables/093_Health_Labour_Market_Analysis_in_Bangladesh_2021/table_003.csv,5,13
extracted_tables/093_Health_Labour_Market_Analysis_in_Bangladesh_2021/table_117.csv,5,9
extracted_tables/093_Health_Labour_Market_Analysis_in_Bangladesh_2021/table_019.csv,5,4
extracted_tables/093_Health_Labour_Market_Analysis_in_Bangladesh_2021/table_024.csv,5,7
extracted_tables/093_Health_Labour_Market_Analysis_in_Bangladesh_2021/table_047.csv,5,10
extracted_tables/093_Health_Labour_Market_Analysis_in_Bangladesh_2021/table_118.csv,5,9
extracted_tables/093_Health_Labour_Market_Analysis_in_Bangladesh_2021/table_122.csv,5,9
extracted_tables/093_Health_Labour_Market_Analysis_in_Bangladesh_2021/table_084.csv,5,10
extracted_tables/093_Health_Labour_Market_Analysis_in_Bangladesh_2021/table_010.csv,5,7
extracted_tables/093_Health_Labour_Market_Analysis_in_Bangladesh_2021/table_115.csv,5,9
extracted_tables/093_Health_Labour_Market_Analysis_in_Bangladesh_2021/table_009.csv,5,4
extracted_tables/093_Health_Labour_Market_Analysis_in_Bangladesh_2021/table_028.csv,5,4
extracted_tables/093_Health_Labour_Market_Analysis_in_Bangladesh_2021/table_020.csv,5,4
extracted_tables/093_Health_Labour_Market_Analysis_in_Bangladesh_2021/table_027.csv,5,7
extracted_tables/093_Health_Labour_Market_Analysis_in_Bangladesh_2021/table_035.csv,5,10
extracted_tables/093_Health_Labour_Market_Analysis_in_Bangladesh_2021/table_124.csv,5,9
extracted_tables/093_Health_Labour_Market_Analysis_in_Bangladesh_2021/table_081.csv,5,10
extracted_tables/093_Health_Labour_Market_Analysis_in_Bangladesh_2021/table_071.csv,5,9
extracted_tables/093_Health_Labour_Market_Analysis_in_Bangladesh_2021/table_130.csv,5,9
extracted_tables/093_Health_Labour_Market_Analysis_in_Bangladesh_2021/table_074.csv,5,9
extracted_tables/093_Health_Labour_Market_Analysis_in_Bangladesh_2021/table_004.csv,5,10
extracted_tables/093_Health_Labour_Market_Analysis_in_Bangladesh_2021/table_034.csv,5,10
extracted_tables/093_Health_Labour_Market_Analysis_in_Bangladesh_2021/table_107.csv,5,16
extracted_tables/047_Semi-annual_Environmental_Monitoring_Report_Jan-June-2020/table_006.csv,5,3
extracted_tables/047_Semi-annual_Environmental_Monitoring_Report_Jan-June-2020/table_002.csv,5,4
extracted_tables/047_Semi-annual_Environmental_Monitoring_Report_Jan-June-2020/table_008.csv,5,3
extracted_tables/047_Semi-annual_Environmental_Monitoring_Report_Jan-June-2020/table_007.csv,5,3
extracted_tables/047_Semi-annual_Environmental_Monitoring_Report_Jan-June-2020/table_001.csv,5,4
extracted_tables/047_Semi-annual_Environmental_Monitoring_Report_Jan-June-2020/table_005.csv,5,3
extracted_tables/047_Semi-annual_Environmental_Monitoring_Report_Jan-June-2020/table_003.csv,5,4
extracted_tables/047_Semi-annual_Environmental_Monitoring_Report_Jan-June-2020/table_009.csv,5,3
extracted_tables/047_Semi-annual_Environmental_Monitoring_Report_Jan-June-2020/table_004.csv,5,12
extracted_tables/082_MR_bulletin_2nd_quarter_2021_/table_006.csv,5,4
extracted_tables/082_MR_bulletin_2nd_quarter_2021_/table_002.csv,5,2
extracted_tables/082_MR_bulletin_2nd_quarter_2021_/table_008.csv,5,10
extracted_tables/082_MR_bulletin_2nd_quarter_2021_/table_007.csv,5,12
extracted_tables/082_MR_bulletin_2nd_quarter_2021_/table_001.csv,5,3
extracted_tables/082_MR_bulletin_2nd_quarter_2021_/table_005.csv,5,11
extracted_tables/082_MR_bulletin_2nd_quarter_2021_/table_003.csv,5,21
extracted_tables/082_MR_bulletin_2nd_quarter_2021_/table_004.csv,5,4
extracted_tables/064_Environmental_Assessment_and_Review_Framework__17_April_/table_023.csv,5,3
extracted_tables/064_Environmental_Assessment_and_Review_Framework__17_April_/table_015.csv,5,3
extracted_tables/064_Environmental_Assessment_and_Review_Framework__17_April_/table_021.csv,5,7
extracted_tables/064_Environmental_Assessment_and_Review_Framework__17_April_/table_006.csv,5,3
extracted_tables/064_Environmental_Assessment_and_Review_Framework__17_April_/table_018.csv,5,3
extracted_tables/064_Environmental_Assessment_and_Review_Framework__17_April_/table_017.csv,5,3
extracted_tables/064_Environmental_Assessment_and_Review_Framework__17_April_/table_002.csv,5,6
extracted_tables/064_Environmental_Assessment_and_Review_Framework__17_April_/table_012.csv,5,2
extracted_tables/064_Environmental_Assessment_and_Review_Framework__17_April_/table_013.csv,5,3
extracted_tables/064_Environmental_Assessment_and_Review_Framework__17_April_/table_032.csv,5,5
extracted_tables/064_Environmental_Assessment_and_Review_Framework__17_April_/table_026.csv,5,6
extracted_tables/064_Environmental_Assessment_and_Review_Framework__17_April_/table_008.csv,5,3
extracted_tables/064_Environmental_Assessment_and_Review_Framework__17_April_/table_007.csv,5,4
extracted_tables/064_Environmental_Assessment_and_Review_Framework__17_April_/table_025.csv,5,3
extracted_tables/064_Environmental_Assessment_and_Review_Framework__17_April_/table_001.csv,5,6
extracted_tables/064_Environmental_Assessment_and_Review_Framework__17_April_/table_016.csv,5,3
extracted_tables/064_Environmental_Assessment_and_Review_Framework__17_April_/table_014.csv,5,3
extracted_tables/064_Environmental_Assessment_and_Review_Framework__17_April_/table_029.csv,5,2
extracted_tables/064_Environmental_Assessment_and_Review_Framework__17_April_/table_005.csv,5,3
extracted_tables/064_Environmental_Assessment_and_Review_Framework__17_April_/table_031.csv,5,5
extracted_tables/064_Environmental_Assessment_and_Review_Framework__17_April_/table_011.csv,5,3
extracted_tables/064_Environmental_Assessment_and_Review_Framework__17_April_/table_030.csv,5,6
extracted_tables/064_Environmental_Assessment_and_Review_Framework__17_April_/table_022.csv,5,3
extracted_tables/064_Environmental_Assessment_and_Review_Framework__17_April_/table_003.csv,5,4
extracted_tables/064_Environmental_Assessment_and_Review_Framework__17_April_/table_019.csv,5,3
extracted_tables/064_Environmental_Assessment_and_Review_Framework__17_April_/table_024.csv,5,3
extracted_tables/064_Environmental_Assessment_and_Review_Framework__17_April_/table_010.csv,5,3
extracted_tables/064_Environmental_Assessment_and_Review_Framework__17_April_/table_009.csv,5,3
extracted_tables/064_Environmental_Assessment_and_Review_Framework__17_April_/table_028.csv,5,12
extracted_tables/064_Environmental_Assessment_and_Review_Framework__17_April_/table_020.csv,5,3
extracted_tables/064_Environmental_Assessment_and_Review_Framework__17_April_/table_027.csv,5,2
extracted_tables/064_Environmental_Assessment_and_Review_Framework__17_April_/table_004.csv,5,6
extracted_tables/041_Health_Bulletin_2009/table_0071.csv,5,7
extracted_tables/041_Health_Bulletin_2009/table_0040.csv,5,13
extracted_tables/041_Health_Bulletin_2009/table_0036.csv,5,9
extracted_tables/041_Health_Bulletin_2009/table_0034.csv,3,10
extracted_tables/041_Health_Bulletin_2009/table_0079.csv,3,15
extracted_tables/041_Health_Bulletin_2009/table_0064.csv,5,30
extracted_tables/041_Health_Bulletin_2009/table_0020.csv,5,17
extracted_tables/041_Health_Bulletin_2009/table_0101.csv,4,3
extracted_tables/041_Health_Bulletin_2009/table_0099.csv,5,3
extracted_tables/041_Health_Bulletin_2009/table_0070.csv,5,27
extracted_tables/041_Health_Bulletin_2009/table_0109.csv,4,9
extracted_tables/041_Health_Bulletin_2009/table_0089.csv,5,9
extracted_tables/041_Health_Bulletin_2009/table_0080.csv,5,24
extracted_tables/041_Health_Bulletin_2009/table_0049.csv,5,6
extracted_tables/041_Health_Bulletin_2009/table_0023.csv,5,8
extracted_tables/041_Health_Bulletin_2009/table_0011.csv,5,6
extracted_tables/041_Health_Bulletin_2009/table_0014.csv,5,17
extracted_tables/041_Health_Bulletin_2009/table_0102.csv,5,7
extracted_tables/041_Health_Bulletin_2009/table_0006.csv,5,7
extracted_tables/041_Health_Bulletin_2009/table_0083.csv,5,26
extracted_tables/041_Health_Bulletin_2009/table_0016.csv,5,17
extracted_tables/041_Health_Bulletin_2009/table_0051.csv,5,8
extracted_tables/041_Health_Bulletin_2009/table_0072.csv,5,16
extracted_tables/041_Health_Bulletin_2009/table_0013.csv,5,17
extracted_tables/041_Health_Bulletin_2009/table_0108.csv,5,6
extracted_tables/041_Health_Bulletin_2009/table_0027.csv,5,9
extracted_tables/041_Health_Bulletin_2009/table_0043.csv,5,12
extracted_tables/041_Health_Bulletin_2009/table_0045.csv,5,3
extracted_tables/041_Health_Bulletin_2009/table_0044.csv,5,5
extracted_tables/041_Health_Bulletin_2009/table_0111.csv,5,9
extracted_tables/041_Health_Bulletin_2009/table_0090.csv,5,13
extracted_tables/041_Health_Bulletin_2009/table_0094.csv,5,4
extracted_tables/041_Health_Bulletin_2009/table_0052.csv,5,9
extracted_tables/041_Health_Bulletin_2009/table_0032.csv,5,2
extracted_tables/041_Health_Bulletin_2009/table_0066.csv,5,28
extracted_tables/041_Health_Bulletin_2009/table_0098.csv,5,3
extracted_tables/041_Health_Bulletin_2009/table_0103.csv,5,9
extracted_tables/041_Health_Bulletin_2009/table_0074.csv,5,12
extracted_tables/041_Health_Bulletin_2009/table_0031.csv,5,14
extracted_tables/041_Health_Bulletin_2009/table_0069.csv,5,25
extracted_tables/041_Health_Bulletin_2009/table_0078.csv,4,20
extracted_tables/041_Health_Bulletin_2009/table_0022.csv,5,9
extracted_tables/041_Health_Bulletin_2009/table_0015.csv,5,17
extracted_tables/041_Health_Bulletin_2009/table_0046.csv,5,8
extracted_tables/041_Health_Bulletin_2009/table_0012.csv,5,17
extracted_tables/041_Health_Bulletin_2009/table_0061.csv,5,11
extracted_tables/041_Health_Bulletin_2009/table_0068.csv,3,19
extracted_tables/041_Health_Bulletin_2009/table_0057.csv,4,7
extracted_tables/041_Health_Bulletin_2009/table_0019.csv,5,21
extracted_tables/041_Health_Bulletin_2009/table_0041.csv,4,14
extracted_tables/041_Health_Bulletin_2009/table_0076.csv,5,15
extracted_tables/041_Health_Bulletin_2009/table_0047.csv,5,9
extracted_tables/041_Health_Bulletin_2009/table_0004.csv,5,9
extracted_tables/041_Health_Bulletin_2009/table_0088.csv,5,6
extracted_tables/041_Health_Bulletin_2009/table_0062.csv,5,5
extracted_tables/041_Health_Bulletin_2009/table_0030.csv,5,17
extracted_tables/041_Health_Bulletin_2009/table_0050.csv,5,15
extracted_tables/041_Health_Bulletin_2009/table_0037.csv,5,15
extracted_tables/041_Health_Bulletin_2009/table_0107.csv,5,24
extracted_tables/041_Health_Bulletin_2009/table_0054.csv,5,19
extracted_tables/041_Health_Bulletin_2009/table_0026.csv,5,24
extracted_tables/041_Health_Bulletin_2009/table_0086.csv,5,8
extracted_tables/041_Health_Bulletin_2009/table_0008.csv,5,7
extracted_tables/041_Health_Bulletin_2009/table_0035.csv,5,15
extracted_tables/041_Health_Bulletin_2009/table_0058.csv,5,12
extracted_tables/041_Health_Bulletin_2009/table_0048.csv,5,17
extracted_tables/041_Health_Bulletin_2009/table_0105.csv,5,4
extracted_tables/041_Health_Bulletin_2009/table_0063.csv,5,2
extracted_tables/041_Health_Bulletin_2009/table_0021.csv,4,28
extracted_tables/041_Health_Bulletin_2009/table_0100.csv,5,6
extracted_tables/041_Health_Bulletin_2009/table_0009.csv,5,24
extracted_tables/041_Health_Bulletin_2009/table_0092.csv,5,6
extracted_tables/041_Health_Bulletin_2009/table_0007.csv,5,6
extracted_tables/041_Health_Bulletin_2009/table_0087.csv,5,3
extracted_tables/041_Health_Bulletin_2009/table_0093.csv,5,3
extracted_tables/041_Health_Bulletin_2009/table_0042.csv,5,9
extracted_tables/041_Health_Bulletin_2009/table_0112.csv,5,7
extracted_tables/041_Health_Bulletin_2009/table_0097.csv,5,6
extracted_tables/041_Health_Bulletin_2009/table_0082.csv,3,18
extracted_tables/041_Health_Bulletin_2009/table_0091.csv,5,6
extracted_tables/041_Health_Bulletin_2009/table_0038.csv,5,4
extracted_tables/041_Health_Bulletin_2009/table_0017.csv,5,17
extracted_tables/041_Health_Bulletin_2009/table_0010.csv,5,24
extracted_tables/041_Health_Bulletin_2009/table_0055.csv,5,10
extracted_tables/041_Health_Bulletin_2009/table_0003.csv,5,18
extracted_tables/041_Health_Bulletin_2009/table_0033.csv,5,9
extracted_tables/041_Health_Bulletin_2009/table_0084.csv,5,31
extracted_tables/041_Health_Bulletin_2009/table_0025.csv,5,46
extracted_tables/041_Health_Bulletin_2009/table_0039.csv,5,4
extracted_tables/041_Health_Bulletin_2009/table_0096.csv,5,3
extracted_tables/041_Health_Bulletin_2009/table_0106.csv,5,19
extracted_tables/041_Health_Bulletin_2009/table_0028.csv,5,5
extracted_tables/041_Health_Bulletin_2009/table_0073.csv,3,14
extracted_tables/041_Health_Bulletin_2009/table_0081.csv,3,21
extracted_tables/041_Health_Bulletin_2009/table_0095.csv,5,3
extracted_tables/041_Health_Bulletin_2009/table_0024.csv,5,3
extracted_tables/041_Health_Bulletin_2009/table_0002.csv,5,14
extracted_tables/041_Health_Bulletin_2009/table_0005.csv,5,16
extracted_tables/041_Health_Bulletin_2009/table_0110.csv,5,7
extracted_tables/041_Health_Bulletin_2009/table_0075.csv,5,14
extracted_tables/041_Health_Bulletin_2009/table_0053.csv,5,19
extracted_tables/041_Health_Bulletin_2009/table_0060.csv,4,7
extracted_tables/041_Health_Bulletin_2009/table_0085.csv,5,7
extracted_tables/041_Health_Bulletin_2009/table_0065.csv,5,25
extracted_tables/041_Health_Bulletin_2009/table_0029.csv,4,19
extracted_tables/041_Health_Bulletin_2009/table_0104.csv,5,4
extracted_tables/041_Health_Bulletin_2009/table_0077.csv,5,25
extracted_tables/041_Health_Bulletin_2009/table_0001.csv,5,4
extracted_tables/041_Health_Bulletin_2009/table_0059.csv,4,8
extracted_tables/041_Health_Bulletin_2009/table_0056.csv,5,9
extracted_tables/041_Health_Bulletin_2009/table_0067.csv,4,19
extracted_tables/041_Health_Bulletin_2009/table_0018.csv,5,17
extracted_tables/098_HRD_Data_Sheet_2011_of_MOHFW/table_006.csv,5,3
extracted_tables/098_HRD_Data_Sheet_2011_of_MOHFW/table_002.csv,5,3
extracted_tables/098_HRD_Data_Sheet_2011_of_MOHFW/table_012.csv,5,6
extracted_tables/098_HRD_Data_Sheet_2011_of_MOHFW/table_013.csv,5,5
extracted_tables/098_HRD_Data_Sheet_2011_of_MOHFW/table_008.csv,5,4
extracted_tables/098_HRD_Data_Sheet_2011_of_MOHFW/table_007.csv,5,5
extracted_tables/098_HRD_Data_Sheet_2011_of_MOHFW/table_001.csv,5,3
extracted_tables/098_HRD_Data_Sheet_2011_of_MOHFW/table_014.csv,5,4
extracted_tables/098_HRD_Data_Sheet_2011_of_MOHFW/table_005.csv,5,6
extracted_tables/098_HRD_Data_Sheet_2011_of_MOHFW/table_011.csv,5,7
extracted_tables/098_HRD_Data_Sheet_2011_of_MOHFW/table_003.csv,5,3
extracted_tables/098_HRD_Data_Sheet_2011_of_MOHFW/table_010.csv,5,5
extracted_tables/098_HRD_Data_Sheet_2011_of_MOHFW/table_009.csv,5,7
extracted_tables/098_HRD_Data_Sheet_2011_of_MOHFW/table_004.csv,5,12
extracted_tables/028_Health_Bulletin_2022/table_0168.csv,5,8
extracted_tables/028_Health_Bulletin_2022/table_0188.csv,5,7
extracted_tables/028_Health_Bulletin_2022/table_0071.csv,5,18
extracted_tables/028_Health_Bulletin_2022/table_0040.csv,3,2
extracted_tables/028_Health_Bulletin_2022/table_0036.csv,5,12
extracted_tables/028_Health_Bulletin_2022/table_0134.csv,5,27
extracted_tables/028_Health_Bulletin_2022/table_0131.csv,5,4
extracted_tables/028_Health_Bulletin_2022/table_0125.csv,5,2
extracted_tables/028_Health_Bulletin_2022/table_0234.csv,5,12
extracted_tables/028_Health_Bulletin_2022/table_0232.csv,5,21
extracted_tables/028_Health_Bulletin_2022/table_0034.csv,5,5
extracted_tables/028_Health_Bulletin_2022/table_0079.csv,5,6
extracted_tables/028_Health_Bulletin_2022/table_0214.csv,5,9
extracted_tables/028_Health_Bulletin_2022/table_0180.csv,5,5
extracted_tables/028_Health_Bulletin_2022/table_0171.csv,5,15
extracted_tables/028_Health_Bulletin_2022/table_0209.csv,5,28
extracted_tables/028_Health_Bulletin_2022/table_0064.csv,5,9
extracted_tables/028_Health_Bulletin_2022/table_0129.csv,4,8
extracted_tables/028_Health_Bulletin_2022/table_0237.csv,5,7
extracted_tables/028_Health_Bulletin_2022/table_0020.csv,4,2
extracted_tables/028_Health_Bulletin_2022/table_0101.csv,4,6
extracted_tables/028_Health_Bulletin_2022/table_0186.csv,5,7
extracted_tables/028_Health_Bulletin_2022/table_0099.csv,5,6
extracted_tables/028_Health_Bulletin_2022/table_0070.csv,5,6
extracted_tables/028_Health_Bulletin_2022/table_0207.csv,5,16
extracted_tables/028_Health_Bulletin_2022/table_0109.csv,5,15
extracted_tables/028_Health_Bulletin_2022/table_0156.csv,5,19
extracted_tables/028_Health_Bulletin_2022/table_0089.csv,3,2
extracted_tables/028_Health_Bulletin_2022/table_0080.csv,3,2
extracted_tables/028_Health_Bulletin_2022/table_0049.csv,3,2
extracted_tables/028_Health_Bulletin_2022/table_0199.csv,5,23
extracted_tables/028_Health_Bulletin_2022/table_0210.csv,5,12
extracted_tables/028_Health_Bulletin_2022/table_0023.csv,5,3
extracted_tables/028_Health_Bulletin_2022/table_0160.csv,5,18
extracted_tables/028_Health_Bulletin_2022/table_0011.csv,5,4
extracted_tables/028_Health_Bulletin_2022/table_0184.csv,3,13
extracted_tables/028_Health_Bulletin_2022/table_0224.csv,5,27
extracted_tables/028_Health_Bulletin_2022/table_0014.csv,4,4
extracted_tables/028_Health_Bulletin_2022/table_0102.csv,5,21
extracted_tables/028_Health_Bulletin_2022/table_0006.csv,5,5
extracted_tables/028_Health_Bulletin_2022/table_0083.csv,3,2
extracted_tables/028_Health_Bulletin_2022/table_0127.csv,5,14
extracted_tables/028_Health_Bulletin_2022/table_0016.csv,3,4
extracted_tables/028_Health_Bulletin_2022/table_0051.csv,5,3
extracted_tables/028_Health_Bulletin_2022/table_0072.csv,5,21
extracted_tables/028_Health_Bulletin_2022/table_0194.csv,3,3
extracted_tables/028_Health_Bulletin_2022/table_0135.csv,5,15
extracted_tables/028_Health_Bulletin_2022/table_0206.csv,5,12
extracted_tables/028_Health_Bulletin_2022/table_0013.csv,5,4
extracted_tables/028_Health_Bulletin_2022/table_0108.csv,5,15
extracted_tables/028_Health_Bulletin_2022/table_0027.csv,4,6
extracted_tables/028_Health_Bulletin_2022/table_0126.csv,5,2
extracted_tables/028_Health_Bulletin_2022/table_0240.csv,5,2
extracted_tables/028_Health_Bulletin_2022/table_0043.csv,3,2
extracted_tables/028_Health_Bulletin_2022/table_0045.csv,3,2
extracted_tables/028_Health_Bulletin_2022/table_0044.csv,3,2
extracted_tables/028_Health_Bulletin_2022/table_0238.csv,5,6
extracted_tables/028_Health_Bulletin_2022/table_0219.csv,5,2
extracted_tables/028_Health_Bulletin_2022/table_0111.csv,5,33
extracted_tables/028_Health_Bulletin_2022/table_0233.csv,5,24
extracted_tables/028_Health_Bulletin_2022/table_0090.csv,3,2
extracted_tables/028_Health_Bulletin_2022/table_0123.csv,5,22
extracted_tables/028_Health_Bulletin_2022/table_0172.csv,5,15
extracted_tables/028_Health_Bulletin_2022/table_0137.csv,5,17
extracted_tables/028_Health_Bulletin_2022/table_0152.csv,5,7
extracted_tables/028_Health_Bulletin_2022/table_0122.csv,5,5
extracted_tables/028_Health_Bulletin_2022/table_0094.csv,3,2
extracted_tables/028_Health_Bulletin_2022/table_0052.csv,4,23
extracted_tables/028_Health_Bulletin_2022/table_0140.csv,5,2
extracted_tables/028_Health_Bulletin_2022/table_0203.csv,5,12
extracted_tables/028_Health_Bulletin_2022/table_0193.csv,4,3
extracted_tables/028_Health_Bulletin_2022/table_0032.csv,5,9
extracted_tables/028_Health_Bulletin_2022/table_0066.csv,5,3
extracted_tables/028_Health_Bulletin_2022/table_0098.csv,5,6
extracted_tables/028_Health_Bulletin_2022/table_0103.csv,5,16
extracted_tables/028_Health_Bulletin_2022/table_0227.csv,5,7
extracted_tables/028_Health_Bulletin_2022/table_0074.csv,5,9
extracted_tables/028_Health_Bulletin_2022/table_0031.csv,5,6
extracted_tables/028_Health_Bulletin_2022/table_0147.csv,5,15
extracted_tables/028_Health_Bulletin_2022/table_0157.csv,5,26
extracted_tables/028_Health_Bulletin_2022/table_0225.csv,5,9
extracted_tables/028_Health_Bulletin_2022/table_0220.csv,5,2
extracted_tables/028_Health_Bulletin_2022/table_0163.csv,5,8
extracted_tables/028_Health_Bulletin_2022/table_0190.csv,5,2
extracted_tables/028_Health_Bulletin_2022/table_0069.csv,5,4
extracted_tables/028_Health_Bulletin_2022/table_0078.csv,4,2
extracted_tables/028_Health_Bulletin_2022/table_0195.csv,5,9
extracted_tables/028_Health_Bulletin_2022/table_0143.csv,5,12
extracted_tables/028_Health_Bulletin_2022/table_0174.csv,5,6
extracted_tables/028_Health_Bulletin_2022/table_0022.csv,3,12
extracted_tables/028_Health_Bulletin_2022/table_0015.csv,5,4
extracted_tables/028_Health_Bulletin_2022/table_0046.csv,3,2
extracted_tables/028_Health_Bulletin_2022/table_0139.csv,5,42
extracted_tables/028_Health_Bulletin_2022/table_0222.csv,5,2
extracted_tables/028_Health_Bulletin_2022/table_0201.csv,5,21
extracted_tables/028_Health_Bulletin_2022/table_0226.csv,5,35
extracted_tables/028_Health_Bulletin_2022/table_0012.csv,5,4
extracted_tables/028_Health_Bulletin_2022/table_0061.csv,4,3
extracted_tables/028_Health_Bulletin_2022/table_0068.csv,4,3
extracted_tables/028_Health_Bulletin_2022/table_0057.csv,5,3
extracted_tables/028_Health_Bulletin_2022/table_0121.csv,5,18
extracted_tables/028_Health_Bulletin_2022/table_0019.csv,5,3
extracted_tables/028_Health_Bulletin_2022/table_0217.csv,5,5
extracted_tables/028_Health_Bulletin_2022/table_0116.csv,5,7
extracted_tables/028_Health_Bulletin_2022/table_0149.csv,5,7
extracted_tables/028_Health_Bulletin_2022/table_0124.csv,5,9
extracted_tables/028_Health_Bulletin_2022/table_0041.csv,3,2
extracted_tables/028_Health_Bulletin_2022/table_0179.csv,5,6
extracted_tables/028_Health_Bulletin_2022/table_0128.csv,4,9
extracted_tables/028_Health_Bulletin_2022/table_0076.csv,5,9
extracted_tables/028_Health_Bulletin_2022/table_0162.csv,5,12
extracted_tables/028_Health_Bulletin_2022/table_0047.csv,3,2
extracted_tables/028_Health_Bulletin_2022/table_0004.csv,3,2
extracted_tables/028_Health_Bulletin_2022/table_0088.csv,3,2
extracted_tables/028_Health_Bulletin_2022/table_0062.csv,5,3
extracted_tables/028_Health_Bulletin_2022/table_0235.csv,5,18
extracted_tables/028_Health_Bulletin_2022/table_0161.csv,5,15
extracted_tables/028_Health_Bulletin_2022/table_0030.csv,5,15
extracted_tables/028_Health_Bulletin_2022/table_0196.csv,5,11
extracted_tables/028_Health_Bulletin_2022/table_0187.csv,5,2
extracted_tables/028_Health_Bulletin_2022/table_0181.csv,5,6
extracted_tables/028_Health_Bulletin_2022/table_0205.csv,5,11
extracted_tables/028_Health_Bulletin_2022/table_0050.csv,3,3
extracted_tables/028_Health_Bulletin_2022/table_0192.csv,3,7
extracted_tables/028_Health_Bulletin_2022/table_0037.csv,5,12
extracted_tables/028_Health_Bulletin_2022/table_0153.csv,5,15
extracted_tables/028_Health_Bulletin_2022/table_0107.csv,5,9
extracted_tables/028_Health_Bulletin_2022/table_0223.csv,5,6
extracted_tables/028_Health_Bulletin_2022/table_0054.csv,5,12
extracted_tables/028_Health_Bulletin_2022/table_0164.csv,5,9
extracted_tables/028_Health_Bulletin_2022/table_0026.csv,5,39
extracted_tables/028_Health_Bulletin_2022/table_0155.csv,5,21
extracted_tables/028_Health_Bulletin_2022/table_0204.csv,5,12
extracted_tables/028_Health_Bulletin_2022/table_0086.csv,3,2
extracted_tables/028_Health_Bulletin_2022/table_0008.csv,5,4
extracted_tables/028_Health_Bulletin_2022/table_0035.csv,5,3
extracted_tables/028_Health_Bulletin_2022/table_0239.csv,5,6
extracted_tables/028_Health_Bulletin_2022/table_0058.csv,4,3
extracted_tables/028_Health_Bulletin_2022/table_0182.csv,5,6
extracted_tables/028_Health_Bulletin_2022/table_0169.csv,5,11
extracted_tables/028_Health_Bulletin_2022/table_0113.csv,5,21
extracted_tables/028_Health_Bulletin_2022/table_0048.csv,3,2
extracted_tables/028_Health_Bulletin_2022/table_0191.csv,5,2
extracted_tables/028_Health_Bulletin_2022/table_0236.csv,5,12
extracted_tables/028_Health_Bulletin_2022/table_0231.csv,5,18
extracted_tables/028_Health_Bulletin_2022/table_0105.csv,5,2
extracted_tables/028_Health_Bulletin_2022/table_0063.csv,5,15
extracted_tables/028_Health_Bulletin_2022/table_0021.csv,5,14
extracted_tables/028_Health_Bulletin_2022/table_0100.csv,5,3
extracted_tables/028_Health_Bulletin_2022/table_0009.csv,5,5
extracted_tables/028_Health_Bulletin_2022/table_0148.csv,5,11
extracted_tables/028_Health_Bulletin_2022/table_0092.csv,3,2
extracted_tables/028_Health_Bulletin_2022/table_0117.csv,5,9
extracted_tables/028_Health_Bulletin_2022/table_0177.csv,5,7
extracted_tables/028_Health_Bulletin_2022/table_0007.csv,5,15
extracted_tables/028_Health_Bulletin_2022/table_0176.csv,4,4
extracted_tables/028_Health_Bulletin_2022/table_0145.csv,5,13
extracted_tables/028_Health_Bulletin_2022/table_0087.csv,3,2
extracted_tables/028_Health_Bulletin_2022/table_0159.csv,5,26
extracted_tables/028_Health_Bulletin_2022/table_0170.csv,5,5
extracted_tables/028_Health_Bulletin_2022/table_0120.csv,5,6
extracted_tables/028_Health_Bulletin_2022/table_0093.csv,3,2
extracted_tables/028_Health_Bulletin_2022/table_0042.csv,3,2
extracted_tables/028_Health_Bulletin_2022/table_0202.csv,5,18
extracted_tables/028_Health_Bulletin_2022/table_0112.csv,5,33
extracted_tables/028_Health_Bulletin_2022/table_0097.csv,3,2
extracted_tables/028_Health_Bulletin_2022/table_0216.csv,3,2
extracted_tables/028_Health_Bulletin_2022/table_0141.csv,5,12
extracted_tables/028_Health_Bulletin_2022/table_0138.csv,5,12
extracted_tables/028_Health_Bulletin_2022/table_0082.csv,3,2
extracted_tables/028_Health_Bulletin_2022/table_0091.csv,3,2
extracted_tables/028_Health_Bulletin_2022/table_0038.csv,3,2
extracted_tables/028_Health_Bulletin_2022/table_0218.csv,5,3
extracted_tables/028_Health_Bulletin_2022/table_0017.csv,5,4
extracted_tables/028_Health_Bulletin_2022/table_0175.csv,5,6
extracted_tables/028_Health_Bulletin_2022/table_0010.csv,5,4
extracted_tables/028_Health_Bulletin_2022/table_0243.csv,5,3
extracted_tables/028_Health_Bulletin_2022/table_0055.csv,5,17
extracted_tables/028_Health_Bulletin_2022/table_0003.csv,5,6
extracted_tables/028_Health_Bulletin_2022/table_0167.csv,5,9
extracted_tables/028_Health_Bulletin_2022/table_0033.csv,4,15
extracted_tables/028_Health_Bulletin_2022/table_0142.csv,5,7
extracted_tables/028_Health_Bulletin_2022/table_0228.csv,5,13
extracted_tables/028_Health_Bulletin_2022/table_0208.csv,5,46
extracted_tables/028_Health_Bulletin_2022/table_0084.csv,5,4
extracted_tables/028_Health_Bulletin_2022/table_0119.csv,5,12
extracted_tables/028_Health_Bulletin_2022/table_0229.csv,5,3
extracted_tables/028_Health_Bulletin_2022/table_0025.csv,3,2
extracted_tables/028_Health_Bulletin_2022/table_0150.csv,5,8
extracted_tables/028_Health_Bulletin_2022/table_0039.csv,3,2
extracted_tables/028_Health_Bulletin_2022/table_0151.csv,5,7
extracted_tables/028_Health_Bulletin_2022/table_0215.csv,5,10
extracted_tables/028_Health_Bulletin_2022/table_0198.csv,5,7
extracted_tables/028_Health_Bulletin_2022/table_0133.csv,5,13
extracted_tables/028_Health_Bulletin_2022/table_0189.csv,5,4
extracted_tables/028_Health_Bulletin_2022/table_0211.csv,5,12
extracted_tables/028_Health_Bulletin_2022/table_0136.csv,5,6
extracted_tables/028_Health_Bulletin_2022/table_0178.csv,5,5
extracted_tables/028_Health_Bulletin_2022/table_0096.csv,3,2
extracted_tables/028_Health_Bulletin_2022/table_0106.csv,5,12
extracted_tables/028_Health_Bulletin_2022/table_0028.csv,5,5
extracted_tables/028_Health_Bulletin_2022/table_0118.csv,5,10
extracted_tables/028_Health_Bulletin_2022/table_0073.csv,5,9
extracted_tables/028_Health_Bulletin_2022/table_0081.csv,3,2
extracted_tables/028_Health_Bulletin_2022/table_0095.csv,3,2
extracted_tables/028_Health_Bulletin_2022/table_0024.csv,3,2
extracted_tables/028_Health_Bulletin_2022/table_0146.csv,5,15
extracted_tables/028_Health_Bulletin_2022/table_0166.csv,5,9
extracted_tables/028_Health_Bulletin_2022/table_0241.csv,5,9
extracted_tables/028_Health_Bulletin_2022/table_0002.csv,3,3
extracted_tables/028_Health_Bulletin_2022/table_0005.csv,3,2
extracted_tables/028_Health_Bulletin_2022/table_0110.csv,5,18
extracted_tables/028_Health_Bulletin_2022/table_0075.csv,5,9
extracted_tables/028_Health_Bulletin_2022/table_0221.csv,5,10
extracted_tables/028_Health_Bulletin_2022/table_0185.csv,5,7
extracted_tables/028_Health_Bulletin_2022/table_0242.csv,3,2
extracted_tables/028_Health_Bulletin_2022/table_0173.csv,5,15
extracted_tables/028_Health_Bulletin_2022/table_0053.csv,5,25
extracted_tables/028_Health_Bulletin_2022/table_0144.csv,5,12
extracted_tables/028_Health_Bulletin_2022/table_0060.csv,5,3
extracted_tables/028_Health_Bulletin_2022/table_0158.csv,5,27
extracted_tables/028_Health_Bulletin_2022/table_0085.csv,3,2
extracted_tables/028_Health_Bulletin_2022/table_0065.csv,5,6
extracted_tables/028_Health_Bulletin_2022/table_0029.csv,5,15
extracted_tables/028_Health_Bulletin_2022/table_0104.csv,5,2
extracted_tables/028_Health_Bulletin_2022/table_0132.csv,5,12
extracted_tables/028_Health_Bulletin_2022/table_0077.csv,3,2
extracted_tables/028_Health_Bulletin_2022/table_0212.csv,5,15
extracted_tables/028_Health_Bulletin_2022/table_0165.csv,5,9
extracted_tables/028_Health_Bulletin_2022/table_0001.csv,3,3
extracted_tables/028_Health_Bulletin_2022/table_0154.csv,5,6
extracted_tables/028_Health_Bulletin_2022/table_0059.csv,5,3
extracted_tables/028_Health_Bulletin_2022/table_0115.csv,5,36
extracted_tables/028_Health_Bulletin_2022/table_0056.csv,5,3
extracted_tables/028_Health_Bulletin_2022/table_0230.csv,5,15
extracted_tables/028_Health_Bulletin_2022/table_0200.csv,5,21
extracted_tables/028_Health_Bulletin_2022/table_0213.csv,5,12
extracted_tables/028_Health_Bulletin_2022/table_0067.csv,5,3
extracted_tables/028_Health_Bulletin_2022/table_0018.csv,5,4
extracted_tables/028_Health_Bulletin_2022/table_0183.csv,5,23
extracted_tables/028_Health_Bulletin_2022/table_0130.csv,5,7
extracted_tables/028_Health_Bulletin_2022/table_0197.csv,5,6
extracted_tables/028_Health_Bulletin_2022/table_0114.csv,5,21
extracted_tables/010_Joint_UNICEF_Bangladesh_Government_of_Bangladesh_Nutrition_Programme_MidTerm_Evaluation_2017-2020/table_015.csv,5,8
extracted_tables/010_Joint_UNICEF_Bangladesh_Government_of_Bangladesh_Nutrition_Programme_MidTerm_Evaluation_2017-2020/table_021.csv,5,9
extracted_tables/010_Joint_UNICEF_Bangladesh_Government_of_Bangladesh_Nutrition_Programme_MidTerm_Evaluation_2017-2020/table_006.csv,5,8
extracted_tables/010_Joint_UNICEF_Bangladesh_Government_of_Bangladesh_Nutrition_Programme_MidTerm_Evaluation_2017-2020/table_018.csv,5,5
extracted_tables/010_Joint_UNICEF_Bangladesh_Government_of_Bangladesh_Nutrition_Programme_MidTerm_Evaluation_2017-2020/table_017.csv,5,5
extracted_tables/010_Joint_UNICEF_Bangladesh_Government_of_Bangladesh_Nutrition_Programme_MidTerm_Evaluation_2017-2020/table_002.csv,5,3
extracted_tables/010_Joint_UNICEF_Bangladesh_Government_of_Bangladesh_Nutrition_Programme_MidTerm_Evaluation_2017-2020/table_012.csv,5,6
extracted_tables/010_Joint_UNICEF_Bangladesh_Government_of_Bangladesh_Nutrition_Programme_MidTerm_Evaluation_2017-2020/table_013.csv,5,8
extracted_tables/010_Joint_UNICEF_Bangladesh_Government_of_Bangladesh_Nutrition_Programme_MidTerm_Evaluation_2017-2020/table_008.csv,5,9
extracted_tables/010_Joint_UNICEF_Bangladesh_Government_of_Bangladesh_Nutrition_Programme_MidTerm_Evaluation_2017-2020/table_007.csv,5,6
extracted_tables/010_Joint_UNICEF_Bangladesh_Government_of_Bangladesh_Nutrition_Programme_MidTerm_Evaluation_2017-2020/table_001.csv,5,2
extracted_tables/010_Joint_UNICEF_Bangladesh_Government_of_Bangladesh_Nutrition_Programme_MidTerm_Evaluation_2017-2020/table_016.csv,5,4
extracted_tables/010_Joint_UNICEF_Bangladesh_Government_of_Bangladesh_Nutrition_Programme_MidTerm_Evaluation_2017-2020/table_014.csv,5,8
extracted_tables/010_Joint_UNICEF_Bangladesh_Government_of_Bangladesh_Nutrition_Programme_MidTerm_Evaluation_2017-2020/table_005.csv,5,8
extracted_tables/010_Joint_UNICEF_Bangladesh_Government_of_Bangladesh_Nutrition_Programme_MidTerm_Evaluation_2017-2020/table_011.csv,5,6
extracted_tables/010_Joint_UNICEF_Bangladesh_Government_of_Bangladesh_Nutrition_Programme_MidTerm_Evaluation_2017-2020/table_022.csv,5,7
extracted_tables/010_Joint_UNICEF_Bangladesh_Government_of_Bangladesh_Nutrition_Programme_MidTerm_Evaluation_2017-2020/table_003.csv,5,2
extracted_tables/010_Joint_UNICEF_Bangladesh_Government_of_Bangladesh_Nutrition_Programme_MidTerm_Evaluation_2017-2020/table_019.csv,5,38
extracted_tables/010_Joint_UNICEF_Bangladesh_Government_of_Bangladesh_Nutrition_Programme_MidTerm_Evaluation_2017-2020/table_010.csv,5,6
extracted_tables/010_Joint_UNICEF_Bangladesh_Government_of_Bangladesh_Nutrition_Programme_MidTerm_Evaluation_2017-2020/table_009.csv,5,7
extracted_tables/010_Joint_UNICEF_Bangladesh_Government_of_Bangladesh_Nutrition_Programme_MidTerm_Evaluation_2017-2020/table_020.csv,5,38
extracted_tables/010_Joint_UNICEF_Bangladesh_Government_of_Bangladesh_Nutrition_Programme_MidTerm_Evaluation_2017-2020/table_004.csv,5,5
extracted_tables/021_Preventation_and_Management_of_Mental_Health_Conditions_in_Bangladesh/table_015.csv,5,9
extracted_tables/021_Preventation_and_Management_of_Mental_Health_Conditions_in_Bangladesh/table_006.csv,5,3
extracted_tables/021_Preventation_and_Management_of_Mental_Health_Conditions_in_Bangladesh/table_018.csv,5,2
extracted_tables/021_Preventation_and_Management_of_Mental_Health_Conditions_in_Bangladesh/table_017.csv,5,4
extracted_tables/021_Preventation_and_Management_of_Mental_Health_Conditions_in_Bangladesh/table_002.csv,5,2
extracted_tables/021_Preventation_and_Management_of_Mental_Health_Conditions_in_Bangladesh/table_012.csv,5,2
extracted_tables/021_Preventation_and_Management_of_Mental_Health_Conditions_in_Bangladesh/table_013.csv,5,2
extracted_tables/021_Preventation_and_Management_of_Mental_Health_Conditions_in_Bangladesh/table_008.csv,5,10
extracted_tables/021_Preventation_and_Management_of_Mental_Health_Conditions_in_Bangladesh/table_007.csv,5,2
extracted_tables/021_Preventation_and_Management_of_Mental_Health_Conditions_in_Bangladesh/table_001.csv,5,4
extracted_tables/021_Preventation_and_Management_of_Mental_Health_Conditions_in_Bangladesh/table_016.csv,5,6
extracted_tables/021_Preventation_and_Management_of_Mental_Health_Conditions_in_Bangladesh/table_014.csv,5,2
extracted_tables/021_Preventation_and_Management_of_Mental_Health_Conditions_in_Bangladesh/table_005.csv,5,7
extracted_tables/021_Preventation_and_Management_of_Mental_Health_Conditions_in_Bangladesh/table_011.csv,5,2
extracted_tables/021_Preventation_and_Management_of_Mental_Health_Conditions_in_Bangladesh/table_003.csv,5,2
extracted_tables/021_Preventation_and_Management_of_Mental_Health_Conditions_in_Bangladesh/table_019.csv,5,4
extracted_tables/021_Preventation_and_Management_of_Mental_Health_Conditions_in_Bangladesh/table_010.csv,5,6
extracted_tables/021_Preventation_and_Management_of_Mental_Health_Conditions_in_Bangladesh/table_009.csv,5,5
extracted_tables/021_Preventation_and_Management_of_Mental_Health_Conditions_in_Bangladesh/table_004.csv,5,7
extracted_tables/053_Semi-annual_Environmental_Monitoring_Report_January_-_June_2023/table_006.csv,5,3
extracted_tables/053_Semi-annual_Environmental_Monitoring_Report_January_-_June_2023/table_002.csv,5,14
extracted_tables/053_Semi-annual_Environmental_Monitoring_Report_January_-_June_2023/table_012.csv,5,4
extracted_tables/053_Semi-annual_Environmental_Monitoring_Report_January_-_June_2023/table_013.csv,5,5
extracted_tables/053_Semi-annual_Environmental_Monitoring_Report_January_-_June_2023/table_008.csv,5,9
extracted_tables/053_Semi-annual_Environmental_Monitoring_Report_January_-_June_2023/table_007.csv,5,9
extracted_tables/053_Semi-annual_Environmental_Monitoring_Report_January_-_June_2023/table_001.csv,5,14
extracted_tables/053_Semi-annual_Environmental_Monitoring_Report_January_-_June_2023/table_014.csv,5,2
extracted_tables/053_Semi-annual_Environmental_Monitoring_Report_January_-_June_2023/table_005.csv,5,5
extracted_tables/053_Semi-annual_Environmental_Monitoring_Report_January_-_June_2023/table_011.csv,5,3
extracted_tables/053_Semi-annual_Environmental_Monitoring_Report_January_-_June_2023/table_003.csv,5,4
extracted_tables/053_Semi-annual_Environmental_Monitoring_Report_January_-_June_2023/table_010.csv,5,2
extracted_tables/053_Semi-annual_Environmental_Monitoring_Report_January_-_June_2023/table_009.csv,5,8
extracted_tables/053_Semi-annual_Environmental_Monitoring_Report_January_-_June_2023/table_004.csv,5,5
extracted_tables/025_nan/table_002.csv,5,7
extracted_tables/025_nan/table_001.csv,5,4
extracted_tables/025_nan/table_003.csv,5,7
extracted_tables/059_Environmental_Management_Plan_Medical_Gas_System_Mugdha/table_006.csv,5,15
extracted_tables/059_Environmental_Management_Plan_Medical_Gas_System_Mugdha/table_002.csv,5,14
extracted_tables/059_Environmental_Management_Plan_Medical_Gas_System_Mugdha/table_007.csv,5,6
extracted_tables/059_Environmental_Management_Plan_Medical_Gas_System_Mugdha/table_001.csv,5,15
extracted_tables/059_Environmental_Management_Plan_Medical_Gas_System_Mugdha/table_005.csv,5,15
extracted_tables/059_Environmental_Management_Plan_Medical_Gas_System_Mugdha/table_003.csv,5,13
extracted_tables/059_Environmental_Management_Plan_Medical_Gas_System_Mugdha/table_004.csv,5,13
extracted_tables/092__HRH_Data_Sheet_2023/table_002.csv,5,3
extracted_tables/092__HRH_Data_Sheet_2023/table_001.csv,5,5
extracted_tables/049_Semi-annual_Environmental_Monitoring_Report_January-June-2021/table_006.csv,5,8
extracted_tables/049_Semi-annual_Environmental_Monitoring_Report_January-June-2021/table_002.csv,5,4
extracted_tables/049_Semi-annual_Environmental_Monitoring_Report_January-June-2021/table_008.csv,5,3
extracted_tables/049_Semi-annual_Environmental_Monitoring_Report_January-June-2021/table_007.csv,5,3
extracted_tables/049_Semi-annual_Environmental_Monitoring_Report_January-June-2021/table_001.csv,5,4
extracted_tables/049_Semi-annual_Environmental_Monitoring_Report_January-June-2021/table_005.csv,5,8
extracted_tables/049_Semi-annual_Environmental_Monitoring_Report_January-June-2021/table_011.csv,5,3
extracted_tables/049_Semi-annual_Environmental_Monitoring_Report_January-June-2021/table_003.csv,5,4
extracted_tables/049_Semi-annual_Environmental_Monitoring_Report_January-June-2021/table_010.csv,5,3
extracted_tables/049_Semi-annual_Environmental_Monitoring_Report_January-June-2021/table_009.csv,5,3
extracted_tables/049_Semi-annual_Environmental_Monitoring_Report_January-June-2021/table_004.csv,5,12
extracted_tables/003_bangladesh-country-fact-sheet/table_006.csv,5,8
extracted_tables/003_bangladesh-country-fact-sheet/table_002.csv,5,5
extracted_tables/003_bangladesh-country-fact-sheet/table_001.csv,5,2
extracted_tables/003_bangladesh-country-fact-sheet/table_005.csv,5,3
extracted_tables/003_bangladesh-country-fact-sheet/table_003.csv,5,12
extracted_tables/003_bangladesh-country-fact-sheet/table_004.csv,5,23
extracted_tables/044_EMP_for_Medical_Gas_System_SSKMCH_COVID-19/table_006.csv,5,13
extracted_tables/044_EMP_for_Medical_Gas_System_SSKMCH_COVID-19/table_002.csv,5,2
extracted_tables/044_EMP_for_Medical_Gas_System_SSKMCH_COVID-19/table_012.csv,5,12
extracted_tables/044_EMP_for_Medical_Gas_System_SSKMCH_COVID-19/table_013.csv,5,2
extracted_tables/044_EMP_for_Medical_Gas_System_SSKMCH_COVID-19/table_008.csv,5,13
extracted_tables/044_EMP_for_Medical_Gas_System_SSKMCH_COVID-19/table_007.csv,5,14
extracted_tables/044_EMP_for_Medical_Gas_System_SSKMCH_COVID-19/table_001.csv,5,2
extracted_tables/044_EMP_for_Medical_Gas_System_SSKMCH_COVID-19/table_014.csv,5,6
extracted_tables/044_EMP_for_Medical_Gas_System_SSKMCH_COVID-19/table_005.csv,5,14
extracted_tables/044_EMP_for_Medical_Gas_System_SSKMCH_COVID-19/table_011.csv,5,2
extracted_tables/044_EMP_for_Medical_Gas_System_SSKMCH_COVID-19/table_003.csv,5,2
extracted_tables/044_EMP_for_Medical_Gas_System_SSKMCH_COVID-19/table_010.csv,5,6
extracted_tables/044_EMP_for_Medical_Gas_System_SSKMCH_COVID-19/table_009.csv,5,15
extracted_tables/044_EMP_for_Medical_Gas_System_SSKMCH_COVID-19/table_004.csv,5,2
extracted_tables/051_Semi-annual_Environmental_Monitoring_Report_January_to_June_2022/table_006.csv,5,4
extracted_tables/051_Semi-annual_Environmental_Monitoring_Report_January_to_June_2022/table_002.csv,5,14
extracted_tables/051_Semi-annual_Environmental_Monitoring_Report_January_to_June_2022/table_012.csv,5,6
extracted_tables/051_Semi-annual_Environmental_Monitoring_Report_January_to_June_2022/table_013.csv,5,10
extracted_tables/051_Semi-annual_Environmental_Monitoring_Report_January_to_June_2022/table_008.csv,5,4
extracted_tables/051_Semi-annual_Environmental_Monitoring_Report_January_to_June_2022/table_007.csv,5,4
extracted_tables/051_Semi-annual_Environmental_Monitoring_Report_January_to_June_2022/table_001.csv,5,14
extracted_tables/051_Semi-annual_Environmental_Monitoring_Report_January_to_June_2022/table_005.csv,5,4
extracted_tables/051_Semi-annual_Environmental_Monitoring_Report_January_to_June_2022/table_011.csv,5,6
extracted_tables/051_Semi-annual_Environmental_Monitoring_Report_January_to_June_2022/table_003.csv,5,5
extracted_tables/051_Semi-annual_Environmental_Monitoring_Report_January_to_June_2022/table_010.csv,5,2
extracted_tables/051_Semi-annual_Environmental_Monitoring_Report_January_to_June_2022/table_009.csv,5,5
extracted_tables/051_Semi-annual_Environmental_Monitoring_Report_January_to_June_2022/table_004.csv,5,4
extracted_tables/111_Cancer_J_Bangladesh_Vol_1_No_1_July_2020/table_001.csv,5,6
extracted_tables/084_MR_Bulletin_Volume_2/table_006.csv,5,18
extracted_tables/084_MR_Bulletin_Volume_2/table_002.csv,5,13
extracted_tables/084_MR_Bulletin_Volume_2/table_008.csv,5,21
extracted_tables/084_MR_Bulletin_Volume_2/table_007.csv,5,18
extracted_tables/084_MR_Bulletin_Volume_2/table_001.csv,5,13
extracted_tables/084_MR_Bulletin_Volume_2/table_005.csv,5,7
extracted_tables/084_MR_Bulletin_Volume_2/table_011.csv,5,15
extracted_tables/084_MR_Bulletin_Volume_2/table_003.csv,5,3
extracted_tables/084_MR_Bulletin_Volume_2/table_010.csv,5,15
extracted_tables/084_MR_Bulletin_Volume_2/table_009.csv,5,21
extracted_tables/084_MR_Bulletin_Volume_2/table_004.csv,5,5
extracted_tables/055_Environmental_Management_Plan_Medical_Gas_System_CuMCH/table_006.csv,5,12
extracted_tables/055_Environmental_Management_Plan_Medical_Gas_System_CuMCH/table_002.csv,5,13
extracted_tables/055_Environmental_Management_Plan_Medical_Gas_System_CuMCH/table_008.csv,5,6
extracted_tables/055_Environmental_Management_Plan_Medical_Gas_System_CuMCH/table_007.csv,5,4
extracted_tables/055_Environmental_Management_Plan_Medical_Gas_System_CuMCH/table_001.csv,5,4
extracted_tables/055_Environmental_Management_Plan_Medical_Gas_System_CuMCH/table_005.csv,5,12
extracted_tables/055_Environmental_Management_Plan_Medical_Gas_System_CuMCH/table_011.csv,5,11
extracted_tables/055_Environmental_Management_Plan_Medical_Gas_System_CuMCH/table_003.csv,5,12
extracted_tables/055_Environmental_Management_Plan_Medical_Gas_System_CuMCH/table_010.csv,5,2
extracted_tables/055_Environmental_Management_Plan_Medical_Gas_System_CuMCH/table_009.csv,5,2
extracted_tables/055_Environmental_Management_Plan_Medical_Gas_System_CuMCH/table_004.csv,5,13
extracted_tables/032_Health_Bulletin_2018/table_0168.csv,4,3
extracted_tables/032_Health_Bulletin_2018/table_0188.csv,4,3
extracted_tables/032_Health_Bulletin_2018/table_0071.csv,5,5
extracted_tables/032_Health_Bulletin_2018/table_0040.csv,5,4
extracted_tables/032_Health_Bulletin_2018/table_0251.csv,5,4
extracted_tables/032_Health_Bulletin_2018/table_0036.csv,5,2
extracted_tables/032_Health_Bulletin_2018/table_0134.csv,5,3
extracted_tables/032_Health_Bulletin_2018/table_0257.csv,5,3
extracted_tables/032_Health_Bulletin_2018/table_0131.csv,5,2
extracted_tables/032_Health_Bulletin_2018/table_0125.csv,5,2
extracted_tables/032_Health_Bulletin_2018/table_0234.csv,5,5
extracted_tables/032_Health_Bulletin_2018/table_0232.csv,5,5
extracted_tables/032_Health_Bulletin_2018/table_0034.csv,5,3
extracted_tables/032_Health_Bulletin_2018/table_0079.csv,3,3
extracted_tables/032_Health_Bulletin_2018/table_0214.csv,5,2
extracted_tables/032_Health_Bulletin_2018/table_0180.csv,5,2
extracted_tables/032_Health_Bulletin_2018/table_0171.csv,5,2
extracted_tables/032_Health_Bulletin_2018/table_0209.csv,3,2
extracted_tables/032_Health_Bulletin_2018/table_0249.csv,5,2
extracted_tables/032_Health_Bulletin_2018/table_0064.csv,5,5
extracted_tables/032_Health_Bulletin_2018/table_0129.csv,5,3
extracted_tables/032_Health_Bulletin_2018/table_0237.csv,4,3
extracted_tables/032_Health_Bulletin_2018/table_0020.csv,3,2
extracted_tables/032_Health_Bulletin_2018/table_0101.csv,5,2
extracted_tables/032_Health_Bulletin_2018/table_0186.csv,5,3
extracted_tables/032_Health_Bulletin_2018/table_0099.csv,5,3
extracted_tables/032_Health_Bulletin_2018/table_0070.csv,4,5
extracted_tables/032_Health_Bulletin_2018/table_0207.csv,5,2
extracted_tables/032_Health_Bulletin_2018/table_0109.csv,5,2
extracted_tables/032_Health_Bulletin_2018/table_0156.csv,4,3
extracted_tables/032_Health_Bulletin_2018/table_0089.csv,5,5
extracted_tables/032_Health_Bulletin_2018/table_0080.csv,5,2
extracted_tables/032_Health_Bulletin_2018/table_0049.csv,5,5
extracted_tables/032_Health_Bulletin_2018/table_0199.csv,5,2
extracted_tables/032_Health_Bulletin_2018/table_0210.csv,3,2
extracted_tables/032_Health_Bulletin_2018/table_0023.csv,3,2
extracted_tables/032_Health_Bulletin_2018/table_0160.csv,5,2
extracted_tables/032_Health_Bulletin_2018/table_0011.csv,5,3
extracted_tables/032_Health_Bulletin_2018/table_0184.csv,5,2
extracted_tables/032_Health_Bulletin_2018/table_0224.csv,5,2
extracted_tables/032_Health_Bulletin_2018/table_0014.csv,3,2
extracted_tables/032_Health_Bulletin_2018/table_0102.csv,5,2
extracted_tables/032_Health_Bulletin_2018/table_0006.csv,5,2
extracted_tables/032_Health_Bulletin_2018/table_0083.csv,3,4
extracted_tables/032_Health_Bulletin_2018/table_0127.csv,5,2
extracted_tables/032_Health_Bulletin_2018/table_0016.csv,3,2
extracted_tables/032_Health_Bulletin_2018/table_0051.csv,5,6
extracted_tables/032_Health_Bulletin_2018/table_0072.csv,5,8
extracted_tables/032_Health_Bulletin_2018/table_0244.csv,5,4
extracted_tables/032_Health_Bulletin_2018/table_0194.csv,5,3
extracted_tables/032_Health_Bulletin_2018/table_0135.csv,5,2
extracted_tables/032_Health_Bulletin_2018/table_0206.csv,3,2
extracted_tables/032_Health_Bulletin_2018/table_0013.csv,3,2
extracted_tables/032_Health_Bulletin_2018/table_0108.csv,5,2
extracted_tables/032_Health_Bulletin_2018/table_0027.csv,3,13
extracted_tables/032_Health_Bulletin_2018/table_0126.csv,5,2
extracted_tables/032_Health_Bulletin_2018/table_0240.csv,3,2
extracted_tables/032_Health_Bulletin_2018/table_0043.csv,5,2
extracted_tables/032_Health_Bulletin_2018/table_0045.csv,3,5
extracted_tables/032_Health_Bulletin_2018/table_0044.csv,5,13
extracted_tables/032_Health_Bulletin_2018/table_0238.csv,5,2
extracted_tables/032_Health_Bulletin_2018/table_0219.csv,5,2
extracted_tables/032_Health_Bulletin_2018/table_0111.csv,5,2
extracted_tables/032_Health_Bulletin_2018/table_0233.csv,5,2
extracted_tables/032_Health_Bulletin_2018/table_0090.csv,5,5
extracted_tables/032_Health_Bulletin_2018/table_0123.csv,4,5
extracted_tables/032_Health_Bulletin_2018/table_0172.csv,5,7
extracted_tables/032_Health_Bulletin_2018/table_0137.csv,5,3
extracted_tables/032_Health_Bulletin_2018/table_0152.csv,5,3
extracted_tables/032_Health_Bulletin_2018/table_0267.csv,5,2
extracted_tables/032_Health_Bulletin_2018/table_0122.csv,5,6
extracted_tables/032_Health_Bulletin_2018/table_0094.csv,5,3
extracted_tables/032_Health_Bulletin_2018/table_0052.csv,5,2
extracted_tables/032_Health_Bulletin_2018/table_0140.csv,4,5
extracted_tables/032_Health_Bulletin_2018/table_0203.csv,3,2
extracted_tables/032_Health_Bulletin_2018/table_0263.csv,5,2
extracted_tables/032_Health_Bulletin_2018/table_0193.csv,5,5
extracted_tables/032_Health_Bulletin_2018/table_0247.csv,5,3
extracted_tables/032_Health_Bulletin_2018/table_0032.csv,5,2
extracted_tables/032_Health_Bulletin_2018/table_0066.csv,5,5
extracted_tables/032_Health_Bulletin_2018/table_0098.csv,5,5
extracted_tables/032_Health_Bulletin_2018/table_0258.csv,5,9
extracted_tables/032_Health_Bulletin_2018/table_0103.csv,5,2
extracted_tables/032_Health_Bulletin_2018/table_0227.csv,5,3
extracted_tables/032_Health_Bulletin_2018/table_0074.csv,3,4
extracted_tables/032_Health_Bulletin_2018/table_0031.csv,5,2
extracted_tables/032_Health_Bulletin_2018/table_0147.csv,5,2
extracted_tables/032_Health_Bulletin_2018/table_0157.csv,4,3
extracted_tables/032_Health_Bulletin_2018/table_0225.csv,5,2
extracted_tables/032_Health_Bulletin_2018/table_0220.csv,5,3
extracted_tables/032_Health_Bulletin_2018/table_0163.csv,4,3
extracted_tables/032_Health_Bulletin_2018/table_0254.csv,5,2
extracted_tables/032_Health_Bulletin_2018/table_0190.csv,4,3
extracted_tables/032_Health_Bulletin_2018/table_0069.csv,3,5
extracted_tables/032_Health_Bulletin_2018/table_0078.csv,5,3
extracted_tables/032_Health_Bulletin_2018/table_0195.csv,5,2
extracted_tables/032_Health_Bulletin_2018/table_0143.csv,5,2
extracted_tables/032_Health_Bulletin_2018/table_0174.csv,5,2
extracted_tables/032_Health_Bulletin_2018/table_0022.csv,3,2
extracted_tables/032_Health_Bulletin_2018/table_0015.csv,5,2
extracted_tables/032_Health_Bulletin_2018/table_0046.csv,5,2
extracted_tables/032_Health_Bulletin_2018/table_0139.csv,5,5
extracted_tables/032_Health_Bulletin_2018/table_0222.csv,5,2
extracted_tables/032_Health_Bulletin_2018/table_0201.csv,4,3
extracted_tables/032_Health_Bulletin_2018/table_0226.csv,5,2
extracted_tables/032_Health_Bulletin_2018/table_0012.csv,5,2
extracted_tables/032_Health_Bulletin_2018/table_0061.csv,4,9
extracted_tables/032_Health_Bulletin_2018/table_0068.csv,5,2
extracted_tables/032_Health_Bulletin_2018/table_0057.csv,5,2
extracted_tables/032_Health_Bulletin_2018/table_0121.csv,5,7
extracted_tables/032_Health_Bulletin_2018/table_0019.csv,3,2
extracted_tables/032_Health_Bulletin_2018/table_0217.csv,5,2
extracted_tables/032_Health_Bulletin_2018/table_0116.csv,5,2
extracted_tables/032_Health_Bulletin_2018/table_0149.csv,5,2
extracted_tables/032_Health_Bulletin_2018/table_0124.csv,5,2
extracted_tables/032_Health_Bulletin_2018/table_0041.csv,5,2
extracted_tables/032_Health_Bulletin_2018/table_0179.csv,5,2
extracted_tables/032_Health_Bulletin_2018/table_0128.csv,5,2
extracted_tables/032_Health_Bulletin_2018/table_0076.csv,5,3
extracted_tables/032_Health_Bulletin_2018/table_0162.csv,5,4
extracted_tables/032_Health_Bulletin_2018/table_0047.csv,5,5
extracted_tables/032_Health_Bulletin_2018/table_0004.csv,5,3
extracted_tables/032_Health_Bulletin_2018/table_0088.csv,5,5
extracted_tables/032_Health_Bulletin_2018/table_0062.csv,5,11
extracted_tables/032_Health_Bulletin_2018/table_0253.csv,5,2
extracted_tables/032_Health_Bulletin_2018/table_0235.csv,3,2
extracted_tables/032_Health_Bulletin_2018/table_0161.csv,5,4
extracted_tables/032_Health_Bulletin_2018/table_0256.csv,5,2
extracted_tables/032_Health_Bulletin_2018/table_0030.csv,5,2
extracted_tables/032_Health_Bulletin_2018/table_0260.csv,5,2
extracted_tables/032_Health_Bulletin_2018/table_0196.csv,4,3
extracted_tables/032_Health_Bulletin_2018/table_0269.csv,5,3
extracted_tables/032_Health_Bulletin_2018/table_0187.csv,5,9
extracted_tables/032_Health_Bulletin_2018/table_0181.csv,5,3
extracted_tables/032_Health_Bulletin_2018/table_0205.csv,3,2
extracted_tables/032_Health_Bulletin_2018/table_0050.csv,5,2
extracted_tables/032_Health_Bulletin_2018/table_0192.csv,5,3
extracted_tables/032_Health_Bulletin_2018/table_0255.csv,5,2
extracted_tables/032_Health_Bulletin_2018/table_0037.csv,5,2
extracted_tables/032_Health_Bulletin_2018/table_0153.csv,5,2
extracted_tables/032_Health_Bulletin_2018/table_0107.csv,5,4
extracted_tables/032_Health_Bulletin_2018/table_0223.csv,5,3
extracted_tables/032_Health_Bulletin_2018/table_0054.csv,4,3
extracted_tables/032_Health_Bulletin_2018/table_0164.csv,4,3
extracted_tables/032_Health_Bulletin_2018/table_0026.csv,3,13
extracted_tables/032_Health_Bulletin_2018/table_0155.csv,5,4
extracted_tables/032_Health_Bulletin_2018/table_0204.csv,3,2
extracted_tables/032_Health_Bulletin_2018/table_0086.csv,5,4
extracted_tables/032_Health_Bulletin_2018/table_0008.csv,5,2
extracted_tables/032_Health_Bulletin_2018/table_0035.csv,5,2
extracted_tables/032_Health_Bulletin_2018/table_0239.csv,3,2
extracted_tables/032_Health_Bulletin_2018/table_0058.csv,5,8
extracted_tables/032_Health_Bulletin_2018/table_0182.csv,5,3
extracted_tables/032_Health_Bulletin_2018/table_0169.csv,3,2
extracted_tables/032_Health_Bulletin_2018/table_0261.csv,5,2
extracted_tables/032_Health_Bulletin_2018/table_0113.csv,5,2
extracted_tables/032_Health_Bulletin_2018/table_0048.csv,5,2
extracted_tables/032_Health_Bulletin_2018/table_0191.csv,5,2
extracted_tables/032_Health_Bulletin_2018/table_0236.csv,4,3
extracted_tables/032_Health_Bulletin_2018/table_0231.csv,3,3
extracted_tables/032_Health_Bulletin_2018/table_0105.csv,5,4
extracted_tables/032_Health_Bulletin_2018/table_0063.csv,5,5
extracted_tables/032_Health_Bulletin_2018/table_0021.csv,5,2
extracted_tables/032_Health_Bulletin_2018/table_0100.csv,5,2
extracted_tables/032_Health_Bulletin_2018/table_0265.csv,5,2
extracted_tables/032_Health_Bulletin_2018/table_0009.csv,5,3
extracted_tables/032_Health_Bulletin_2018/table_0148.csv,5,4
extracted_tables/032_Health_Bulletin_2018/table_0092.csv,3,5
extracted_tables/032_Health_Bulletin_2018/table_0117.csv,5,2
extracted_tables/032_Health_Bulletin_2018/table_0177.csv,5,2
extracted_tables/032_Health_Bulletin_2018/table_0007.csv,5,3
extracted_tables/032_Health_Bulletin_2018/table_0259.csv,5,2
extracted_tables/032_Health_Bulletin_2018/table_0176.csv,5,2
extracted_tables/032_Health_Bulletin_2018/table_0145.csv,4,5
extracted_tables/032_Health_Bulletin_2018/table_0087.csv,5,4
extracted_tables/032_Health_Bulletin_2018/table_0159.csv,3,4
extracted_tables/032_Health_Bulletin_2018/table_0170.csv,5,7
extracted_tables/032_Health_Bulletin_2018/table_0120.csv,5,4
extracted_tables/032_Health_Bulletin_2018/table_0093.csv,4,5
extracted_tables/032_Health_Bulletin_2018/table_0042.csv,5,2
extracted_tables/032_Health_Bulletin_2018/table_0202.csv,5,2
extracted_tables/032_Health_Bulletin_2018/table_0266.csv,5,2
extracted_tables/032_Health_Bulletin_2018/table_0112.csv,5,2
extracted_tables/032_Health_Bulletin_2018/table_0097.csv,5,5
extracted_tables/032_Health_Bulletin_2018/table_0216.csv,5,2
extracted_tables/032_Health_Bulletin_2018/table_0264.csv,5,2
extracted_tables/032_Health_Bulletin_2018/table_0262.csv,5,2
extracted_tables/032_Health_Bulletin_2018/table_0141.csv,4,5
extracted_tables/032_Health_Bulletin_2018/table_0138.csv,5,2
extracted_tables/032_Health_Bulletin_2018/table_0082.csv,4,5
extracted_tables/032_Health_Bulletin_2018/table_0091.csv,4,5
extracted_tables/032_Health_Bulletin_2018/table_0038.csv,5,4
extracted_tables/032_Health_Bulletin_2018/table_0218.csv,5,5
extracted_tables/032_Health_Bulletin_2018/table_0017.csv,3,2
extracted_tables/032_Health_Bulletin_2018/table_0175.csv,5,5
extracted_tables/032_Health_Bulletin_2018/table_0010.csv,5,2
extracted_tables/032_Health_Bulletin_2018/table_0243.csv,5,6
extracted_tables/032_Health_Bulletin_2018/table_0055.csv,5,2
extracted_tables/032_Health_Bulletin_2018/table_0003.csv,5,2
extracted_tables/032_Health_Bulletin_2018/table_0167.csv,5,2
extracted_tables/032_Health_Bulletin_2018/table_0033.csv,5,2
extracted_tables/032_Health_Bulletin_2018/table_0142.csv,5,5
extracted_tables/032_Health_Bulletin_2018/table_0228.csv,5,2
extracted_tables/032_Health_Bulletin_2018/table_0208.csv,3,2
extracted_tables/032_Health_Bulletin_2018/table_0084.csv,5,2
extracted_tables/032_Health_Bulletin_2018/table_0248.csv,5,2
extracted_tables/032_Health_Bulletin_2018/table_0119.csv,5,6
extracted_tables/032_Health_Bulletin_2018/table_0229.csv,3,3
extracted_tables/032_Health_Bulletin_2018/table_0270.csv,5,2
extracted_tables/032_Health_Bulletin_2018/table_0025.csv,3,4
extracted_tables/032_Health_Bulletin_2018/table_0150.csv,5,2
extracted_tables/032_Health_Bulletin_2018/table_0039.csv,5,2
extracted_tables/032_Health_Bulletin_2018/table_0151.csv,5,2
extracted_tables/032_Health_Bulletin_2018/table_0215.csv,5,15
extracted_tables/032_Health_Bulletin_2018/table_0198.csv,5,2
extracted_tables/032_Health_Bulletin_2018/table_0133.csv,5,3
extracted_tables/032_Health_Bulletin_2018/table_0246.csv,5,3
extracted_tables/032_Health_Bulletin_2018/table_0189.csv,5,2
extracted_tables/032_Health_Bulletin_2018/table_0211.csv,5,2
extracted_tables/032_Health_Bulletin_2018/table_0136.csv,5,3
extracted_tables/032_Health_Bulletin_2018/table_0178.csv,5,3
extracted_tables/032_Health_Bulletin_2018/table_0096.csv,5,2
extracted_tables/032_Health_Bulletin_2018/table_0106.csv,5,2
extracted_tables/032_Health_Bulletin_2018/table_0028.csv,5,2
extracted_tables/032_Health_Bulletin_2018/table_0118.csv,5,2
extracted_tables/032_Health_Bulletin_2018/table_0073.csv,5,4
extracted_tables/032_Health_Bulletin_2018/table_0081.csv,5,3
extracted_tables/032_Health_Bulletin_2018/table_0095.csv,5,3
extracted_tables/032_Health_Bulletin_2018/table_0024.csv,5,2
extracted_tables/032_Health_Bulletin_2018/table_0146.csv,5,4
extracted_tables/032_Health_Bulletin_2018/table_0166.csv,3,2
extracted_tables/032_Health_Bulletin_2018/table_0241.csv,5,5
extracted_tables/032_Health_Bulletin_2018/table_0002.csv,5,3
extracted_tables/032_Health_Bulletin_2018/table_0005.csv,5,2
extracted_tables/032_Health_Bulletin_2018/table_0110.csv,5,2
extracted_tables/032_Health_Bulletin_2018/table_0075.csv,3,2
extracted_tables/032_Health_Bulletin_2018/table_0221.csv,5,2
extracted_tables/032_Health_Bulletin_2018/table_0185.csv,5,4
extracted_tables/032_Health_Bulletin_2018/table_0242.csv,5,2
extracted_tables/032_Health_Bulletin_2018/table_0173.csv,5,2
extracted_tables/032_Health_Bulletin_2018/table_0053.csv,5,2
extracted_tables/032_Health_Bulletin_2018/table_0144.csv,4,5
extracted_tables/032_Health_Bulletin_2018/table_0060.csv,3,12
extracted_tables/032_Health_Bulletin_2018/table_0158.csv,4,3
extracted_tables/032_Health_Bulletin_2018/table_0252.csv,5,2
extracted_tables/032_Health_Bulletin_2018/table_0085.csv,3,2
extracted_tables/032_Health_Bulletin_2018/table_0065.csv,5,4
extracted_tables/032_Health_Bulletin_2018/table_0029.csv,5,2
extracted_tables/032_Health_Bulletin_2018/table_0104.csv,5,2
extracted_tables/032_Health_Bulletin_2018/table_0132.csv,5,2
extracted_tables/032_Health_Bulletin_2018/table_0077.csv,5,3
extracted_tables/032_Health_Bulletin_2018/table_0212.csv,4,3
extracted_tables/032_Health_Bulletin_2018/table_0165.csv,3,2
extracted_tables/032_Health_Bulletin_2018/table_0001.csv,4,5
extracted_tables/032_Health_Bulletin_2018/table_0154.csv,5,6
extracted_tables/032_Health_Bulletin_2018/table_0059.csv,5,3
extracted_tables/032_Health_Bulletin_2018/table_0115.csv,5,2
extracted_tables/032_Health_Bulletin_2018/table_0056.csv,5,3
extracted_tables/032_Health_Bulletin_2018/table_0230.csv,3,3
extracted_tables/032_Health_Bulletin_2018/table_0200.csv,5,2
extracted_tables/032_Health_Bulletin_2018/table_0213.csv,4,3
extracted_tables/032_Health_Bulletin_2018/table_0067.csv,5,2
extracted_tables/032_Health_Bulletin_2018/table_0245.csv,5,2
extracted_tables/032_Health_Bulletin_2018/table_0250.csv,5,2
extracted_tables/032_Health_Bulletin_2018/table_0018.csv,5,2
extracted_tables/032_Health_Bulletin_2018/table_0183.csv,5,2
extracted_tables/032_Health_Bulletin_2018/table_0130.csv,5,3
extracted_tables/032_Health_Bulletin_2018/table_0197.csv,5,2
extracted_tables/032_Health_Bulletin_2018/table_0268.csv,5,2
extracted_tables/032_Health_Bulletin_2018/table_0114.csv,5,2
extracted_tables/086_Measles_Update_Till_14_05_26_/table_002.csv,5,22
extracted_tables/086_Measles_Update_Till_14_05_26_/table_001.csv,5,38
extracted_tables/086_Measles_Update_Till_14_05_26_/table_003.csv,5,21
extracted_tables/036_Health_Bulletin_2014/table_0168.csv,5,3
extracted_tables/036_Health_Bulletin_2014/table_0188.csv,4,5
extracted_tables/036_Health_Bulletin_2014/table_0071.csv,3,4
extracted_tables/036_Health_Bulletin_2014/table_0040.csv,5,3
extracted_tables/036_Health_Bulletin_2014/table_0036.csv,3,2
extracted_tables/036_Health_Bulletin_2014/table_0134.csv,5,3
extracted_tables/036_Health_Bulletin_2014/table_0131.csv,4,3
extracted_tables/036_Health_Bulletin_2014/table_0125.csv,3,5
extracted_tables/036_Health_Bulletin_2014/table_0034.csv,3,2
extracted_tables/036_Health_Bulletin_2014/table_0079.csv,3,2
extracted_tables/036_Health_Bulletin_2014/table_0214.csv,5,3
extracted_tables/036_Health_Bulletin_2014/table_0180.csv,3,3
extracted_tables/036_Health_Bulletin_2014/table_0171.csv,5,3
extracted_tables/036_Health_Bulletin_2014/table_0209.csv,4,3
extracted_tables/036_Health_Bulletin_2014/table_0064.csv,3,2
extracted_tables/036_Health_Bulletin_2014/table_0129.csv,4,3
extracted_tables/036_Health_Bulletin_2014/table_0020.csv,5,9
extracted_tables/036_Health_Bulletin_2014/table_0101.csv,3,3
extracted_tables/036_Health_Bulletin_2014/table_0186.csv,3,11
extracted_tables/036_Health_Bulletin_2014/table_0099.csv,3,5
extracted_tables/036_Health_Bulletin_2014/table_0070.csv,3,4
extracted_tables/036_Health_Bulletin_2014/table_0207.csv,5,3
extracted_tables/036_Health_Bulletin_2014/table_0109.csv,4,3
extracted_tables/036_Health_Bulletin_2014/table_0156.csv,5,15
extracted_tables/036_Health_Bulletin_2014/table_0089.csv,3,2
extracted_tables/036_Health_Bulletin_2014/table_0080.csv,3,2
extracted_tables/036_Health_Bulletin_2014/table_0049.csv,4,3
extracted_tables/036_Health_Bulletin_2014/table_0199.csv,3,3
extracted_tables/036_Health_Bulletin_2014/table_0210.csv,5,3
extracted_tables/036_Health_Bulletin_2014/table_0023.csv,3,3
extracted_tables/036_Health_Bulletin_2014/table_0160.csv,5,13
extracted_tables/036_Health_Bulletin_2014/table_0011.csv,4,3
extracted_tables/036_Health_Bulletin_2014/table_0184.csv,4,3
extracted_tables/036_Health_Bulletin_2014/table_0224.csv,5,6
extracted_tables/036_Health_Bulletin_2014/table_0014.csv,3,2
extracted_tables/036_Health_Bulletin_2014/table_0102.csv,5,3
extracted_tables/036_Health_Bulletin_2014/table_0006.csv,5,3
extracted_tables/036_Health_Bulletin_2014/table_0083.csv,4,3
extracted_tables/036_Health_Bulletin_2014/table_0127.csv,3,3
extracted_tables/036_Health_Bulletin_2014/table_0016.csv,3,2
extracted_tables/036_Health_Bulletin_2014/table_0051.csv,5,24
extracted_tables/036_Health_Bulletin_2014/table_0072.csv,5,6
extracted_tables/036_Health_Bulletin_2014/table_0194.csv,5,9
extracted_tables/036_Health_Bulletin_2014/table_0135.csv,3,3
extracted_tables/036_Health_Bulletin_2014/table_0206.csv,5,3
extracted_tables/036_Health_Bulletin_2014/table_0013.csv,3,2
extracted_tables/036_Health_Bulletin_2014/table_0108.csv,3,3
extracted_tables/036_Health_Bulletin_2014/table_0027.csv,3,7
extracted_tables/036_Health_Bulletin_2014/table_0126.csv,3,2
extracted_tables/036_Health_Bulletin_2014/table_0043.csv,4,3
extracted_tables/036_Health_Bulletin_2014/table_0045.csv,3,3
extracted_tables/036_Health_Bulletin_2014/table_0044.csv,3,3
extracted_tables/036_Health_Bulletin_2014/table_0219.csv,3,7
extracted_tables/036_Health_Bulletin_2014/table_0111.csv,5,9
extracted_tables/036_Health_Bulletin_2014/table_0090.csv,3,2
extracted_tables/036_Health_Bulletin_2014/table_0123.csv,5,9
extracted_tables/036_Health_Bulletin_2014/table_0172.csv,5,3
extracted_tables/036_Health_Bulletin_2014/table_0137.csv,3,7
extracted_tables/036_Health_Bulletin_2014/table_0152.csv,5,13
extracted_tables/036_Health_Bulletin_2014/table_0122.csv,3,3
extracted_tables/036_Health_Bulletin_2014/table_0094.csv,5,5
extracted_tables/036_Health_Bulletin_2014/table_0052.csv,4,9
extracted_tables/036_Health_Bulletin_2014/table_0140.csv,3,7
extracted_tables/036_Health_Bulletin_2014/table_0203.csv,5,4
extracted_tables/036_Health_Bulletin_2014/table_0193.csv,5,3
extracted_tables/036_Health_Bulletin_2014/table_0032.csv,3,2
extracted_tables/036_Health_Bulletin_2014/table_0066.csv,3,2
extracted_tables/036_Health_Bulletin_2014/table_0098.csv,3,5
extracted_tables/036_Health_Bulletin_2014/table_0103.csv,4,3
extracted_tables/036_Health_Bulletin_2014/table_0227.csv,4,4
extracted_tables/036_Health_Bulletin_2014/table_0074.csv,3,2
extracted_tables/036_Health_Bulletin_2014/table_0031.csv,3,2
extracted_tables/036_Health_Bulletin_2014/table_0147.csv,5,6
extracted_tables/036_Health_Bulletin_2014/table_0157.csv,5,13
extracted_tables/036_Health_Bulletin_2014/table_0225.csv,4,4
extracted_tables/036_Health_Bulletin_2014/table_0220.csv,5,7
extracted_tables/036_Health_Bulletin_2014/table_0163.csv,5,3
extracted_tables/036_Health_Bulletin_2014/table_0190.csv,4,5
extracted_tables/036_Health_Bulletin_2014/table_0069.csv,3,2
extracted_tables/036_Health_Bulletin_2014/table_0078.csv,3,2
extracted_tables/036_Health_Bulletin_2014/table_0195.csv,5,9
extracted_tables/036_Health_Bulletin_2014/table_0143.csv,5,6
extracted_tables/036_Health_Bulletin_2014/table_0174.csv,3,5
extracted_tables/036_Health_Bulletin_2014/table_0022.csv,3,2
extracted_tables/036_Health_Bulletin_2014/table_0015.csv,3,2
extracted_tables/036_Health_Bulletin_2014/table_0046.csv,3,3
extracted_tables/036_Health_Bulletin_2014/table_0139.csv,5,9
extracted_tables/036_Health_Bulletin_2014/table_0222.csv,5,4
extracted_tables/036_Health_Bulletin_2014/table_0201.csv,3,3
extracted_tables/036_Health_Bulletin_2014/table_0226.csv,4,4
extracted_tables/036_Health_Bulletin_2014/table_0012.csv,4,3
extracted_tables/036_Health_Bulletin_2014/table_0061.csv,3,2
extracted_tables/036_Health_Bulletin_2014/table_0068.csv,3,2
extracted_tables/036_Health_Bulletin_2014/table_0057.csv,3,2
extracted_tables/036_Health_Bulletin_2014/table_0121.csv,5,3
extracted_tables/036_Health_Bulletin_2014/table_0019.csv,4,3
extracted_tables/036_Health_Bulletin_2014/table_0217.csv,5,8
extracted_tables/036_Health_Bulletin_2014/table_0116.csv,5,5
extracted_tables/036_Health_Bulletin_2014/table_0149.csv,5,9
extracted_tables/036_Health_Bulletin_2014/table_0124.csv,5,3
extracted_tables/036_Health_Bulletin_2014/table_0041.csv,5,3
extracted_tables/036_Health_Bulletin_2014/table_0179.csv,5,3
extracted_tables/036_Health_Bulletin_2014/table_0128.csv,3,3
extracted_tables/036_Health_Bulletin_2014/table_0076.csv,3,2
extracted_tables/036_Health_Bulletin_2014/table_0162.csv,5,3
extracted_tables/036_Health_Bulletin_2014/table_0047.csv,3,3
extracted_tables/036_Health_Bulletin_2014/table_0004.csv,4,3
extracted_tables/036_Health_Bulletin_2014/table_0088.csv,3,2
extracted_tables/036_Health_Bulletin_2014/table_0062.csv,3,2
extracted_tables/036_Health_Bulletin_2014/table_0161.csv,5,5
extracted_tables/036_Health_Bulletin_2014/table_0030.csv,5,3
extracted_tables/036_Health_Bulletin_2014/table_0196.csv,3,3
extracted_tables/036_Health_Bulletin_2014/table_0187.csv,4,3
extracted_tables/036_Health_Bulletin_2014/table_0181.csv,5,3
extracted_tables/036_Health_Bulletin_2014/table_0205.csv,5,3
extracted_tables/036_Health_Bulletin_2014/table_0050.csv,3,3
extracted_tables/036_Health_Bulletin_2014/table_0192.csv,5,3
extracted_tables/036_Health_Bulletin_2014/table_0037.csv,5,3
extracted_tables/036_Health_Bulletin_2014/table_0153.csv,5,13
extracted_tables/036_Health_Bulletin_2014/table_0107.csv,3,3
extracted_tables/036_Health_Bulletin_2014/table_0223.csv,5,5
extracted_tables/036_Health_Bulletin_2014/table_0054.csv,3,2
extracted_tables/036_Health_Bulletin_2014/table_0164.csv,5,3
extracted_tables/036_Health_Bulletin_2014/table_0026.csv,3,7
extracted_tables/036_Health_Bulletin_2014/table_0155.csv,5,13
extracted_tables/036_Health_Bulletin_2014/table_0204.csv,5,4
extracted_tables/036_Health_Bulletin_2014/table_0086.csv,3,2
extracted_tables/036_Health_Bulletin_2014/table_0008.csv,5,3
extracted_tables/036_Health_Bulletin_2014/table_0035.csv,3,2
extracted_tables/036_Health_Bulletin_2014/table_0058.csv,3,2
extracted_tables/036_Health_Bulletin_2014/table_0182.csv,5,3
extracted_tables/036_Health_Bulletin_2014/table_0169.csv,5,3
extracted_tables/036_Health_Bulletin_2014/table_0113.csv,4,3
extracted_tables/036_Health_Bulletin_2014/table_0048.csv,3,3
extracted_tables/036_Health_Bulletin_2014/table_0191.csv,5,3
extracted_tables/036_Health_Bulletin_2014/table_0105.csv,3,2
extracted_tables/036_Health_Bulletin_2014/table_0063.csv,3,2
extracted_tables/036_Health_Bulletin_2014/table_0021.csv,3,2
extracted_tables/036_Health_Bulletin_2014/table_0100.csv,3,5
extracted_tables/036_Health_Bulletin_2014/table_0009.csv,4,3
extracted_tables/036_Health_Bulletin_2014/table_0148.csv,5,13
extracted_tables/036_Health_Bulletin_2014/table_0092.csv,3,2
extracted_tables/036_Health_Bulletin_2014/table_0117.csv,5,5
extracted_tables/036_Health_Bulletin_2014/table_0177.csv,5,3
extracted_tables/036_Health_Bulletin_2014/table_0007.csv,5,3
extracted_tables/036_Health_Bulletin_2014/table_0176.csv,3,5
extracted_tables/036_Health_Bulletin_2014/table_0145.csv,5,8
extracted_tables/036_Health_Bulletin_2014/table_0087.csv,3,2
extracted_tables/036_Health_Bulletin_2014/table_0159.csv,5,13
extracted_tables/036_Health_Bulletin_2014/table_0170.csv,5,3
extracted_tables/036_Health_Bulletin_2014/table_0120.csv,5,3
extracted_tables/036_Health_Bulletin_2014/table_0093.csv,5,5
extracted_tables/036_Health_Bulletin_2014/table_0042.csv,5,3
extracted_tables/036_Health_Bulletin_2014/table_0202.csv,3,3
extracted_tables/036_Health_Bulletin_2014/table_0112.csv,5,5
extracted_tables/036_Health_Bulletin_2014/table_0097.csv,4,3
extracted_tables/036_Health_Bulletin_2014/table_0216.csv,5,4
extracted_tables/036_Health_Bulletin_2014/table_0141.csv,5,6
extracted_tables/036_Health_Bulletin_2014/table_0138.csv,4,9
extracted_tables/036_Health_Bulletin_2014/table_0082.csv,3,2
extracted_tables/036_Health_Bulletin_2014/table_0091.csv,3,2
extracted_tables/036_Health_Bulletin_2014/table_0038.csv,5,3
extracted_tables/036_Health_Bulletin_2014/table_0218.csv,5,6
extracted_tables/036_Health_Bulletin_2014/table_0017.csv,3,5
extracted_tables/036_Health_Bulletin_2014/table_0175.csv,5,7
extracted_tables/036_Health_Bulletin_2014/table_0010.csv,5,3
extracted_tables/036_Health_Bulletin_2014/table_0055.csv,3,2
extracted_tables/036_Health_Bulletin_2014/table_0003.csv,5,3
extracted_tables/036_Health_Bulletin_2014/table_0167.csv,5,3
extracted_tables/036_Health_Bulletin_2014/table_0033.csv,3,2
extracted_tables/036_Health_Bulletin_2014/table_0142.csv,5,6
extracted_tables/036_Health_Bulletin_2014/table_0228.csv,4,4
extracted_tables/036_Health_Bulletin_2014/table_0208.csv,5,3
extracted_tables/036_Health_Bulletin_2014/table_0084.csv,3,3
extracted_tables/036_Health_Bulletin_2014/table_0119.csv,5,3
extracted_tables/036_Health_Bulletin_2014/table_0229.csv,5,6
extracted_tables/036_Health_Bulletin_2014/table_0025.csv,3,5
extracted_tables/036_Health_Bulletin_2014/table_0150.csv,5,10
extracted_tables/036_Health_Bulletin_2014/table_0039.csv,5,3
extracted_tables/036_Health_Bulletin_2014/table_0151.csv,5,13
extracted_tables/036_Health_Bulletin_2014/table_0215.csv,5,3
extracted_tables/036_Health_Bulletin_2014/table_0198.csv,3,3
extracted_tables/036_Health_Bulletin_2014/table_0133.csv,3,3
extracted_tables/036_Health_Bulletin_2014/table_0189.csv,4,5
extracted_tables/036_Health_Bulletin_2014/table_0211.csv,4,3
extracted_tables/036_Health_Bulletin_2014/table_0136.csv,4,5
extracted_tables/036_Health_Bulletin_2014/table_0178.csv,5,3
extracted_tables/036_Health_Bulletin_2014/table_0096.csv,3,5
extracted_tables/036_Health_Bulletin_2014/table_0106.csv,3,2
extracted_tables/036_Health_Bulletin_2014/table_0028.csv,5,3
extracted_tables/036_Health_Bulletin_2014/table_0118.csv,3,7
extracted_tables/036_Health_Bulletin_2014/table_0073.csv,3,2
extracted_tables/036_Health_Bulletin_2014/table_0081.csv,3,2
extracted_tables/036_Health_Bulletin_2014/table_0095.csv,3,5
extracted_tables/036_Health_Bulletin_2014/table_0024.csv,3,5
extracted_tables/036_Health_Bulletin_2014/table_0146.csv,5,7
extracted_tables/036_Health_Bulletin_2014/table_0166.csv,5,3
extracted_tables/036_Health_Bulletin_2014/table_0002.csv,5,4
extracted_tables/036_Health_Bulletin_2014/table_0005.csv,5,3
extracted_tables/036_Health_Bulletin_2014/table_0110.csv,4,3
extracted_tables/036_Health_Bulletin_2014/table_0075.csv,3,3
extracted_tables/036_Health_Bulletin_2014/table_0221.csv,3,3
extracted_tables/036_Health_Bulletin_2014/table_0185.csv,3,3
extracted_tables/036_Health_Bulletin_2014/table_0173.csv,4,3
extracted_tables/036_Health_Bulletin_2014/table_0053.csv,3,9
extracted_tables/036_Health_Bulletin_2014/table_0144.csv,5,3
extracted_tables/036_Health_Bulletin_2014/table_0060.csv,3,2
extracted_tables/036_Health_Bulletin_2014/table_0158.csv,5,9
extracted_tables/036_Health_Bulletin_2014/table_0085.csv,3,3
extracted_tables/036_Health_Bulletin_2014/table_0065.csv,3,2
extracted_tables/036_Health_Bulletin_2014/table_0029.csv,5,3
extracted_tables/036_Health_Bulletin_2014/table_0104.csv,3,2
extracted_tables/036_Health_Bulletin_2014/table_0132.csv,3,3
extracted_tables/036_Health_Bulletin_2014/table_0077.csv,3,2
extracted_tables/036_Health_Bulletin_2014/table_0212.csv,5,3
extracted_tables/036_Health_Bulletin_2014/table_0165.csv,5,3
extracted_tables/036_Health_Bulletin_2014/table_0001.csv,5,8
extracted_tables/036_Health_Bulletin_2014/table_0154.csv,5,13
extracted_tables/036_Health_Bulletin_2014/table_0059.csv,3,2
extracted_tables/036_Health_Bulletin_2014/table_0115.csv,5,5
extracted_tables/036_Health_Bulletin_2014/table_0056.csv,3,2
extracted_tables/036_Health_Bulletin_2014/table_0200.csv,3,3
extracted_tables/036_Health_Bulletin_2014/table_0213.csv,4,3
extracted_tables/036_Health_Bulletin_2014/table_0067.csv,4,5
extracted_tables/036_Health_Bulletin_2014/table_0018.csv,3,9
extracted_tables/036_Health_Bulletin_2014/table_0183.csv,4,3
extracted_tables/036_Health_Bulletin_2014/table_0130.csv,3,3
extracted_tables/036_Health_Bulletin_2014/table_0197.csv,3,3
extracted_tables/036_Health_Bulletin_2014/table_0114.csv,5,5
extracted_tables/035_Health_Bulletin_2015/table_0040.csv,3,2
extracted_tables/035_Health_Bulletin_2015/table_0036.csv,3,2
extracted_tables/035_Health_Bulletin_2015/table_0034.csv,5,13
extracted_tables/035_Health_Bulletin_2015/table_0020.csv,3,2
extracted_tables/035_Health_Bulletin_2015/table_0049.csv,4,4
extracted_tables/035_Health_Bulletin_2015/table_0023.csv,3,2
extracted_tables/035_Health_Bulletin_2015/table_0011.csv,3,2
extracted_tables/035_Health_Bulletin_2015/table_0014.csv,4,3
extracted_tables/035_Health_Bulletin_2015/table_0006.csv,3,2
extracted_tables/035_Health_Bulletin_2015/table_0016.csv,3,2
extracted_tables/035_Health_Bulletin_2015/table_0051.csv,4,4
extracted_tables/035_Health_Bulletin_2015/table_0013.csv,4,3
extracted_tables/035_Health_Bulletin_2015/table_0027.csv,4,7
extracted_tables/035_Health_Bulletin_2015/table_0043.csv,3,2
extracted_tables/035_Health_Bulletin_2015/table_0045.csv,3,2
extracted_tables/035_Health_Bulletin_2015/table_0044.csv,3,2
extracted_tables/035_Health_Bulletin_2015/table_0052.csv,4,2
extracted_tables/035_Health_Bulletin_2015/table_0032.csv,5,11
extracted_tables/035_Health_Bulletin_2015/table_0031.csv,5,17
extracted_tables/035_Health_Bulletin_2015/table_0022.csv,3,2
extracted_tables/035_Health_Bulletin_2015/table_0015.csv,3,2
extracted_tables/035_Health_Bulletin_2015/table_0046.csv,5,3
extracted_tables/035_Health_Bulletin_2015/table_0012.csv,4,3
extracted_tables/035_Health_Bulletin_2015/table_0019.csv,3,2
extracted_tables/035_Health_Bulletin_2015/table_0041.csv,3,2
extracted_tables/035_Health_Bulletin_2015/table_0047.csv,5,5
extracted_tables/035_Health_Bulletin_2015/table_0004.csv,5,24
extracted_tables/035_Health_Bulletin_2015/table_0030.csv,5,7
extracted_tables/035_Health_Bulletin_2015/table_0050.csv,3,2
extracted_tables/035_Health_Bulletin_2015/table_0037.csv,3,2
extracted_tables/035_Health_Bulletin_2015/table_0026.csv,5,7
extracted_tables/035_Health_Bulletin_2015/table_0008.csv,3,2
extracted_tables/035_Health_Bulletin_2015/table_0035.csv,3,2
extracted_tables/035_Health_Bulletin_2015/table_0048.csv,3,2
extracted_tables/035_Health_Bulletin_2015/table_0021.csv,3,2
extracted_tables/035_Health_Bulletin_2015/table_0009.csv,3,2
extracted_tables/035_Health_Bulletin_2015/table_0007.csv,3,2
extracted_tables/035_Health_Bulletin_2015/table_0042.csv,3,2
extracted_tables/035_Health_Bulletin_2015/table_0038.csv,3,2
extracted_tables/035_Health_Bulletin_2015/table_0017.csv,3,2
extracted_tables/035_Health_Bulletin_2015/table_0010.csv,3,2
extracted_tables/035_Health_Bulletin_2015/table_0003.csv,3,2
extracted_tables/035_Health_Bulletin_2015/table_0033.csv,5,7
extracted_tables/035_Health_Bulletin_2015/table_0025.csv,5,7
extracted_tables/035_Health_Bulletin_2015/table_0039.csv,3,2
extracted_tables/035_Health_Bulletin_2015/table_0028.csv,3,6
extracted_tables/035_Health_Bulletin_2015/table_0024.csv,3,2
extracted_tables/035_Health_Bulletin_2015/table_0002.csv,3,2
extracted_tables/035_Health_Bulletin_2015/table_0005.csv,5,8
extracted_tables/035_Health_Bulletin_2015/table_0053.csv,3,3
extracted_tables/035_Health_Bulletin_2015/table_0029.csv,5,14
extracted_tables/035_Health_Bulletin_2015/table_0001.csv,4,5
extracted_tables/035_Health_Bulletin_2015/table_0018.csv,3,2
extracted_tables/075_Hospital_Cancer_Registry_Report_2015-2017/table_023.csv,5,4
extracted_tables/075_Hospital_Cancer_Registry_Report_2015-2017/table_058.csv,5,12
extracted_tables/075_Hospital_Cancer_Registry_Report_2015-2017/table_015.csv,5,4
extracted_tables/075_Hospital_Cancer_Registry_Report_2015-2017/table_033.csv,5,8
extracted_tables/075_Hospital_Cancer_Registry_Report_2015-2017/table_065.csv,5,8
extracted_tables/075_Hospital_Cancer_Registry_Report_2015-2017/table_097.csv,5,8
extracted_tables/075_Hospital_Cancer_Registry_Report_2015-2017/table_021.csv,5,10
extracted_tables/075_Hospital_Cancer_Registry_Report_2015-2017/table_006.csv,5,4
extracted_tables/075_Hospital_Cancer_Registry_Report_2015-2017/table_090.csv,5,12
extracted_tables/075_Hospital_Cancer_Registry_Report_2015-2017/table_073.csv,5,4
extracted_tables/075_Hospital_Cancer_Registry_Report_2015-2017/table_095.csv,5,8
extracted_tables/075_Hospital_Cancer_Registry_Report_2015-2017/table_076.csv,5,4
extracted_tables/075_Hospital_Cancer_Registry_Report_2015-2017/table_018.csv,5,4
extracted_tables/075_Hospital_Cancer_Registry_Report_2015-2017/table_017.csv,5,4
extracted_tables/075_Hospital_Cancer_Registry_Report_2015-2017/table_057.csv,5,12
extracted_tables/075_Hospital_Cancer_Registry_Report_2015-2017/table_037.csv,5,4
extracted_tables/075_Hospital_Cancer_Registry_Report_2015-2017/table_098.csv,5,8
extracted_tables/075_Hospital_Cancer_Registry_Report_2015-2017/table_043.csv,5,4
extracted_tables/075_Hospital_Cancer_Registry_Report_2015-2017/table_063.csv,5,8
extracted_tables/075_Hospital_Cancer_Registry_Report_2015-2017/table_062.csv,5,12
extracted_tables/075_Hospital_Cancer_Registry_Report_2015-2017/table_002.csv,5,3
extracted_tables/075_Hospital_Cancer_Registry_Report_2015-2017/table_077.csv,5,4
extracted_tables/075_Hospital_Cancer_Registry_Report_2015-2017/table_059.csv,5,12
extracted_tables/075_Hospital_Cancer_Registry_Report_2015-2017/table_044.csv,5,6
extracted_tables/075_Hospital_Cancer_Registry_Report_2015-2017/table_049.csv,5,3
extracted_tables/075_Hospital_Cancer_Registry_Report_2015-2017/table_012.csv,5,4
extracted_tables/075_Hospital_Cancer_Registry_Report_2015-2017/table_013.csv,5,4
extracted_tables/075_Hospital_Cancer_Registry_Report_2015-2017/table_032.csv,5,8
extracted_tables/075_Hospital_Cancer_Registry_Report_2015-2017/table_083.csv,5,3
extracted_tables/075_Hospital_Cancer_Registry_Report_2015-2017/table_041.csv,5,4
extracted_tables/075_Hospital_Cancer_Registry_Report_2015-2017/table_056.csv,5,10
extracted_tables/075_Hospital_Cancer_Registry_Report_2015-2017/table_068.csv,5,8
extracted_tables/075_Hospital_Cancer_Registry_Report_2015-2017/table_092.csv,5,12
extracted_tables/075_Hospital_Cancer_Registry_Report_2015-2017/table_054.csv,5,17
extracted_tables/075_Hospital_Cancer_Registry_Report_2015-2017/table_070.csv,5,4
extracted_tables/075_Hospital_Cancer_Registry_Report_2015-2017/table_026.csv,5,11
extracted_tables/075_Hospital_Cancer_Registry_Report_2015-2017/table_060.csv,5,12
extracted_tables/075_Hospital_Cancer_Registry_Report_2015-2017/table_008.csv,5,4
extracted_tables/075_Hospital_Cancer_Registry_Report_2015-2017/table_089.csv,5,12
extracted_tables/075_Hospital_Cancer_Registry_Report_2015-2017/table_051.csv,5,12
extracted_tables/075_Hospital_Cancer_Registry_Report_2015-2017/table_088.csv,5,12
extracted_tables/075_Hospital_Cancer_Registry_Report_2015-2017/table_093.csv,5,8
extracted_tables/075_Hospital_Cancer_Registry_Report_2015-2017/table_042.csv,5,4
extracted_tables/075_Hospital_Cancer_Registry_Report_2015-2017/table_007.csv,5,4
extracted_tables/075_Hospital_Cancer_Registry_Report_2015-2017/table_061.csv,5,12
extracted_tables/075_Hospital_Cancer_Registry_Report_2015-2017/table_040.csv,5,4
extracted_tables/075_Hospital_Cancer_Registry_Report_2015-2017/table_072.csv,5,4
extracted_tables/075_Hospital_Cancer_Registry_Report_2015-2017/table_067.csv,5,8
extracted_tables/075_Hospital_Cancer_Registry_Report_2015-2017/table_079.csv,5,4
extracted_tables/075_Hospital_Cancer_Registry_Report_2015-2017/table_053.csv,5,4
extracted_tables/075_Hospital_Cancer_Registry_Report_2015-2017/table_025.csv,5,11
extracted_tables/075_Hospital_Cancer_Registry_Report_2015-2017/table_038.csv,5,4
extracted_tables/075_Hospital_Cancer_Registry_Report_2015-2017/table_078.csv,5,4
extracted_tables/075_Hospital_Cancer_Registry_Report_2015-2017/table_087.csv,5,12
extracted_tables/075_Hospital_Cancer_Registry_Report_2015-2017/table_064.csv,5,8
extracted_tables/075_Hospital_Cancer_Registry_Report_2015-2017/table_036.csv,5,4
extracted_tables/075_Hospital_Cancer_Registry_Report_2015-2017/table_050.csv,5,3
extracted_tables/075_Hospital_Cancer_Registry_Report_2015-2017/table_086.csv,5,12
extracted_tables/075_Hospital_Cancer_Registry_Report_2015-2017/table_001.csv,5,3
extracted_tables/075_Hospital_Cancer_Registry_Report_2015-2017/table_066.csv,5,8
extracted_tables/075_Hospital_Cancer_Registry_Report_2015-2017/table_046.csv,5,4
extracted_tables/075_Hospital_Cancer_Registry_Report_2015-2017/table_085.csv,5,4
extracted_tables/075_Hospital_Cancer_Registry_Report_2015-2017/table_039.csv,5,4
extracted_tables/075_Hospital_Cancer_Registry_Report_2015-2017/table_048.csv,5,13
extracted_tables/075_Hospital_Cancer_Registry_Report_2015-2017/table_075.csv,5,4
extracted_tables/075_Hospital_Cancer_Registry_Report_2015-2017/table_094.csv,5,8
extracted_tables/075_Hospital_Cancer_Registry_Report_2015-2017/table_016.csv,5,4
extracted_tables/075_Hospital_Cancer_Registry_Report_2015-2017/table_082.csv,5,3
extracted_tables/075_Hospital_Cancer_Registry_Report_2015-2017/table_014.csv,5,4
extracted_tables/075_Hospital_Cancer_Registry_Report_2015-2017/table_029.csv,5,11
extracted_tables/075_Hospital_Cancer_Registry_Report_2015-2017/table_052.csv,5,3
extracted_tables/075_Hospital_Cancer_Registry_Report_2015-2017/table_055.csv,5,6
extracted_tables/075_Hospital_Cancer_Registry_Report_2015-2017/table_091.csv,5,12
extracted_tables/075_Hospital_Cancer_Registry_Report_2015-2017/table_005.csv,5,3
extracted_tables/075_Hospital_Cancer_Registry_Report_2015-2017/table_031.csv,5,11
extracted_tables/075_Hospital_Cancer_Registry_Report_2015-2017/table_080.csv,5,4
extracted_tables/075_Hospital_Cancer_Registry_Report_2015-2017/table_096.csv,5,8
extracted_tables/075_Hospital_Cancer_Registry_Report_2015-2017/table_069.csv,5,4
extracted_tables/075_Hospital_Cancer_Registry_Report_2015-2017/table_011.csv,5,4
extracted_tables/075_Hospital_Cancer_Registry_Report_2015-2017/table_030.csv,5,13
extracted_tables/075_Hospital_Cancer_Registry_Report_2015-2017/table_045.csv,5,4
extracted_tables/075_Hospital_Cancer_Registry_Report_2015-2017/table_022.csv,5,3
extracted_tables/075_Hospital_Cancer_Registry_Report_2015-2017/table_003.csv,5,3
extracted_tables/075_Hospital_Cancer_Registry_Report_2015-2017/table_019.csv,5,5
extracted_tables/075_Hospital_Cancer_Registry_Report_2015-2017/table_024.csv,5,11
extracted_tables/075_Hospital_Cancer_Registry_Report_2015-2017/table_047.csv,5,4
extracted_tables/075_Hospital_Cancer_Registry_Report_2015-2017/table_084.csv,5,3
extracted_tables/075_Hospital_Cancer_Registry_Report_2015-2017/table_010.csv,5,4
extracted_tables/075_Hospital_Cancer_Registry_Report_2015-2017/table_009.csv,5,4
extracted_tables/075_Hospital_Cancer_Registry_Report_2015-2017/table_028.csv,5,11
extracted_tables/075_Hospital_Cancer_Registry_Report_2015-2017/table_020.csv,5,3
extracted_tables/075_Hospital_Cancer_Registry_Report_2015-2017/table_027.csv,5,11
extracted_tables/075_Hospital_Cancer_Registry_Report_2015-2017/table_035.csv,5,4
extracted_tables/075_Hospital_Cancer_Registry_Report_2015-2017/table_081.csv,5,4
extracted_tables/075_Hospital_Cancer_Registry_Report_2015-2017/table_071.csv,5,4
extracted_tables/075_Hospital_Cancer_Registry_Report_2015-2017/table_074.csv,5,4
extracted_tables/075_Hospital_Cancer_Registry_Report_2015-2017/table_004.csv,5,3
extracted_tables/075_Hospital_Cancer_Registry_Report_2015-2017/table_034.csv,5,8
extracted_tables/052_Semi-annual_Environmental_Monitoring_Report_July_to_December_2022/table_015.csv,5,12
extracted_tables/052_Semi-annual_Environmental_Monitoring_Report_July_to_December_2022/table_006.csv,5,13
extracted_tables/052_Semi-annual_Environmental_Monitoring_Report_July_to_December_2022/table_018.csv,5,13
extracted_tables/052_Semi-annual_Environmental_Monitoring_Report_July_to_December_2022/table_017.csv,5,12
extracted_tables/052_Semi-annual_Environmental_Monitoring_Report_July_to_December_2022/table_002.csv,5,14
extracted_tables/052_Semi-annual_Environmental_Monitoring_Report_July_to_December_2022/table_012.csv,5,4
extracted_tables/052_Semi-annual_Environmental_Monitoring_Report_July_to_December_2022/table_013.csv,5,5
extracted_tables/052_Semi-annual_Environmental_Monitoring_Report_July_to_December_2022/table_008.csv,5,3
extracted_tables/052_Semi-annual_Environmental_Monitoring_Report_July_to_December_2022/table_007.csv,5,4
extracted_tables/052_Semi-annual_Environmental_Monitoring_Report_July_to_December_2022/table_001.csv,5,14
extracted_tables/052_Semi-annual_Environmental_Monitoring_Report_July_to_December_2022/table_016.csv,5,12
extracted_tables/052_Semi-annual_Environmental_Monitoring_Report_July_to_December_2022/table_014.csv,5,13
extracted_tables/052_Semi-annual_Environmental_Monitoring_Report_July_to_December_2022/table_005.csv,5,16
extracted_tables/052_Semi-annual_Environmental_Monitoring_Report_July_to_December_2022/table_011.csv,5,2
extracted_tables/052_Semi-annual_Environmental_Monitoring_Report_July_to_December_2022/table_003.csv,5,14
extracted_tables/052_Semi-annual_Environmental_Monitoring_Report_July_to_December_2022/table_019.csv,5,12
extracted_tables/052_Semi-annual_Environmental_Monitoring_Report_July_to_December_2022/table_010.csv,5,6
extracted_tables/052_Semi-annual_Environmental_Monitoring_Report_July_to_December_2022/table_009.csv,5,6
extracted_tables/052_Semi-annual_Environmental_Monitoring_Report_July_to_December_2022/table_020.csv,5,12
extracted_tables/052_Semi-annual_Environmental_Monitoring_Report_July_to_December_2022/table_004.csv,5,14
extracted_tables/061_Environmental_Management_Plan_Medical_Gas_RMCH/table_006.csv,5,14
extracted_tables/061_Environmental_Management_Plan_Medical_Gas_RMCH/table_002.csv,5,2
extracted_tables/061_Environmental_Management_Plan_Medical_Gas_RMCH/table_008.csv,5,13
extracted_tables/061_Environmental_Management_Plan_Medical_Gas_RMCH/table_007.csv,5,13
extracted_tables/061_Environmental_Management_Plan_Medical_Gas_RMCH/table_001.csv,5,2
extracted_tables/061_Environmental_Management_Plan_Medical_Gas_RMCH/table_005.csv,5,14
extracted_tables/061_Environmental_Management_Plan_Medical_Gas_RMCH/table_003.csv,5,2
extracted_tables/061_Environmental_Management_Plan_Medical_Gas_RMCH/table_010.csv,5,6
extracted_tables/061_Environmental_Management_Plan_Medical_Gas_RMCH/table_009.csv,5,6
extracted_tables/061_Environmental_Management_Plan_Medical_Gas_RMCH/table_004.csv,5,2
extracted_tables/029_Health_Bulletin_2021/table_0168.csv,5,24
extracted_tables/029_Health_Bulletin_2021/table_0188.csv,5,2
extracted_tables/029_Health_Bulletin_2021/table_0071.csv,3,2
extracted_tables/029_Health_Bulletin_2021/table_0040.csv,5,4
extracted_tables/029_Health_Bulletin_2021/table_0036.csv,5,9
extracted_tables/029_Health_Bulletin_2021/table_0134.csv,3,2
extracted_tables/029_Health_Bulletin_2021/table_0131.csv,5,7
extracted_tables/029_Health_Bulletin_2021/table_0125.csv,5,9
extracted_tables/029_Health_Bulletin_2021/table_0034.csv,4,2
extracted_tables/029_Health_Bulletin_2021/table_0079.csv,5,25
extracted_tables/029_Health_Bulletin_2021/table_0180.csv,4,4
extracted_tables/029_Health_Bulletin_2021/table_0171.csv,3,3
extracted_tables/029_Health_Bulletin_2021/table_0064.csv,5,10
extracted_tables/029_Health_Bulletin_2021/table_0129.csv,5,5
extracted_tables/029_Health_Bulletin_2021/table_0020.csv,5,26
extracted_tables/029_Health_Bulletin_2021/table_0101.csv,5,6
extracted_tables/029_Health_Bulletin_2021/table_0186.csv,5,4
extracted_tables/029_Health_Bulletin_2021/table_0099.csv,5,33
extracted_tables/029_Health_Bulletin_2021/table_0070.csv,5,3
extracted_tables/029_Health_Bulletin_2021/table_0109.csv,5,17
extracted_tables/029_Health_Bulletin_2021/table_0156.csv,5,9
extracted_tables/029_Health_Bulletin_2021/table_0089.csv,5,7
extracted_tables/029_Health_Bulletin_2021/table_0080.csv,5,11
extracted_tables/029_Health_Bulletin_2021/table_0049.csv,4,8
extracted_tables/029_Health_Bulletin_2021/table_0023.csv,3,4
extracted_tables/029_Health_Bulletin_2021/table_0160.csv,5,3
extracted_tables/029_Health_Bulletin_2021/table_0011.csv,3,2
extracted_tables/029_Health_Bulletin_2021/table_0184.csv,5,3
extracted_tables/029_Health_Bulletin_2021/table_0014.csv,5,9
extracted_tables/029_Health_Bulletin_2021/table_0102.csv,5,5
extracted_tables/029_Health_Bulletin_2021/table_0006.csv,5,9
extracted_tables/029_Health_Bulletin_2021/table_0083.csv,5,6
extracted_tables/029_Health_Bulletin_2021/table_0127.csv,5,5
extracted_tables/029_Health_Bulletin_2021/table_0016.csv,5,4
extracted_tables/029_Health_Bulletin_2021/table_0051.csv,5,7
extracted_tables/029_Health_Bulletin_2021/table_0072.csv,5,13
extracted_tables/029_Health_Bulletin_2021/table_0135.csv,5,5
extracted_tables/029_Health_Bulletin_2021/table_0013.csv,3,2
extracted_tables/029_Health_Bulletin_2021/table_0108.csv,5,2
extracted_tables/029_Health_Bulletin_2021/table_0027.csv,5,15
extracted_tables/029_Health_Bulletin_2021/table_0126.csv,5,8
extracted_tables/029_Health_Bulletin_2021/table_0043.csv,5,4
extracted_tables/029_Health_Bulletin_2021/table_0045.csv,5,2
extracted_tables/029_Health_Bulletin_2021/table_0044.csv,5,2
extracted_tables/029_Health_Bulletin_2021/table_0111.csv,5,13
extracted_tables/029_Health_Bulletin_2021/table_0090.csv,5,16
extracted_tables/029_Health_Bulletin_2021/table_0123.csv,5,5
extracted_tables/029_Health_Bulletin_2021/table_0172.csv,4,3
extracted_tables/029_Health_Bulletin_2021/table_0137.csv,5,10
extracted_tables/029_Health_Bulletin_2021/table_0152.csv,5,11
extracted_tables/029_Health_Bulletin_2021/table_0122.csv,5,8
extracted_tables/029_Health_Bulletin_2021/table_0094.csv,5,7
extracted_tables/029_Health_Bulletin_2021/table_0052.csv,5,8
extracted_tables/029_Health_Bulletin_2021/table_0140.csv,5,18
extracted_tables/029_Health_Bulletin_2021/table_0032.csv,5,2
extracted_tables/029_Health_Bulletin_2021/table_0066.csv,5,4
extracted_tables/029_Health_Bulletin_2021/table_0098.csv,5,25
extracted_tables/029_Health_Bulletin_2021/table_0103.csv,5,9
extracted_tables/029_Health_Bulletin_2021/table_0074.csv,5,6
extracted_tables/029_Health_Bulletin_2021/table_0031.csv,5,31
extracted_tables/029_Health_Bulletin_2021/table_0147.csv,5,36
extracted_tables/029_Health_Bulletin_2021/table_0157.csv,5,2
extracted_tables/029_Health_Bulletin_2021/table_0163.csv,3,2
extracted_tables/029_Health_Bulletin_2021/table_0190.csv,5,9
extracted_tables/029_Health_Bulletin_2021/table_0069.csv,3,2
extracted_tables/029_Health_Bulletin_2021/table_0078.csv,4,2
extracted_tables/029_Health_Bulletin_2021/table_0143.csv,5,4
extracted_tables/029_Health_Bulletin_2021/table_0174.csv,5,13
extracted_tables/029_Health_Bulletin_2021/table_0022.csv,5,46
extracted_tables/029_Health_Bulletin_2021/table_0015.csv,5,13
extracted_tables/029_Health_Bulletin_2021/table_0046.csv,5,10
extracted_tables/029_Health_Bulletin_2021/table_0139.csv,5,17
extracted_tables/029_Health_Bulletin_2021/table_0012.csv,5,6
extracted_tables/029_Health_Bulletin_2021/table_0061.csv,5,3
extracted_tables/029_Health_Bulletin_2021/table_0068.csv,3,4
extracted_tables/029_Health_Bulletin_2021/table_0057.csv,5,8
extracted_tables/029_Health_Bulletin_2021/table_0121.csv,3,3
extracted_tables/029_Health_Bulletin_2021/table_0019.csv,5,2
extracted_tables/029_Health_Bulletin_2021/table_0116.csv,5,19
extracted_tables/029_Health_Bulletin_2021/table_0149.csv,5,42
extracted_tables/029_Health_Bulletin_2021/table_0124.csv,5,8
extracted_tables/029_Health_Bulletin_2021/table_0041.csv,5,7
extracted_tables/029_Health_Bulletin_2021/table_0179.csv,3,2
extracted_tables/029_Health_Bulletin_2021/table_0128.csv,5,8
extracted_tables/029_Health_Bulletin_2021/table_0076.csv,5,5
extracted_tables/029_Health_Bulletin_2021/table_0162.csv,3,2
extracted_tables/029_Health_Bulletin_2021/table_0047.csv,5,6
extracted_tables/029_Health_Bulletin_2021/table_0004.csv,5,10
extracted_tables/029_Health_Bulletin_2021/table_0088.csv,5,6
extracted_tables/029_Health_Bulletin_2021/table_0062.csv,5,10
extracted_tables/029_Health_Bulletin_2021/table_0161.csv,5,2
extracted_tables/029_Health_Bulletin_2021/table_0030.csv,5,45
extracted_tables/029_Health_Bulletin_2021/table_0187.csv,5,6
extracted_tables/029_Health_Bulletin_2021/table_0181.csv,5,6
extracted_tables/029_Health_Bulletin_2021/table_0050.csv,5,10
extracted_tables/029_Health_Bulletin_2021/table_0037.csv,5,2
extracted_tables/029_Health_Bulletin_2021/table_0153.csv,5,4
extracted_tables/029_Health_Bulletin_2021/table_0107.csv,5,6
extracted_tables/029_Health_Bulletin_2021/table_0054.csv,5,11
extracted_tables/029_Health_Bulletin_2021/table_0164.csv,3,2
extracted_tables/029_Health_Bulletin_2021/table_0026.csv,5,2
extracted_tables/029_Health_Bulletin_2021/table_0155.csv,5,14
extracted_tables/029_Health_Bulletin_2021/table_0086.csv,5,6
extracted_tables/029_Health_Bulletin_2021/table_0008.csv,5,7
extracted_tables/029_Health_Bulletin_2021/table_0035.csv,5,4
extracted_tables/029_Health_Bulletin_2021/table_0058.csv,5,13
extracted_tables/029_Health_Bulletin_2021/table_0182.csv,3,9
extracted_tables/029_Health_Bulletin_2021/table_0169.csv,5,7
extracted_tables/029_Health_Bulletin_2021/table_0113.csv,3,3
extracted_tables/029_Health_Bulletin_2021/table_0048.csv,5,8
extracted_tables/029_Health_Bulletin_2021/table_0191.csv,5,11
extracted_tables/029_Health_Bulletin_2021/table_0105.csv,3,8
extracted_tables/029_Health_Bulletin_2021/table_0063.csv,5,9
extracted_tables/029_Health_Bulletin_2021/table_0021.csv,3,2
extracted_tables/029_Health_Bulletin_2021/table_0100.csv,5,19
extracted_tables/029_Health_Bulletin_2021/table_0009.csv,5,33
extracted_tables/029_Health_Bulletin_2021/table_0148.csv,5,31
extracted_tables/029_Health_Bulletin_2021/table_0092.csv,5,8
extracted_tables/029_Health_Bulletin_2021/table_0117.csv,3,2
extracted_tables/029_Health_Bulletin_2021/table_0177.csv,5,15
extracted_tables/029_Health_Bulletin_2021/table_0007.csv,4,2
extracted_tables/029_Health_Bulletin_2021/table_0176.csv,5,11
extracted_tables/029_Health_Bulletin_2021/table_0145.csv,5,4
extracted_tables/029_Health_Bulletin_2021/table_0087.csv,5,6
extracted_tables/029_Health_Bulletin_2021/table_0159.csv,5,4
extracted_tables/029_Health_Bulletin_2021/table_0170.csv,5,32
extracted_tables/029_Health_Bulletin_2021/table_0120.csv,5,19
extracted_tables/029_Health_Bulletin_2021/table_0093.csv,5,10
extracted_tables/029_Health_Bulletin_2021/table_0042.csv,5,7
extracted_tables/029_Health_Bulletin_2021/table_0112.csv,5,15
extracted_tables/029_Health_Bulletin_2021/table_0097.csv,5,33
extracted_tables/029_Health_Bulletin_2021/table_0141.csv,5,12
extracted_tables/029_Health_Bulletin_2021/table_0138.csv,5,7
extracted_tables/029_Health_Bulletin_2021/table_0082.csv,5,10
extracted_tables/029_Health_Bulletin_2021/table_0091.csv,5,16
extracted_tables/029_Health_Bulletin_2021/table_0038.csv,5,11
extracted_tables/029_Health_Bulletin_2021/table_0017.csv,4,7
extracted_tables/029_Health_Bulletin_2021/table_0175.csv,5,7
extracted_tables/029_Health_Bulletin_2021/table_0010.csv,3,2
extracted_tables/029_Health_Bulletin_2021/table_0055.csv,5,13
extracted_tables/029_Health_Bulletin_2021/table_0003.csv,4,2
extracted_tables/029_Health_Bulletin_2021/table_0167.csv,5,2
extracted_tables/029_Health_Bulletin_2021/table_0033.csv,5,2
extracted_tables/029_Health_Bulletin_2021/table_0142.csv,5,4
extracted_tables/029_Health_Bulletin_2021/table_0084.csv,5,6
extracted_tables/029_Health_Bulletin_2021/table_0119.csv,4,2
extracted_tables/029_Health_Bulletin_2021/table_0025.csv,5,18
extracted_tables/029_Health_Bulletin_2021/table_0150.csv,5,3
extracted_tables/029_Health_Bulletin_2021/table_0039.csv,5,5
extracted_tables/029_Health_Bulletin_2021/table_0151.csv,5,4
extracted_tables/029_Health_Bulletin_2021/table_0133.csv,5,2
extracted_tables/029_Health_Bulletin_2021/table_0189.csv,5,4
extracted_tables/029_Health_Bulletin_2021/table_0136.csv,5,24
extracted_tables/029_Health_Bulletin_2021/table_0178.csv,5,2
extracted_tables/029_Health_Bulletin_2021/table_0096.csv,5,33
extracted_tables/029_Health_Bulletin_2021/table_0106.csv,5,3
extracted_tables/029_Health_Bulletin_2021/table_0028.csv,5,9
extracted_tables/029_Health_Bulletin_2021/table_0118.csv,5,19
extracted_tables/029_Health_Bulletin_2021/table_0073.csv,4,9
extracted_tables/029_Health_Bulletin_2021/table_0081.csv,3,26
extracted_tables/029_Health_Bulletin_2021/table_0095.csv,5,15
extracted_tables/029_Health_Bulletin_2021/table_0024.csv,3,3
extracted_tables/029_Health_Bulletin_2021/table_0146.csv,5,17
extracted_tables/029_Health_Bulletin_2021/table_0166.csv,5,2
extracted_tables/029_Health_Bulletin_2021/table_0002.csv,5,3
extracted_tables/029_Health_Bulletin_2021/table_0005.csv,5,6
extracted_tables/029_Health_Bulletin_2021/table_0110.csv,5,13
extracted_tables/029_Health_Bulletin_2021/table_0075.csv,5,7
extracted_tables/029_Health_Bulletin_2021/table_0185.csv,5,2
extracted_tables/029_Health_Bulletin_2021/table_0173.csv,3,3
extracted_tables/029_Health_Bulletin_2021/table_0053.csv,5,12
extracted_tables/029_Health_Bulletin_2021/table_0144.csv,5,12
extracted_tables/029_Health_Bulletin_2021/table_0060.csv,5,9
extracted_tables/029_Health_Bulletin_2021/table_0158.csv,4,2
extracted_tables/029_Health_Bulletin_2021/table_0085.csv,5,18
extracted_tables/029_Health_Bulletin_2021/table_0065.csv,4,4
extracted_tables/029_Health_Bulletin_2021/table_0029.csv,5,2
extracted_tables/029_Health_Bulletin_2021/table_0104.csv,5,3
extracted_tables/029_Health_Bulletin_2021/table_0132.csv,5,8
extracted_tables/029_Health_Bulletin_2021/table_0077.csv,5,4
extracted_tables/029_Health_Bulletin_2021/table_0165.csv,5,5
extracted_tables/029_Health_Bulletin_2021/table_0001.csv,5,2
extracted_tables/029_Health_Bulletin_2021/table_0154.csv,5,9
extracted_tables/029_Health_Bulletin_2021/table_0059.csv,5,12
extracted_tables/029_Health_Bulletin_2021/table_0115.csv,5,9
extracted_tables/029_Health_Bulletin_2021/table_0056.csv,5,10
extracted_tables/029_Health_Bulletin_2021/table_0067.csv,5,5
extracted_tables/029_Health_Bulletin_2021/table_0018.csv,5,10
extracted_tables/029_Health_Bulletin_2021/table_0183.csv,5,12
extracted_tables/029_Health_Bulletin_2021/table_0130.csv,5,7
extracted_tables/029_Health_Bulletin_2021/table_0114.csv,5,19
extracted_tables/074_Hospital_Cancer_Registry_Report_2014/table_023.csv,5,4
extracted_tables/074_Hospital_Cancer_Registry_Report_2014/table_015.csv,5,4
extracted_tables/074_Hospital_Cancer_Registry_Report_2014/table_033.csv,5,8
extracted_tables/074_Hospital_Cancer_Registry_Report_2014/table_021.csv,5,3
extracted_tables/074_Hospital_Cancer_Registry_Report_2014/table_006.csv,5,7
extracted_tables/074_Hospital_Cancer_Registry_Report_2014/table_018.csv,5,4
extracted_tables/074_Hospital_Cancer_Registry_Report_2014/table_017.csv,5,4
extracted_tables/074_Hospital_Cancer_Registry_Report_2014/table_002.csv,5,2
extracted_tables/074_Hospital_Cancer_Registry_Report_2014/table_012.csv,5,4
extracted_tables/074_Hospital_Cancer_Registry_Report_2014/table_013.csv,5,4
extracted_tables/074_Hospital_Cancer_Registry_Report_2014/table_032.csv,5,11
extracted_tables/074_Hospital_Cancer_Registry_Report_2014/table_026.csv,5,11
extracted_tables/074_Hospital_Cancer_Registry_Report_2014/table_008.csv,5,4
extracted_tables/074_Hospital_Cancer_Registry_Report_2014/table_007.csv,5,10
extracted_tables/074_Hospital_Cancer_Registry_Report_2014/table_025.csv,5,11
extracted_tables/074_Hospital_Cancer_Registry_Report_2014/table_001.csv,5,2
extracted_tables/074_Hospital_Cancer_Registry_Report_2014/table_016.csv,5,4
extracted_tables/074_Hospital_Cancer_Registry_Report_2014/table_014.csv,5,4
extracted_tables/074_Hospital_Cancer_Registry_Report_2014/table_029.csv,5,11
extracted_tables/074_Hospital_Cancer_Registry_Report_2014/table_005.csv,5,3
extracted_tables/074_Hospital_Cancer_Registry_Report_2014/table_031.csv,5,11
extracted_tables/074_Hospital_Cancer_Registry_Report_2014/table_011.csv,5,4
extracted_tables/074_Hospital_Cancer_Registry_Report_2014/table_030.csv,5,11
extracted_tables/074_Hospital_Cancer_Registry_Report_2014/table_022.csv,5,3
extracted_tables/074_Hospital_Cancer_Registry_Report_2014/table_003.csv,5,2
extracted_tables/074_Hospital_Cancer_Registry_Report_2014/table_019.csv,5,4
extracted_tables/074_Hospital_Cancer_Registry_Report_2014/table_024.csv,5,13
extracted_tables/074_Hospital_Cancer_Registry_Report_2014/table_010.csv,5,4
extracted_tables/074_Hospital_Cancer_Registry_Report_2014/table_009.csv,5,4
extracted_tables/074_Hospital_Cancer_Registry_Report_2014/table_028.csv,5,11
extracted_tables/074_Hospital_Cancer_Registry_Report_2014/table_020.csv,5,3
extracted_tables/074_Hospital_Cancer_Registry_Report_2014/table_027.csv,5,11
extracted_tables/074_Hospital_Cancer_Registry_Report_2014/table_035.csv,5,8
extracted_tables/074_Hospital_Cancer_Registry_Report_2014/table_004.csv,5,2
extracted_tables/074_Hospital_Cancer_Registry_Report_2014/table_034.csv,5,8
